2025-11-04 09:40:52,840 [DEBUG] [auth_logger:279] get_assets_info(): Assets sync request received
2025-11-04 09:40:52,840 [DEBUG] [auth_logger:283] get_assets_info(): Client hash: {'hash': '23c811a5e489f479791a0f8c71237ae7346c24a1510357fe947d7b77d6c30577'}
2025-11-04 09:40:52,855 [DEBUG] [auth_logger:292] get_assets_info(): Current assets hash: 23c811a5e489f479791a0f8c71237ae7346c24a1510357fe947d7b77d6c30577
2025-11-04 09:40:52,856 [DEBUG] [auth_logger:303] get_assets_info(): Missing avatars: 100
2025-11-04 09:40:52,873 [DEBUG] [auth_logger:264] download_avatar(): Downloading avatar: https://pawtul.com/static/images/pet_avatars/turtle.png
2025-11-04 09:40:52,873 [DEBUG] [auth_logger:264] download_avatar(): Downloading avatar: https://pawtul.com/static/images/pet_avatars/jackapoo.png
2025-11-04 09:40:52,874 [DEBUG] [auth_logger:264] download_avatar(): Downloading avatar: https://pawtul.com/static/images/pet_avatars/chow_chow.png
2025-11-04 09:40:52,874 [DEBUG] [auth_logger:264] download_avatar(): Downloading avatar: https://pawtul.com/static/images/pet_avatars/mongrel_2.png
2025-11-04 09:40:52,874 [DEBUG] [auth_logger:264] download_avatar(): Downloading avatar: https://pawtul.com/static/images/pet_avatars/cocker_spaniel_all_black.png
2025-11-04 09:40:52,874 [DEBUG] [auth_logger:264] download_avatar(): Downloading avatar: https://pawtul.com/static/images/pet_avatars/dachshund_blue.png
2025-11-04 09:40:52,874 [DEBUG] [auth_logger:264] download_avatar(): Downloading avatar: https://pawtul.com/static/images/pet_avatars/border_collie_tri.png
2025-11-04 09:40:52,874 [DEBUG] [auth_logger:264] download_avatar(): Downloading avatar: https://pawtul.com/static/images/pet_avatars/labrador_brown.png
2025-11-04 09:40:52,874 [DEBUG] [auth_logger:264] download_avatar(): Downloading avatar: https://pawtul.com/static/images/pet_avatars/hamster-3.png
2025-11-04 09:40:52,874 [DEBUG] [auth_logger:264] download_avatar(): Downloading avatar: https://pawtul.com/static/images/pet_avatars/german_shorthaired_pointer.png
2025-11-04 09:40:52,874 [DEBUG] [auth_logger:264] download_avatar(): Downloading avatar: https://pawtul.com/static/images/pet_avatars/international_rabbit.png
2025-11-04 09:40:52,874 [DEBUG] [auth_logger:264] download_avatar(): Downloading avatar: https://pawtul.com/static/images/pet_avatars/labrador_brown.png
2025-11-04 09:40:52,874 [DEBUG] [auth_logger:264] download_avatar(): Downloading avatar: https://pawtul.com/static/images/pet_avatars/european_rabbit.png
2025-11-04 09:40:52,874 [DEBUG] [auth_logger:264] download_avatar(): Downloading avatar: https://pawtul.com/static/images/pet_avatars/st_bernard.png
2025-11-04 09:40:52,874 [DEBUG] [auth_logger:264] download_avatar(): Downloading avatar: https://pawtul.com/static/images/pet_avatars/horse_6.png
2025-11-04 09:40:52,875 [DEBUG] [auth_logger:264] download_avatar(): Downloading avatar: https://pawtul.com/static/images/pet_avatars/westie_2.png
2025-11-04 09:40:52,875 [DEBUG] [auth_logger:264] download_avatar(): Downloading avatar: https://pawtul.com/static/images/pet_avatars/mongrel.png
2025-11-04 09:40:52,875 [DEBUG] [auth_logger:264] download_avatar(): Downloading avatar: https://pawtul.com/static/images/pet_avatars/vizsla.png
2025-11-04 09:40:52,875 [DEBUG] [auth_logger:264] download_avatar(): Downloading avatar: https://pawtul.com/static/images/pet_avatars/spanish_water_dog.png
2025-11-04 09:40:52,875 [DEBUG] [auth_logger:264] download_avatar(): Downloading avatar: https://pawtul.com/static/images/pet_avatars/king_charles.png
2025-11-04 09:40:52,875 [DEBUG] [auth_logger:264] download_avatar(): Downloading avatar: https://pawtul.com/static/images/pet_avatars/jack_russell.png
2025-11-04 09:40:52,875 [DEBUG] [auth_logger:264] download_avatar(): Downloading avatar: https://pawtul.com/static/images/pet_avatars/cockapoo.png
2025-11-04 09:40:52,875 [DEBUG] [auth_logger:264] download_avatar(): Downloading avatar: https://pawtul.com/static/images/pet_avatars/cocker_spaniel_black.png
2025-11-04 09:40:52,875 [DEBUG] [auth_logger:264] download_avatar(): Downloading avatar: https://pawtul.com/static/images/pet_avatars/patterdale-terrier.png
2025-11-04 09:40:52,875 [DEBUG] [auth_logger:264] download_avatar(): Downloading avatar: https://pawtul.com/static/images/pet_avatars/cocker_spaniel_brown.png
2025-11-04 09:40:52,875 [DEBUG] [auth_logger:264] download_avatar(): Downloading avatar: https://pawtul.com/static/images/pet_avatars/cockapoo_brown.png
2025-11-04 09:40:52,875 [DEBUG] [auth_logger:264] download_avatar(): Downloading avatar: https://pawtul.com/static/images/pet_avatars/hamster-1.png
2025-11-04 09:40:52,875 [DEBUG] [auth_logger:264] download_avatar(): Downloading avatar: https://pawtul.com/static/images/pet_avatars/dachshund.png
2025-11-04 09:40:52,875 [DEBUG] [auth_logger:264] download_avatar(): Downloading avatar: https://pawtul.com/static/images/pet_avatars/cat_06.png
2025-11-04 09:40:52,875 [DEBUG] [auth_logger:264] download_avatar(): Downloading avatar: https://pawtul.com/static/images/pet_avatars/cockapoo.png
2025-11-04 09:40:52,875 [DEBUG] [auth_logger:264] download_avatar(): Downloading avatar: https://pawtul.com/static/images/pet_avatars/rhodesian_ridgeback.png
2025-11-04 09:40:52,875 [DEBUG] [auth_logger:264] download_avatar(): Downloading avatar: https://pawtul.com/static/images/pet_avatars/springer_spaniel.png
2025-11-04 09:40:52,876 [DEBUG] [auth_logger:264] download_avatar(): Downloading avatar: https://pawtul.com/static/images/pet_avatars/basset_hound.png
2025-11-04 09:40:52,876 [DEBUG] [auth_logger:264] download_avatar(): Downloading avatar: https://pawtul.com/static/images/pet_avatars/arab.png
2025-11-04 09:40:52,876 [DEBUG] [auth_logger:264] download_avatar(): Downloading avatar: https://pawtul.com/static/images/pet_avatars/cockapoo.png
2025-11-04 09:40:52,876 [DEBUG] [auth_logger:264] download_avatar(): Downloading avatar: https://pawtul.com/static/images/pet_avatars/golden_retriever.png
2025-11-04 09:40:52,876 [DEBUG] [auth_logger:264] download_avatar(): Downloading avatar: https://pawtul.com/static/images/pet_avatars/hamster-2.png
2025-11-04 09:40:52,876 [DEBUG] [auth_logger:264] download_avatar(): Downloading avatar: https://pawtul.com/static/images/pet_avatars/italian_spinone.png
2025-11-04 09:40:52,876 [DEBUG] [auth_logger:264] download_avatar(): Downloading avatar: https://pawtul.com/static/images/pet_avatars/cat_07.png
2025-11-04 09:40:52,876 [DEBUG] [auth_logger:264] download_avatar(): Downloading avatar: https://pawtul.com/static/images/pet_avatars/border_terrier.png
2025-11-04 09:40:52,876 [DEBUG] [auth_logger:264] download_avatar(): Downloading avatar: https://pawtul.com/static/images/pet_avatars/border_collie.png
2025-11-04 09:40:52,876 [DEBUG] [auth_logger:264] download_avatar(): Downloading avatar: https://pawtul.com/static/images/pet_avatars/dalmatian.png
2025-11-04 09:40:52,876 [DEBUG] [auth_logger:264] download_avatar(): Downloading avatar: https://pawtul.com/static/images/pet_avatars/golden_cocker.png
2025-11-04 09:40:52,876 [DEBUG] [auth_logger:264] download_avatar(): Downloading avatar: https://pawtul.com/static/images/pet_avatars/pony.png
2025-11-04 09:40:52,876 [DEBUG] [auth_logger:264] download_avatar(): Downloading avatar: https://pawtul.com/static/images/pet_avatars/griffons_bruxellois.png
2025-11-04 09:40:52,877 [DEBUG] [auth_logger:264] download_avatar(): Downloading avatar: https://pawtul.com/static/images/pet_avatars/miniature_schnauzer.png
2025-11-04 09:40:52,877 [DEBUG] [auth_logger:264] download_avatar(): Downloading avatar: https://pawtul.com/static/images/pet_avatars/cat_08.png
2025-11-04 09:40:52,877 [DEBUG] [auth_logger:264] download_avatar(): Downloading avatar: https://pawtul.com/static/images/pet_avatars/cockapoo.png
2025-11-04 09:40:52,877 [DEBUG] [auth_logger:264] download_avatar(): Downloading avatar: https://pawtul.com/static/images/pet_avatars/beagle.png
2025-11-04 09:40:52,877 [DEBUG] [auth_logger:264] download_avatar(): Downloading avatar: https://pawtul.com/static/images/pet_avatars/mountain_dog.png
2025-11-04 09:40:52,877 [DEBUG] [auth_logger:264] download_avatar(): Downloading avatar: https://pawtul.com/static/images/pet_avatars/english_bull_terrier.png
2025-11-04 09:40:52,877 [DEBUG] [auth_logger:264] download_avatar(): Downloading avatar: https://pawtul.com/static/images/pet_avatars/hamster-4.png
2025-11-04 09:40:52,877 [DEBUG] [auth_logger:264] download_avatar(): Downloading avatar: https://pawtul.com/static/images/pet_avatars/newfoundland.png
2025-11-04 09:40:52,877 [DEBUG] [auth_logger:264] download_avatar(): Downloading avatar: https://pawtul.com/static/images/pet_avatars/german_shepherd_black.png
2025-11-04 09:40:52,877 [DEBUG] [auth_logger:264] download_avatar(): Downloading avatar: https://pawtul.com/static/images/pet_avatars/german_shepherd.png
2025-11-04 09:40:52,877 [DEBUG] [auth_logger:264] download_avatar(): Downloading avatar: https://pawtul.com/static/images/pet_avatars/border_collie_brown.png
2025-11-04 09:40:52,877 [DEBUG] [auth_logger:264] download_avatar(): Downloading avatar: https://pawtul.com/static/images/pet_avatars/dutch_rabbit.png
2025-11-04 09:40:52,877 [DEBUG] [auth_logger:264] download_avatar(): Downloading avatar: https://pawtul.com/static/images/pet_avatars/wirehaired_pointer.png
2025-11-04 09:40:52,877 [DEBUG] [auth_logger:264] download_avatar(): Downloading avatar: https://pawtul.com/static/images/pet_avatars/border_collie_merle.png
2025-11-04 09:40:52,877 [DEBUG] [auth_logger:264] download_avatar(): Downloading avatar: https://pawtul.com/static/images/pet_avatars/tollie.png
2025-11-04 09:40:52,877 [DEBUG] [auth_logger:264] download_avatar(): Downloading avatar: https://pawtul.com/static/images/pet_avatars/cocker_spaniel_golden.png
2025-11-04 09:40:52,877 [DEBUG] [auth_logger:264] download_avatar(): Downloading avatar: https://pawtul.com/static/images/pet_avatars/pomeranian.png
2025-11-04 09:40:52,877 [DEBUG] [auth_logger:264] download_avatar(): Downloading avatar: https://pawtul.com/static/images/pet_avatars/maltese.png
2025-11-04 09:40:52,878 [DEBUG] [auth_logger:264] download_avatar(): Downloading avatar: https://pawtul.com/static/images/pet_avatars/chicken.png
2025-11-04 09:40:52,878 [DEBUG] [auth_logger:264] download_avatar(): Downloading avatar: https://pawtul.com/static/images/pet_avatars/cocker_spaniel_black.png
2025-11-04 09:40:52,878 [DEBUG] [auth_logger:264] download_avatar(): Downloading avatar: https://pawtul.com/static/images/pet_avatars/labrador_black.png
2025-11-04 09:40:52,878 [DEBUG] [auth_logger:264] download_avatar(): Downloading avatar: https://pawtul.com/static/images/pet_avatars/weimaraner.png
2025-11-04 09:40:52,878 [DEBUG] [auth_logger:264] download_avatar(): Downloading avatar: https://pawtul.com/static/images/pet_avatars/bedlington.png
2025-11-04 09:40:52,878 [DEBUG] [auth_logger:264] download_avatar(): Downloading avatar: https://pawtul.com/static/images/pet_avatars/shar_pei.png
2025-11-04 09:40:52,878 [DEBUG] [auth_logger:264] download_avatar(): Downloading avatar: https://pawtul.com/static/images/pet_avatars/staffy_black.png
2025-11-04 09:40:52,878 [DEBUG] [auth_logger:264] download_avatar(): Downloading avatar: https://pawtul.com/static/images/pet_avatars/giant_schnauzer.png
2025-11-04 09:40:52,878 [DEBUG] [auth_logger:264] download_avatar(): Downloading avatar: https://pawtul.com/static/images/pet_avatars/goldendoodle.png
2025-11-04 09:40:52,878 [DEBUG] [auth_logger:264] download_avatar(): Downloading avatar: https://pawtul.com/static/images/pet_avatars/cat_05.png
2025-11-04 09:40:52,878 [DEBUG] [auth_logger:264] download_avatar(): Downloading avatar: https://pawtul.com/static/images/pet_avatars/german_shepherd_female.png
2025-11-04 09:40:52,878 [DEBUG] [auth_logger:264] download_avatar(): Downloading avatar: https://pawtul.com/static/images/pet_avatars/mandel_rabbit.png
2025-11-04 09:40:52,878 [DEBUG] [auth_logger:264] download_avatar(): Downloading avatar: https://pawtul.com/static/images/pet_avatars/bulldog.png
2025-11-04 09:40:52,878 [DEBUG] [auth_logger:264] download_avatar(): Downloading avatar: https://pawtul.com/static/images/pet_avatars/cat_01.png
2025-11-04 09:40:52,878 [DEBUG] [auth_logger:264] download_avatar(): Downloading avatar: https://pawtul.com/static/images/pet_avatars/tiny_poo.png
2025-11-04 09:40:52,878 [DEBUG] [auth_logger:264] download_avatar(): Downloading avatar: https://pawtul.com/static/images/pet_avatars/bichon_frise.png
2025-11-04 09:40:52,878 [DEBUG] [auth_logger:264] download_avatar(): Downloading avatar: https://pawtul.com/static/images/pet_avatars/doberman.png
2025-11-04 09:40:52,878 [DEBUG] [auth_logger:264] download_avatar(): Downloading avatar: https://pawtul.com/static/images/pet_avatars/akita.png
2025-11-04 09:40:52,879 [DEBUG] [auth_logger:264] download_avatar(): Downloading avatar: https://pawtul.com/static/images/pet_avatars/yorkshire_terrier.png
2025-11-04 09:40:52,879 [DEBUG] [auth_logger:264] download_avatar(): Downloading avatar: https://pawtul.com/static/images/pet_avatars/westie.png
2025-11-04 09:40:52,879 [DEBUG] [auth_logger:264] download_avatar(): Downloading avatar: https://pawtul.com/static/images/pet_avatars/husky_white.png
2025-11-04 09:40:52,879 [DEBUG] [auth_logger:264] download_avatar(): Downloading avatar: https://pawtul.com/static/images/pet_avatars/lizard.png
2025-11-04 09:40:52,879 [DEBUG] [auth_logger:264] download_avatar(): Downloading avatar: https://pawtul.com/static/images/pet_avatars/chiwawa.png
2025-11-04 09:40:52,879 [DEBUG] [auth_logger:264] download_avatar(): Downloading avatar: https://pawtul.com/static/images/pet_avatars/black_shire.png
2025-11-04 09:40:52,879 [DEBUG] [auth_logger:264] download_avatar(): Downloading avatar: https://pawtul.com/static/images/pet_avatars/border_collie_2.png
2025-11-04 09:40:52,879 [DEBUG] [auth_logger:264] download_avatar(): Downloading avatar: https://pawtul.com/static/images/pet_avatars/farm_rabbitscaler.png
2025-11-04 09:40:52,879 [DEBUG] [auth_logger:264] download_avatar(): Downloading avatar: https://pawtul.com/static/images/pet_avatars/boxer.png
2025-11-04 09:40:52,879 [DEBUG] [auth_logger:264] download_avatar(): Downloading avatar: https://pawtul.com/static/images/pet_avatars/doberman.png
2025-11-04 09:40:52,879 [DEBUG] [auth_logger:264] download_avatar(): Downloading avatar: https://pawtul.com/static/images/pet_avatars/cocker_spaniel_liver.png
2025-11-04 09:40:52,879 [DEBUG] [auth_logger:264] download_avatar(): Downloading avatar: https://pawtul.com/static/images/pet_avatars/bernedoodle.png
2025-11-04 09:40:52,879 [DEBUG] [auth_logger:264] download_avatar(): Downloading avatar: https://pawtul.com/static/images/pet_avatars/bernedoodle.png
2025-11-04 09:40:52,879 [DEBUG] [auth_logger:264] download_avatar(): Downloading avatar: https://pawtul.com/static/images/pet_avatars/cat_10.png
2025-11-04 09:40:52,879 [DEBUG] [auth_logger:264] download_avatar(): Downloading avatar: https://pawtul.com/static/images/pet_avatars/cat_03.png
2025-11-04 09:40:52,879 [DEBUG] [auth_logger:264] download_avatar(): Downloading avatar: https://pawtul.com/static/images/pet_avatars/cocker_spaniel_liver.png
2025-11-04 09:40:52,879 [DEBUG] [auth_logger:264] download_avatar(): Downloading avatar: https://pawtul.com/static/images/pet_avatars/pug_black.png
2025-11-04 09:40:52,879 [DEBUG] [auth_logger:264] download_avatar(): Downloading avatar: https://pawtul.com/static/images/pet_avatars/bully.png
2025-11-04 09:40:52,879 [DEBUG] [auth_logger:264] download_avatar(): Downloading avatar: https://pawtul.com/static/images/pet_avatars/cane_corso.png
2025-11-04 09:40:53,772 [INFO] [auth_logger:270] download_avatar(): Avatar saved: mountain_dog.png
2025-11-04 09:40:53,792 [INFO] [auth_logger:270] download_avatar(): Avatar saved: cocker_spaniel_all_black.png
2025-11-04 09:40:53,860 [INFO] [auth_logger:270] download_avatar(): Avatar saved: doberman.png
2025-11-04 09:40:53,877 [INFO] [auth_logger:270] download_avatar(): Avatar saved: cockapoo.png
2025-11-04 09:40:53,897 [INFO] [auth_logger:270] download_avatar(): Avatar saved: german_shepherd_black.png
2025-11-04 09:40:53,897 [INFO] [auth_logger:270] download_avatar(): Avatar saved: arab.png
2025-11-04 09:40:54,028 [INFO] [auth_logger:270] download_avatar(): Avatar saved: european_rabbit.png
2025-11-04 09:40:54,037 [INFO] [auth_logger:270] download_avatar(): Avatar saved: border_collie_tri.png
2025-11-04 09:40:54,067 [INFO] [auth_logger:270] download_avatar(): Avatar saved: hamster-2.png
2025-11-04 09:40:54,106 [INFO] [auth_logger:270] download_avatar(): Avatar saved: international_rabbit.png
2025-11-04 09:40:54,115 [INFO] [auth_logger:270] download_avatar(): Avatar saved: dachshund_blue.png
2025-11-04 09:40:54,148 [INFO] [auth_logger:270] download_avatar(): Avatar saved: cockapoo.png
2025-11-04 09:40:54,159 [INFO] [auth_logger:270] download_avatar(): Avatar saved: miniature_schnauzer.png
2025-11-04 09:40:54,166 [INFO] [auth_logger:270] download_avatar(): Avatar saved: mandel_rabbit.png
2025-11-04 09:40:54,182 [INFO] [auth_logger:270] download_avatar(): Avatar saved: chicken.png
2025-11-04 09:40:54,186 [INFO] [auth_logger:270] download_avatar(): Avatar saved: pony.png
2025-11-04 09:40:54,202 [INFO] [auth_logger:270] download_avatar(): Avatar saved: border_terrier.png
2025-11-04 09:40:54,219 [INFO] [auth_logger:270] download_avatar(): Avatar saved: border_collie_2.png
2025-11-04 09:40:54,265 [INFO] [auth_logger:270] download_avatar(): Avatar saved: border_collie_merle.png
2025-11-04 09:40:54,279 [INFO] [auth_logger:270] download_avatar(): Avatar saved: cat_10.png
2025-11-04 09:40:54,429 [INFO] [auth_logger:270] download_avatar(): Avatar saved: staffy_black.png
2025-11-04 09:40:54,481 [INFO] [auth_logger:270] download_avatar(): Avatar saved: maltese.png
2025-11-04 09:40:54,515 [INFO] [auth_logger:270] download_avatar(): Avatar saved: golden_cocker.png
2025-11-04 09:40:54,516 [INFO] [auth_logger:270] download_avatar(): Avatar saved: springer_spaniel.png
2025-11-04 09:40:54,530 [INFO] [auth_logger:270] download_avatar(): Avatar saved: rhodesian_ridgeback.png
2025-11-04 09:40:54,571 [INFO] [auth_logger:270] download_avatar(): Avatar saved: hamster-3.png
2025-11-04 09:40:54,589 [INFO] [auth_logger:270] download_avatar(): Avatar saved: cane_corso.png
2025-11-04 09:40:54,594 [INFO] [auth_logger:270] download_avatar(): Avatar saved: german_shepherd.png
2025-11-04 09:40:54,614 [INFO] [auth_logger:270] download_avatar(): Avatar saved: bully.png
2025-11-04 09:40:54,617 [INFO] [auth_logger:270] download_avatar(): Avatar saved: cocker_spaniel_brown.png
2025-11-04 09:40:54,642 [INFO] [auth_logger:270] download_avatar(): Avatar saved: cat_08.png
2025-11-04 09:40:54,652 [INFO] [auth_logger:270] download_avatar(): Avatar saved: pug_black.png
2025-11-04 09:40:54,668 [INFO] [auth_logger:270] download_avatar(): Avatar saved: horse_6.png
2025-11-04 09:40:54,678 [INFO] [auth_logger:270] download_avatar(): Avatar saved: dalmatian.png
2025-11-04 09:40:54,683 [INFO] [auth_logger:270] download_avatar(): Avatar saved: english_bull_terrier.png
2025-11-04 09:40:54,690 [INFO] [auth_logger:270] download_avatar(): Avatar saved: border_collie.png
2025-11-04 09:40:54,702 [INFO] [auth_logger:270] download_avatar(): Avatar saved: vizsla.png
2025-11-04 09:40:54,711 [INFO] [auth_logger:270] download_avatar(): Avatar saved: cat_07.png
2025-11-04 09:40:54,713 [INFO] [auth_logger:270] download_avatar(): Avatar saved: husky_white.png
2025-11-04 09:40:54,715 [INFO] [auth_logger:270] download_avatar(): Avatar saved: hamster-4.png
2025-11-04 09:40:54,727 [INFO] [auth_logger:270] download_avatar(): Avatar saved: griffons_bruxellois.png
2025-11-04 09:40:54,729 [INFO] [auth_logger:270] download_avatar(): Avatar saved: black_shire.png
2025-11-04 09:40:54,761 [INFO] [auth_logger:270] download_avatar(): Avatar saved: golden_retriever.png
2025-11-04 09:40:54,772 [INFO] [auth_logger:270] download_avatar(): Avatar saved: bernedoodle.png
2025-11-04 09:40:54,789 [INFO] [auth_logger:270] download_avatar(): Avatar saved: tiny_poo.png
2025-11-04 09:40:54,795 [INFO] [auth_logger:270] download_avatar(): Avatar saved: labrador_brown.png
2025-11-04 09:40:54,875 [INFO] [auth_logger:270] download_avatar(): Avatar saved: cocker_spaniel_black.png
2025-11-04 09:40:54,903 [INFO] [auth_logger:270] download_avatar(): Avatar saved: italian_spinone.png
2025-11-04 09:40:54,903 [INFO] [auth_logger:270] download_avatar(): Avatar saved: cocker_spaniel_liver.png
2025-11-04 09:40:54,916 [INFO] [auth_logger:270] download_avatar(): Avatar saved: turtle.png
2025-11-04 09:40:54,916 [INFO] [auth_logger:270] download_avatar(): Avatar saved: bulldog.png
2025-11-04 09:40:54,930 [INFO] [auth_logger:270] download_avatar(): Avatar saved: bernedoodle.png
2025-11-04 09:40:54,967 [INFO] [auth_logger:270] download_avatar(): Avatar saved: labrador_brown.png
2025-11-04 09:40:54,972 [INFO] [auth_logger:270] download_avatar(): Avatar saved: dutch_rabbit.png
2025-11-04 09:40:54,972 [INFO] [auth_logger:270] download_avatar(): Avatar saved: boxer.png
2025-11-04 09:40:54,978 [INFO] [auth_logger:270] download_avatar(): Avatar saved: bichon_frise.png
2025-11-04 09:40:55,036 [INFO] [auth_logger:270] download_avatar(): Avatar saved: cocker_spaniel_black.png
2025-11-04 09:40:55,137 [INFO] [auth_logger:270] download_avatar(): Avatar saved: german_shorthaired_pointer.png
2025-11-04 09:40:55,140 [INFO] [auth_logger:270] download_avatar(): Avatar saved: labrador_black.png
2025-11-04 09:40:55,153 [INFO] [auth_logger:270] download_avatar(): Avatar saved: cocker_spaniel_golden.png
2025-11-04 09:40:55,153 [INFO] [auth_logger:270] download_avatar(): Avatar saved: bedlington.png
2025-11-04 09:40:55,183 [INFO] [auth_logger:270] download_avatar(): Avatar saved: weimaraner.png
2025-11-04 09:40:55,211 [INFO] [auth_logger:270] download_avatar(): Avatar saved: chiwawa.png
2025-11-04 09:40:55,213 [INFO] [auth_logger:270] download_avatar(): Avatar saved: basset_hound.png
2025-11-04 09:40:55,216 [INFO] [auth_logger:270] download_avatar(): Avatar saved: jackapoo.png
2025-11-04 09:40:55,242 [INFO] [auth_logger:270] download_avatar(): Avatar saved: westie.png
2025-11-04 09:40:55,255 [INFO] [auth_logger:270] download_avatar(): Avatar saved: cockapoo.png
2025-11-04 09:40:55,287 [INFO] [auth_logger:270] download_avatar(): Avatar saved: hamster-1.png
2025-11-04 09:40:55,287 [INFO] [auth_logger:270] download_avatar(): Avatar saved: giant_schnauzer.png
2025-11-04 09:40:55,290 [INFO] [auth_logger:270] download_avatar(): Avatar saved: farm_rabbitscaler.png
2025-11-04 09:40:55,297 [INFO] [auth_logger:270] download_avatar(): Avatar saved: cat_03.png
2025-11-04 09:40:55,301 [INFO] [auth_logger:270] download_avatar(): Avatar saved: king_charles.png
2025-11-04 09:40:55,331 [INFO] [auth_logger:270] download_avatar(): Avatar saved: spanish_water_dog.png
2025-11-04 09:40:55,343 [INFO] [auth_logger:270] download_avatar(): Avatar saved: akita.png
2025-11-04 09:40:55,366 [INFO] [auth_logger:270] download_avatar(): Avatar saved: pomeranian.png
2025-11-04 09:40:55,379 [INFO] [auth_logger:270] download_avatar(): Avatar saved: mongrel_2.png
2025-11-04 09:40:55,398 [INFO] [auth_logger:270] download_avatar(): Avatar saved: jack_russell.png
2025-11-04 09:40:55,403 [INFO] [auth_logger:270] download_avatar(): Avatar saved: st_bernard.png
2025-11-04 09:40:55,411 [INFO] [auth_logger:270] download_avatar(): Avatar saved: cockapoo_brown.png
2025-11-04 09:40:55,417 [INFO] [auth_logger:270] download_avatar(): Avatar saved: cockapoo.png
2025-11-04 09:40:55,442 [INFO] [auth_logger:270] download_avatar(): Avatar saved: mongrel.png
2025-11-04 09:40:55,473 [INFO] [auth_logger:270] download_avatar(): Avatar saved: cat_01.png
2025-11-04 09:40:55,501 [INFO] [auth_logger:270] download_avatar(): Avatar saved: beagle.png
2025-11-04 09:40:55,506 [INFO] [auth_logger:270] download_avatar(): Avatar saved: wirehaired_pointer.png
2025-11-04 09:40:55,531 [INFO] [auth_logger:270] download_avatar(): Avatar saved: border_collie_brown.png
2025-11-04 09:40:55,532 [INFO] [auth_logger:270] download_avatar(): Avatar saved: tollie.png
2025-11-04 09:40:55,542 [INFO] [auth_logger:270] download_avatar(): Avatar saved: doberman.png
2025-11-04 09:40:55,546 [INFO] [auth_logger:270] download_avatar(): Avatar saved: yorkshire_terrier.png
2025-11-04 09:40:55,608 [INFO] [auth_logger:270] download_avatar(): Avatar saved: newfoundland.png
2025-11-04 09:40:55,651 [INFO] [auth_logger:270] download_avatar(): Avatar saved: goldendoodle.png
2025-11-04 09:40:55,655 [INFO] [auth_logger:270] download_avatar(): Avatar saved: lizard.png
2025-11-04 09:40:55,688 [INFO] [auth_logger:270] download_avatar(): Avatar saved: chow_chow.png
2025-11-04 09:40:55,774 [INFO] [auth_logger:270] download_avatar(): Avatar saved: shar_pei.png
2025-11-04 09:40:55,803 [INFO] [auth_logger:270] download_avatar(): Avatar saved: dachshund.png
2025-11-04 09:40:56,033 [INFO] [auth_logger:270] download_avatar(): Avatar saved: westie_2.png
2025-11-04 09:40:56,074 [INFO] [auth_logger:270] download_avatar(): Avatar saved: cat_06.png
2025-11-04 09:40:56,592 [INFO] [auth_logger:270] download_avatar(): Avatar saved: german_shepherd_female.png
2025-11-04 09:40:56,644 [INFO] [auth_logger:270] download_avatar(): Avatar saved: cocker_spaniel_liver.png
2025-11-04 09:40:56,725 [INFO] [auth_logger:270] download_avatar(): Avatar saved: patterdale-terrier.png
2025-11-04 09:40:56,810 [INFO] [auth_logger:270] download_avatar(): Avatar saved: cat_05.png
2025-11-04 09:47:04,732 [DEBUG] [auth_logger:279] get_assets_info(): Assets sync request received
2025-11-04 09:47:04,732 [DEBUG] [auth_logger:283] get_assets_info(): Client hash: {'hash': '23c811a5e489f479791a0f8c71237ae7346c24a1510357fe947d7b77d6c30577'}
2025-11-04 09:47:04,737 [DEBUG] [auth_logger:292] get_assets_info(): Current assets hash: 23c811a5e489f479791a0f8c71237ae7346c24a1510357fe947d7b77d6c30577
2025-11-04 09:47:04,739 [DEBUG] [auth_logger:303] get_assets_info(): Missing avatars: 0
2025-11-04 09:49:49,182 [DEBUG] [auth_logger:279] get_assets_info(): Assets sync request received
2025-11-04 09:49:49,183 [DEBUG] [auth_logger:283] get_assets_info(): Client hash: {'hash': '23c811a5e489f479791a0f8c71237ae7346c24a1510357fe947d7b77d6c30577'}
2025-11-04 09:49:49,190 [DEBUG] [auth_logger:292] get_assets_info(): Current assets hash: 23c811a5e489f479791a0f8c71237ae7346c24a1510357fe947d7b77d6c30577
2025-11-04 09:49:49,190 [DEBUG] [auth_logger:303] get_assets_info(): Missing avatars: 0
2025-11-04 09:53:35,304 [DEBUG] [auth_logger:279] get_assets_info(): Assets sync request received
2025-11-04 09:53:35,305 [DEBUG] [auth_logger:283] get_assets_info(): Client hash: {'hash': '23c811a5e489f479791a0f8c71237ae7346c24a1510357fe947d7b77d6c30577'}
2025-11-04 09:53:35,308 [DEBUG] [auth_logger:292] get_assets_info(): Current assets hash: 23c811a5e489f479791a0f8c71237ae7346c24a1510357fe947d7b77d6c30577
2025-11-04 09:53:35,309 [DEBUG] [auth_logger:303] get_assets_info(): Missing avatars: 0
2025-11-04 10:02:15,101 [DEBUG] [auth_logger:279] get_assets_info(): Assets sync request received
2025-11-04 10:02:15,101 [DEBUG] [auth_logger:283] get_assets_info(): Client hash: {'hash': '23c811a5e489f479791a0f8c71237ae7346c24a1510357fe947d7b77d6c30577'}
2025-11-04 10:02:15,106 [DEBUG] [auth_logger:292] get_assets_info(): Current assets hash: 23c811a5e489f479791a0f8c71237ae7346c24a1510357fe947d7b77d6c30577
2025-11-04 10:02:15,107 [DEBUG] [auth_logger:303] get_assets_info(): Missing avatars: 0
2025-11-04 10:07:06,387 [DEBUG] [auth_logger:220] check_client_email(): Client email check: edward.bayliss@pawtul.com
2025-11-04 10:07:06,392 [DEBUG] [auth_logger:238] check_client_email(): Client email lookup result count: 1
2025-11-04 10:07:51,934 [DEBUG] [auth_logger:220] check_client_email(): Client email check: edward.bayliss@pawtul.com
2025-11-04 10:07:51,941 [DEBUG] [auth_logger:238] check_client_email(): Client email lookup result count: 1
2025-11-04 10:10:19,394 [DEBUG] [auth_logger:220] check_client_email(): Client email check: edward.bayliss@pawtul.com
2025-11-04 10:10:19,401 [DEBUG] [auth_logger:238] check_client_email(): Client email lookup result count: 1
2025-11-04 11:02:18,516 [DEBUG] [auth_logger:220] check_client_email(): Client email check: edward.bayliss@pawtul.com
2025-11-04 11:02:18,523 [DEBUG] [auth_logger:238] check_client_email(): Client email lookup result count: 1
2025-11-04 11:38:26,828 [DEBUG] [auth_logger:220] check_client_email(): Client email check: edward.bayliss@pawtul.com
2025-11-04 11:38:26,870 [DEBUG] [auth_logger:238] check_client_email(): Client email lookup result count: 1
2025-11-04 11:40:01,088 [DEBUG] [auth_logger:220] check_client_email(): Client email check: edward.bayliss@pawtul.com
2025-11-04 11:40:01,097 [DEBUG] [auth_logger:238] check_client_email(): Client email lookup result count: 1
2025-11-04 11:41:58,522 [DEBUG] [auth_logger:220] check_client_email(): Client email check: edward.bayliss@pawtul.com
2025-11-04 11:41:58,548 [DEBUG] [auth_logger:238] check_client_email(): Client email lookup result count: 1
2025-11-04 11:49:27,909 [DEBUG] [auth_logger:279] get_assets_info(): Assets sync request received
2025-11-04 11:49:27,911 [DEBUG] [auth_logger:283] get_assets_info(): Client hash: {'hash': '23c811a5e489f479791a0f8c71237ae7346c24a1510357fe947d7b77d6c30577'}
2025-11-04 11:49:28,008 [DEBUG] [auth_logger:292] get_assets_info(): Current assets hash: 23c811a5e489f479791a0f8c71237ae7346c24a1510357fe947d7b77d6c30577
2025-11-04 11:49:28,012 [DEBUG] [auth_logger:303] get_assets_info(): Missing avatars: 0
2025-11-04 11:49:44,303 [DEBUG] [auth_logger:69] login_for_access_token(): Received login request: {'username': 'edward.bayliss@pawtul.com', 'loginType': 'business'}
2025-11-04 11:49:44,916 [DEBUG] [auth_logger:73] login_for_access_token(): Queried business user: edward.bayliss@pawtul.com, Found: True
2025-11-04 11:49:44,916 [DEBUG] [auth_logger:368] verify_password(): Verifying password
2025-11-04 11:49:44,943 [DEBUG] [auth_logger:379] verify_password(): Password verification result: True
2025-11-04 11:49:44,943 [DEBUG] [auth_logger:80] login_for_access_token(): Password validation result for user=edward.bayliss@pawtul.com: True
2025-11-04 11:49:45,737 [INFO] [auth_logger:93] login_for_access_token(): Business user 81e78254-85dc-464c-8aa4-455f9d9d47eb successfully logged in
2025-11-04 11:49:46,871 [DEBUG] [auth_logger:279] get_assets_info(): Assets sync request received
2025-11-04 11:49:46,871 [DEBUG] [auth_logger:283] get_assets_info(): Client hash: {'hash': '23c811a5e489f479791a0f8c71237ae7346c24a1510357fe947d7b77d6c30577'}
2025-11-04 11:49:46,992 [DEBUG] [auth_logger:292] get_assets_info(): Current assets hash: 23c811a5e489f479791a0f8c71237ae7346c24a1510357fe947d7b77d6c30577
2025-11-04 11:49:46,994 [DEBUG] [auth_logger:303] get_assets_info(): Missing avatars: 0
2025-11-04 12:30:39,955 [DEBUG] [auth_logger:279] get_assets_info(): Assets sync request received
2025-11-04 12:30:39,955 [DEBUG] [auth_logger:283] get_assets_info(): Client hash: {'hash': '23c811a5e489f479791a0f8c71237ae7346c24a1510357fe947d7b77d6c30577'}
2025-11-04 12:30:40,038 [DEBUG] [auth_logger:292] get_assets_info(): Current assets hash: 23c811a5e489f479791a0f8c71237ae7346c24a1510357fe947d7b77d6c30577
2025-11-04 12:30:40,038 [DEBUG] [auth_logger:303] get_assets_info(): Missing avatars: 0
2025-11-04 12:50:04,538 [DEBUG] [auth_logger:220] check_client_email(): Client email check: edward.bayliss@icloud.com
2025-11-04 12:50:04,615 [DEBUG] [auth_logger:238] check_client_email(): Client email lookup result count: 4
2025-11-05 10:35:54,231 [DEBUG] [auth_logger:220] check_client_email(): Client email check: edward.bayliss@pawtul.com
2025-11-05 10:35:54,360 [DEBUG] [auth_logger:238] check_client_email(): Client email lookup result count: 1
2025-11-05 10:37:23,379 [DEBUG] [auth_logger:69] login_for_access_token(): Received login request: {'username': 'edward.bayliss@pawtul.com', 'loginType': 'business'}
2025-11-05 10:37:23,496 [DEBUG] [auth_logger:73] login_for_access_token(): Queried business user: edward.bayliss@pawtul.com, Found: True
2025-11-05 10:37:23,496 [DEBUG] [auth_logger:368] verify_password(): Verifying password
2025-11-05 10:37:23,518 [DEBUG] [auth_logger:379] verify_password(): Password verification result: True
2025-11-05 10:37:23,518 [DEBUG] [auth_logger:80] login_for_access_token(): Password validation result for user=edward.bayliss@pawtul.com: True
2025-11-05 10:37:23,672 [INFO] [auth_logger:93] login_for_access_token(): Business user 81e78254-85dc-464c-8aa4-455f9d9d47eb successfully logged in
2025-11-05 10:37:25,073 [DEBUG] [auth_logger:279] get_assets_info(): Assets sync request received
2025-11-05 10:37:25,073 [DEBUG] [auth_logger:283] get_assets_info(): Client hash: {'hash': None}
2025-11-05 10:37:25,153 [DEBUG] [auth_logger:292] get_assets_info(): Current assets hash: 23c811a5e489f479791a0f8c71237ae7346c24a1510357fe947d7b77d6c30577
2025-11-05 10:37:25,155 [DEBUG] [auth_logger:303] get_assets_info(): Missing avatars: 0
2025-11-05 10:46:23,774 [DEBUG] [auth_logger:279] get_assets_info(): Assets sync request received
2025-11-05 10:46:23,775 [DEBUG] [auth_logger:283] get_assets_info(): Client hash: {'hash': '23c811a5e489f479791a0f8c71237ae7346c24a1510357fe947d7b77d6c30577'}
2025-11-05 10:46:23,927 [DEBUG] [auth_logger:292] get_assets_info(): Current assets hash: 23c811a5e489f479791a0f8c71237ae7346c24a1510357fe947d7b77d6c30577
2025-11-05 10:46:23,928 [DEBUG] [auth_logger:303] get_assets_info(): Missing avatars: 0
2025-11-05 10:49:19,912 [DEBUG] [auth_logger:69] login_for_access_token(): Received login request: {'username': 'alice@pettittpetservices.com', 'loginType': 'business'}
2025-11-05 10:49:20,073 [DEBUG] [auth_logger:73] login_for_access_token(): Queried business user: alice@pettittpetservices.com, Found: True
2025-11-05 10:49:20,073 [DEBUG] [auth_logger:368] verify_password(): Verifying password
2025-11-05 10:49:20,125 [DEBUG] [auth_logger:379] verify_password(): Password verification result: True
2025-11-05 10:49:20,125 [DEBUG] [auth_logger:80] login_for_access_token(): Password validation result for user=alice@pettittpetservices.com: True
2025-11-05 10:49:20,288 [INFO] [auth_logger:93] login_for_access_token(): Business user 471e9752-bcd7-4b95-9391-e890a0b2e1e8 successfully logged in
2025-11-05 10:49:22,392 [DEBUG] [auth_logger:279] get_assets_info(): Assets sync request received
2025-11-05 10:49:22,393 [DEBUG] [auth_logger:283] get_assets_info(): Client hash: {'hash': '23c811a5e489f479791a0f8c71237ae7346c24a1510357fe947d7b77d6c30577'}
2025-11-05 10:49:22,467 [DEBUG] [auth_logger:292] get_assets_info(): Current assets hash: 23c811a5e489f479791a0f8c71237ae7346c24a1510357fe947d7b77d6c30577
2025-11-05 10:49:22,468 [DEBUG] [auth_logger:303] get_assets_info(): Missing avatars: 0
2025-11-05 10:54:32,382 [DEBUG] [auth_logger:279] get_assets_info(): Assets sync request received
2025-11-05 10:54:32,382 [DEBUG] [auth_logger:283] get_assets_info(): Client hash: {'hash': '23c811a5e489f479791a0f8c71237ae7346c24a1510357fe947d7b77d6c30577'}
2025-11-05 10:54:32,699 [DEBUG] [auth_logger:292] get_assets_info(): Current assets hash: 23c811a5e489f479791a0f8c71237ae7346c24a1510357fe947d7b77d6c30577
2025-11-05 10:54:32,699 [DEBUG] [auth_logger:303] get_assets_info(): Missing avatars: 0
2025-11-05 10:55:19,902 [DEBUG] [auth_logger:220] check_client_email(): Client email check: edward.bayliss@pawtul.com
2025-11-05 10:55:19,990 [DEBUG] [auth_logger:238] check_client_email(): Client email lookup result count: 1
2025-11-05 16:55:33,413 [DEBUG] [auth_logger:220] check_client_email(): Client email check: edward.bayliss@icloud.com
2025-11-05 16:55:33,504 [DEBUG] [auth_logger:238] check_client_email(): Client email lookup result count: 4
2025-11-05 16:55:57,254 [DEBUG] [auth_logger:220] check_client_email(): Client email check: edward.bayliss@icloud.com
2025-11-05 16:55:57,339 [DEBUG] [auth_logger:238] check_client_email(): Client email lookup result count: 4
2025-11-05 17:08:12,454 [DEBUG] [auth_logger:69] login_for_access_token(): Received login request: {'username': 'edward.bayliss@pawtul.com', 'loginType': 'business'}
2025-11-05 17:08:12,551 [DEBUG] [auth_logger:73] login_for_access_token(): Queried business user: edward.bayliss@pawtul.com, Found: True
2025-11-05 17:08:12,551 [DEBUG] [auth_logger:368] verify_password(): Verifying password
2025-11-05 17:08:12,586 [DEBUG] [auth_logger:379] verify_password(): Password verification result: True
2025-11-05 17:08:12,586 [DEBUG] [auth_logger:80] login_for_access_token(): Password validation result for user=edward.bayliss@pawtul.com: True
2025-11-05 17:08:12,914 [INFO] [auth_logger:93] login_for_access_token(): Business user 81e78254-85dc-464c-8aa4-455f9d9d47eb successfully logged in
2025-11-05 17:08:15,991 [DEBUG] [auth_logger:279] get_assets_info(): Assets sync request received
2025-11-05 17:08:15,992 [DEBUG] [auth_logger:283] get_assets_info(): Client hash: {'hash': None}
2025-11-05 17:08:16,089 [DEBUG] [auth_logger:292] get_assets_info(): Current assets hash: 23c811a5e489f479791a0f8c71237ae7346c24a1510357fe947d7b77d6c30577
2025-11-05 17:08:16,094 [DEBUG] [auth_logger:303] get_assets_info(): Missing avatars: 0
2025-11-05 18:51:00,129 [DEBUG] [auth_logger:279] get_assets_info(): Assets sync request received
2025-11-05 18:51:00,130 [DEBUG] [auth_logger:283] get_assets_info(): Client hash: {'hash': '23c811a5e489f479791a0f8c71237ae7346c24a1510357fe947d7b77d6c30577'}
2025-11-05 18:51:00,214 [DEBUG] [auth_logger:292] get_assets_info(): Current assets hash: 23c811a5e489f479791a0f8c71237ae7346c24a1510357fe947d7b77d6c30577
2025-11-05 18:51:00,215 [DEBUG] [auth_logger:303] get_assets_info(): Missing avatars: 0
2025-11-06 08:19:13,020 [DEBUG] [auth_logger:220] check_client_email(): Client email check: edward.bayliss@pawtul.com
2025-11-06 08:19:13,096 [DEBUG] [auth_logger:238] check_client_email(): Client email lookup result count: 1
2025-11-06 08:19:24,804 [DEBUG] [auth_logger:220] check_client_email(): Client email check: edward.bayliss@pawtul.com
2025-11-06 08:19:24,882 [DEBUG] [auth_logger:238] check_client_email(): Client email lookup result count: 1
2025-11-06 08:19:48,999 [DEBUG] [auth_logger:220] check_client_email(): Client email check: Edward.bayliss@pawtul.com
2025-11-06 08:19:49,083 [DEBUG] [auth_logger:238] check_client_email(): Client email lookup result count: 2
2025-11-06 08:58:54,662 [DEBUG] [auth_logger:279] get_assets_info(): Assets sync request received
2025-11-06 08:58:54,662 [DEBUG] [auth_logger:283] get_assets_info(): Client hash: {'hash': '23c811a5e489f479791a0f8c71237ae7346c24a1510357fe947d7b77d6c30577'}
2025-11-06 08:58:54,747 [DEBUG] [auth_logger:292] get_assets_info(): Current assets hash: 23c811a5e489f479791a0f8c71237ae7346c24a1510357fe947d7b77d6c30577
2025-11-06 08:58:54,750 [DEBUG] [auth_logger:303] get_assets_info(): Missing avatars: 0
2025-11-06 09:00:18,682 [DEBUG] [auth_logger:279] get_assets_info(): Assets sync request received
2025-11-06 09:00:18,683 [DEBUG] [auth_logger:283] get_assets_info(): Client hash: {'hash': '23c811a5e489f479791a0f8c71237ae7346c24a1510357fe947d7b77d6c30577'}
2025-11-06 09:00:19,017 [DEBUG] [auth_logger:292] get_assets_info(): Current assets hash: 23c811a5e489f479791a0f8c71237ae7346c24a1510357fe947d7b77d6c30577
2025-11-06 09:00:19,018 [DEBUG] [auth_logger:303] get_assets_info(): Missing avatars: 0
2025-11-06 09:18:14,162 [DEBUG] [auth_logger:279] get_assets_info(): Assets sync request received
2025-11-06 09:18:14,163 [DEBUG] [auth_logger:283] get_assets_info(): Client hash: {'hash': '23c811a5e489f479791a0f8c71237ae7346c24a1510357fe947d7b77d6c30577'}
2025-11-06 09:18:14,242 [DEBUG] [auth_logger:292] get_assets_info(): Current assets hash: 23c811a5e489f479791a0f8c71237ae7346c24a1510357fe947d7b77d6c30577
2025-11-06 09:18:14,244 [DEBUG] [auth_logger:303] get_assets_info(): Missing avatars: 0
2025-11-06 09:52:39,106 [DEBUG] [auth_logger:279] get_assets_info(): Assets sync request received
2025-11-06 09:52:39,106 [DEBUG] [auth_logger:283] get_assets_info(): Client hash: {'hash': '23c811a5e489f479791a0f8c71237ae7346c24a1510357fe947d7b77d6c30577'}
2025-11-06 09:52:39,390 [DEBUG] [auth_logger:292] get_assets_info(): Current assets hash: 23c811a5e489f479791a0f8c71237ae7346c24a1510357fe947d7b77d6c30577
2025-11-06 09:52:39,392 [DEBUG] [auth_logger:303] get_assets_info(): Missing avatars: 0
2025-11-06 10:22:45,061 [DEBUG] [auth_logger:279] get_assets_info(): Assets sync request received
2025-11-06 10:22:45,062 [DEBUG] [auth_logger:283] get_assets_info(): Client hash: {'hash': '23c811a5e489f479791a0f8c71237ae7346c24a1510357fe947d7b77d6c30577'}
2025-11-06 10:22:45,150 [DEBUG] [auth_logger:292] get_assets_info(): Current assets hash: 23c811a5e489f479791a0f8c71237ae7346c24a1510357fe947d7b77d6c30577
2025-11-06 10:22:45,155 [DEBUG] [auth_logger:303] get_assets_info(): Missing avatars: 0
2025-11-06 10:25:39,443 [DEBUG] [auth_logger:279] get_assets_info(): Assets sync request received
2025-11-06 10:25:39,444 [DEBUG] [auth_logger:283] get_assets_info(): Client hash: {'hash': '23c811a5e489f479791a0f8c71237ae7346c24a1510357fe947d7b77d6c30577'}
2025-11-06 10:25:39,521 [DEBUG] [auth_logger:292] get_assets_info(): Current assets hash: 23c811a5e489f479791a0f8c71237ae7346c24a1510357fe947d7b77d6c30577
2025-11-06 10:25:39,523 [DEBUG] [auth_logger:303] get_assets_info(): Missing avatars: 0
2025-11-06 10:30:09,892 [DEBUG] [auth_logger:279] get_assets_info(): Assets sync request received
2025-11-06 10:30:09,892 [DEBUG] [auth_logger:283] get_assets_info(): Client hash: {'hash': '23c811a5e489f479791a0f8c71237ae7346c24a1510357fe947d7b77d6c30577'}
2025-11-06 10:30:09,963 [DEBUG] [auth_logger:292] get_assets_info(): Current assets hash: 23c811a5e489f479791a0f8c71237ae7346c24a1510357fe947d7b77d6c30577
2025-11-06 10:30:09,964 [DEBUG] [auth_logger:303] get_assets_info(): Missing avatars: 0
2025-11-06 10:35:58,410 [DEBUG] [auth_logger:279] get_assets_info(): Assets sync request received
2025-11-06 10:35:58,411 [DEBUG] [auth_logger:283] get_assets_info(): Client hash: {'hash': '23c811a5e489f479791a0f8c71237ae7346c24a1510357fe947d7b77d6c30577'}
2025-11-06 10:35:58,494 [DEBUG] [auth_logger:292] get_assets_info(): Current assets hash: 23c811a5e489f479791a0f8c71237ae7346c24a1510357fe947d7b77d6c30577
2025-11-06 10:35:58,495 [DEBUG] [auth_logger:303] get_assets_info(): Missing avatars: 0
2025-11-06 10:47:50,472 [DEBUG] [auth_logger:279] get_assets_info(): Assets sync request received
2025-11-06 10:47:50,472 [DEBUG] [auth_logger:283] get_assets_info(): Client hash: {'hash': '23c811a5e489f479791a0f8c71237ae7346c24a1510357fe947d7b77d6c30577'}
2025-11-06 10:47:50,706 [DEBUG] [auth_logger:292] get_assets_info(): Current assets hash: 23c811a5e489f479791a0f8c71237ae7346c24a1510357fe947d7b77d6c30577
2025-11-06 10:47:50,707 [DEBUG] [auth_logger:303] get_assets_info(): Missing avatars: 0
2025-11-06 10:50:11,955 [DEBUG] [auth_logger:279] get_assets_info(): Assets sync request received
2025-11-06 10:50:11,955 [DEBUG] [auth_logger:283] get_assets_info(): Client hash: {'hash': '23c811a5e489f479791a0f8c71237ae7346c24a1510357fe947d7b77d6c30577'}
2025-11-06 10:50:12,080 [DEBUG] [auth_logger:292] get_assets_info(): Current assets hash: 23c811a5e489f479791a0f8c71237ae7346c24a1510357fe947d7b77d6c30577
2025-11-06 10:50:12,082 [DEBUG] [auth_logger:303] get_assets_info(): Missing avatars: 0
2025-11-06 17:11:11,926 [DEBUG] [auth_logger:279] get_assets_info(): Assets sync request received
2025-11-06 17:11:11,926 [DEBUG] [auth_logger:283] get_assets_info(): Client hash: {'hash': '23c811a5e489f479791a0f8c71237ae7346c24a1510357fe947d7b77d6c30577'}
2025-11-06 17:11:12,005 [DEBUG] [auth_logger:292] get_assets_info(): Current assets hash: 23c811a5e489f479791a0f8c71237ae7346c24a1510357fe947d7b77d6c30577
2025-11-06 17:11:12,009 [DEBUG] [auth_logger:303] get_assets_info(): Missing avatars: 0
2025-11-06 17:15:37,784 [DEBUG] [auth_logger:279] get_assets_info(): Assets sync request received
2025-11-06 17:15:37,784 [DEBUG] [auth_logger:283] get_assets_info(): Client hash: {'hash': '23c811a5e489f479791a0f8c71237ae7346c24a1510357fe947d7b77d6c30577'}
2025-11-06 17:15:37,861 [DEBUG] [auth_logger:292] get_assets_info(): Current assets hash: 23c811a5e489f479791a0f8c71237ae7346c24a1510357fe947d7b77d6c30577
2025-11-06 17:15:37,862 [DEBUG] [auth_logger:303] get_assets_info(): Missing avatars: 0
2025-11-06 17:18:55,254 [DEBUG] [auth_logger:279] get_assets_info(): Assets sync request received
2025-11-06 17:18:55,254 [DEBUG] [auth_logger:283] get_assets_info(): Client hash: {'hash': '23c811a5e489f479791a0f8c71237ae7346c24a1510357fe947d7b77d6c30577'}
2025-11-06 17:18:55,338 [DEBUG] [auth_logger:292] get_assets_info(): Current assets hash: 23c811a5e489f479791a0f8c71237ae7346c24a1510357fe947d7b77d6c30577
2025-11-06 17:18:55,339 [DEBUG] [auth_logger:303] get_assets_info(): Missing avatars: 0
2025-11-06 18:32:02,073 [DEBUG] [auth_logger:279] get_assets_info(): Assets sync request received
2025-11-06 18:32:02,074 [DEBUG] [auth_logger:283] get_assets_info(): Client hash: {'hash': '23c811a5e489f479791a0f8c71237ae7346c24a1510357fe947d7b77d6c30577'}
2025-11-06 18:32:02,154 [DEBUG] [auth_logger:292] get_assets_info(): Current assets hash: 23c811a5e489f479791a0f8c71237ae7346c24a1510357fe947d7b77d6c30577
2025-11-06 18:32:02,160 [DEBUG] [auth_logger:303] get_assets_info(): Missing avatars: 0
2025-11-06 18:38:01,563 [DEBUG] [auth_logger:279] get_assets_info(): Assets sync request received
2025-11-06 18:38:01,564 [DEBUG] [auth_logger:283] get_assets_info(): Client hash: {'hash': '23c811a5e489f479791a0f8c71237ae7346c24a1510357fe947d7b77d6c30577'}
2025-11-06 18:38:01,644 [DEBUG] [auth_logger:292] get_assets_info(): Current assets hash: 23c811a5e489f479791a0f8c71237ae7346c24a1510357fe947d7b77d6c30577
2025-11-06 18:38:01,645 [DEBUG] [auth_logger:303] get_assets_info(): Missing avatars: 0
2025-11-06 19:38:10,376 [DEBUG] [auth_logger:279] get_assets_info(): Assets sync request received
2025-11-06 19:38:10,377 [DEBUG] [auth_logger:283] get_assets_info(): Client hash: {'hash': '23c811a5e489f479791a0f8c71237ae7346c24a1510357fe947d7b77d6c30577'}
2025-11-06 19:38:10,455 [DEBUG] [auth_logger:292] get_assets_info(): Current assets hash: 23c811a5e489f479791a0f8c71237ae7346c24a1510357fe947d7b77d6c30577
2025-11-06 19:38:10,456 [DEBUG] [auth_logger:303] get_assets_info(): Missing avatars: 0
2025-11-06 19:49:15,147 [DEBUG] [auth_logger:220] check_client_email(): Client email check: edward.bayliss@pawtul.com
2025-11-06 19:49:15,222 [DEBUG] [auth_logger:238] check_client_email(): Client email lookup result count: 2
2025-11-06 19:49:23,312 [DEBUG] [auth_logger:220] check_client_email(): Client email check: edward.bayliss@icloud.com
2025-11-06 19:49:23,386 [DEBUG] [auth_logger:238] check_client_email(): Client email lookup result count: 4
2025-11-06 19:49:42,149 [DEBUG] [auth_logger:220] check_client_email(): Client email check: edward.bayliss@pawtul.com
2025-11-06 19:49:42,247 [DEBUG] [auth_logger:238] check_client_email(): Client email lookup result count: 2
2025-11-17 13:33:38,095 [DEBUG] [auth_logger:279] get_assets_info(): Assets sync request received
2025-11-17 13:33:38,096 [DEBUG] [auth_logger:283] get_assets_info(): Client hash: {'hash': '23c811a5e489f479791a0f8c71237ae7346c24a1510357fe947d7b77d6c30577'}
2025-11-17 13:33:38,292 [DEBUG] [auth_logger:292] get_assets_info(): Current assets hash: 23c811a5e489f479791a0f8c71237ae7346c24a1510357fe947d7b77d6c30577
2025-11-17 13:33:38,293 [DEBUG] [auth_logger:303] get_assets_info(): Missing avatars: 100
2025-11-17 13:33:38,353 [DEBUG] [auth_logger:264] download_avatar(): Downloading avatar: https://pawtul.com/static/images/pet_avatars/turtle.png
2025-11-17 13:33:38,354 [DEBUG] [auth_logger:264] download_avatar(): Downloading avatar: https://pawtul.com/static/images/pet_avatars/jackapoo.png
2025-11-17 13:33:38,354 [DEBUG] [auth_logger:264] download_avatar(): Downloading avatar: https://pawtul.com/static/images/pet_avatars/chow_chow.png
2025-11-17 13:33:38,354 [DEBUG] [auth_logger:264] download_avatar(): Downloading avatar: https://pawtul.com/static/images/pet_avatars/mongrel_2.png
2025-11-17 13:33:38,354 [DEBUG] [auth_logger:264] download_avatar(): Downloading avatar: https://pawtul.com/static/images/pet_avatars/cocker_spaniel_all_black.png
2025-11-17 13:33:38,354 [DEBUG] [auth_logger:264] download_avatar(): Downloading avatar: https://pawtul.com/static/images/pet_avatars/dachshund_blue.png
2025-11-17 13:33:38,354 [DEBUG] [auth_logger:264] download_avatar(): Downloading avatar: https://pawtul.com/static/images/pet_avatars/border_collie_tri.png
2025-11-17 13:33:38,354 [DEBUG] [auth_logger:264] download_avatar(): Downloading avatar: https://pawtul.com/static/images/pet_avatars/labrador_brown.png
2025-11-17 13:33:38,354 [DEBUG] [auth_logger:264] download_avatar(): Downloading avatar: https://pawtul.com/static/images/pet_avatars/hamster-3.png
2025-11-17 13:33:38,354 [DEBUG] [auth_logger:264] download_avatar(): Downloading avatar: https://pawtul.com/static/images/pet_avatars/german_shorthaired_pointer.png
2025-11-17 13:33:38,354 [DEBUG] [auth_logger:264] download_avatar(): Downloading avatar: https://pawtul.com/static/images/pet_avatars/international_rabbit.png
2025-11-17 13:33:38,355 [DEBUG] [auth_logger:264] download_avatar(): Downloading avatar: https://pawtul.com/static/images/pet_avatars/labrador_brown.png
2025-11-17 13:33:38,355 [DEBUG] [auth_logger:264] download_avatar(): Downloading avatar: https://pawtul.com/static/images/pet_avatars/european_rabbit.png
2025-11-17 13:33:38,355 [DEBUG] [auth_logger:264] download_avatar(): Downloading avatar: https://pawtul.com/static/images/pet_avatars/st_bernard.png
2025-11-17 13:33:38,355 [DEBUG] [auth_logger:264] download_avatar(): Downloading avatar: https://pawtul.com/static/images/pet_avatars/horse_6.png
2025-11-17 13:33:38,355 [DEBUG] [auth_logger:264] download_avatar(): Downloading avatar: https://pawtul.com/static/images/pet_avatars/westie_2.png
2025-11-17 13:33:38,355 [DEBUG] [auth_logger:264] download_avatar(): Downloading avatar: https://pawtul.com/static/images/pet_avatars/mongrel.png
2025-11-17 13:33:38,355 [DEBUG] [auth_logger:264] download_avatar(): Downloading avatar: https://pawtul.com/static/images/pet_avatars/vizsla.png
2025-11-17 13:33:38,355 [DEBUG] [auth_logger:264] download_avatar(): Downloading avatar: https://pawtul.com/static/images/pet_avatars/spanish_water_dog.png
2025-11-17 13:33:38,355 [DEBUG] [auth_logger:264] download_avatar(): Downloading avatar: https://pawtul.com/static/images/pet_avatars/king_charles.png
2025-11-17 13:33:38,355 [DEBUG] [auth_logger:264] download_avatar(): Downloading avatar: https://pawtul.com/static/images/pet_avatars/jack_russell.png
2025-11-17 13:33:38,355 [DEBUG] [auth_logger:264] download_avatar(): Downloading avatar: https://pawtul.com/static/images/pet_avatars/cockapoo.png
2025-11-17 13:33:38,355 [DEBUG] [auth_logger:264] download_avatar(): Downloading avatar: https://pawtul.com/static/images/pet_avatars/cocker_spaniel_black.png
2025-11-17 13:33:38,355 [DEBUG] [auth_logger:264] download_avatar(): Downloading avatar: https://pawtul.com/static/images/pet_avatars/patterdale-terrier.png
2025-11-17 13:33:38,355 [DEBUG] [auth_logger:264] download_avatar(): Downloading avatar: https://pawtul.com/static/images/pet_avatars/cocker_spaniel_brown.png
2025-11-17 13:33:38,355 [DEBUG] [auth_logger:264] download_avatar(): Downloading avatar: https://pawtul.com/static/images/pet_avatars/cockapoo_brown.png
2025-11-17 13:33:38,355 [DEBUG] [auth_logger:264] download_avatar(): Downloading avatar: https://pawtul.com/static/images/pet_avatars/hamster-1.png
2025-11-17 13:33:38,355 [DEBUG] [auth_logger:264] download_avatar(): Downloading avatar: https://pawtul.com/static/images/pet_avatars/dachshund.png
2025-11-17 13:33:38,355 [DEBUG] [auth_logger:264] download_avatar(): Downloading avatar: https://pawtul.com/static/images/pet_avatars/cat_06.png
2025-11-17 13:33:38,356 [DEBUG] [auth_logger:264] download_avatar(): Downloading avatar: https://pawtul.com/static/images/pet_avatars/cockapoo.png
2025-11-17 13:33:38,356 [DEBUG] [auth_logger:264] download_avatar(): Downloading avatar: https://pawtul.com/static/images/pet_avatars/rhodesian_ridgeback.png
2025-11-17 13:33:38,356 [DEBUG] [auth_logger:264] download_avatar(): Downloading avatar: https://pawtul.com/static/images/pet_avatars/springer_spaniel.png
2025-11-17 13:33:38,356 [DEBUG] [auth_logger:264] download_avatar(): Downloading avatar: https://pawtul.com/static/images/pet_avatars/basset_hound.png
2025-11-17 13:33:38,356 [DEBUG] [auth_logger:264] download_avatar(): Downloading avatar: https://pawtul.com/static/images/pet_avatars/arab.png
2025-11-17 13:33:38,356 [DEBUG] [auth_logger:264] download_avatar(): Downloading avatar: https://pawtul.com/static/images/pet_avatars/cockapoo.png
2025-11-17 13:33:38,356 [DEBUG] [auth_logger:264] download_avatar(): Downloading avatar: https://pawtul.com/static/images/pet_avatars/golden_retriever.png
2025-11-17 13:33:38,356 [DEBUG] [auth_logger:264] download_avatar(): Downloading avatar: https://pawtul.com/static/images/pet_avatars/hamster-2.png
2025-11-17 13:33:38,356 [DEBUG] [auth_logger:264] download_avatar(): Downloading avatar: https://pawtul.com/static/images/pet_avatars/italian_spinone.png
2025-11-17 13:33:38,356 [DEBUG] [auth_logger:264] download_avatar(): Downloading avatar: https://pawtul.com/static/images/pet_avatars/cat_07.png
2025-11-17 13:33:38,356 [DEBUG] [auth_logger:264] download_avatar(): Downloading avatar: https://pawtul.com/static/images/pet_avatars/border_terrier.png
2025-11-17 13:33:38,356 [DEBUG] [auth_logger:264] download_avatar(): Downloading avatar: https://pawtul.com/static/images/pet_avatars/border_collie.png
2025-11-17 13:33:38,356 [DEBUG] [auth_logger:264] download_avatar(): Downloading avatar: https://pawtul.com/static/images/pet_avatars/dalmatian.png
2025-11-17 13:33:38,356 [DEBUG] [auth_logger:264] download_avatar(): Downloading avatar: https://pawtul.com/static/images/pet_avatars/golden_cocker.png
2025-11-17 13:33:38,356 [DEBUG] [auth_logger:264] download_avatar(): Downloading avatar: https://pawtul.com/static/images/pet_avatars/pony.png
2025-11-17 13:33:38,356 [DEBUG] [auth_logger:264] download_avatar(): Downloading avatar: https://pawtul.com/static/images/pet_avatars/griffons_bruxellois.png
2025-11-17 13:33:38,356 [DEBUG] [auth_logger:264] download_avatar(): Downloading avatar: https://pawtul.com/static/images/pet_avatars/miniature_schnauzer.png
2025-11-17 13:33:38,356 [DEBUG] [auth_logger:264] download_avatar(): Downloading avatar: https://pawtul.com/static/images/pet_avatars/cat_08.png
2025-11-17 13:33:38,356 [DEBUG] [auth_logger:264] download_avatar(): Downloading avatar: https://pawtul.com/static/images/pet_avatars/cockapoo.png
2025-11-17 13:33:38,357 [DEBUG] [auth_logger:264] download_avatar(): Downloading avatar: https://pawtul.com/static/images/pet_avatars/beagle.png
2025-11-17 13:33:38,357 [DEBUG] [auth_logger:264] download_avatar(): Downloading avatar: https://pawtul.com/static/images/pet_avatars/mountain_dog.png
2025-11-17 13:33:38,357 [DEBUG] [auth_logger:264] download_avatar(): Downloading avatar: https://pawtul.com/static/images/pet_avatars/english_bull_terrier.png
2025-11-17 13:33:38,357 [DEBUG] [auth_logger:264] download_avatar(): Downloading avatar: https://pawtul.com/static/images/pet_avatars/hamster-4.png
2025-11-17 13:33:38,357 [DEBUG] [auth_logger:264] download_avatar(): Downloading avatar: https://pawtul.com/static/images/pet_avatars/newfoundland.png
2025-11-17 13:33:38,357 [DEBUG] [auth_logger:264] download_avatar(): Downloading avatar: https://pawtul.com/static/images/pet_avatars/german_shepherd_black.png
2025-11-17 13:33:38,357 [DEBUG] [auth_logger:264] download_avatar(): Downloading avatar: https://pawtul.com/static/images/pet_avatars/german_shepherd.png
2025-11-17 13:33:38,357 [DEBUG] [auth_logger:264] download_avatar(): Downloading avatar: https://pawtul.com/static/images/pet_avatars/border_collie_brown.png
2025-11-17 13:33:38,357 [DEBUG] [auth_logger:264] download_avatar(): Downloading avatar: https://pawtul.com/static/images/pet_avatars/dutch_rabbit.png
2025-11-17 13:33:38,357 [DEBUG] [auth_logger:264] download_avatar(): Downloading avatar: https://pawtul.com/static/images/pet_avatars/wirehaired_pointer.png
2025-11-17 13:33:38,357 [DEBUG] [auth_logger:264] download_avatar(): Downloading avatar: https://pawtul.com/static/images/pet_avatars/border_collie_merle.png
2025-11-17 13:33:38,357 [DEBUG] [auth_logger:264] download_avatar(): Downloading avatar: https://pawtul.com/static/images/pet_avatars/tollie.png
2025-11-17 13:33:38,357 [DEBUG] [auth_logger:264] download_avatar(): Downloading avatar: https://pawtul.com/static/images/pet_avatars/cocker_spaniel_golden.png
2025-11-17 13:33:38,357 [DEBUG] [auth_logger:264] download_avatar(): Downloading avatar: https://pawtul.com/static/images/pet_avatars/pomeranian.png
2025-11-17 13:33:38,357 [DEBUG] [auth_logger:264] download_avatar(): Downloading avatar: https://pawtul.com/static/images/pet_avatars/maltese.png
2025-11-17 13:33:38,357 [DEBUG] [auth_logger:264] download_avatar(): Downloading avatar: https://pawtul.com/static/images/pet_avatars/chicken.png
2025-11-17 13:33:38,357 [DEBUG] [auth_logger:264] download_avatar(): Downloading avatar: https://pawtul.com/static/images/pet_avatars/cocker_spaniel_black.png
2025-11-17 13:33:38,357 [DEBUG] [auth_logger:264] download_avatar(): Downloading avatar: https://pawtul.com/static/images/pet_avatars/labrador_black.png
2025-11-17 13:33:38,358 [DEBUG] [auth_logger:264] download_avatar(): Downloading avatar: https://pawtul.com/static/images/pet_avatars/weimaraner.png
2025-11-17 13:33:38,358 [DEBUG] [auth_logger:264] download_avatar(): Downloading avatar: https://pawtul.com/static/images/pet_avatars/bedlington.png
2025-11-17 13:33:38,358 [DEBUG] [auth_logger:264] download_avatar(): Downloading avatar: https://pawtul.com/static/images/pet_avatars/shar_pei.png
2025-11-17 13:33:38,358 [DEBUG] [auth_logger:264] download_avatar(): Downloading avatar: https://pawtul.com/static/images/pet_avatars/staffy_black.png
2025-11-17 13:33:38,358 [DEBUG] [auth_logger:264] download_avatar(): Downloading avatar: https://pawtul.com/static/images/pet_avatars/giant_schnauzer.png
2025-11-17 13:33:38,358 [DEBUG] [auth_logger:264] download_avatar(): Downloading avatar: https://pawtul.com/static/images/pet_avatars/goldendoodle.png
2025-11-17 13:33:38,358 [DEBUG] [auth_logger:264] download_avatar(): Downloading avatar: https://pawtul.com/static/images/pet_avatars/cat_05.png
2025-11-17 13:33:38,358 [DEBUG] [auth_logger:264] download_avatar(): Downloading avatar: https://pawtul.com/static/images/pet_avatars/german_shepherd_female.png
2025-11-17 13:33:38,358 [DEBUG] [auth_logger:264] download_avatar(): Downloading avatar: https://pawtul.com/static/images/pet_avatars/mandel_rabbit.png
2025-11-17 13:33:38,358 [DEBUG] [auth_logger:264] download_avatar(): Downloading avatar: https://pawtul.com/static/images/pet_avatars/bulldog.png
2025-11-17 13:33:38,358 [DEBUG] [auth_logger:264] download_avatar(): Downloading avatar: https://pawtul.com/static/images/pet_avatars/cat_01.png
2025-11-17 13:33:38,358 [DEBUG] [auth_logger:264] download_avatar(): Downloading avatar: https://pawtul.com/static/images/pet_avatars/tiny_poo.png
2025-11-17 13:33:38,358 [DEBUG] [auth_logger:264] download_avatar(): Downloading avatar: https://pawtul.com/static/images/pet_avatars/bichon_frise.png
2025-11-17 13:33:38,358 [DEBUG] [auth_logger:264] download_avatar(): Downloading avatar: https://pawtul.com/static/images/pet_avatars/doberman.png
2025-11-17 13:33:38,358 [DEBUG] [auth_logger:264] download_avatar(): Downloading avatar: https://pawtul.com/static/images/pet_avatars/akita.png
2025-11-17 13:33:38,358 [DEBUG] [auth_logger:264] download_avatar(): Downloading avatar: https://pawtul.com/static/images/pet_avatars/yorkshire_terrier.png
2025-11-17 13:33:38,358 [DEBUG] [auth_logger:264] download_avatar(): Downloading avatar: https://pawtul.com/static/images/pet_avatars/westie.png
2025-11-17 13:33:38,358 [DEBUG] [auth_logger:264] download_avatar(): Downloading avatar: https://pawtul.com/static/images/pet_avatars/husky_white.png
2025-11-17 13:33:38,358 [DEBUG] [auth_logger:264] download_avatar(): Downloading avatar: https://pawtul.com/static/images/pet_avatars/lizard.png
2025-11-17 13:33:38,359 [DEBUG] [auth_logger:264] download_avatar(): Downloading avatar: https://pawtul.com/static/images/pet_avatars/chiwawa.png
2025-11-17 13:33:38,359 [DEBUG] [auth_logger:264] download_avatar(): Downloading avatar: https://pawtul.com/static/images/pet_avatars/black_shire.png
2025-11-17 13:33:38,359 [DEBUG] [auth_logger:264] download_avatar(): Downloading avatar: https://pawtul.com/static/images/pet_avatars/border_collie_2.png
2025-11-17 13:33:38,359 [DEBUG] [auth_logger:264] download_avatar(): Downloading avatar: https://pawtul.com/static/images/pet_avatars/farm_rabbitscaler.png
2025-11-17 13:33:38,359 [DEBUG] [auth_logger:264] download_avatar(): Downloading avatar: https://pawtul.com/static/images/pet_avatars/boxer.png
2025-11-17 13:33:38,359 [DEBUG] [auth_logger:264] download_avatar(): Downloading avatar: https://pawtul.com/static/images/pet_avatars/doberman.png
2025-11-17 13:33:38,359 [DEBUG] [auth_logger:264] download_avatar(): Downloading avatar: https://pawtul.com/static/images/pet_avatars/cocker_spaniel_liver.png
2025-11-17 13:33:38,359 [DEBUG] [auth_logger:264] download_avatar(): Downloading avatar: https://pawtul.com/static/images/pet_avatars/bernedoodle.png
2025-11-17 13:33:38,359 [DEBUG] [auth_logger:264] download_avatar(): Downloading avatar: https://pawtul.com/static/images/pet_avatars/bernedoodle.png
2025-11-17 13:33:38,359 [DEBUG] [auth_logger:264] download_avatar(): Downloading avatar: https://pawtul.com/static/images/pet_avatars/cat_10.png
2025-11-17 13:33:38,359 [DEBUG] [auth_logger:264] download_avatar(): Downloading avatar: https://pawtul.com/static/images/pet_avatars/cat_03.png
2025-11-17 13:33:38,359 [DEBUG] [auth_logger:264] download_avatar(): Downloading avatar: https://pawtul.com/static/images/pet_avatars/cocker_spaniel_liver.png
2025-11-17 13:33:38,359 [DEBUG] [auth_logger:264] download_avatar(): Downloading avatar: https://pawtul.com/static/images/pet_avatars/pug_black.png
2025-11-17 13:33:38,361 [DEBUG] [auth_logger:264] download_avatar(): Downloading avatar: https://pawtul.com/static/images/pet_avatars/bully.png
2025-11-17 13:33:38,361 [DEBUG] [auth_logger:264] download_avatar(): Downloading avatar: https://pawtul.com/static/images/pet_avatars/cane_corso.png
2025-11-17 13:33:40,054 [INFO] [auth_logger:270] download_avatar(): Avatar saved: german_shorthaired_pointer.png
2025-11-17 13:33:40,056 [INFO] [auth_logger:270] download_avatar(): Avatar saved: dutch_rabbit.png
2025-11-17 13:33:40,056 [INFO] [auth_logger:270] download_avatar(): Avatar saved: maltese.png
2025-11-17 13:33:40,057 [INFO] [auth_logger:270] download_avatar(): Avatar saved: cocker_spaniel_all_black.png
2025-11-17 13:33:40,057 [INFO] [auth_logger:270] download_avatar(): Avatar saved: labrador_brown.png
2025-11-17 13:33:40,057 [INFO] [auth_logger:270] download_avatar(): Avatar saved: weimaraner.png
2025-11-17 13:33:40,059 [INFO] [auth_logger:270] download_avatar(): Avatar saved: labrador_brown.png
2025-11-17 13:33:40,059 [INFO] [auth_logger:270] download_avatar(): Avatar saved: cocker_spaniel_black.png
2025-11-17 13:33:40,060 [INFO] [auth_logger:270] download_avatar(): Avatar saved: chicken.png
2025-11-17 13:33:40,061 [INFO] [auth_logger:270] download_avatar(): Avatar saved: border_collie_merle.png
2025-11-17 13:33:40,061 [INFO] [auth_logger:270] download_avatar(): Avatar saved: tollie.png
2025-11-17 13:33:40,062 [INFO] [auth_logger:270] download_avatar(): Avatar saved: wirehaired_pointer.png
2025-11-17 13:33:40,078 [INFO] [auth_logger:270] download_avatar(): Avatar saved: labrador_black.png
2025-11-17 13:33:40,078 [INFO] [auth_logger:270] download_avatar(): Avatar saved: shar_pei.png
2025-11-17 13:33:40,078 [INFO] [auth_logger:270] download_avatar(): Avatar saved: pomeranian.png
2025-11-17 13:33:40,078 [INFO] [auth_logger:270] download_avatar(): Avatar saved: mongrel_2.png
2025-11-17 13:33:40,102 [INFO] [auth_logger:270] download_avatar(): Avatar saved: european_rabbit.png
2025-11-17 13:33:40,176 [INFO] [auth_logger:270] download_avatar(): Avatar saved: bedlington.png
2025-11-17 13:33:40,185 [INFO] [auth_logger:270] download_avatar(): Avatar saved: vizsla.png
2025-11-17 13:33:40,199 [INFO] [auth_logger:270] download_avatar(): Avatar saved: westie_2.png
2025-11-17 13:33:40,207 [INFO] [auth_logger:270] download_avatar(): Avatar saved: st_bernard.png
2025-11-17 13:33:40,211 [INFO] [auth_logger:270] download_avatar(): Avatar saved: pony.png
2025-11-17 13:33:40,214 [INFO] [auth_logger:270] download_avatar(): Avatar saved: cockapoo.png
2025-11-17 13:33:40,215 [INFO] [auth_logger:270] download_avatar(): Avatar saved: staffy_black.png
2025-11-17 13:33:40,218 [INFO] [auth_logger:270] download_avatar(): Avatar saved: horse_6.png
2025-11-17 13:33:40,219 [INFO] [auth_logger:270] download_avatar(): Avatar saved: goldendoodle.png
2025-11-17 13:33:40,267 [INFO] [auth_logger:270] download_avatar(): Avatar saved: chiwawa.png
2025-11-17 13:33:40,272 [INFO] [auth_logger:270] download_avatar(): Avatar saved: doberman.png
2025-11-17 13:33:40,286 [INFO] [auth_logger:270] download_avatar(): Avatar saved: mongrel.png
2025-11-17 13:33:40,313 [INFO] [auth_logger:270] download_avatar(): Avatar saved: lizard.png
2025-11-17 13:33:40,357 [INFO] [auth_logger:270] download_avatar(): Avatar saved: cat_01.png
2025-11-17 13:33:40,401 [INFO] [auth_logger:270] download_avatar(): Avatar saved: bulldog.png
2025-11-17 13:33:40,416 [INFO] [auth_logger:270] download_avatar(): Avatar saved: jack_russell.png
2025-11-17 13:33:40,468 [INFO] [auth_logger:270] download_avatar(): Avatar saved: arab.png
2025-11-17 13:33:40,511 [INFO] [auth_logger:270] download_avatar(): Avatar saved: akita.png
2025-11-17 13:33:40,637 [INFO] [auth_logger:270] download_avatar(): Avatar saved: doberman.png
2025-11-17 13:33:40,647 [INFO] [auth_logger:270] download_avatar(): Avatar saved: black_shire.png
2025-11-17 13:33:40,680 [INFO] [auth_logger:270] download_avatar(): Avatar saved: husky_white.png
2025-11-17 13:33:40,685 [INFO] [auth_logger:270] download_avatar(): Avatar saved: bichon_frise.png
2025-11-17 13:33:40,693 [INFO] [auth_logger:270] download_avatar(): Avatar saved: mandel_rabbit.png
2025-11-17 13:33:40,724 [INFO] [auth_logger:270] download_avatar(): Avatar saved: cat_10.png
2025-11-17 13:33:40,793 [INFO] [auth_logger:270] download_avatar(): Avatar saved: spanish_water_dog.png
2025-11-17 13:33:40,794 [INFO] [auth_logger:270] download_avatar(): Avatar saved: basset_hound.png
2025-11-17 13:33:40,820 [INFO] [auth_logger:270] download_avatar(): Avatar saved: cockapoo.png
2025-11-17 13:33:40,909 [INFO] [auth_logger:270] download_avatar(): Avatar saved: border_collie_2.png
2025-11-17 13:33:40,941 [INFO] [auth_logger:270] download_avatar(): Avatar saved: bully.png
2025-11-17 13:33:40,943 [INFO] [auth_logger:270] download_avatar(): Avatar saved: boxer.png
2025-11-17 13:33:40,973 [INFO] [auth_logger:270] download_avatar(): Avatar saved: giant_schnauzer.png
2025-11-17 13:33:40,979 [INFO] [auth_logger:270] download_avatar(): Avatar saved: hamster-2.png
2025-11-17 13:33:40,982 [INFO] [auth_logger:270] download_avatar(): Avatar saved: newfoundland.png
2025-11-17 13:33:40,985 [INFO] [auth_logger:270] download_avatar(): Avatar saved: cocker_spaniel_golden.png
2025-11-17 13:33:40,987 [INFO] [auth_logger:270] download_avatar(): Avatar saved: border_collie_brown.png
2025-11-17 13:33:40,987 [INFO] [auth_logger:270] download_avatar(): Avatar saved: international_rabbit.png
2025-11-17 13:33:40,993 [INFO] [auth_logger:270] download_avatar(): Avatar saved: chow_chow.png
2025-11-17 13:33:41,004 [INFO] [auth_logger:270] download_avatar(): Avatar saved: tiny_poo.png
2025-11-17 13:33:41,014 [INFO] [auth_logger:270] download_avatar(): Avatar saved: patterdale-terrier.png
2025-11-17 13:33:41,017 [INFO] [auth_logger:270] download_avatar(): Avatar saved: cockapoo_brown.png
2025-11-17 13:33:41,033 [INFO] [auth_logger:270] download_avatar(): Avatar saved: king_charles.png
2025-11-17 13:33:41,046 [INFO] [auth_logger:270] download_avatar(): Avatar saved: griffons_bruxellois.png
2025-11-17 13:33:41,058 [INFO] [auth_logger:270] download_avatar(): Avatar saved: westie.png
2025-11-17 13:33:41,064 [INFO] [auth_logger:270] download_avatar(): Avatar saved: border_terrier.png
2025-11-17 13:33:41,066 [INFO] [auth_logger:270] download_avatar(): Avatar saved: dachshund_blue.png
2025-11-17 13:33:41,070 [INFO] [auth_logger:270] download_avatar(): Avatar saved: german_shepherd_black.png
2025-11-17 13:33:41,070 [INFO] [auth_logger:270] download_avatar(): Avatar saved: farm_rabbitscaler.png
2025-11-17 13:33:41,070 [INFO] [auth_logger:270] download_avatar(): Avatar saved: cockapoo.png
2025-11-17 13:33:41,078 [INFO] [auth_logger:270] download_avatar(): Avatar saved: beagle.png
2025-11-17 13:33:41,082 [INFO] [auth_logger:270] download_avatar(): Avatar saved: jackapoo.png
2025-11-17 13:33:41,099 [INFO] [auth_logger:270] download_avatar(): Avatar saved: dalmatian.png
2025-11-17 13:33:41,099 [INFO] [auth_logger:270] download_avatar(): Avatar saved: english_bull_terrier.png
2025-11-17 13:33:41,099 [INFO] [auth_logger:270] download_avatar(): Avatar saved: cocker_spaniel_black.png
2025-11-17 13:33:41,099 [INFO] [auth_logger:270] download_avatar(): Avatar saved: hamster-1.png
2025-11-17 13:33:41,102 [INFO] [auth_logger:270] download_avatar(): Avatar saved: springer_spaniel.png
2025-11-17 13:33:41,102 [INFO] [auth_logger:270] download_avatar(): Avatar saved: golden_retriever.png
2025-11-17 13:33:41,104 [INFO] [auth_logger:270] download_avatar(): Avatar saved: bernedoodle.png
2025-11-17 13:33:41,116 [INFO] [auth_logger:270] download_avatar(): Avatar saved: cocker_spaniel_brown.png
2025-11-17 13:33:41,123 [INFO] [auth_logger:270] download_avatar(): Avatar saved: cockapoo.png
2025-11-17 13:33:41,132 [INFO] [auth_logger:270] download_avatar(): Avatar saved: dachshund.png
2025-11-17 13:33:41,135 [INFO] [auth_logger:270] download_avatar(): Avatar saved: bernedoodle.png
2025-11-17 13:33:41,139 [INFO] [auth_logger:270] download_avatar(): Avatar saved: cat_06.png
2025-11-17 13:33:41,142 [INFO] [auth_logger:270] download_avatar(): Avatar saved: italian_spinone.png
2025-11-17 13:33:41,146 [INFO] [auth_logger:270] download_avatar(): Avatar saved: hamster-3.png
2025-11-17 13:33:41,152 [INFO] [auth_logger:270] download_avatar(): Avatar saved: miniature_schnauzer.png
2025-11-17 13:33:41,156 [INFO] [auth_logger:270] download_avatar(): Avatar saved: german_shepherd.png
2025-11-17 13:33:41,161 [INFO] [auth_logger:270] download_avatar(): Avatar saved: cane_corso.png
2025-11-17 13:33:41,166 [INFO] [auth_logger:270] download_avatar(): Avatar saved: border_collie_tri.png
2025-11-17 13:33:41,169 [INFO] [auth_logger:270] download_avatar(): Avatar saved: cocker_spaniel_liver.png
2025-11-17 13:33:41,174 [INFO] [auth_logger:270] download_avatar(): Avatar saved: mountain_dog.png
2025-11-17 13:33:41,174 [INFO] [auth_logger:270] download_avatar(): Avatar saved: yorkshire_terrier.png
2025-11-17 13:33:41,174 [INFO] [auth_logger:270] download_avatar(): Avatar saved: cocker_spaniel_liver.png
2025-11-17 13:33:41,175 [INFO] [auth_logger:270] download_avatar(): Avatar saved: turtle.png
2025-11-17 13:33:41,198 [INFO] [auth_logger:270] download_avatar(): Avatar saved: cat_03.png
2025-11-17 13:33:41,207 [INFO] [auth_logger:270] download_avatar(): Avatar saved: golden_cocker.png
2025-11-17 13:33:41,230 [INFO] [auth_logger:270] download_avatar(): Avatar saved: border_collie.png
2025-11-17 13:33:41,249 [INFO] [auth_logger:270] download_avatar(): Avatar saved: rhodesian_ridgeback.png
2025-11-17 13:33:41,249 [INFO] [auth_logger:270] download_avatar(): Avatar saved: german_shepherd_female.png
2025-11-17 13:33:41,259 [INFO] [auth_logger:270] download_avatar(): Avatar saved: cat_08.png
2025-11-17 13:33:41,259 [INFO] [auth_logger:270] download_avatar(): Avatar saved: pug_black.png
2025-11-17 13:33:41,274 [INFO] [auth_logger:270] download_avatar(): Avatar saved: hamster-4.png
2025-11-17 13:33:41,287 [INFO] [auth_logger:270] download_avatar(): Avatar saved: cat_05.png
2025-11-17 13:33:41,463 [INFO] [auth_logger:270] download_avatar(): Avatar saved: cat_07.png
2025-11-17 13:35:41,769 [DEBUG] [auth_logger:279] get_assets_info(): Assets sync request received
2025-11-17 13:35:41,769 [DEBUG] [auth_logger:283] get_assets_info(): Client hash: {'hash': '23c811a5e489f479791a0f8c71237ae7346c24a1510357fe947d7b77d6c30577'}
2025-11-17 13:35:41,833 [DEBUG] [auth_logger:292] get_assets_info(): Current assets hash: 23c811a5e489f479791a0f8c71237ae7346c24a1510357fe947d7b77d6c30577
2025-11-17 13:35:41,834 [DEBUG] [auth_logger:303] get_assets_info(): Missing avatars: 0
2025-11-17 13:40:33,911 [DEBUG] [auth_logger:279] get_assets_info(): Assets sync request received
2025-11-17 13:40:33,911 [DEBUG] [auth_logger:283] get_assets_info(): Client hash: {'hash': '23c811a5e489f479791a0f8c71237ae7346c24a1510357fe947d7b77d6c30577'}
2025-11-17 13:40:34,241 [DEBUG] [auth_logger:292] get_assets_info(): Current assets hash: 23c811a5e489f479791a0f8c71237ae7346c24a1510357fe947d7b77d6c30577
2025-11-17 13:40:34,241 [DEBUG] [auth_logger:303] get_assets_info(): Missing avatars: 0
2025-11-17 13:44:16,190 [DEBUG] [auth_logger:279] get_assets_info(): Assets sync request received
2025-11-17 13:44:16,191 [DEBUG] [auth_logger:283] get_assets_info(): Client hash: {'hash': '23c811a5e489f479791a0f8c71237ae7346c24a1510357fe947d7b77d6c30577'}
2025-11-17 13:44:16,394 [DEBUG] [auth_logger:292] get_assets_info(): Current assets hash: 23c811a5e489f479791a0f8c71237ae7346c24a1510357fe947d7b77d6c30577
2025-11-17 13:44:16,395 [DEBUG] [auth_logger:303] get_assets_info(): Missing avatars: 0
2025-11-17 13:49:06,050 [DEBUG] [auth_logger:279] get_assets_info(): Assets sync request received
2025-11-17 13:49:06,051 [DEBUG] [auth_logger:283] get_assets_info(): Client hash: {'hash': '23c811a5e489f479791a0f8c71237ae7346c24a1510357fe947d7b77d6c30577'}
2025-11-17 13:49:06,121 [DEBUG] [auth_logger:292] get_assets_info(): Current assets hash: 23c811a5e489f479791a0f8c71237ae7346c24a1510357fe947d7b77d6c30577
2025-11-17 13:49:06,123 [DEBUG] [auth_logger:303] get_assets_info(): Missing avatars: 0
2025-11-17 13:50:52,642 [DEBUG] [auth_logger:279] get_assets_info(): Assets sync request received
2025-11-17 13:50:52,643 [DEBUG] [auth_logger:283] get_assets_info(): Client hash: {'hash': '23c811a5e489f479791a0f8c71237ae7346c24a1510357fe947d7b77d6c30577'}
2025-11-17 13:50:52,706 [DEBUG] [auth_logger:292] get_assets_info(): Current assets hash: 23c811a5e489f479791a0f8c71237ae7346c24a1510357fe947d7b77d6c30577
2025-11-17 13:50:52,707 [DEBUG] [auth_logger:303] get_assets_info(): Missing avatars: 0
2025-11-17 13:50:59,334 [DEBUG] [auth_logger:279] get_assets_info(): Assets sync request received
2025-11-17 13:50:59,335 [DEBUG] [auth_logger:283] get_assets_info(): Client hash: {'hash': '23c811a5e489f479791a0f8c71237ae7346c24a1510357fe947d7b77d6c30577'}
2025-11-17 13:50:59,400 [DEBUG] [auth_logger:292] get_assets_info(): Current assets hash: 23c811a5e489f479791a0f8c71237ae7346c24a1510357fe947d7b77d6c30577
2025-11-17 13:50:59,401 [DEBUG] [auth_logger:303] get_assets_info(): Missing avatars: 0
2025-11-17 13:52:09,793 [DEBUG] [auth_logger:279] get_assets_info(): Assets sync request received
2025-11-17 13:52:09,793 [DEBUG] [auth_logger:283] get_assets_info(): Client hash: {'hash': '23c811a5e489f479791a0f8c71237ae7346c24a1510357fe947d7b77d6c30577'}
2025-11-17 13:52:09,857 [DEBUG] [auth_logger:292] get_assets_info(): Current assets hash: 23c811a5e489f479791a0f8c71237ae7346c24a1510357fe947d7b77d6c30577
2025-11-17 13:52:09,858 [DEBUG] [auth_logger:303] get_assets_info(): Missing avatars: 0
2025-11-17 13:53:14,853 [DEBUG] [auth_logger:279] get_assets_info(): Assets sync request received
2025-11-17 13:53:14,853 [DEBUG] [auth_logger:283] get_assets_info(): Client hash: {'hash': '23c811a5e489f479791a0f8c71237ae7346c24a1510357fe947d7b77d6c30577'}
2025-11-17 13:53:14,917 [DEBUG] [auth_logger:292] get_assets_info(): Current assets hash: 23c811a5e489f479791a0f8c71237ae7346c24a1510357fe947d7b77d6c30577
2025-11-17 13:53:14,919 [DEBUG] [auth_logger:303] get_assets_info(): Missing avatars: 0
2025-11-17 13:54:21,302 [DEBUG] [auth_logger:279] get_assets_info(): Assets sync request received
2025-11-17 13:54:21,303 [DEBUG] [auth_logger:283] get_assets_info(): Client hash: {'hash': '23c811a5e489f479791a0f8c71237ae7346c24a1510357fe947d7b77d6c30577'}
2025-11-17 13:54:21,368 [DEBUG] [auth_logger:292] get_assets_info(): Current assets hash: 23c811a5e489f479791a0f8c71237ae7346c24a1510357fe947d7b77d6c30577
2025-11-17 13:54:21,369 [DEBUG] [auth_logger:303] get_assets_info(): Missing avatars: 0
2025-11-18 10:19:24,726 [DEBUG] [auth_logger:279] get_assets_info(): Assets sync request received
2025-11-18 10:19:24,727 [DEBUG] [auth_logger:283] get_assets_info(): Client hash: {'hash': '23c811a5e489f479791a0f8c71237ae7346c24a1510357fe947d7b77d6c30577'}
2025-11-18 10:19:24,928 [DEBUG] [auth_logger:292] get_assets_info(): Current assets hash: 23c811a5e489f479791a0f8c71237ae7346c24a1510357fe947d7b77d6c30577
2025-11-18 10:19:24,931 [DEBUG] [auth_logger:303] get_assets_info(): Missing avatars: 0
2025-11-18 10:19:56,154 [DEBUG] [auth_logger:279] get_assets_info(): Assets sync request received
2025-11-18 10:19:56,154 [DEBUG] [auth_logger:283] get_assets_info(): Client hash: {'hash': '23c811a5e489f479791a0f8c71237ae7346c24a1510357fe947d7b77d6c30577'}
2025-11-18 10:19:56,220 [DEBUG] [auth_logger:292] get_assets_info(): Current assets hash: 23c811a5e489f479791a0f8c71237ae7346c24a1510357fe947d7b77d6c30577
2025-11-18 10:19:56,221 [DEBUG] [auth_logger:303] get_assets_info(): Missing avatars: 0
2025-11-18 10:54:15,648 [DEBUG] [auth_logger:279] get_assets_info(): Assets sync request received
2025-11-18 10:54:15,648 [DEBUG] [auth_logger:283] get_assets_info(): Client hash: {'hash': '23c811a5e489f479791a0f8c71237ae7346c24a1510357fe947d7b77d6c30577'}
2025-11-18 10:54:15,712 [DEBUG] [auth_logger:292] get_assets_info(): Current assets hash: 23c811a5e489f479791a0f8c71237ae7346c24a1510357fe947d7b77d6c30577
2025-11-18 10:54:15,715 [DEBUG] [auth_logger:303] get_assets_info(): Missing avatars: 0
2025-11-18 10:56:46,456 [DEBUG] [auth_logger:279] get_assets_info(): Assets sync request received
2025-11-18 10:56:46,456 [DEBUG] [auth_logger:283] get_assets_info(): Client hash: {'hash': '23c811a5e489f479791a0f8c71237ae7346c24a1510357fe947d7b77d6c30577'}
2025-11-18 10:56:46,518 [DEBUG] [auth_logger:292] get_assets_info(): Current assets hash: 23c811a5e489f479791a0f8c71237ae7346c24a1510357fe947d7b77d6c30577
2025-11-18 10:56:46,519 [DEBUG] [auth_logger:303] get_assets_info(): Missing avatars: 0
2025-11-18 13:03:43,086 [DEBUG] [auth_logger:220] check_client_email(): Client email check: edward.bayliss@pawtul.com
2025-11-18 13:03:43,156 [DEBUG] [auth_logger:238] check_client_email(): Client email lookup result count: 2
2025-11-18 13:05:11,670 [DEBUG] [auth_logger:69] login_for_access_token(): Received login request: {'username': 'edward.bayliss@pawtul.com', 'loginType': 'business'}
2025-11-18 13:05:11,925 [DEBUG] [auth_logger:73] login_for_access_token(): Queried business user: edward.bayliss@pawtul.com, Found: True
2025-11-18 13:05:11,925 [DEBUG] [auth_logger:368] verify_password(): Verifying password
2025-11-18 13:05:11,949 [DEBUG] [auth_logger:379] verify_password(): Password verification result: True
2025-11-18 13:05:11,950 [DEBUG] [auth_logger:80] login_for_access_token(): Password validation result for user=edward.bayliss@pawtul.com: True
2025-11-18 13:05:12,509 [INFO] [auth_logger:93] login_for_access_token(): Business user 81e78254-85dc-464c-8aa4-455f9d9d47eb successfully logged in
2025-11-18 13:05:15,217 [DEBUG] [auth_logger:279] get_assets_info(): Assets sync request received
2025-11-18 13:05:15,217 [DEBUG] [auth_logger:283] get_assets_info(): Client hash: {'hash': '23c811a5e489f479791a0f8c71237ae7346c24a1510357fe947d7b77d6c30577'}
2025-11-18 13:05:15,372 [DEBUG] [auth_logger:292] get_assets_info(): Current assets hash: 23c811a5e489f479791a0f8c71237ae7346c24a1510357fe947d7b77d6c30577
2025-11-18 13:05:15,374 [DEBUG] [auth_logger:303] get_assets_info(): Missing avatars: 0
2025-11-18 13:37:12,353 [DEBUG] [auth_logger:279] get_assets_info(): Assets sync request received
2025-11-18 13:37:12,354 [DEBUG] [auth_logger:283] get_assets_info(): Client hash: {'hash': '23c811a5e489f479791a0f8c71237ae7346c24a1510357fe947d7b77d6c30577'}
2025-11-18 13:37:12,433 [DEBUG] [auth_logger:292] get_assets_info(): Current assets hash: 23c811a5e489f479791a0f8c71237ae7346c24a1510357fe947d7b77d6c30577
2025-11-18 13:37:12,434 [DEBUG] [auth_logger:303] get_assets_info(): Missing avatars: 0
2025-11-18 14:52:53,172 [DEBUG] [auth_logger:279] get_assets_info(): Assets sync request received
2025-11-18 14:52:53,173 [DEBUG] [auth_logger:283] get_assets_info(): Client hash: {'hash': '23c811a5e489f479791a0f8c71237ae7346c24a1510357fe947d7b77d6c30577'}
2025-11-18 14:52:53,377 [DEBUG] [auth_logger:292] get_assets_info(): Current assets hash: 23c811a5e489f479791a0f8c71237ae7346c24a1510357fe947d7b77d6c30577
2025-11-18 14:52:53,378 [DEBUG] [auth_logger:303] get_assets_info(): Missing avatars: 0
2025-11-18 14:53:01,861 [DEBUG] [auth_logger:279] get_assets_info(): Assets sync request received
2025-11-18 14:53:01,862 [DEBUG] [auth_logger:283] get_assets_info(): Client hash: {'hash': '23c811a5e489f479791a0f8c71237ae7346c24a1510357fe947d7b77d6c30577'}
2025-11-18 14:53:01,928 [DEBUG] [auth_logger:292] get_assets_info(): Current assets hash: 23c811a5e489f479791a0f8c71237ae7346c24a1510357fe947d7b77d6c30577
2025-11-18 14:53:01,928 [DEBUG] [auth_logger:303] get_assets_info(): Missing avatars: 0
2025-11-18 14:54:42,007 [DEBUG] [auth_logger:279] get_assets_info(): Assets sync request received
2025-11-18 14:54:42,007 [DEBUG] [auth_logger:283] get_assets_info(): Client hash: {'hash': '23c811a5e489f479791a0f8c71237ae7346c24a1510357fe947d7b77d6c30577'}
2025-11-18 14:54:42,210 [DEBUG] [auth_logger:292] get_assets_info(): Current assets hash: 23c811a5e489f479791a0f8c71237ae7346c24a1510357fe947d7b77d6c30577
2025-11-18 14:54:42,210 [DEBUG] [auth_logger:303] get_assets_info(): Missing avatars: 0
2025-11-18 14:55:24,630 [DEBUG] [auth_logger:279] get_assets_info(): Assets sync request received
2025-11-18 14:55:24,630 [DEBUG] [auth_logger:283] get_assets_info(): Client hash: {'hash': '23c811a5e489f479791a0f8c71237ae7346c24a1510357fe947d7b77d6c30577'}
2025-11-18 14:55:24,698 [DEBUG] [auth_logger:292] get_assets_info(): Current assets hash: 23c811a5e489f479791a0f8c71237ae7346c24a1510357fe947d7b77d6c30577
2025-11-18 14:55:24,699 [DEBUG] [auth_logger:303] get_assets_info(): Missing avatars: 0
2025-11-18 14:55:58,618 [DEBUG] [auth_logger:279] get_assets_info(): Assets sync request received
2025-11-18 14:55:58,618 [DEBUG] [auth_logger:283] get_assets_info(): Client hash: {'hash': '23c811a5e489f479791a0f8c71237ae7346c24a1510357fe947d7b77d6c30577'}
2025-11-18 14:55:58,681 [DEBUG] [auth_logger:292] get_assets_info(): Current assets hash: 23c811a5e489f479791a0f8c71237ae7346c24a1510357fe947d7b77d6c30577
2025-11-18 14:55:58,681 [DEBUG] [auth_logger:303] get_assets_info(): Missing avatars: 0
2025-11-18 14:56:43,541 [DEBUG] [auth_logger:279] get_assets_info(): Assets sync request received
2025-11-18 14:56:43,541 [DEBUG] [auth_logger:283] get_assets_info(): Client hash: {'hash': '23c811a5e489f479791a0f8c71237ae7346c24a1510357fe947d7b77d6c30577'}
2025-11-18 14:56:43,606 [DEBUG] [auth_logger:292] get_assets_info(): Current assets hash: 23c811a5e489f479791a0f8c71237ae7346c24a1510357fe947d7b77d6c30577
2025-11-18 14:56:43,608 [DEBUG] [auth_logger:303] get_assets_info(): Missing avatars: 0
2025-11-18 14:57:01,083 [DEBUG] [auth_logger:279] get_assets_info(): Assets sync request received
2025-11-18 14:57:01,083 [DEBUG] [auth_logger:283] get_assets_info(): Client hash: {'hash': '23c811a5e489f479791a0f8c71237ae7346c24a1510357fe947d7b77d6c30577'}
2025-11-18 14:57:01,156 [DEBUG] [auth_logger:292] get_assets_info(): Current assets hash: 23c811a5e489f479791a0f8c71237ae7346c24a1510357fe947d7b77d6c30577
2025-11-18 14:57:01,157 [DEBUG] [auth_logger:303] get_assets_info(): Missing avatars: 0
2025-11-18 14:57:29,998 [DEBUG] [auth_logger:279] get_assets_info(): Assets sync request received
2025-11-18 14:57:29,999 [DEBUG] [auth_logger:283] get_assets_info(): Client hash: {'hash': '23c811a5e489f479791a0f8c71237ae7346c24a1510357fe947d7b77d6c30577'}
2025-11-18 14:57:30,060 [DEBUG] [auth_logger:292] get_assets_info(): Current assets hash: 23c811a5e489f479791a0f8c71237ae7346c24a1510357fe947d7b77d6c30577
2025-11-18 14:57:30,061 [DEBUG] [auth_logger:303] get_assets_info(): Missing avatars: 0
2025-11-18 14:58:03,250 [DEBUG] [auth_logger:279] get_assets_info(): Assets sync request received
2025-11-18 14:58:03,251 [DEBUG] [auth_logger:283] get_assets_info(): Client hash: {'hash': '23c811a5e489f479791a0f8c71237ae7346c24a1510357fe947d7b77d6c30577'}
2025-11-18 14:58:03,312 [DEBUG] [auth_logger:292] get_assets_info(): Current assets hash: 23c811a5e489f479791a0f8c71237ae7346c24a1510357fe947d7b77d6c30577
2025-11-18 14:58:03,313 [DEBUG] [auth_logger:303] get_assets_info(): Missing avatars: 0
2025-11-18 14:58:10,045 [DEBUG] [auth_logger:279] get_assets_info(): Assets sync request received
2025-11-18 14:58:10,045 [DEBUG] [auth_logger:283] get_assets_info(): Client hash: {'hash': '23c811a5e489f479791a0f8c71237ae7346c24a1510357fe947d7b77d6c30577'}
2025-11-18 14:58:10,109 [DEBUG] [auth_logger:292] get_assets_info(): Current assets hash: 23c811a5e489f479791a0f8c71237ae7346c24a1510357fe947d7b77d6c30577
2025-11-18 14:58:10,109 [DEBUG] [auth_logger:303] get_assets_info(): Missing avatars: 0
2025-11-18 14:58:17,781 [DEBUG] [auth_logger:279] get_assets_info(): Assets sync request received
2025-11-18 14:58:17,782 [DEBUG] [auth_logger:283] get_assets_info(): Client hash: {'hash': '23c811a5e489f479791a0f8c71237ae7346c24a1510357fe947d7b77d6c30577'}
2025-11-18 14:58:17,849 [DEBUG] [auth_logger:292] get_assets_info(): Current assets hash: 23c811a5e489f479791a0f8c71237ae7346c24a1510357fe947d7b77d6c30577
2025-11-18 14:58:17,849 [DEBUG] [auth_logger:303] get_assets_info(): Missing avatars: 0
2025-11-18 15:01:02,771 [DEBUG] [auth_logger:279] get_assets_info(): Assets sync request received
2025-11-18 15:01:02,772 [DEBUG] [auth_logger:283] get_assets_info(): Client hash: {'hash': '23c811a5e489f479791a0f8c71237ae7346c24a1510357fe947d7b77d6c30577'}
2025-11-18 15:01:02,839 [DEBUG] [auth_logger:292] get_assets_info(): Current assets hash: 23c811a5e489f479791a0f8c71237ae7346c24a1510357fe947d7b77d6c30577
2025-11-18 15:01:02,842 [DEBUG] [auth_logger:303] get_assets_info(): Missing avatars: 0
2025-11-18 15:02:09,532 [DEBUG] [auth_logger:279] get_assets_info(): Assets sync request received
2025-11-18 15:02:09,532 [DEBUG] [auth_logger:283] get_assets_info(): Client hash: {'hash': '23c811a5e489f479791a0f8c71237ae7346c24a1510357fe947d7b77d6c30577'}
2025-11-18 15:02:09,600 [DEBUG] [auth_logger:292] get_assets_info(): Current assets hash: 23c811a5e489f479791a0f8c71237ae7346c24a1510357fe947d7b77d6c30577
2025-11-18 15:02:09,600 [DEBUG] [auth_logger:303] get_assets_info(): Missing avatars: 0
2025-11-18 15:03:39,780 [DEBUG] [auth_logger:279] get_assets_info(): Assets sync request received
2025-11-18 15:03:39,781 [DEBUG] [auth_logger:283] get_assets_info(): Client hash: {'hash': '23c811a5e489f479791a0f8c71237ae7346c24a1510357fe947d7b77d6c30577'}
2025-11-18 15:03:39,846 [DEBUG] [auth_logger:292] get_assets_info(): Current assets hash: 23c811a5e489f479791a0f8c71237ae7346c24a1510357fe947d7b77d6c30577
2025-11-18 15:03:39,847 [DEBUG] [auth_logger:303] get_assets_info(): Missing avatars: 0
2025-11-18 15:04:08,193 [DEBUG] [auth_logger:279] get_assets_info(): Assets sync request received
2025-11-18 15:04:08,193 [DEBUG] [auth_logger:283] get_assets_info(): Client hash: {'hash': '23c811a5e489f479791a0f8c71237ae7346c24a1510357fe947d7b77d6c30577'}
2025-11-18 15:04:08,256 [DEBUG] [auth_logger:292] get_assets_info(): Current assets hash: 23c811a5e489f479791a0f8c71237ae7346c24a1510357fe947d7b77d6c30577
2025-11-18 15:04:08,257 [DEBUG] [auth_logger:303] get_assets_info(): Missing avatars: 0
2025-11-18 15:04:23,958 [DEBUG] [auth_logger:279] get_assets_info(): Assets sync request received
2025-11-18 15:04:23,958 [DEBUG] [auth_logger:283] get_assets_info(): Client hash: {'hash': '23c811a5e489f479791a0f8c71237ae7346c24a1510357fe947d7b77d6c30577'}
2025-11-18 15:04:24,023 [DEBUG] [auth_logger:292] get_assets_info(): Current assets hash: 23c811a5e489f479791a0f8c71237ae7346c24a1510357fe947d7b77d6c30577
2025-11-18 15:04:24,025 [DEBUG] [auth_logger:303] get_assets_info(): Missing avatars: 0
2025-11-18 15:05:37,553 [DEBUG] [auth_logger:279] get_assets_info(): Assets sync request received
2025-11-18 15:05:37,554 [DEBUG] [auth_logger:283] get_assets_info(): Client hash: {'hash': '23c811a5e489f479791a0f8c71237ae7346c24a1510357fe947d7b77d6c30577'}
2025-11-18 15:05:37,618 [DEBUG] [auth_logger:292] get_assets_info(): Current assets hash: 23c811a5e489f479791a0f8c71237ae7346c24a1510357fe947d7b77d6c30577
2025-11-18 15:05:37,619 [DEBUG] [auth_logger:303] get_assets_info(): Missing avatars: 0
2025-11-18 15:07:37,793 [DEBUG] [auth_logger:279] get_assets_info(): Assets sync request received
2025-11-18 15:07:37,794 [DEBUG] [auth_logger:283] get_assets_info(): Client hash: {'hash': '23c811a5e489f479791a0f8c71237ae7346c24a1510357fe947d7b77d6c30577'}
2025-11-18 15:07:37,859 [DEBUG] [auth_logger:292] get_assets_info(): Current assets hash: 23c811a5e489f479791a0f8c71237ae7346c24a1510357fe947d7b77d6c30577
2025-11-18 15:07:37,859 [DEBUG] [auth_logger:303] get_assets_info(): Missing avatars: 0
2025-11-18 15:08:54,453 [DEBUG] [auth_logger:279] get_assets_info(): Assets sync request received
2025-11-18 15:08:54,454 [DEBUG] [auth_logger:283] get_assets_info(): Client hash: {'hash': '23c811a5e489f479791a0f8c71237ae7346c24a1510357fe947d7b77d6c30577'}
2025-11-18 15:08:54,517 [DEBUG] [auth_logger:292] get_assets_info(): Current assets hash: 23c811a5e489f479791a0f8c71237ae7346c24a1510357fe947d7b77d6c30577
2025-11-18 15:08:54,517 [DEBUG] [auth_logger:303] get_assets_info(): Missing avatars: 0
2025-11-18 15:17:31,086 [DEBUG] [auth_logger:279] get_assets_info(): Assets sync request received
2025-11-18 15:17:31,087 [DEBUG] [auth_logger:283] get_assets_info(): Client hash: {'hash': '23c811a5e489f479791a0f8c71237ae7346c24a1510357fe947d7b77d6c30577'}
2025-11-18 15:17:31,153 [DEBUG] [auth_logger:292] get_assets_info(): Current assets hash: 23c811a5e489f479791a0f8c71237ae7346c24a1510357fe947d7b77d6c30577
2025-11-18 15:17:31,155 [DEBUG] [auth_logger:303] get_assets_info(): Missing avatars: 0
2025-11-18 15:18:14,969 [DEBUG] [auth_logger:279] get_assets_info(): Assets sync request received
2025-11-18 15:18:14,970 [DEBUG] [auth_logger:283] get_assets_info(): Client hash: {'hash': '23c811a5e489f479791a0f8c71237ae7346c24a1510357fe947d7b77d6c30577'}
2025-11-18 15:18:15,032 [DEBUG] [auth_logger:292] get_assets_info(): Current assets hash: 23c811a5e489f479791a0f8c71237ae7346c24a1510357fe947d7b77d6c30577
2025-11-18 15:18:15,033 [DEBUG] [auth_logger:303] get_assets_info(): Missing avatars: 0
2025-11-18 15:20:50,675 [DEBUG] [auth_logger:279] get_assets_info(): Assets sync request received
2025-11-18 15:20:50,675 [DEBUG] [auth_logger:283] get_assets_info(): Client hash: {'hash': '23c811a5e489f479791a0f8c71237ae7346c24a1510357fe947d7b77d6c30577'}
2025-11-18 15:20:50,743 [DEBUG] [auth_logger:292] get_assets_info(): Current assets hash: 23c811a5e489f479791a0f8c71237ae7346c24a1510357fe947d7b77d6c30577
2025-11-18 15:20:50,744 [DEBUG] [auth_logger:303] get_assets_info(): Missing avatars: 0
2025-11-18 15:22:39,364 [DEBUG] [auth_logger:279] get_assets_info(): Assets sync request received
2025-11-18 15:22:39,365 [DEBUG] [auth_logger:283] get_assets_info(): Client hash: {'hash': '23c811a5e489f479791a0f8c71237ae7346c24a1510357fe947d7b77d6c30577'}
2025-11-18 15:22:39,434 [DEBUG] [auth_logger:292] get_assets_info(): Current assets hash: 23c811a5e489f479791a0f8c71237ae7346c24a1510357fe947d7b77d6c30577
2025-11-18 15:22:39,434 [DEBUG] [auth_logger:303] get_assets_info(): Missing avatars: 0
2025-11-18 15:23:07,560 [DEBUG] [auth_logger:279] get_assets_info(): Assets sync request received
2025-11-18 15:23:07,560 [DEBUG] [auth_logger:283] get_assets_info(): Client hash: {'hash': '23c811a5e489f479791a0f8c71237ae7346c24a1510357fe947d7b77d6c30577'}
2025-11-18 15:23:07,626 [DEBUG] [auth_logger:292] get_assets_info(): Current assets hash: 23c811a5e489f479791a0f8c71237ae7346c24a1510357fe947d7b77d6c30577
2025-11-18 15:23:07,626 [DEBUG] [auth_logger:303] get_assets_info(): Missing avatars: 0
2025-11-18 15:27:10,387 [DEBUG] [auth_logger:279] get_assets_info(): Assets sync request received
2025-11-18 15:27:10,387 [DEBUG] [auth_logger:283] get_assets_info(): Client hash: {'hash': '23c811a5e489f479791a0f8c71237ae7346c24a1510357fe947d7b77d6c30577'}
2025-11-18 15:27:10,452 [DEBUG] [auth_logger:292] get_assets_info(): Current assets hash: 23c811a5e489f479791a0f8c71237ae7346c24a1510357fe947d7b77d6c30577
2025-11-18 15:27:10,452 [DEBUG] [auth_logger:303] get_assets_info(): Missing avatars: 0
2025-11-18 15:27:22,650 [DEBUG] [auth_logger:279] get_assets_info(): Assets sync request received
2025-11-18 15:27:22,651 [DEBUG] [auth_logger:283] get_assets_info(): Client hash: {'hash': '23c811a5e489f479791a0f8c71237ae7346c24a1510357fe947d7b77d6c30577'}
2025-11-18 15:27:22,714 [DEBUG] [auth_logger:292] get_assets_info(): Current assets hash: 23c811a5e489f479791a0f8c71237ae7346c24a1510357fe947d7b77d6c30577
2025-11-18 15:27:22,715 [DEBUG] [auth_logger:303] get_assets_info(): Missing avatars: 0
2025-11-18 15:27:43,010 [DEBUG] [auth_logger:279] get_assets_info(): Assets sync request received
2025-11-18 15:27:43,010 [DEBUG] [auth_logger:283] get_assets_info(): Client hash: {'hash': '23c811a5e489f479791a0f8c71237ae7346c24a1510357fe947d7b77d6c30577'}
2025-11-18 15:27:43,074 [DEBUG] [auth_logger:292] get_assets_info(): Current assets hash: 23c811a5e489f479791a0f8c71237ae7346c24a1510357fe947d7b77d6c30577
2025-11-18 15:27:43,075 [DEBUG] [auth_logger:303] get_assets_info(): Missing avatars: 0
2025-11-18 15:43:46,846 [DEBUG] [auth_logger:279] get_assets_info(): Assets sync request received
2025-11-18 15:43:46,847 [DEBUG] [auth_logger:283] get_assets_info(): Client hash: {'hash': '23c811a5e489f479791a0f8c71237ae7346c24a1510357fe947d7b77d6c30577'}
2025-11-18 15:43:46,915 [DEBUG] [auth_logger:292] get_assets_info(): Current assets hash: 23c811a5e489f479791a0f8c71237ae7346c24a1510357fe947d7b77d6c30577
2025-11-18 15:43:46,917 [DEBUG] [auth_logger:303] get_assets_info(): Missing avatars: 0
2025-11-18 15:45:11,928 [DEBUG] [auth_logger:279] get_assets_info(): Assets sync request received
2025-11-18 15:45:11,929 [DEBUG] [auth_logger:283] get_assets_info(): Client hash: {'hash': '23c811a5e489f479791a0f8c71237ae7346c24a1510357fe947d7b77d6c30577'}
2025-11-18 15:45:12,001 [DEBUG] [auth_logger:292] get_assets_info(): Current assets hash: 23c811a5e489f479791a0f8c71237ae7346c24a1510357fe947d7b77d6c30577
2025-11-18 15:45:12,001 [DEBUG] [auth_logger:303] get_assets_info(): Missing avatars: 0
2025-11-18 16:01:25,939 [DEBUG] [auth_logger:279] get_assets_info(): Assets sync request received
2025-11-18 16:01:25,940 [DEBUG] [auth_logger:283] get_assets_info(): Client hash: {'hash': '23c811a5e489f479791a0f8c71237ae7346c24a1510357fe947d7b77d6c30577'}
2025-11-18 16:01:26,004 [DEBUG] [auth_logger:292] get_assets_info(): Current assets hash: 23c811a5e489f479791a0f8c71237ae7346c24a1510357fe947d7b77d6c30577
2025-11-18 16:01:26,004 [DEBUG] [auth_logger:303] get_assets_info(): Missing avatars: 0
2025-11-18 16:03:43,318 [DEBUG] [auth_logger:279] get_assets_info(): Assets sync request received
2025-11-18 16:03:43,319 [DEBUG] [auth_logger:283] get_assets_info(): Client hash: {'hash': '23c811a5e489f479791a0f8c71237ae7346c24a1510357fe947d7b77d6c30577'}
2025-11-18 16:03:43,392 [DEBUG] [auth_logger:292] get_assets_info(): Current assets hash: 23c811a5e489f479791a0f8c71237ae7346c24a1510357fe947d7b77d6c30577
2025-11-18 16:03:43,393 [DEBUG] [auth_logger:303] get_assets_info(): Missing avatars: 0
2025-11-18 16:22:26,308 [DEBUG] [auth_logger:279] get_assets_info(): Assets sync request received
2025-11-18 16:22:26,309 [DEBUG] [auth_logger:283] get_assets_info(): Client hash: {'hash': '23c811a5e489f479791a0f8c71237ae7346c24a1510357fe947d7b77d6c30577'}
2025-11-18 16:22:26,501 [DEBUG] [auth_logger:292] get_assets_info(): Current assets hash: 23c811a5e489f479791a0f8c71237ae7346c24a1510357fe947d7b77d6c30577
2025-11-18 16:22:26,502 [DEBUG] [auth_logger:303] get_assets_info(): Missing avatars: 0
2025-11-18 16:23:57,025 [DEBUG] [auth_logger:279] get_assets_info(): Assets sync request received
2025-11-18 16:23:57,025 [DEBUG] [auth_logger:283] get_assets_info(): Client hash: {'hash': '23c811a5e489f479791a0f8c71237ae7346c24a1510357fe947d7b77d6c30577'}
2025-11-18 16:23:57,223 [DEBUG] [auth_logger:292] get_assets_info(): Current assets hash: 23c811a5e489f479791a0f8c71237ae7346c24a1510357fe947d7b77d6c30577
2025-11-18 16:23:57,224 [DEBUG] [auth_logger:303] get_assets_info(): Missing avatars: 0
2025-11-18 16:33:36,718 [DEBUG] [auth_logger:279] get_assets_info(): Assets sync request received
2025-11-18 16:33:36,719 [DEBUG] [auth_logger:283] get_assets_info(): Client hash: {'hash': '23c811a5e489f479791a0f8c71237ae7346c24a1510357fe947d7b77d6c30577'}
2025-11-18 16:33:36,829 [DEBUG] [auth_logger:292] get_assets_info(): Current assets hash: 23c811a5e489f479791a0f8c71237ae7346c24a1510357fe947d7b77d6c30577
2025-11-18 16:33:36,830 [DEBUG] [auth_logger:303] get_assets_info(): Missing avatars: 0
2025-11-18 16:34:46,650 [DEBUG] [auth_logger:279] get_assets_info(): Assets sync request received
2025-11-18 16:34:46,650 [DEBUG] [auth_logger:283] get_assets_info(): Client hash: {'hash': '23c811a5e489f479791a0f8c71237ae7346c24a1510357fe947d7b77d6c30577'}
2025-11-18 16:34:46,714 [DEBUG] [auth_logger:292] get_assets_info(): Current assets hash: 23c811a5e489f479791a0f8c71237ae7346c24a1510357fe947d7b77d6c30577
2025-11-18 16:34:46,715 [DEBUG] [auth_logger:303] get_assets_info(): Missing avatars: 0
2025-11-19 08:58:55,635 [DEBUG] [auth_logger:279] get_assets_info(): Assets sync request received
2025-11-19 08:58:55,635 [DEBUG] [auth_logger:283] get_assets_info(): Client hash: {'hash': '23c811a5e489f479791a0f8c71237ae7346c24a1510357fe947d7b77d6c30577'}
2025-11-19 08:58:55,849 [DEBUG] [auth_logger:292] get_assets_info(): Current assets hash: 23c811a5e489f479791a0f8c71237ae7346c24a1510357fe947d7b77d6c30577
2025-11-19 08:58:55,853 [DEBUG] [auth_logger:303] get_assets_info(): Missing avatars: 0
2025-11-19 08:59:13,645 [DEBUG] [auth_logger:279] get_assets_info(): Assets sync request received
2025-11-19 08:59:13,646 [DEBUG] [auth_logger:283] get_assets_info(): Client hash: {'hash': '23c811a5e489f479791a0f8c71237ae7346c24a1510357fe947d7b77d6c30577'}
2025-11-19 08:59:13,713 [DEBUG] [auth_logger:292] get_assets_info(): Current assets hash: 23c811a5e489f479791a0f8c71237ae7346c24a1510357fe947d7b77d6c30577
2025-11-19 08:59:13,713 [DEBUG] [auth_logger:303] get_assets_info(): Missing avatars: 0
2025-11-19 09:00:27,525 [DEBUG] [auth_logger:279] get_assets_info(): Assets sync request received
2025-11-19 09:00:27,525 [DEBUG] [auth_logger:283] get_assets_info(): Client hash: {'hash': '23c811a5e489f479791a0f8c71237ae7346c24a1510357fe947d7b77d6c30577'}
2025-11-19 09:00:27,589 [DEBUG] [auth_logger:292] get_assets_info(): Current assets hash: 23c811a5e489f479791a0f8c71237ae7346c24a1510357fe947d7b77d6c30577
2025-11-19 09:00:27,590 [DEBUG] [auth_logger:303] get_assets_info(): Missing avatars: 0
2025-11-19 09:02:14,300 [DEBUG] [auth_logger:279] get_assets_info(): Assets sync request received
2025-11-19 09:02:14,300 [DEBUG] [auth_logger:283] get_assets_info(): Client hash: {'hash': '23c811a5e489f479791a0f8c71237ae7346c24a1510357fe947d7b77d6c30577'}
2025-11-19 09:02:14,365 [DEBUG] [auth_logger:292] get_assets_info(): Current assets hash: 23c811a5e489f479791a0f8c71237ae7346c24a1510357fe947d7b77d6c30577
2025-11-19 09:02:14,366 [DEBUG] [auth_logger:303] get_assets_info(): Missing avatars: 0
2025-11-19 11:12:57,283 [DEBUG] [auth_logger:279] get_assets_info(): Assets sync request received
2025-11-19 11:12:57,284 [DEBUG] [auth_logger:283] get_assets_info(): Client hash: {'hash': '23c811a5e489f479791a0f8c71237ae7346c24a1510357fe947d7b77d6c30577'}
2025-11-19 11:12:57,546 [DEBUG] [auth_logger:292] get_assets_info(): Current assets hash: 23c811a5e489f479791a0f8c71237ae7346c24a1510357fe947d7b77d6c30577
2025-11-19 11:12:57,551 [DEBUG] [auth_logger:303] get_assets_info(): Missing avatars: 0
2025-11-19 11:13:03,690 [DEBUG] [auth_logger:279] get_assets_info(): Assets sync request received
2025-11-19 11:13:03,690 [DEBUG] [auth_logger:283] get_assets_info(): Client hash: {'hash': '23c811a5e489f479791a0f8c71237ae7346c24a1510357fe947d7b77d6c30577'}
2025-11-19 11:13:03,760 [DEBUG] [auth_logger:292] get_assets_info(): Current assets hash: 23c811a5e489f479791a0f8c71237ae7346c24a1510357fe947d7b77d6c30577
2025-11-19 11:13:03,761 [DEBUG] [auth_logger:303] get_assets_info(): Missing avatars: 0
2025-11-19 13:14:36,751 [DEBUG] [auth_logger:279] get_assets_info(): Assets sync request received
2025-11-19 13:14:36,754 [DEBUG] [auth_logger:283] get_assets_info(): Client hash: {'hash': '23c811a5e489f479791a0f8c71237ae7346c24a1510357fe947d7b77d6c30577'}
2025-11-19 13:14:36,887 [DEBUG] [auth_logger:292] get_assets_info(): Current assets hash: 23c811a5e489f479791a0f8c71237ae7346c24a1510357fe947d7b77d6c30577
2025-11-19 13:14:36,900 [DEBUG] [auth_logger:303] get_assets_info(): Missing avatars: 0
2025-11-19 13:14:53,498 [DEBUG] [auth_logger:69] login_for_access_token(): Received login request: {'username': 'eedward.bayliss@pawtul.com', 'loginType': 'business'}
2025-11-19 13:14:53,585 [DEBUG] [auth_logger:73] login_for_access_token(): Queried business user: eedward.bayliss@pawtul.com, Found: False
2025-11-19 13:14:53,586 [WARNING] [auth_logger:76] login_for_access_token(): Login failed for user=eedward.bayliss@pawtul.com: user not found
2025-11-19 13:15:07,576 [DEBUG] [auth_logger:69] login_for_access_token(): Received login request: {'username': 'edward.bayliss@pawtul.com', 'loginType': 'business'}
2025-11-19 13:15:07,657 [DEBUG] [auth_logger:73] login_for_access_token(): Queried business user: edward.bayliss@pawtul.com, Found: True
2025-11-19 13:15:07,657 [DEBUG] [auth_logger:368] verify_password(): Verifying password
2025-11-19 13:15:07,681 [DEBUG] [auth_logger:379] verify_password(): Password verification result: True
2025-11-19 13:15:07,681 [DEBUG] [auth_logger:80] login_for_access_token(): Password validation result for user=edward.bayliss@pawtul.com: True
2025-11-19 13:15:07,829 [INFO] [auth_logger:93] login_for_access_token(): Business user 81e78254-85dc-464c-8aa4-455f9d9d47eb successfully logged in
2025-11-19 13:15:09,316 [DEBUG] [auth_logger:279] get_assets_info(): Assets sync request received
2025-11-19 13:15:09,316 [DEBUG] [auth_logger:283] get_assets_info(): Client hash: {'hash': '23c811a5e489f479791a0f8c71237ae7346c24a1510357fe947d7b77d6c30577'}
2025-11-19 13:15:09,388 [DEBUG] [auth_logger:292] get_assets_info(): Current assets hash: 23c811a5e489f479791a0f8c71237ae7346c24a1510357fe947d7b77d6c30577
2025-11-19 13:15:09,389 [DEBUG] [auth_logger:303] get_assets_info(): Missing avatars: 0
2025-11-19 13:28:09,727 [DEBUG] [auth_logger:279] get_assets_info(): Assets sync request received
2025-11-19 13:28:09,730 [DEBUG] [auth_logger:283] get_assets_info(): Client hash: {'hash': '23c811a5e489f479791a0f8c71237ae7346c24a1510357fe947d7b77d6c30577'}
2025-11-19 13:28:09,834 [DEBUG] [auth_logger:292] get_assets_info(): Current assets hash: 23c811a5e489f479791a0f8c71237ae7346c24a1510357fe947d7b77d6c30577
2025-11-19 13:28:09,838 [DEBUG] [auth_logger:303] get_assets_info(): Missing avatars: 0
2025-11-19 13:59:03,261 [DEBUG] [auth_logger:279] get_assets_info(): Assets sync request received
2025-11-19 13:59:03,263 [DEBUG] [auth_logger:283] get_assets_info(): Client hash: {'hash': '23c811a5e489f479791a0f8c71237ae7346c24a1510357fe947d7b77d6c30577'}
2025-11-19 13:59:03,352 [DEBUG] [auth_logger:292] get_assets_info(): Current assets hash: 23c811a5e489f479791a0f8c71237ae7346c24a1510357fe947d7b77d6c30577
2025-11-19 13:59:03,353 [DEBUG] [auth_logger:303] get_assets_info(): Missing avatars: 0
2025-11-19 14:22:12,080 [DEBUG] [auth_logger:279] get_assets_info(): Assets sync request received
2025-11-19 14:22:12,081 [DEBUG] [auth_logger:283] get_assets_info(): Client hash: {'hash': '23c811a5e489f479791a0f8c71237ae7346c24a1510357fe947d7b77d6c30577'}
2025-11-19 14:22:12,159 [DEBUG] [auth_logger:292] get_assets_info(): Current assets hash: 23c811a5e489f479791a0f8c71237ae7346c24a1510357fe947d7b77d6c30577
2025-11-19 14:22:12,159 [DEBUG] [auth_logger:303] get_assets_info(): Missing avatars: 0
2025-11-19 14:23:31,766 [DEBUG] [auth_logger:279] get_assets_info(): Assets sync request received
2025-11-19 14:23:31,767 [DEBUG] [auth_logger:283] get_assets_info(): Client hash: {'hash': '23c811a5e489f479791a0f8c71237ae7346c24a1510357fe947d7b77d6c30577'}
2025-11-19 14:23:31,842 [DEBUG] [auth_logger:292] get_assets_info(): Current assets hash: 23c811a5e489f479791a0f8c71237ae7346c24a1510357fe947d7b77d6c30577
2025-11-19 14:23:31,843 [DEBUG] [auth_logger:303] get_assets_info(): Missing avatars: 0
2025-11-19 14:24:24,328 [DEBUG] [auth_logger:279] get_assets_info(): Assets sync request received
2025-11-19 14:24:24,329 [DEBUG] [auth_logger:283] get_assets_info(): Client hash: {'hash': '23c811a5e489f479791a0f8c71237ae7346c24a1510357fe947d7b77d6c30577'}
2025-11-19 14:24:24,401 [DEBUG] [auth_logger:292] get_assets_info(): Current assets hash: 23c811a5e489f479791a0f8c71237ae7346c24a1510357fe947d7b77d6c30577
2025-11-19 14:24:24,401 [DEBUG] [auth_logger:303] get_assets_info(): Missing avatars: 0
2025-11-19 14:26:54,250 [DEBUG] [auth_logger:279] get_assets_info(): Assets sync request received
2025-11-19 14:26:54,251 [DEBUG] [auth_logger:283] get_assets_info(): Client hash: {'hash': '23c811a5e489f479791a0f8c71237ae7346c24a1510357fe947d7b77d6c30577'}
2025-11-19 14:26:54,324 [DEBUG] [auth_logger:292] get_assets_info(): Current assets hash: 23c811a5e489f479791a0f8c71237ae7346c24a1510357fe947d7b77d6c30577
2025-11-19 14:26:54,324 [DEBUG] [auth_logger:303] get_assets_info(): Missing avatars: 0
2025-11-19 14:40:23,517 [DEBUG] [auth_logger:279] get_assets_info(): Assets sync request received
2025-11-19 14:40:23,518 [DEBUG] [auth_logger:283] get_assets_info(): Client hash: {'hash': '23c811a5e489f479791a0f8c71237ae7346c24a1510357fe947d7b77d6c30577'}
2025-11-19 14:40:23,784 [DEBUG] [auth_logger:292] get_assets_info(): Current assets hash: 23c811a5e489f479791a0f8c71237ae7346c24a1510357fe947d7b77d6c30577
2025-11-19 14:40:23,786 [DEBUG] [auth_logger:303] get_assets_info(): Missing avatars: 0
2025-11-19 14:40:35,120 [DEBUG] [auth_logger:279] get_assets_info(): Assets sync request received
2025-11-19 14:40:35,120 [DEBUG] [auth_logger:283] get_assets_info(): Client hash: {'hash': '23c811a5e489f479791a0f8c71237ae7346c24a1510357fe947d7b77d6c30577'}
2025-11-19 14:40:35,196 [DEBUG] [auth_logger:292] get_assets_info(): Current assets hash: 23c811a5e489f479791a0f8c71237ae7346c24a1510357fe947d7b77d6c30577
2025-11-19 14:40:35,197 [DEBUG] [auth_logger:303] get_assets_info(): Missing avatars: 0
2025-11-19 15:09:52,643 [DEBUG] [auth_logger:279] get_assets_info(): Assets sync request received
2025-11-19 15:09:52,644 [DEBUG] [auth_logger:283] get_assets_info(): Client hash: {'hash': '23c811a5e489f479791a0f8c71237ae7346c24a1510357fe947d7b77d6c30577'}
2025-11-19 15:09:52,720 [DEBUG] [auth_logger:292] get_assets_info(): Current assets hash: 23c811a5e489f479791a0f8c71237ae7346c24a1510357fe947d7b77d6c30577
2025-11-19 15:09:52,720 [DEBUG] [auth_logger:303] get_assets_info(): Missing avatars: 0
2025-11-20 10:16:33,510 [DEBUG] [auth_logger:69] login_for_access_token(): Received login request: {'username': 'edward.bayliss@pawtul.com', 'loginType': 'business'}
2025-11-20 10:16:33,578 [DEBUG] [auth_logger:73] login_for_access_token(): Queried business user: edward.bayliss@pawtul.com, Found: True
2025-11-20 10:16:33,579 [DEBUG] [auth_logger:368] verify_password(): Verifying password
2025-11-20 10:16:33,603 [DEBUG] [auth_logger:379] verify_password(): Password verification result: True
2025-11-20 10:16:33,603 [DEBUG] [auth_logger:80] login_for_access_token(): Password validation result for user=edward.bayliss@pawtul.com: True
2025-11-20 10:16:33,753 [INFO] [auth_logger:93] login_for_access_token(): Business user 81e78254-85dc-464c-8aa4-455f9d9d47eb successfully logged in
2025-11-20 10:16:35,776 [DEBUG] [auth_logger:279] get_assets_info(): Assets sync request received
2025-11-20 10:16:35,776 [DEBUG] [auth_logger:283] get_assets_info(): Client hash: {'hash': None}
2025-11-20 10:16:35,848 [DEBUG] [auth_logger:292] get_assets_info(): Current assets hash: 23c811a5e489f479791a0f8c71237ae7346c24a1510357fe947d7b77d6c30577
2025-11-20 10:16:35,849 [DEBUG] [auth_logger:303] get_assets_info(): Missing avatars: 100
2025-11-20 10:16:35,849 [DEBUG] [auth_logger:264] download_avatar(): Downloading avatar: https://pawtul.com/static/images/pet_avatars/turtle.png
2025-11-20 10:16:35,850 [DEBUG] [auth_logger:264] download_avatar(): Downloading avatar: https://pawtul.com/static/images/pet_avatars/jackapoo.png
2025-11-20 10:16:35,850 [DEBUG] [auth_logger:264] download_avatar(): Downloading avatar: https://pawtul.com/static/images/pet_avatars/chow_chow.png
2025-11-20 10:16:35,850 [DEBUG] [auth_logger:264] download_avatar(): Downloading avatar: https://pawtul.com/static/images/pet_avatars/mongrel_2.png
2025-11-20 10:16:35,850 [DEBUG] [auth_logger:264] download_avatar(): Downloading avatar: https://pawtul.com/static/images/pet_avatars/cocker_spaniel_all_black.png
2025-11-20 10:16:35,850 [DEBUG] [auth_logger:264] download_avatar(): Downloading avatar: https://pawtul.com/static/images/pet_avatars/dachshund_blue.png
2025-11-20 10:16:35,850 [DEBUG] [auth_logger:264] download_avatar(): Downloading avatar: https://pawtul.com/static/images/pet_avatars/border_collie_tri.png
2025-11-20 10:16:35,850 [DEBUG] [auth_logger:264] download_avatar(): Downloading avatar: https://pawtul.com/static/images/pet_avatars/labrador_brown.png
2025-11-20 10:16:35,851 [DEBUG] [auth_logger:264] download_avatar(): Downloading avatar: https://pawtul.com/static/images/pet_avatars/hamster-3.png
2025-11-20 10:16:35,851 [DEBUG] [auth_logger:264] download_avatar(): Downloading avatar: https://pawtul.com/static/images/pet_avatars/german_shorthaired_pointer.png
2025-11-20 10:16:35,851 [DEBUG] [auth_logger:264] download_avatar(): Downloading avatar: https://pawtul.com/static/images/pet_avatars/international_rabbit.png
2025-11-20 10:16:35,851 [DEBUG] [auth_logger:264] download_avatar(): Downloading avatar: https://pawtul.com/static/images/pet_avatars/labrador_brown.png
2025-11-20 10:16:35,851 [DEBUG] [auth_logger:264] download_avatar(): Downloading avatar: https://pawtul.com/static/images/pet_avatars/european_rabbit.png
2025-11-20 10:16:35,851 [DEBUG] [auth_logger:264] download_avatar(): Downloading avatar: https://pawtul.com/static/images/pet_avatars/st_bernard.png
2025-11-20 10:16:35,851 [DEBUG] [auth_logger:264] download_avatar(): Downloading avatar: https://pawtul.com/static/images/pet_avatars/horse_6.png
2025-11-20 10:16:35,851 [DEBUG] [auth_logger:264] download_avatar(): Downloading avatar: https://pawtul.com/static/images/pet_avatars/westie_2.png
2025-11-20 10:16:35,851 [DEBUG] [auth_logger:264] download_avatar(): Downloading avatar: https://pawtul.com/static/images/pet_avatars/mongrel.png
2025-11-20 10:16:35,851 [DEBUG] [auth_logger:264] download_avatar(): Downloading avatar: https://pawtul.com/static/images/pet_avatars/vizsla.png
2025-11-20 10:16:35,851 [DEBUG] [auth_logger:264] download_avatar(): Downloading avatar: https://pawtul.com/static/images/pet_avatars/spanish_water_dog.png
2025-11-20 10:16:35,851 [DEBUG] [auth_logger:264] download_avatar(): Downloading avatar: https://pawtul.com/static/images/pet_avatars/king_charles.png
2025-11-20 10:16:35,851 [DEBUG] [auth_logger:264] download_avatar(): Downloading avatar: https://pawtul.com/static/images/pet_avatars/jack_russell.png
2025-11-20 10:16:35,852 [DEBUG] [auth_logger:264] download_avatar(): Downloading avatar: https://pawtul.com/static/images/pet_avatars/cockapoo.png
2025-11-20 10:16:35,852 [DEBUG] [auth_logger:264] download_avatar(): Downloading avatar: https://pawtul.com/static/images/pet_avatars/cocker_spaniel_black.png
2025-11-20 10:16:35,852 [DEBUG] [auth_logger:264] download_avatar(): Downloading avatar: https://pawtul.com/static/images/pet_avatars/patterdale-terrier.png
2025-11-20 10:16:35,852 [DEBUG] [auth_logger:264] download_avatar(): Downloading avatar: https://pawtul.com/static/images/pet_avatars/cocker_spaniel_brown.png
2025-11-20 10:16:35,852 [DEBUG] [auth_logger:264] download_avatar(): Downloading avatar: https://pawtul.com/static/images/pet_avatars/cockapoo_brown.png
2025-11-20 10:16:35,852 [DEBUG] [auth_logger:264] download_avatar(): Downloading avatar: https://pawtul.com/static/images/pet_avatars/hamster-1.png
2025-11-20 10:16:35,852 [DEBUG] [auth_logger:264] download_avatar(): Downloading avatar: https://pawtul.com/static/images/pet_avatars/dachshund.png
2025-11-20 10:16:35,852 [DEBUG] [auth_logger:264] download_avatar(): Downloading avatar: https://pawtul.com/static/images/pet_avatars/cat_06.png
2025-11-20 10:16:35,852 [DEBUG] [auth_logger:264] download_avatar(): Downloading avatar: https://pawtul.com/static/images/pet_avatars/cockapoo.png
2025-11-20 10:16:35,852 [DEBUG] [auth_logger:264] download_avatar(): Downloading avatar: https://pawtul.com/static/images/pet_avatars/rhodesian_ridgeback.png
2025-11-20 10:16:35,852 [DEBUG] [auth_logger:264] download_avatar(): Downloading avatar: https://pawtul.com/static/images/pet_avatars/springer_spaniel.png
2025-11-20 10:16:35,852 [DEBUG] [auth_logger:264] download_avatar(): Downloading avatar: https://pawtul.com/static/images/pet_avatars/basset_hound.png
2025-11-20 10:16:35,853 [DEBUG] [auth_logger:264] download_avatar(): Downloading avatar: https://pawtul.com/static/images/pet_avatars/arab.png
2025-11-20 10:16:35,853 [DEBUG] [auth_logger:264] download_avatar(): Downloading avatar: https://pawtul.com/static/images/pet_avatars/cockapoo.png
2025-11-20 10:16:35,853 [DEBUG] [auth_logger:264] download_avatar(): Downloading avatar: https://pawtul.com/static/images/pet_avatars/golden_retriever.png
2025-11-20 10:16:35,853 [DEBUG] [auth_logger:264] download_avatar(): Downloading avatar: https://pawtul.com/static/images/pet_avatars/hamster-2.png
2025-11-20 10:16:35,853 [DEBUG] [auth_logger:264] download_avatar(): Downloading avatar: https://pawtul.com/static/images/pet_avatars/italian_spinone.png
2025-11-20 10:16:35,853 [DEBUG] [auth_logger:264] download_avatar(): Downloading avatar: https://pawtul.com/static/images/pet_avatars/cat_07.png
2025-11-20 10:16:35,853 [DEBUG] [auth_logger:264] download_avatar(): Downloading avatar: https://pawtul.com/static/images/pet_avatars/border_terrier.png
2025-11-20 10:16:35,853 [DEBUG] [auth_logger:264] download_avatar(): Downloading avatar: https://pawtul.com/static/images/pet_avatars/border_collie.png
2025-11-20 10:16:35,853 [DEBUG] [auth_logger:264] download_avatar(): Downloading avatar: https://pawtul.com/static/images/pet_avatars/dalmatian.png
2025-11-20 10:16:35,853 [DEBUG] [auth_logger:264] download_avatar(): Downloading avatar: https://pawtul.com/static/images/pet_avatars/golden_cocker.png
2025-11-20 10:16:35,853 [DEBUG] [auth_logger:264] download_avatar(): Downloading avatar: https://pawtul.com/static/images/pet_avatars/pony.png
2025-11-20 10:16:35,854 [DEBUG] [auth_logger:264] download_avatar(): Downloading avatar: https://pawtul.com/static/images/pet_avatars/griffons_bruxellois.png
2025-11-20 10:16:35,854 [DEBUG] [auth_logger:264] download_avatar(): Downloading avatar: https://pawtul.com/static/images/pet_avatars/miniature_schnauzer.png
2025-11-20 10:16:35,854 [DEBUG] [auth_logger:264] download_avatar(): Downloading avatar: https://pawtul.com/static/images/pet_avatars/cat_08.png
2025-11-20 10:16:35,854 [DEBUG] [auth_logger:264] download_avatar(): Downloading avatar: https://pawtul.com/static/images/pet_avatars/cockapoo.png
2025-11-20 10:16:35,854 [DEBUG] [auth_logger:264] download_avatar(): Downloading avatar: https://pawtul.com/static/images/pet_avatars/beagle.png
2025-11-20 10:16:35,854 [DEBUG] [auth_logger:264] download_avatar(): Downloading avatar: https://pawtul.com/static/images/pet_avatars/mountain_dog.png
2025-11-20 10:16:35,854 [DEBUG] [auth_logger:264] download_avatar(): Downloading avatar: https://pawtul.com/static/images/pet_avatars/english_bull_terrier.png
2025-11-20 10:16:35,854 [DEBUG] [auth_logger:264] download_avatar(): Downloading avatar: https://pawtul.com/static/images/pet_avatars/hamster-4.png
2025-11-20 10:16:35,854 [DEBUG] [auth_logger:264] download_avatar(): Downloading avatar: https://pawtul.com/static/images/pet_avatars/newfoundland.png
2025-11-20 10:16:35,854 [DEBUG] [auth_logger:264] download_avatar(): Downloading avatar: https://pawtul.com/static/images/pet_avatars/german_shepherd_black.png
2025-11-20 10:16:35,854 [DEBUG] [auth_logger:264] download_avatar(): Downloading avatar: https://pawtul.com/static/images/pet_avatars/german_shepherd.png
2025-11-20 10:16:35,854 [DEBUG] [auth_logger:264] download_avatar(): Downloading avatar: https://pawtul.com/static/images/pet_avatars/border_collie_brown.png
2025-11-20 10:16:35,854 [DEBUG] [auth_logger:264] download_avatar(): Downloading avatar: https://pawtul.com/static/images/pet_avatars/dutch_rabbit.png
2025-11-20 10:16:35,854 [DEBUG] [auth_logger:264] download_avatar(): Downloading avatar: https://pawtul.com/static/images/pet_avatars/wirehaired_pointer.png
2025-11-20 10:16:35,854 [DEBUG] [auth_logger:264] download_avatar(): Downloading avatar: https://pawtul.com/static/images/pet_avatars/border_collie_merle.png
2025-11-20 10:16:35,855 [DEBUG] [auth_logger:264] download_avatar(): Downloading avatar: https://pawtul.com/static/images/pet_avatars/tollie.png
2025-11-20 10:16:35,855 [DEBUG] [auth_logger:264] download_avatar(): Downloading avatar: https://pawtul.com/static/images/pet_avatars/cocker_spaniel_golden.png
2025-11-20 10:16:35,855 [DEBUG] [auth_logger:264] download_avatar(): Downloading avatar: https://pawtul.com/static/images/pet_avatars/pomeranian.png
2025-11-20 10:16:35,855 [DEBUG] [auth_logger:264] download_avatar(): Downloading avatar: https://pawtul.com/static/images/pet_avatars/maltese.png
2025-11-20 10:16:35,855 [DEBUG] [auth_logger:264] download_avatar(): Downloading avatar: https://pawtul.com/static/images/pet_avatars/chicken.png
2025-11-20 10:16:35,855 [DEBUG] [auth_logger:264] download_avatar(): Downloading avatar: https://pawtul.com/static/images/pet_avatars/cocker_spaniel_black.png
2025-11-20 10:16:35,855 [DEBUG] [auth_logger:264] download_avatar(): Downloading avatar: https://pawtul.com/static/images/pet_avatars/labrador_black.png
2025-11-20 10:16:35,855 [DEBUG] [auth_logger:264] download_avatar(): Downloading avatar: https://pawtul.com/static/images/pet_avatars/weimaraner.png
2025-11-20 10:16:35,855 [DEBUG] [auth_logger:264] download_avatar(): Downloading avatar: https://pawtul.com/static/images/pet_avatars/bedlington.png
2025-11-20 10:16:35,855 [DEBUG] [auth_logger:264] download_avatar(): Downloading avatar: https://pawtul.com/static/images/pet_avatars/shar_pei.png
2025-11-20 10:16:35,855 [DEBUG] [auth_logger:264] download_avatar(): Downloading avatar: https://pawtul.com/static/images/pet_avatars/staffy_black.png
2025-11-20 10:16:35,855 [DEBUG] [auth_logger:264] download_avatar(): Downloading avatar: https://pawtul.com/static/images/pet_avatars/giant_schnauzer.png
2025-11-20 10:16:35,855 [DEBUG] [auth_logger:264] download_avatar(): Downloading avatar: https://pawtul.com/static/images/pet_avatars/goldendoodle.png
2025-11-20 10:16:35,858 [DEBUG] [auth_logger:264] download_avatar(): Downloading avatar: https://pawtul.com/static/images/pet_avatars/cat_05.png
2025-11-20 10:16:35,858 [DEBUG] [auth_logger:264] download_avatar(): Downloading avatar: https://pawtul.com/static/images/pet_avatars/german_shepherd_female.png
2025-11-20 10:16:35,858 [DEBUG] [auth_logger:264] download_avatar(): Downloading avatar: https://pawtul.com/static/images/pet_avatars/mandel_rabbit.png
2025-11-20 10:16:35,858 [DEBUG] [auth_logger:264] download_avatar(): Downloading avatar: https://pawtul.com/static/images/pet_avatars/bulldog.png
2025-11-20 10:16:35,858 [DEBUG] [auth_logger:264] download_avatar(): Downloading avatar: https://pawtul.com/static/images/pet_avatars/cat_01.png
2025-11-20 10:16:35,858 [DEBUG] [auth_logger:264] download_avatar(): Downloading avatar: https://pawtul.com/static/images/pet_avatars/tiny_poo.png
2025-11-20 10:16:35,858 [DEBUG] [auth_logger:264] download_avatar(): Downloading avatar: https://pawtul.com/static/images/pet_avatars/bichon_frise.png
2025-11-20 10:16:35,858 [DEBUG] [auth_logger:264] download_avatar(): Downloading avatar: https://pawtul.com/static/images/pet_avatars/doberman.png
2025-11-20 10:16:35,858 [DEBUG] [auth_logger:264] download_avatar(): Downloading avatar: https://pawtul.com/static/images/pet_avatars/akita.png
2025-11-20 10:16:35,858 [DEBUG] [auth_logger:264] download_avatar(): Downloading avatar: https://pawtul.com/static/images/pet_avatars/yorkshire_terrier.png
2025-11-20 10:16:35,858 [DEBUG] [auth_logger:264] download_avatar(): Downloading avatar: https://pawtul.com/static/images/pet_avatars/westie.png
2025-11-20 10:16:35,859 [DEBUG] [auth_logger:264] download_avatar(): Downloading avatar: https://pawtul.com/static/images/pet_avatars/husky_white.png
2025-11-20 10:16:35,859 [DEBUG] [auth_logger:264] download_avatar(): Downloading avatar: https://pawtul.com/static/images/pet_avatars/lizard.png
2025-11-20 10:16:35,859 [DEBUG] [auth_logger:264] download_avatar(): Downloading avatar: https://pawtul.com/static/images/pet_avatars/chiwawa.png
2025-11-20 10:16:35,859 [DEBUG] [auth_logger:264] download_avatar(): Downloading avatar: https://pawtul.com/static/images/pet_avatars/black_shire.png
2025-11-20 10:16:35,859 [DEBUG] [auth_logger:264] download_avatar(): Downloading avatar: https://pawtul.com/static/images/pet_avatars/border_collie_2.png
2025-11-20 10:16:35,859 [DEBUG] [auth_logger:264] download_avatar(): Downloading avatar: https://pawtul.com/static/images/pet_avatars/farm_rabbitscaler.png
2025-11-20 10:16:35,859 [DEBUG] [auth_logger:264] download_avatar(): Downloading avatar: https://pawtul.com/static/images/pet_avatars/boxer.png
2025-11-20 10:16:35,859 [DEBUG] [auth_logger:264] download_avatar(): Downloading avatar: https://pawtul.com/static/images/pet_avatars/doberman.png
2025-11-20 10:16:35,859 [DEBUG] [auth_logger:264] download_avatar(): Downloading avatar: https://pawtul.com/static/images/pet_avatars/cocker_spaniel_liver.png
2025-11-20 10:16:35,859 [DEBUG] [auth_logger:264] download_avatar(): Downloading avatar: https://pawtul.com/static/images/pet_avatars/bernedoodle.png
2025-11-20 10:16:35,859 [DEBUG] [auth_logger:264] download_avatar(): Downloading avatar: https://pawtul.com/static/images/pet_avatars/bernedoodle.png
2025-11-20 10:16:35,859 [DEBUG] [auth_logger:264] download_avatar(): Downloading avatar: https://pawtul.com/static/images/pet_avatars/cat_10.png
2025-11-20 10:16:35,859 [DEBUG] [auth_logger:264] download_avatar(): Downloading avatar: https://pawtul.com/static/images/pet_avatars/cat_03.png
2025-11-20 10:16:35,859 [DEBUG] [auth_logger:264] download_avatar(): Downloading avatar: https://pawtul.com/static/images/pet_avatars/cocker_spaniel_liver.png
2025-11-20 10:16:35,859 [DEBUG] [auth_logger:264] download_avatar(): Downloading avatar: https://pawtul.com/static/images/pet_avatars/pug_black.png
2025-11-20 10:16:35,859 [DEBUG] [auth_logger:264] download_avatar(): Downloading avatar: https://pawtul.com/static/images/pet_avatars/bully.png
2025-11-20 10:16:35,859 [DEBUG] [auth_logger:264] download_avatar(): Downloading avatar: https://pawtul.com/static/images/pet_avatars/cane_corso.png
2025-11-20 10:16:37,651 [INFO] [auth_logger:270] download_avatar(): Avatar saved: cocker_spaniel_brown.png
2025-11-20 10:16:37,651 [INFO] [auth_logger:270] download_avatar(): Avatar saved: jack_russell.png
2025-11-20 10:16:37,652 [INFO] [auth_logger:270] download_avatar(): Avatar saved: akita.png
2025-11-20 10:16:37,652 [INFO] [auth_logger:270] download_avatar(): Avatar saved: husky_white.png
2025-11-20 10:16:37,653 [INFO] [auth_logger:270] download_avatar(): Avatar saved: jackapoo.png
2025-11-20 10:16:37,653 [INFO] [auth_logger:270] download_avatar(): Avatar saved: shar_pei.png
2025-11-20 10:16:37,653 [INFO] [auth_logger:270] download_avatar(): Avatar saved: cocker_spaniel_liver.png
2025-11-20 10:16:37,654 [INFO] [auth_logger:270] download_avatar(): Avatar saved: arab.png
2025-11-20 10:16:37,654 [INFO] [auth_logger:270] download_avatar(): Avatar saved: dachshund_blue.png
2025-11-20 10:16:37,654 [INFO] [auth_logger:270] download_avatar(): Avatar saved: weimaraner.png
2025-11-20 10:16:37,655 [INFO] [auth_logger:270] download_avatar(): Avatar saved: newfoundland.png
2025-11-20 10:16:37,655 [INFO] [auth_logger:270] download_avatar(): Avatar saved: mongrel.png
2025-11-20 10:16:37,655 [INFO] [auth_logger:270] download_avatar(): Avatar saved: labrador_black.png
2025-11-20 10:16:37,656 [INFO] [auth_logger:270] download_avatar(): Avatar saved: giant_schnauzer.png
2025-11-20 10:16:37,656 [INFO] [auth_logger:270] download_avatar(): Avatar saved: border_terrier.png
2025-11-20 10:16:37,656 [INFO] [auth_logger:270] download_avatar(): Avatar saved: border_collie.png
2025-11-20 10:16:37,657 [INFO] [auth_logger:270] download_avatar(): Avatar saved: border_collie_merle.png
2025-11-20 10:16:37,657 [INFO] [auth_logger:270] download_avatar(): Avatar saved: horse_6.png
2025-11-20 10:16:37,657 [INFO] [auth_logger:270] download_avatar(): Avatar saved: cat_10.png
2025-11-20 10:16:37,657 [INFO] [auth_logger:270] download_avatar(): Avatar saved: pug_black.png
2025-11-20 10:16:37,658 [INFO] [auth_logger:270] download_avatar(): Avatar saved: vizsla.png
2025-11-20 10:16:37,658 [INFO] [auth_logger:270] download_avatar(): Avatar saved: lizard.png
2025-11-20 10:16:37,658 [INFO] [auth_logger:270] download_avatar(): Avatar saved: beagle.png
2025-11-20 10:16:37,658 [INFO] [auth_logger:270] download_avatar(): Avatar saved: cocker_spaniel_black.png
2025-11-20 10:16:37,658 [INFO] [auth_logger:270] download_avatar(): Avatar saved: cocker_spaniel_black.png
2025-11-20 10:16:37,659 [INFO] [auth_logger:270] download_avatar(): Avatar saved: dalmatian.png
2025-11-20 10:16:37,659 [INFO] [auth_logger:270] download_avatar(): Avatar saved: cocker_spaniel_golden.png
2025-11-20 10:16:37,659 [INFO] [auth_logger:270] download_avatar(): Avatar saved: cockapoo.png
2025-11-20 10:16:37,659 [INFO] [auth_logger:270] download_avatar(): Avatar saved: mongrel_2.png
2025-11-20 10:16:37,660 [INFO] [auth_logger:270] download_avatar(): Avatar saved: rhodesian_ridgeback.png
2025-11-20 10:16:37,660 [INFO] [auth_logger:270] download_avatar(): Avatar saved: basset_hound.png
2025-11-20 10:16:37,660 [INFO] [auth_logger:270] download_avatar(): Avatar saved: farm_rabbitscaler.png
2025-11-20 10:16:37,661 [INFO] [auth_logger:270] download_avatar(): Avatar saved: border_collie_2.png
2025-11-20 10:16:37,662 [INFO] [auth_logger:270] download_avatar(): Avatar saved: german_shepherd_black.png
2025-11-20 10:16:37,662 [INFO] [auth_logger:270] download_avatar(): Avatar saved: english_bull_terrier.png
2025-11-20 10:16:37,662 [INFO] [auth_logger:270] download_avatar(): Avatar saved: dutch_rabbit.png
2025-11-20 10:16:37,663 [INFO] [auth_logger:270] download_avatar(): Avatar saved: st_bernard.png
2025-11-20 10:16:37,663 [INFO] [auth_logger:270] download_avatar(): Avatar saved: maltese.png
2025-11-20 10:16:37,663 [INFO] [auth_logger:270] download_avatar(): Avatar saved: international_rabbit.png
2025-11-20 10:16:37,664 [INFO] [auth_logger:270] download_avatar(): Avatar saved: king_charles.png
2025-11-20 10:16:37,665 [INFO] [auth_logger:270] download_avatar(): Avatar saved: bulldog.png
2025-11-20 10:16:37,667 [INFO] [auth_logger:270] download_avatar(): Avatar saved: patterdale-terrier.png
2025-11-20 10:16:37,668 [INFO] [auth_logger:270] download_avatar(): Avatar saved: labrador_brown.png
2025-11-20 10:16:37,668 [INFO] [auth_logger:270] download_avatar(): Avatar saved: bichon_frise.png
2025-11-20 10:16:37,669 [INFO] [auth_logger:270] download_avatar(): Avatar saved: staffy_black.png
2025-11-20 10:16:37,669 [INFO] [auth_logger:270] download_avatar(): Avatar saved: doberman.png
2025-11-20 10:16:37,669 [INFO] [auth_logger:270] download_avatar(): Avatar saved: mandel_rabbit.png
2025-11-20 10:16:37,670 [INFO] [auth_logger:270] download_avatar(): Avatar saved: cocker_spaniel_all_black.png
2025-11-20 10:16:37,671 [INFO] [auth_logger:270] download_avatar(): Avatar saved: doberman.png
2025-11-20 10:16:37,672 [INFO] [auth_logger:270] download_avatar(): Avatar saved: italian_spinone.png
2025-11-20 10:16:37,672 [INFO] [auth_logger:270] download_avatar(): Avatar saved: german_shepherd_female.png
2025-11-20 10:16:37,672 [INFO] [auth_logger:270] download_avatar(): Avatar saved: golden_cocker.png
2025-11-20 10:16:37,672 [INFO] [auth_logger:270] download_avatar(): Avatar saved: wirehaired_pointer.png
2025-11-20 10:16:37,673 [INFO] [auth_logger:270] download_avatar(): Avatar saved: cockapoo.png
2025-11-20 10:16:37,673 [INFO] [auth_logger:270] download_avatar(): Avatar saved: griffons_bruxellois.png
2025-11-20 10:16:38,121 [INFO] [auth_logger:270] download_avatar(): Avatar saved: miniature_schnauzer.png
2025-11-20 10:16:38,122 [INFO] [auth_logger:270] download_avatar(): Avatar saved: golden_retriever.png
2025-11-20 10:16:38,122 [INFO] [auth_logger:270] download_avatar(): Avatar saved: westie.png
2025-11-20 10:16:38,122 [INFO] [auth_logger:270] download_avatar(): Avatar saved: tiny_poo.png
2025-11-20 10:16:38,122 [INFO] [auth_logger:270] download_avatar(): Avatar saved: pomeranian.png
2025-11-20 10:16:38,122 [INFO] [auth_logger:270] download_avatar(): Avatar saved: european_rabbit.png
2025-11-20 10:16:38,122 [INFO] [auth_logger:270] download_avatar(): Avatar saved: turtle.png
2025-11-20 10:16:38,123 [INFO] [auth_logger:270] download_avatar(): Avatar saved: spanish_water_dog.png
2025-11-20 10:16:38,123 [INFO] [auth_logger:270] download_avatar(): Avatar saved: chicken.png
2025-11-20 10:16:38,123 [INFO] [auth_logger:270] download_avatar(): Avatar saved: tollie.png
2025-11-20 10:16:38,123 [INFO] [auth_logger:270] download_avatar(): Avatar saved: german_shorthaired_pointer.png
2025-11-20 10:16:38,124 [INFO] [auth_logger:270] download_avatar(): Avatar saved: cat_08.png
2025-11-20 10:16:38,124 [INFO] [auth_logger:270] download_avatar(): Avatar saved: cockapoo_brown.png
2025-11-20 10:16:38,124 [INFO] [auth_logger:270] download_avatar(): Avatar saved: dachshund.png
2025-11-20 10:16:38,127 [INFO] [auth_logger:270] download_avatar(): Avatar saved: chiwawa.png
2025-11-20 10:16:38,128 [INFO] [auth_logger:270] download_avatar(): Avatar saved: black_shire.png
2025-11-20 10:16:38,129 [INFO] [auth_logger:270] download_avatar(): Avatar saved: cocker_spaniel_liver.png
2025-11-20 10:16:38,130 [INFO] [auth_logger:270] download_avatar(): Avatar saved: hamster-2.png
2025-11-20 10:16:38,130 [INFO] [auth_logger:270] download_avatar(): Avatar saved: bully.png
2025-11-20 10:16:38,131 [INFO] [auth_logger:270] download_avatar(): Avatar saved: labrador_brown.png
2025-11-20 10:16:38,131 [INFO] [auth_logger:270] download_avatar(): Avatar saved: bedlington.png
2025-11-20 10:16:38,131 [INFO] [auth_logger:270] download_avatar(): Avatar saved: german_shepherd.png
2025-11-20 10:16:38,131 [INFO] [auth_logger:270] download_avatar(): Avatar saved: yorkshire_terrier.png
2025-11-20 10:16:38,132 [INFO] [auth_logger:270] download_avatar(): Avatar saved: pony.png
2025-11-20 10:16:38,132 [INFO] [auth_logger:270] download_avatar(): Avatar saved: hamster-1.png
2025-11-20 10:16:38,132 [INFO] [auth_logger:270] download_avatar(): Avatar saved: westie_2.png
2025-11-20 10:16:38,133 [INFO] [auth_logger:270] download_avatar(): Avatar saved: mountain_dog.png
2025-11-20 10:16:38,133 [INFO] [auth_logger:270] download_avatar(): Avatar saved: goldendoodle.png
2025-11-20 10:16:38,133 [INFO] [auth_logger:270] download_avatar(): Avatar saved: hamster-4.png
2025-11-20 10:16:38,133 [INFO] [auth_logger:270] download_avatar(): Avatar saved: border_collie_brown.png
2025-11-20 10:16:38,133 [INFO] [auth_logger:270] download_avatar(): Avatar saved: chow_chow.png
2025-11-20 10:16:38,134 [INFO] [auth_logger:270] download_avatar(): Avatar saved: cockapoo.png
2025-11-20 10:16:38,134 [INFO] [auth_logger:270] download_avatar(): Avatar saved: bernedoodle.png
2025-11-20 10:16:38,134 [INFO] [auth_logger:270] download_avatar(): Avatar saved: bernedoodle.png
2025-11-20 10:16:38,135 [INFO] [auth_logger:270] download_avatar(): Avatar saved: boxer.png
2025-11-20 10:16:38,138 [INFO] [auth_logger:270] download_avatar(): Avatar saved: cat_01.png
2025-11-20 10:16:38,170 [INFO] [auth_logger:270] download_avatar(): Avatar saved: springer_spaniel.png
2025-11-20 10:16:38,225 [INFO] [auth_logger:270] download_avatar(): Avatar saved: cane_corso.png
2025-11-20 10:16:38,234 [INFO] [auth_logger:270] download_avatar(): Avatar saved: cat_06.png
2025-11-20 10:16:38,249 [INFO] [auth_logger:270] download_avatar(): Avatar saved: border_collie_tri.png
2025-11-20 10:16:38,265 [INFO] [auth_logger:270] download_avatar(): Avatar saved: cat_03.png
2025-11-20 10:16:39,038 [INFO] [auth_logger:270] download_avatar(): Avatar saved: cockapoo.png
2025-11-20 10:16:39,040 [INFO] [auth_logger:270] download_avatar(): Avatar saved: cat_07.png
2025-11-20 10:16:39,041 [INFO] [auth_logger:270] download_avatar(): Avatar saved: hamster-3.png
2025-11-20 10:16:39,042 [INFO] [auth_logger:270] download_avatar(): Avatar saved: cat_05.png
2025-11-20 10:19:02,534 [DEBUG] [auth_logger:279] get_assets_info(): Assets sync request received
2025-11-20 10:19:02,534 [DEBUG] [auth_logger:283] get_assets_info(): Client hash: {'hash': '23c811a5e489f479791a0f8c71237ae7346c24a1510357fe947d7b77d6c30577'}
2025-11-20 10:19:02,601 [DEBUG] [auth_logger:292] get_assets_info(): Current assets hash: 23c811a5e489f479791a0f8c71237ae7346c24a1510357fe947d7b77d6c30577
2025-11-20 10:19:02,601 [DEBUG] [auth_logger:303] get_assets_info(): Missing avatars: 0
2025-11-20 10:19:31,357 [DEBUG] [auth_logger:69] login_for_access_token(): Received login request: {'username': 'alice@pettittpetservices.com', 'loginType': 'business'}
2025-11-20 10:19:31,422 [DEBUG] [auth_logger:73] login_for_access_token(): Queried business user: alice@pettittpetservices.com, Found: True
2025-11-20 10:19:31,422 [DEBUG] [auth_logger:368] verify_password(): Verifying password
2025-11-20 10:19:31,469 [DEBUG] [auth_logger:379] verify_password(): Password verification result: True
2025-11-20 10:19:31,469 [DEBUG] [auth_logger:80] login_for_access_token(): Password validation result for user=alice@pettittpetservices.com: True
2025-11-20 10:19:31,601 [INFO] [auth_logger:93] login_for_access_token(): Business user 471e9752-bcd7-4b95-9391-e890a0b2e1e8 successfully logged in
2025-11-20 10:19:32,722 [DEBUG] [auth_logger:279] get_assets_info(): Assets sync request received
2025-11-20 10:19:32,722 [DEBUG] [auth_logger:283] get_assets_info(): Client hash: {'hash': '23c811a5e489f479791a0f8c71237ae7346c24a1510357fe947d7b77d6c30577'}
2025-11-20 10:19:32,789 [DEBUG] [auth_logger:292] get_assets_info(): Current assets hash: 23c811a5e489f479791a0f8c71237ae7346c24a1510357fe947d7b77d6c30577
2025-11-20 10:19:32,789 [DEBUG] [auth_logger:303] get_assets_info(): Missing avatars: 0
2025-11-20 10:21:06,070 [DEBUG] [auth_logger:279] get_assets_info(): Assets sync request received
2025-11-20 10:21:06,071 [DEBUG] [auth_logger:283] get_assets_info(): Client hash: {'hash': '23c811a5e489f479791a0f8c71237ae7346c24a1510357fe947d7b77d6c30577'}
2025-11-20 10:21:06,154 [DEBUG] [auth_logger:292] get_assets_info(): Current assets hash: 23c811a5e489f479791a0f8c71237ae7346c24a1510357fe947d7b77d6c30577
2025-11-20 10:21:06,154 [DEBUG] [auth_logger:303] get_assets_info(): Missing avatars: 0
2025-11-20 10:23:28,410 [DEBUG] [auth_logger:279] get_assets_info(): Assets sync request received
2025-11-20 10:23:28,411 [DEBUG] [auth_logger:283] get_assets_info(): Client hash: {'hash': '23c811a5e489f479791a0f8c71237ae7346c24a1510357fe947d7b77d6c30577'}
2025-11-20 10:23:28,479 [DEBUG] [auth_logger:292] get_assets_info(): Current assets hash: 23c811a5e489f479791a0f8c71237ae7346c24a1510357fe947d7b77d6c30577
2025-11-20 10:23:28,480 [DEBUG] [auth_logger:303] get_assets_info(): Missing avatars: 0
2025-11-20 10:24:18,396 [DEBUG] [auth_logger:279] get_assets_info(): Assets sync request received
2025-11-20 10:24:18,398 [DEBUG] [auth_logger:283] get_assets_info(): Client hash: {'hash': '23c811a5e489f479791a0f8c71237ae7346c24a1510357fe947d7b77d6c30577'}
2025-11-20 10:24:18,464 [DEBUG] [auth_logger:292] get_assets_info(): Current assets hash: 23c811a5e489f479791a0f8c71237ae7346c24a1510357fe947d7b77d6c30577
2025-11-20 10:24:18,465 [DEBUG] [auth_logger:303] get_assets_info(): Missing avatars: 0
2025-11-20 10:25:47,814 [DEBUG] [auth_logger:279] get_assets_info(): Assets sync request received
2025-11-20 10:25:47,815 [DEBUG] [auth_logger:283] get_assets_info(): Client hash: {'hash': '23c811a5e489f479791a0f8c71237ae7346c24a1510357fe947d7b77d6c30577'}
2025-11-20 10:25:47,885 [DEBUG] [auth_logger:292] get_assets_info(): Current assets hash: 23c811a5e489f479791a0f8c71237ae7346c24a1510357fe947d7b77d6c30577
2025-11-20 10:25:47,886 [DEBUG] [auth_logger:303] get_assets_info(): Missing avatars: 0
2025-11-20 10:28:25,039 [DEBUG] [auth_logger:279] get_assets_info(): Assets sync request received
2025-11-20 10:28:25,040 [DEBUG] [auth_logger:283] get_assets_info(): Client hash: {'hash': '23c811a5e489f479791a0f8c71237ae7346c24a1510357fe947d7b77d6c30577'}
2025-11-20 10:28:25,110 [DEBUG] [auth_logger:292] get_assets_info(): Current assets hash: 23c811a5e489f479791a0f8c71237ae7346c24a1510357fe947d7b77d6c30577
2025-11-20 10:28:25,111 [DEBUG] [auth_logger:303] get_assets_info(): Missing avatars: 0
2025-11-20 10:31:44,477 [DEBUG] [auth_logger:279] get_assets_info(): Assets sync request received
2025-11-20 10:31:44,477 [DEBUG] [auth_logger:283] get_assets_info(): Client hash: {'hash': '23c811a5e489f479791a0f8c71237ae7346c24a1510357fe947d7b77d6c30577'}
2025-11-20 10:31:44,547 [DEBUG] [auth_logger:292] get_assets_info(): Current assets hash: 23c811a5e489f479791a0f8c71237ae7346c24a1510357fe947d7b77d6c30577
2025-11-20 10:31:44,548 [DEBUG] [auth_logger:303] get_assets_info(): Missing avatars: 0
2025-11-20 10:31:50,471 [DEBUG] [auth_logger:279] get_assets_info(): Assets sync request received
2025-11-20 10:31:50,471 [DEBUG] [auth_logger:283] get_assets_info(): Client hash: {'hash': '23c811a5e489f479791a0f8c71237ae7346c24a1510357fe947d7b77d6c30577'}
2025-11-20 10:31:50,540 [DEBUG] [auth_logger:292] get_assets_info(): Current assets hash: 23c811a5e489f479791a0f8c71237ae7346c24a1510357fe947d7b77d6c30577
2025-11-20 10:31:50,540 [DEBUG] [auth_logger:303] get_assets_info(): Missing avatars: 0
2025-11-20 10:34:54,386 [DEBUG] [auth_logger:279] get_assets_info(): Assets sync request received
2025-11-20 10:34:54,387 [DEBUG] [auth_logger:283] get_assets_info(): Client hash: {'hash': '23c811a5e489f479791a0f8c71237ae7346c24a1510357fe947d7b77d6c30577'}
2025-11-20 10:34:54,461 [DEBUG] [auth_logger:292] get_assets_info(): Current assets hash: 23c811a5e489f479791a0f8c71237ae7346c24a1510357fe947d7b77d6c30577
2025-11-20 10:34:54,462 [DEBUG] [auth_logger:303] get_assets_info(): Missing avatars: 0
2025-11-20 10:34:54,641 [DEBUG] [auth_logger:279] get_assets_info(): Assets sync request received
2025-11-20 10:34:54,641 [DEBUG] [auth_logger:283] get_assets_info(): Client hash: {'hash': '23c811a5e489f479791a0f8c71237ae7346c24a1510357fe947d7b77d6c30577'}
2025-11-20 10:34:54,707 [DEBUG] [auth_logger:292] get_assets_info(): Current assets hash: 23c811a5e489f479791a0f8c71237ae7346c24a1510357fe947d7b77d6c30577
2025-11-20 10:34:54,707 [DEBUG] [auth_logger:303] get_assets_info(): Missing avatars: 0
2025-11-20 10:36:44,896 [DEBUG] [auth_logger:279] get_assets_info(): Assets sync request received
2025-11-20 10:36:44,897 [DEBUG] [auth_logger:283] get_assets_info(): Client hash: {'hash': '23c811a5e489f479791a0f8c71237ae7346c24a1510357fe947d7b77d6c30577'}
2025-11-20 10:36:44,962 [DEBUG] [auth_logger:292] get_assets_info(): Current assets hash: 23c811a5e489f479791a0f8c71237ae7346c24a1510357fe947d7b77d6c30577
2025-11-20 10:36:44,963 [DEBUG] [auth_logger:303] get_assets_info(): Missing avatars: 0
2025-11-20 10:37:10,622 [DEBUG] [auth_logger:279] get_assets_info(): Assets sync request received
2025-11-20 10:37:10,623 [DEBUG] [auth_logger:283] get_assets_info(): Client hash: {'hash': '23c811a5e489f479791a0f8c71237ae7346c24a1510357fe947d7b77d6c30577'}
2025-11-20 10:37:10,696 [DEBUG] [auth_logger:292] get_assets_info(): Current assets hash: 23c811a5e489f479791a0f8c71237ae7346c24a1510357fe947d7b77d6c30577
2025-11-20 10:37:10,697 [DEBUG] [auth_logger:303] get_assets_info(): Missing avatars: 0
2025-11-20 10:37:53,026 [DEBUG] [auth_logger:279] get_assets_info(): Assets sync request received
2025-11-20 10:37:53,027 [DEBUG] [auth_logger:283] get_assets_info(): Client hash: {'hash': '23c811a5e489f479791a0f8c71237ae7346c24a1510357fe947d7b77d6c30577'}
2025-11-20 10:37:53,092 [DEBUG] [auth_logger:292] get_assets_info(): Current assets hash: 23c811a5e489f479791a0f8c71237ae7346c24a1510357fe947d7b77d6c30577
2025-11-20 10:37:53,093 [DEBUG] [auth_logger:303] get_assets_info(): Missing avatars: 0
2025-11-20 10:37:56,821 [DEBUG] [auth_logger:279] get_assets_info(): Assets sync request received
2025-11-20 10:37:56,821 [DEBUG] [auth_logger:283] get_assets_info(): Client hash: {'hash': '23c811a5e489f479791a0f8c71237ae7346c24a1510357fe947d7b77d6c30577'}
2025-11-20 10:37:56,888 [DEBUG] [auth_logger:292] get_assets_info(): Current assets hash: 23c811a5e489f479791a0f8c71237ae7346c24a1510357fe947d7b77d6c30577
2025-11-20 10:37:56,889 [DEBUG] [auth_logger:303] get_assets_info(): Missing avatars: 0
2025-11-20 10:38:31,289 [DEBUG] [auth_logger:279] get_assets_info(): Assets sync request received
2025-11-20 10:38:31,290 [DEBUG] [auth_logger:283] get_assets_info(): Client hash: {'hash': '23c811a5e489f479791a0f8c71237ae7346c24a1510357fe947d7b77d6c30577'}
2025-11-20 10:38:31,366 [DEBUG] [auth_logger:292] get_assets_info(): Current assets hash: 23c811a5e489f479791a0f8c71237ae7346c24a1510357fe947d7b77d6c30577
2025-11-20 10:38:31,367 [DEBUG] [auth_logger:303] get_assets_info(): Missing avatars: 0
2025-11-20 10:38:38,643 [DEBUG] [auth_logger:279] get_assets_info(): Assets sync request received
2025-11-20 10:38:38,643 [DEBUG] [auth_logger:283] get_assets_info(): Client hash: {'hash': '23c811a5e489f479791a0f8c71237ae7346c24a1510357fe947d7b77d6c30577'}
2025-11-20 10:38:38,714 [DEBUG] [auth_logger:292] get_assets_info(): Current assets hash: 23c811a5e489f479791a0f8c71237ae7346c24a1510357fe947d7b77d6c30577
2025-11-20 10:38:38,715 [DEBUG] [auth_logger:303] get_assets_info(): Missing avatars: 0
2025-11-20 10:42:19,641 [DEBUG] [auth_logger:279] get_assets_info(): Assets sync request received
2025-11-20 10:42:19,641 [DEBUG] [auth_logger:283] get_assets_info(): Client hash: {'hash': '23c811a5e489f479791a0f8c71237ae7346c24a1510357fe947d7b77d6c30577'}
2025-11-20 10:42:19,715 [DEBUG] [auth_logger:292] get_assets_info(): Current assets hash: 23c811a5e489f479791a0f8c71237ae7346c24a1510357fe947d7b77d6c30577
2025-11-20 10:42:19,716 [DEBUG] [auth_logger:303] get_assets_info(): Missing avatars: 0
2025-11-20 10:42:34,648 [DEBUG] [auth_logger:279] get_assets_info(): Assets sync request received
2025-11-20 10:42:34,648 [DEBUG] [auth_logger:283] get_assets_info(): Client hash: {'hash': '23c811a5e489f479791a0f8c71237ae7346c24a1510357fe947d7b77d6c30577'}
2025-11-20 10:42:34,727 [DEBUG] [auth_logger:292] get_assets_info(): Current assets hash: 23c811a5e489f479791a0f8c71237ae7346c24a1510357fe947d7b77d6c30577
2025-11-20 10:42:34,727 [DEBUG] [auth_logger:303] get_assets_info(): Missing avatars: 0
2025-11-20 10:44:20,867 [DEBUG] [auth_logger:279] get_assets_info(): Assets sync request received
2025-11-20 10:44:20,868 [DEBUG] [auth_logger:283] get_assets_info(): Client hash: {'hash': '23c811a5e489f479791a0f8c71237ae7346c24a1510357fe947d7b77d6c30577'}
2025-11-20 10:44:20,936 [DEBUG] [auth_logger:292] get_assets_info(): Current assets hash: 23c811a5e489f479791a0f8c71237ae7346c24a1510357fe947d7b77d6c30577
2025-11-20 10:44:20,936 [DEBUG] [auth_logger:303] get_assets_info(): Missing avatars: 0
2025-11-20 10:44:40,549 [DEBUG] [auth_logger:279] get_assets_info(): Assets sync request received
2025-11-20 10:44:40,549 [DEBUG] [auth_logger:283] get_assets_info(): Client hash: {'hash': '23c811a5e489f479791a0f8c71237ae7346c24a1510357fe947d7b77d6c30577'}
2025-11-20 10:44:40,616 [DEBUG] [auth_logger:292] get_assets_info(): Current assets hash: 23c811a5e489f479791a0f8c71237ae7346c24a1510357fe947d7b77d6c30577
2025-11-20 10:44:40,617 [DEBUG] [auth_logger:303] get_assets_info(): Missing avatars: 0
2025-11-20 10:46:59,100 [DEBUG] [auth_logger:279] get_assets_info(): Assets sync request received
2025-11-20 10:46:59,101 [DEBUG] [auth_logger:283] get_assets_info(): Client hash: {'hash': '23c811a5e489f479791a0f8c71237ae7346c24a1510357fe947d7b77d6c30577'}
2025-11-20 10:46:59,169 [DEBUG] [auth_logger:292] get_assets_info(): Current assets hash: 23c811a5e489f479791a0f8c71237ae7346c24a1510357fe947d7b77d6c30577
2025-11-20 10:46:59,170 [DEBUG] [auth_logger:303] get_assets_info(): Missing avatars: 0
2025-11-20 10:48:07,299 [DEBUG] [auth_logger:279] get_assets_info(): Assets sync request received
2025-11-20 10:48:07,300 [DEBUG] [auth_logger:283] get_assets_info(): Client hash: {'hash': '23c811a5e489f479791a0f8c71237ae7346c24a1510357fe947d7b77d6c30577'}
2025-11-20 10:48:07,368 [DEBUG] [auth_logger:292] get_assets_info(): Current assets hash: 23c811a5e489f479791a0f8c71237ae7346c24a1510357fe947d7b77d6c30577
2025-11-20 10:48:07,369 [DEBUG] [auth_logger:303] get_assets_info(): Missing avatars: 0
2025-11-20 10:50:04,139 [DEBUG] [auth_logger:279] get_assets_info(): Assets sync request received
2025-11-20 10:50:04,140 [DEBUG] [auth_logger:283] get_assets_info(): Client hash: {'hash': '23c811a5e489f479791a0f8c71237ae7346c24a1510357fe947d7b77d6c30577'}
2025-11-20 10:50:04,211 [DEBUG] [auth_logger:292] get_assets_info(): Current assets hash: 23c811a5e489f479791a0f8c71237ae7346c24a1510357fe947d7b77d6c30577
2025-11-20 10:50:04,211 [DEBUG] [auth_logger:303] get_assets_info(): Missing avatars: 0
2025-11-20 10:52:55,911 [DEBUG] [auth_logger:279] get_assets_info(): Assets sync request received
2025-11-20 10:52:55,912 [DEBUG] [auth_logger:283] get_assets_info(): Client hash: {'hash': '23c811a5e489f479791a0f8c71237ae7346c24a1510357fe947d7b77d6c30577'}
2025-11-20 10:52:55,978 [DEBUG] [auth_logger:292] get_assets_info(): Current assets hash: 23c811a5e489f479791a0f8c71237ae7346c24a1510357fe947d7b77d6c30577
2025-11-20 10:52:55,978 [DEBUG] [auth_logger:303] get_assets_info(): Missing avatars: 0
2025-11-20 10:53:08,316 [DEBUG] [auth_logger:279] get_assets_info(): Assets sync request received
2025-11-20 10:53:08,318 [DEBUG] [auth_logger:283] get_assets_info(): Client hash: {'hash': '23c811a5e489f479791a0f8c71237ae7346c24a1510357fe947d7b77d6c30577'}
2025-11-20 10:53:08,383 [DEBUG] [auth_logger:292] get_assets_info(): Current assets hash: 23c811a5e489f479791a0f8c71237ae7346c24a1510357fe947d7b77d6c30577
2025-11-20 10:53:08,383 [DEBUG] [auth_logger:303] get_assets_info(): Missing avatars: 0
2025-11-20 10:58:09,405 [DEBUG] [auth_logger:279] get_assets_info(): Assets sync request received
2025-11-20 10:58:09,406 [DEBUG] [auth_logger:283] get_assets_info(): Client hash: {'hash': '23c811a5e489f479791a0f8c71237ae7346c24a1510357fe947d7b77d6c30577'}
2025-11-20 10:58:09,473 [DEBUG] [auth_logger:292] get_assets_info(): Current assets hash: 23c811a5e489f479791a0f8c71237ae7346c24a1510357fe947d7b77d6c30577
2025-11-20 10:58:09,473 [DEBUG] [auth_logger:303] get_assets_info(): Missing avatars: 0
2025-11-20 11:00:00,666 [DEBUG] [auth_logger:279] get_assets_info(): Assets sync request received
2025-11-20 11:00:00,667 [DEBUG] [auth_logger:283] get_assets_info(): Client hash: {'hash': '23c811a5e489f479791a0f8c71237ae7346c24a1510357fe947d7b77d6c30577'}
2025-11-20 11:00:00,732 [DEBUG] [auth_logger:292] get_assets_info(): Current assets hash: 23c811a5e489f479791a0f8c71237ae7346c24a1510357fe947d7b77d6c30577
2025-11-20 11:00:00,733 [DEBUG] [auth_logger:303] get_assets_info(): Missing avatars: 0
2025-11-20 11:00:01,760 [DEBUG] [auth_logger:279] get_assets_info(): Assets sync request received
2025-11-20 11:00:01,760 [DEBUG] [auth_logger:283] get_assets_info(): Client hash: {'hash': '23c811a5e489f479791a0f8c71237ae7346c24a1510357fe947d7b77d6c30577'}
2025-11-20 11:00:01,827 [DEBUG] [auth_logger:292] get_assets_info(): Current assets hash: 23c811a5e489f479791a0f8c71237ae7346c24a1510357fe947d7b77d6c30577
2025-11-20 11:00:01,827 [DEBUG] [auth_logger:303] get_assets_info(): Missing avatars: 0
2025-11-20 11:02:58,750 [DEBUG] [auth_logger:279] get_assets_info(): Assets sync request received
2025-11-20 11:02:58,750 [DEBUG] [auth_logger:283] get_assets_info(): Client hash: {'hash': '23c811a5e489f479791a0f8c71237ae7346c24a1510357fe947d7b77d6c30577'}
2025-11-20 11:02:58,824 [DEBUG] [auth_logger:292] get_assets_info(): Current assets hash: 23c811a5e489f479791a0f8c71237ae7346c24a1510357fe947d7b77d6c30577
2025-11-20 11:02:58,824 [DEBUG] [auth_logger:303] get_assets_info(): Missing avatars: 0
2025-11-20 11:04:10,033 [DEBUG] [auth_logger:279] get_assets_info(): Assets sync request received
2025-11-20 11:04:10,034 [DEBUG] [auth_logger:283] get_assets_info(): Client hash: {'hash': '23c811a5e489f479791a0f8c71237ae7346c24a1510357fe947d7b77d6c30577'}
2025-11-20 11:04:10,107 [DEBUG] [auth_logger:292] get_assets_info(): Current assets hash: 23c811a5e489f479791a0f8c71237ae7346c24a1510357fe947d7b77d6c30577
2025-11-20 11:04:10,108 [DEBUG] [auth_logger:303] get_assets_info(): Missing avatars: 0
2025-11-20 11:04:21,750 [DEBUG] [auth_logger:279] get_assets_info(): Assets sync request received
2025-11-20 11:04:21,751 [DEBUG] [auth_logger:283] get_assets_info(): Client hash: {'hash': '23c811a5e489f479791a0f8c71237ae7346c24a1510357fe947d7b77d6c30577'}
2025-11-20 11:04:21,816 [DEBUG] [auth_logger:292] get_assets_info(): Current assets hash: 23c811a5e489f479791a0f8c71237ae7346c24a1510357fe947d7b77d6c30577
2025-11-20 11:04:21,817 [DEBUG] [auth_logger:303] get_assets_info(): Missing avatars: 0
2025-11-20 11:05:33,251 [DEBUG] [auth_logger:279] get_assets_info(): Assets sync request received
2025-11-20 11:05:33,252 [DEBUG] [auth_logger:283] get_assets_info(): Client hash: {'hash': '23c811a5e489f479791a0f8c71237ae7346c24a1510357fe947d7b77d6c30577'}
2025-11-20 11:05:33,318 [DEBUG] [auth_logger:292] get_assets_info(): Current assets hash: 23c811a5e489f479791a0f8c71237ae7346c24a1510357fe947d7b77d6c30577
2025-11-20 11:05:33,319 [DEBUG] [auth_logger:303] get_assets_info(): Missing avatars: 0
2025-11-20 11:07:40,215 [DEBUG] [auth_logger:279] get_assets_info(): Assets sync request received
2025-11-20 11:07:40,216 [DEBUG] [auth_logger:283] get_assets_info(): Client hash: {'hash': '23c811a5e489f479791a0f8c71237ae7346c24a1510357fe947d7b77d6c30577'}
2025-11-20 11:07:40,282 [DEBUG] [auth_logger:292] get_assets_info(): Current assets hash: 23c811a5e489f479791a0f8c71237ae7346c24a1510357fe947d7b77d6c30577
2025-11-20 11:07:40,282 [DEBUG] [auth_logger:303] get_assets_info(): Missing avatars: 0
2025-11-20 11:09:33,253 [DEBUG] [auth_logger:279] get_assets_info(): Assets sync request received
2025-11-20 11:09:33,253 [DEBUG] [auth_logger:283] get_assets_info(): Client hash: {'hash': '23c811a5e489f479791a0f8c71237ae7346c24a1510357fe947d7b77d6c30577'}
2025-11-20 11:09:33,321 [DEBUG] [auth_logger:292] get_assets_info(): Current assets hash: 23c811a5e489f479791a0f8c71237ae7346c24a1510357fe947d7b77d6c30577
2025-11-20 11:09:33,321 [DEBUG] [auth_logger:303] get_assets_info(): Missing avatars: 0
2025-11-20 11:10:26,348 [DEBUG] [auth_logger:279] get_assets_info(): Assets sync request received
2025-11-20 11:10:26,348 [DEBUG] [auth_logger:283] get_assets_info(): Client hash: {'hash': '23c811a5e489f479791a0f8c71237ae7346c24a1510357fe947d7b77d6c30577'}
2025-11-20 11:10:26,416 [DEBUG] [auth_logger:292] get_assets_info(): Current assets hash: 23c811a5e489f479791a0f8c71237ae7346c24a1510357fe947d7b77d6c30577
2025-11-20 11:10:26,416 [DEBUG] [auth_logger:303] get_assets_info(): Missing avatars: 0
2025-11-20 11:16:19,431 [DEBUG] [auth_logger:279] get_assets_info(): Assets sync request received
2025-11-20 11:16:19,431 [DEBUG] [auth_logger:283] get_assets_info(): Client hash: {'hash': '23c811a5e489f479791a0f8c71237ae7346c24a1510357fe947d7b77d6c30577'}
2025-11-20 11:16:19,499 [DEBUG] [auth_logger:292] get_assets_info(): Current assets hash: 23c811a5e489f479791a0f8c71237ae7346c24a1510357fe947d7b77d6c30577
2025-11-20 11:16:19,500 [DEBUG] [auth_logger:303] get_assets_info(): Missing avatars: 0
2025-11-20 11:19:08,774 [DEBUG] [auth_logger:279] get_assets_info(): Assets sync request received
2025-11-20 11:19:10,065 [DEBUG] [auth_logger:283] get_assets_info(): Client hash: {'hash': '23c811a5e489f479791a0f8c71237ae7346c24a1510357fe947d7b77d6c30577'}
2025-11-20 11:19:10,271 [DEBUG] [auth_logger:292] get_assets_info(): Current assets hash: 23c811a5e489f479791a0f8c71237ae7346c24a1510357fe947d7b77d6c30577
2025-11-20 11:19:10,271 [DEBUG] [auth_logger:303] get_assets_info(): Missing avatars: 0
2025-11-20 11:21:11,279 [DEBUG] [auth_logger:279] get_assets_info(): Assets sync request received
2025-11-20 11:21:11,280 [DEBUG] [auth_logger:283] get_assets_info(): Client hash: {'hash': '23c811a5e489f479791a0f8c71237ae7346c24a1510357fe947d7b77d6c30577'}
2025-11-20 11:21:11,352 [DEBUG] [auth_logger:292] get_assets_info(): Current assets hash: 23c811a5e489f479791a0f8c71237ae7346c24a1510357fe947d7b77d6c30577
2025-11-20 11:21:11,352 [DEBUG] [auth_logger:303] get_assets_info(): Missing avatars: 0
2025-11-20 11:22:16,803 [DEBUG] [auth_logger:279] get_assets_info(): Assets sync request received
2025-11-20 11:22:16,803 [DEBUG] [auth_logger:283] get_assets_info(): Client hash: {'hash': '23c811a5e489f479791a0f8c71237ae7346c24a1510357fe947d7b77d6c30577'}
2025-11-20 11:22:17,018 [DEBUG] [auth_logger:292] get_assets_info(): Current assets hash: 23c811a5e489f479791a0f8c71237ae7346c24a1510357fe947d7b77d6c30577
2025-11-20 11:22:17,019 [DEBUG] [auth_logger:303] get_assets_info(): Missing avatars: 0
2025-11-20 12:34:46,413 [DEBUG] [auth_logger:279] get_assets_info(): Assets sync request received
2025-11-20 12:34:46,417 [DEBUG] [auth_logger:283] get_assets_info(): Client hash: {'hash': '23c811a5e489f479791a0f8c71237ae7346c24a1510357fe947d7b77d6c30577'}
2025-11-20 12:34:46,627 [DEBUG] [auth_logger:292] get_assets_info(): Current assets hash: 23c811a5e489f479791a0f8c71237ae7346c24a1510357fe947d7b77d6c30577
2025-11-20 12:34:46,631 [DEBUG] [auth_logger:303] get_assets_info(): Missing avatars: 0
2025-11-20 12:35:12,465 [DEBUG] [auth_logger:69] login_for_access_token(): Received login request: {'username': 'alice@pettittpetservices.com', 'loginType': 'business'}
2025-11-20 12:35:12,536 [DEBUG] [auth_logger:73] login_for_access_token(): Queried business user: alice@pettittpetservices.com, Found: True
2025-11-20 12:35:12,536 [DEBUG] [auth_logger:368] verify_password(): Verifying password
2025-11-20 12:35:12,591 [DEBUG] [auth_logger:379] verify_password(): Password verification result: True
2025-11-20 12:35:12,591 [DEBUG] [auth_logger:80] login_for_access_token(): Password validation result for user=alice@pettittpetservices.com: True
2025-11-20 12:35:12,736 [INFO] [auth_logger:93] login_for_access_token(): Business user 471e9752-bcd7-4b95-9391-e890a0b2e1e8 successfully logged in
2025-11-20 12:35:13,977 [DEBUG] [auth_logger:279] get_assets_info(): Assets sync request received
2025-11-20 12:35:13,977 [DEBUG] [auth_logger:283] get_assets_info(): Client hash: {'hash': '23c811a5e489f479791a0f8c71237ae7346c24a1510357fe947d7b77d6c30577'}
2025-11-20 12:35:14,047 [DEBUG] [auth_logger:292] get_assets_info(): Current assets hash: 23c811a5e489f479791a0f8c71237ae7346c24a1510357fe947d7b77d6c30577
2025-11-20 12:35:14,048 [DEBUG] [auth_logger:303] get_assets_info(): Missing avatars: 0
2025-11-20 12:36:18,877 [DEBUG] [auth_logger:69] login_for_access_token(): Received login request: {'username': 'alice@pettittpetservices.com', 'loginType': 'business'}
2025-11-20 12:36:18,942 [DEBUG] [auth_logger:73] login_for_access_token(): Queried business user: alice@pettittpetservices.com, Found: True
2025-11-20 12:36:18,942 [DEBUG] [auth_logger:368] verify_password(): Verifying password
2025-11-20 12:36:19,003 [DEBUG] [auth_logger:379] verify_password(): Password verification result: True
2025-11-20 12:36:19,004 [DEBUG] [auth_logger:80] login_for_access_token(): Password validation result for user=alice@pettittpetservices.com: True
2025-11-20 12:36:19,138 [INFO] [auth_logger:93] login_for_access_token(): Business user 471e9752-bcd7-4b95-9391-e890a0b2e1e8 successfully logged in
2025-11-20 12:36:20,462 [DEBUG] [auth_logger:279] get_assets_info(): Assets sync request received
2025-11-20 12:36:20,463 [DEBUG] [auth_logger:283] get_assets_info(): Client hash: {'hash': '23c811a5e489f479791a0f8c71237ae7346c24a1510357fe947d7b77d6c30577'}
2025-11-20 12:36:20,529 [DEBUG] [auth_logger:292] get_assets_info(): Current assets hash: 23c811a5e489f479791a0f8c71237ae7346c24a1510357fe947d7b77d6c30577
2025-11-20 12:36:20,530 [DEBUG] [auth_logger:303] get_assets_info(): Missing avatars: 0
2025-11-20 12:38:47,259 [DEBUG] [auth_logger:279] get_assets_info(): Assets sync request received
2025-11-20 12:38:47,260 [DEBUG] [auth_logger:283] get_assets_info(): Client hash: {'hash': '23c811a5e489f479791a0f8c71237ae7346c24a1510357fe947d7b77d6c30577'}
2025-11-20 12:38:47,327 [DEBUG] [auth_logger:292] get_assets_info(): Current assets hash: 23c811a5e489f479791a0f8c71237ae7346c24a1510357fe947d7b77d6c30577
2025-11-20 12:38:47,328 [DEBUG] [auth_logger:303] get_assets_info(): Missing avatars: 0
2025-11-20 12:41:36,274 [DEBUG] [auth_logger:279] get_assets_info(): Assets sync request received
2025-11-20 12:41:36,275 [DEBUG] [auth_logger:283] get_assets_info(): Client hash: {'hash': '23c811a5e489f479791a0f8c71237ae7346c24a1510357fe947d7b77d6c30577'}
2025-11-20 12:41:36,349 [DEBUG] [auth_logger:292] get_assets_info(): Current assets hash: 23c811a5e489f479791a0f8c71237ae7346c24a1510357fe947d7b77d6c30577
2025-11-20 12:41:36,350 [DEBUG] [auth_logger:303] get_assets_info(): Missing avatars: 0
2025-11-20 12:41:59,754 [DEBUG] [auth_logger:69] login_for_access_token(): Received login request: {'username': 'alice@pettittpetservices.com', 'loginType': 'business'}
2025-11-20 12:41:59,826 [DEBUG] [auth_logger:73] login_for_access_token(): Queried business user: alice@pettittpetservices.com, Found: True
2025-11-20 12:41:59,826 [DEBUG] [auth_logger:368] verify_password(): Verifying password
2025-11-20 12:41:59,876 [DEBUG] [auth_logger:379] verify_password(): Password verification result: True
2025-11-20 12:41:59,876 [DEBUG] [auth_logger:80] login_for_access_token(): Password validation result for user=alice@pettittpetservices.com: True
2025-11-20 12:42:00,021 [INFO] [auth_logger:93] login_for_access_token(): Business user 471e9752-bcd7-4b95-9391-e890a0b2e1e8 successfully logged in
2025-11-20 12:42:01,137 [DEBUG] [auth_logger:279] get_assets_info(): Assets sync request received
2025-11-20 12:42:01,137 [DEBUG] [auth_logger:283] get_assets_info(): Client hash: {'hash': '23c811a5e489f479791a0f8c71237ae7346c24a1510357fe947d7b77d6c30577'}
2025-11-20 12:42:01,206 [DEBUG] [auth_logger:292] get_assets_info(): Current assets hash: 23c811a5e489f479791a0f8c71237ae7346c24a1510357fe947d7b77d6c30577
2025-11-20 12:42:01,207 [DEBUG] [auth_logger:303] get_assets_info(): Missing avatars: 0
2025-11-20 12:42:09,181 [DEBUG] [auth_logger:279] get_assets_info(): Assets sync request received
2025-11-20 12:42:09,183 [DEBUG] [auth_logger:283] get_assets_info(): Client hash: {'hash': '23c811a5e489f479791a0f8c71237ae7346c24a1510357fe947d7b77d6c30577'}
2025-11-20 12:42:09,251 [DEBUG] [auth_logger:292] get_assets_info(): Current assets hash: 23c811a5e489f479791a0f8c71237ae7346c24a1510357fe947d7b77d6c30577
2025-11-20 12:42:09,253 [DEBUG] [auth_logger:303] get_assets_info(): Missing avatars: 0
2025-11-20 12:43:01,343 [DEBUG] [auth_logger:69] login_for_access_token(): Received login request: {'username': 'alice@pettittpetservices.com', 'loginType': 'business'}
2025-11-20 12:43:01,412 [DEBUG] [auth_logger:73] login_for_access_token(): Queried business user: alice@pettittpetservices.com, Found: True
2025-11-20 12:43:01,412 [DEBUG] [auth_logger:368] verify_password(): Verifying password
2025-11-20 12:43:01,462 [DEBUG] [auth_logger:379] verify_password(): Password verification result: True
2025-11-20 12:43:01,462 [DEBUG] [auth_logger:80] login_for_access_token(): Password validation result for user=alice@pettittpetservices.com: True
2025-11-20 12:43:01,599 [INFO] [auth_logger:93] login_for_access_token(): Business user 471e9752-bcd7-4b95-9391-e890a0b2e1e8 successfully logged in
2025-11-20 12:43:02,876 [DEBUG] [auth_logger:279] get_assets_info(): Assets sync request received
2025-11-20 12:43:02,877 [DEBUG] [auth_logger:283] get_assets_info(): Client hash: {'hash': '23c811a5e489f479791a0f8c71237ae7346c24a1510357fe947d7b77d6c30577'}
2025-11-20 12:43:02,942 [DEBUG] [auth_logger:292] get_assets_info(): Current assets hash: 23c811a5e489f479791a0f8c71237ae7346c24a1510357fe947d7b77d6c30577
2025-11-20 12:43:02,943 [DEBUG] [auth_logger:303] get_assets_info(): Missing avatars: 0
2025-11-20 12:43:45,542 [DEBUG] [auth_logger:69] login_for_access_token(): Received login request: {'username': 'edward.bayliss@pawtul.com', 'loginType': 'business'}
2025-11-20 12:43:45,607 [DEBUG] [auth_logger:73] login_for_access_token(): Queried business user: edward.bayliss@pawtul.com, Found: True
2025-11-20 12:43:45,607 [DEBUG] [auth_logger:368] verify_password(): Verifying password
2025-11-20 12:43:45,627 [DEBUG] [auth_logger:379] verify_password(): Password verification result: True
2025-11-20 12:43:45,628 [DEBUG] [auth_logger:80] login_for_access_token(): Password validation result for user=edward.bayliss@pawtul.com: True
2025-11-20 12:43:45,764 [INFO] [auth_logger:93] login_for_access_token(): Business user 81e78254-85dc-464c-8aa4-455f9d9d47eb successfully logged in
2025-11-20 12:43:46,973 [DEBUG] [auth_logger:279] get_assets_info(): Assets sync request received
2025-11-20 12:43:46,973 [DEBUG] [auth_logger:283] get_assets_info(): Client hash: {'hash': '23c811a5e489f479791a0f8c71237ae7346c24a1510357fe947d7b77d6c30577'}
2025-11-20 12:43:47,037 [DEBUG] [auth_logger:292] get_assets_info(): Current assets hash: 23c811a5e489f479791a0f8c71237ae7346c24a1510357fe947d7b77d6c30577
2025-11-20 12:43:47,038 [DEBUG] [auth_logger:303] get_assets_info(): Missing avatars: 0
2025-11-20 12:44:36,736 [DEBUG] [auth_logger:279] get_assets_info(): Assets sync request received
2025-11-20 12:44:36,737 [DEBUG] [auth_logger:283] get_assets_info(): Client hash: {'hash': '23c811a5e489f479791a0f8c71237ae7346c24a1510357fe947d7b77d6c30577'}
2025-11-20 12:44:36,817 [DEBUG] [auth_logger:292] get_assets_info(): Current assets hash: 23c811a5e489f479791a0f8c71237ae7346c24a1510357fe947d7b77d6c30577
2025-11-20 12:44:36,817 [DEBUG] [auth_logger:303] get_assets_info(): Missing avatars: 0
2025-11-20 12:44:55,798 [DEBUG] [auth_logger:69] login_for_access_token(): Received login request: {'username': 'edward.bayliss@pawtul.com', 'loginType': 'business'}
2025-11-20 12:44:55,876 [DEBUG] [auth_logger:73] login_for_access_token(): Queried business user: edward.bayliss@pawtul.com, Found: True
2025-11-20 12:44:55,876 [DEBUG] [auth_logger:368] verify_password(): Verifying password
2025-11-20 12:44:55,899 [DEBUG] [auth_logger:379] verify_password(): Password verification result: True
2025-11-20 12:44:55,899 [DEBUG] [auth_logger:80] login_for_access_token(): Password validation result for user=edward.bayliss@pawtul.com: True
2025-11-20 12:44:56,031 [INFO] [auth_logger:93] login_for_access_token(): Business user 81e78254-85dc-464c-8aa4-455f9d9d47eb successfully logged in
2025-11-20 12:44:57,549 [DEBUG] [auth_logger:279] get_assets_info(): Assets sync request received
2025-11-20 12:44:57,549 [DEBUG] [auth_logger:283] get_assets_info(): Client hash: {'hash': '23c811a5e489f479791a0f8c71237ae7346c24a1510357fe947d7b77d6c30577'}
2025-11-20 12:44:57,708 [DEBUG] [auth_logger:292] get_assets_info(): Current assets hash: 23c811a5e489f479791a0f8c71237ae7346c24a1510357fe947d7b77d6c30577
2025-11-20 12:44:57,709 [DEBUG] [auth_logger:303] get_assets_info(): Missing avatars: 0
2025-11-20 12:45:55,075 [DEBUG] [auth_logger:69] login_for_access_token(): Received login request: {'username': 'edward.bayliss@pawtul.com', 'loginType': 'business'}
2025-11-20 12:45:55,143 [DEBUG] [auth_logger:73] login_for_access_token(): Queried business user: edward.bayliss@pawtul.com, Found: True
2025-11-20 12:45:55,143 [DEBUG] [auth_logger:368] verify_password(): Verifying password
2025-11-20 12:45:55,166 [DEBUG] [auth_logger:379] verify_password(): Password verification result: True
2025-11-20 12:45:55,166 [DEBUG] [auth_logger:80] login_for_access_token(): Password validation result for user=edward.bayliss@pawtul.com: True
2025-11-20 12:45:55,299 [INFO] [auth_logger:93] login_for_access_token(): Business user 81e78254-85dc-464c-8aa4-455f9d9d47eb successfully logged in
2025-11-20 12:45:56,734 [DEBUG] [auth_logger:279] get_assets_info(): Assets sync request received
2025-11-20 12:45:56,734 [DEBUG] [auth_logger:283] get_assets_info(): Client hash: {'hash': '23c811a5e489f479791a0f8c71237ae7346c24a1510357fe947d7b77d6c30577'}
2025-11-20 12:45:56,807 [DEBUG] [auth_logger:292] get_assets_info(): Current assets hash: 23c811a5e489f479791a0f8c71237ae7346c24a1510357fe947d7b77d6c30577
2025-11-20 12:45:56,809 [DEBUG] [auth_logger:303] get_assets_info(): Missing avatars: 0
2025-11-20 13:03:56,792 [DEBUG] [auth_logger:69] login_for_access_token(): Received login request: {'username': 'edward.bayliss@pawtul.com', 'loginType': 'business'}
2025-11-20 13:03:56,860 [DEBUG] [auth_logger:73] login_for_access_token(): Queried business user: edward.bayliss@pawtul.com, Found: True
2025-11-20 13:03:56,860 [DEBUG] [auth_logger:368] verify_password(): Verifying password
2025-11-20 13:03:56,887 [DEBUG] [auth_logger:379] verify_password(): Password verification result: True
2025-11-20 13:03:56,887 [DEBUG] [auth_logger:80] login_for_access_token(): Password validation result for user=edward.bayliss@pawtul.com: True
2025-11-20 13:03:57,018 [INFO] [auth_logger:93] login_for_access_token(): Business user 81e78254-85dc-464c-8aa4-455f9d9d47eb successfully logged in
2025-11-20 13:03:58,383 [DEBUG] [auth_logger:279] get_assets_info(): Assets sync request received
2025-11-20 13:03:58,383 [DEBUG] [auth_logger:283] get_assets_info(): Client hash: {'hash': '23c811a5e489f479791a0f8c71237ae7346c24a1510357fe947d7b77d6c30577'}
2025-11-20 13:03:58,457 [DEBUG] [auth_logger:292] get_assets_info(): Current assets hash: 23c811a5e489f479791a0f8c71237ae7346c24a1510357fe947d7b77d6c30577
2025-11-20 13:03:58,457 [DEBUG] [auth_logger:303] get_assets_info(): Missing avatars: 0
2025-11-20 13:04:24,970 [DEBUG] [auth_logger:279] get_assets_info(): Assets sync request received
2025-11-20 13:04:24,971 [DEBUG] [auth_logger:283] get_assets_info(): Client hash: {'hash': '23c811a5e489f479791a0f8c71237ae7346c24a1510357fe947d7b77d6c30577'}
2025-11-20 13:04:25,041 [DEBUG] [auth_logger:292] get_assets_info(): Current assets hash: 23c811a5e489f479791a0f8c71237ae7346c24a1510357fe947d7b77d6c30577
2025-11-20 13:04:25,041 [DEBUG] [auth_logger:303] get_assets_info(): Missing avatars: 0
2025-11-20 13:04:32,156 [DEBUG] [auth_logger:279] get_assets_info(): Assets sync request received
2025-11-20 13:04:32,156 [DEBUG] [auth_logger:283] get_assets_info(): Client hash: {'hash': '23c811a5e489f479791a0f8c71237ae7346c24a1510357fe947d7b77d6c30577'}
2025-11-20 13:04:32,222 [DEBUG] [auth_logger:292] get_assets_info(): Current assets hash: 23c811a5e489f479791a0f8c71237ae7346c24a1510357fe947d7b77d6c30577
2025-11-20 13:04:32,223 [DEBUG] [auth_logger:303] get_assets_info(): Missing avatars: 0
2025-11-20 13:10:52,141 [DEBUG] [auth_logger:279] get_assets_info(): Assets sync request received
2025-11-20 13:10:52,142 [DEBUG] [auth_logger:283] get_assets_info(): Client hash: {'hash': '23c811a5e489f479791a0f8c71237ae7346c24a1510357fe947d7b77d6c30577'}
2025-11-20 13:10:52,211 [DEBUG] [auth_logger:292] get_assets_info(): Current assets hash: 23c811a5e489f479791a0f8c71237ae7346c24a1510357fe947d7b77d6c30577
2025-11-20 13:10:52,212 [DEBUG] [auth_logger:303] get_assets_info(): Missing avatars: 0
2025-11-20 13:10:52,729 [DEBUG] [auth_logger:279] get_assets_info(): Assets sync request received
2025-11-20 13:10:52,729 [DEBUG] [auth_logger:283] get_assets_info(): Client hash: {'hash': '23c811a5e489f479791a0f8c71237ae7346c24a1510357fe947d7b77d6c30577'}
2025-11-20 13:10:52,797 [DEBUG] [auth_logger:292] get_assets_info(): Current assets hash: 23c811a5e489f479791a0f8c71237ae7346c24a1510357fe947d7b77d6c30577
2025-11-20 13:10:52,797 [DEBUG] [auth_logger:303] get_assets_info(): Missing avatars: 0
2025-11-20 13:14:46,252 [DEBUG] [auth_logger:69] login_for_access_token(): Received login request: {'username': 'alice@pettittpetservices.com', 'loginType': 'business'}
2025-11-20 13:14:46,318 [DEBUG] [auth_logger:73] login_for_access_token(): Queried business user: alice@pettittpetservices.com, Found: True
2025-11-20 13:14:46,318 [DEBUG] [auth_logger:368] verify_password(): Verifying password
2025-11-20 13:14:46,373 [DEBUG] [auth_logger:379] verify_password(): Password verification result: True
2025-11-20 13:14:46,373 [DEBUG] [auth_logger:80] login_for_access_token(): Password validation result for user=alice@pettittpetservices.com: True
2025-11-20 13:14:46,516 [INFO] [auth_logger:93] login_for_access_token(): Business user 471e9752-bcd7-4b95-9391-e890a0b2e1e8 successfully logged in
2025-11-20 13:14:47,589 [DEBUG] [auth_logger:279] get_assets_info(): Assets sync request received
2025-11-20 13:14:47,589 [DEBUG] [auth_logger:283] get_assets_info(): Client hash: {'hash': '23c811a5e489f479791a0f8c71237ae7346c24a1510357fe947d7b77d6c30577'}
2025-11-20 13:14:47,656 [DEBUG] [auth_logger:292] get_assets_info(): Current assets hash: 23c811a5e489f479791a0f8c71237ae7346c24a1510357fe947d7b77d6c30577
2025-11-20 13:14:47,656 [DEBUG] [auth_logger:303] get_assets_info(): Missing avatars: 0
2025-11-20 13:15:18,626 [DEBUG] [auth_logger:69] login_for_access_token(): Received login request: {'username': 'edward.bayliss@pawtul.com', 'loginType': 'business'}
2025-11-20 13:15:18,692 [DEBUG] [auth_logger:73] login_for_access_token(): Queried business user: edward.bayliss@pawtul.com, Found: True
2025-11-20 13:15:18,692 [DEBUG] [auth_logger:368] verify_password(): Verifying password
2025-11-20 13:15:18,717 [DEBUG] [auth_logger:379] verify_password(): Password verification result: False
2025-11-20 13:15:18,717 [DEBUG] [auth_logger:80] login_for_access_token(): Password validation result for user=edward.bayliss@pawtul.com: False
2025-11-20 13:15:18,717 [WARNING] [auth_logger:83] login_for_access_token(): Login failed for user=edward.bayliss@pawtul.com: invalid password
2025-11-20 13:15:35,151 [DEBUG] [auth_logger:69] login_for_access_token(): Received login request: {'username': 'edward.bayliss@pawtul.com', 'loginType': 'business'}
2025-11-20 13:15:35,219 [DEBUG] [auth_logger:73] login_for_access_token(): Queried business user: edward.bayliss@pawtul.com, Found: True
2025-11-20 13:15:35,219 [DEBUG] [auth_logger:368] verify_password(): Verifying password
2025-11-20 13:15:35,239 [DEBUG] [auth_logger:379] verify_password(): Password verification result: False
2025-11-20 13:15:35,239 [DEBUG] [auth_logger:80] login_for_access_token(): Password validation result for user=edward.bayliss@pawtul.com: False
2025-11-20 13:15:35,239 [WARNING] [auth_logger:83] login_for_access_token(): Login failed for user=edward.bayliss@pawtul.com: invalid password
2025-11-20 13:15:47,187 [DEBUG] [auth_logger:69] login_for_access_token(): Received login request: {'username': 'edward.bayliss@pawtul.com', 'loginType': 'business'}
2025-11-20 13:15:47,255 [DEBUG] [auth_logger:73] login_for_access_token(): Queried business user: edward.bayliss@pawtul.com, Found: True
2025-11-20 13:15:47,255 [DEBUG] [auth_logger:368] verify_password(): Verifying password
2025-11-20 13:15:47,286 [DEBUG] [auth_logger:379] verify_password(): Password verification result: True
2025-11-20 13:15:47,286 [DEBUG] [auth_logger:80] login_for_access_token(): Password validation result for user=edward.bayliss@pawtul.com: True
2025-11-20 13:15:47,423 [INFO] [auth_logger:93] login_for_access_token(): Business user 81e78254-85dc-464c-8aa4-455f9d9d47eb successfully logged in
2025-11-20 13:15:48,430 [DEBUG] [auth_logger:279] get_assets_info(): Assets sync request received
2025-11-20 13:15:48,430 [DEBUG] [auth_logger:283] get_assets_info(): Client hash: {'hash': '23c811a5e489f479791a0f8c71237ae7346c24a1510357fe947d7b77d6c30577'}
2025-11-20 13:15:48,497 [DEBUG] [auth_logger:292] get_assets_info(): Current assets hash: 23c811a5e489f479791a0f8c71237ae7346c24a1510357fe947d7b77d6c30577
2025-11-20 13:15:48,498 [DEBUG] [auth_logger:303] get_assets_info(): Missing avatars: 0
2025-11-20 13:20:53,340 [DEBUG] [auth_logger:69] login_for_access_token(): Received login request: {'username': 'edward.bayliss@pawtul.com', 'loginType': 'business'}
2025-11-20 13:20:53,413 [DEBUG] [auth_logger:73] login_for_access_token(): Queried business user: edward.bayliss@pawtul.com, Found: True
2025-11-20 13:20:53,413 [DEBUG] [auth_logger:368] verify_password(): Verifying password
2025-11-20 13:20:53,436 [DEBUG] [auth_logger:379] verify_password(): Password verification result: True
2025-11-20 13:20:53,436 [DEBUG] [auth_logger:80] login_for_access_token(): Password validation result for user=edward.bayliss@pawtul.com: True
2025-11-20 13:20:53,572 [INFO] [auth_logger:93] login_for_access_token(): Business user 81e78254-85dc-464c-8aa4-455f9d9d47eb successfully logged in
2025-11-20 13:20:54,699 [DEBUG] [auth_logger:279] get_assets_info(): Assets sync request received
2025-11-20 13:20:54,699 [DEBUG] [auth_logger:283] get_assets_info(): Client hash: {'hash': '23c811a5e489f479791a0f8c71237ae7346c24a1510357fe947d7b77d6c30577'}
2025-11-20 13:20:54,765 [DEBUG] [auth_logger:292] get_assets_info(): Current assets hash: 23c811a5e489f479791a0f8c71237ae7346c24a1510357fe947d7b77d6c30577
2025-11-20 13:20:54,765 [DEBUG] [auth_logger:303] get_assets_info(): Missing avatars: 0
2025-11-20 13:21:51,886 [DEBUG] [auth_logger:69] login_for_access_token(): Received login request: {'username': 'alice@pettittpetservices.com', 'loginType': 'business'}
2025-11-20 13:21:51,953 [DEBUG] [auth_logger:73] login_for_access_token(): Queried business user: alice@pettittpetservices.com, Found: True
2025-11-20 13:21:51,953 [DEBUG] [auth_logger:368] verify_password(): Verifying password
2025-11-20 13:21:52,007 [DEBUG] [auth_logger:379] verify_password(): Password verification result: True
2025-11-20 13:21:52,007 [DEBUG] [auth_logger:80] login_for_access_token(): Password validation result for user=alice@pettittpetservices.com: True
2025-11-20 13:21:52,138 [INFO] [auth_logger:93] login_for_access_token(): Business user 471e9752-bcd7-4b95-9391-e890a0b2e1e8 successfully logged in
2025-11-20 13:21:53,161 [DEBUG] [auth_logger:279] get_assets_info(): Assets sync request received
2025-11-20 13:21:53,161 [DEBUG] [auth_logger:283] get_assets_info(): Client hash: {'hash': '23c811a5e489f479791a0f8c71237ae7346c24a1510357fe947d7b77d6c30577'}
2025-11-20 13:21:53,238 [DEBUG] [auth_logger:292] get_assets_info(): Current assets hash: 23c811a5e489f479791a0f8c71237ae7346c24a1510357fe947d7b77d6c30577
2025-11-20 13:21:53,239 [DEBUG] [auth_logger:303] get_assets_info(): Missing avatars: 0
2025-11-20 14:19:58,051 [DEBUG] [auth_logger:279] get_assets_info(): Assets sync request received
2025-11-20 14:19:58,056 [DEBUG] [auth_logger:283] get_assets_info(): Client hash: {'hash': '23c811a5e489f479791a0f8c71237ae7346c24a1510357fe947d7b77d6c30577'}
2025-11-20 14:19:58,132 [DEBUG] [auth_logger:292] get_assets_info(): Current assets hash: 23c811a5e489f479791a0f8c71237ae7346c24a1510357fe947d7b77d6c30577
2025-11-20 14:19:58,133 [DEBUG] [auth_logger:303] get_assets_info(): Missing avatars: 0
2025-11-20 14:20:03,027 [DEBUG] [auth_logger:220] check_client_email(): Client email check: edward.bayliss@pawtul.com
2025-11-20 14:20:03,112 [DEBUG] [auth_logger:238] check_client_email(): Client email lookup result count: 2
2025-11-21 08:02:05,199 [DEBUG] [auth_logger:279] get_assets_info(): Assets sync request received
2025-11-21 08:02:05,200 [DEBUG] [auth_logger:283] get_assets_info(): Client hash: {'hash': '23c811a5e489f479791a0f8c71237ae7346c24a1510357fe947d7b77d6c30577'}
2025-11-21 08:02:05,404 [DEBUG] [auth_logger:292] get_assets_info(): Current assets hash: 23c811a5e489f479791a0f8c71237ae7346c24a1510357fe947d7b77d6c30577
2025-11-21 08:02:05,408 [DEBUG] [auth_logger:303] get_assets_info(): Missing avatars: 0
2025-11-21 08:49:00,509 [DEBUG] [auth_logger:279] get_assets_info(): Assets sync request received
2025-11-21 08:49:00,511 [DEBUG] [auth_logger:283] get_assets_info(): Client hash: {'hash': '23c811a5e489f479791a0f8c71237ae7346c24a1510357fe947d7b77d6c30577'}
2025-11-21 08:49:00,587 [DEBUG] [auth_logger:292] get_assets_info(): Current assets hash: 23c811a5e489f479791a0f8c71237ae7346c24a1510357fe947d7b77d6c30577
2025-11-21 08:49:00,601 [DEBUG] [auth_logger:303] get_assets_info(): Missing avatars: 0
2025-11-21 09:41:48,126 [DEBUG] [auth_logger:279] get_assets_info(): Assets sync request received
2025-11-21 09:41:48,127 [DEBUG] [auth_logger:283] get_assets_info(): Client hash: {'hash': '23c811a5e489f479791a0f8c71237ae7346c24a1510357fe947d7b77d6c30577'}
2025-11-21 09:41:48,199 [DEBUG] [auth_logger:292] get_assets_info(): Current assets hash: 23c811a5e489f479791a0f8c71237ae7346c24a1510357fe947d7b77d6c30577
2025-11-21 09:41:48,202 [DEBUG] [auth_logger:303] get_assets_info(): Missing avatars: 0
2025-11-21 09:42:40,467 [DEBUG] [auth_logger:279] get_assets_info(): Assets sync request received
2025-11-21 09:42:40,468 [DEBUG] [auth_logger:283] get_assets_info(): Client hash: {'hash': '23c811a5e489f479791a0f8c71237ae7346c24a1510357fe947d7b77d6c30577'}
2025-11-21 09:42:40,535 [DEBUG] [auth_logger:292] get_assets_info(): Current assets hash: 23c811a5e489f479791a0f8c71237ae7346c24a1510357fe947d7b77d6c30577
2025-11-21 09:42:40,535 [DEBUG] [auth_logger:303] get_assets_info(): Missing avatars: 0
2025-11-21 09:49:55,371 [DEBUG] [auth_logger:279] get_assets_info(): Assets sync request received
2025-11-21 09:49:55,371 [DEBUG] [auth_logger:283] get_assets_info(): Client hash: {'hash': '23c811a5e489f479791a0f8c71237ae7346c24a1510357fe947d7b77d6c30577'}
2025-11-21 09:49:55,442 [DEBUG] [auth_logger:292] get_assets_info(): Current assets hash: 23c811a5e489f479791a0f8c71237ae7346c24a1510357fe947d7b77d6c30577
2025-11-21 09:49:55,443 [DEBUG] [auth_logger:303] get_assets_info(): Missing avatars: 0
2025-11-21 09:51:45,596 [DEBUG] [auth_logger:279] get_assets_info(): Assets sync request received
2025-11-21 09:51:45,596 [DEBUG] [auth_logger:283] get_assets_info(): Client hash: {'hash': '23c811a5e489f479791a0f8c71237ae7346c24a1510357fe947d7b77d6c30577'}
2025-11-21 09:51:45,662 [DEBUG] [auth_logger:292] get_assets_info(): Current assets hash: 23c811a5e489f479791a0f8c71237ae7346c24a1510357fe947d7b77d6c30577
2025-11-21 09:51:45,663 [DEBUG] [auth_logger:303] get_assets_info(): Missing avatars: 0
2025-11-21 09:57:17,401 [DEBUG] [auth_logger:279] get_assets_info(): Assets sync request received
2025-11-21 09:57:17,402 [DEBUG] [auth_logger:283] get_assets_info(): Client hash: {'hash': '23c811a5e489f479791a0f8c71237ae7346c24a1510357fe947d7b77d6c30577'}
2025-11-21 09:57:17,472 [DEBUG] [auth_logger:292] get_assets_info(): Current assets hash: 23c811a5e489f479791a0f8c71237ae7346c24a1510357fe947d7b77d6c30577
2025-11-21 09:57:17,473 [DEBUG] [auth_logger:303] get_assets_info(): Missing avatars: 0
2025-11-21 10:43:41,062 [DEBUG] [auth_logger:279] get_assets_info(): Assets sync request received
2025-11-21 10:43:41,063 [DEBUG] [auth_logger:283] get_assets_info(): Client hash: {'hash': '23c811a5e489f479791a0f8c71237ae7346c24a1510357fe947d7b77d6c30577'}
2025-11-21 10:43:41,322 [DEBUG] [auth_logger:292] get_assets_info(): Current assets hash: 23c811a5e489f479791a0f8c71237ae7346c24a1510357fe947d7b77d6c30577
2025-11-21 10:43:41,323 [DEBUG] [auth_logger:303] get_assets_info(): Missing avatars: 0
2025-11-21 11:07:26,538 [DEBUG] [auth_logger:279] get_assets_info(): Assets sync request received
2025-11-21 11:07:26,538 [DEBUG] [auth_logger:283] get_assets_info(): Client hash: {'hash': '23c811a5e489f479791a0f8c71237ae7346c24a1510357fe947d7b77d6c30577'}
2025-11-21 11:07:26,797 [DEBUG] [auth_logger:292] get_assets_info(): Current assets hash: 23c811a5e489f479791a0f8c71237ae7346c24a1510357fe947d7b77d6c30577
2025-11-21 11:07:26,799 [DEBUG] [auth_logger:303] get_assets_info(): Missing avatars: 0
2025-11-21 11:27:01,903 [DEBUG] [auth_logger:279] get_assets_info(): Assets sync request received
2025-11-21 11:27:01,904 [DEBUG] [auth_logger:283] get_assets_info(): Client hash: {'hash': '23c811a5e489f479791a0f8c71237ae7346c24a1510357fe947d7b77d6c30577'}
2025-11-21 11:27:01,986 [DEBUG] [auth_logger:292] get_assets_info(): Current assets hash: 23c811a5e489f479791a0f8c71237ae7346c24a1510357fe947d7b77d6c30577
2025-11-21 11:27:01,989 [DEBUG] [auth_logger:303] get_assets_info(): Missing avatars: 0
2025-11-21 11:38:41,653 [DEBUG] [auth_logger:279] get_assets_info(): Assets sync request received
2025-11-21 11:38:41,653 [DEBUG] [auth_logger:283] get_assets_info(): Client hash: {'hash': '23c811a5e489f479791a0f8c71237ae7346c24a1510357fe947d7b77d6c30577'}
2025-11-21 11:38:41,758 [DEBUG] [auth_logger:292] get_assets_info(): Current assets hash: 23c811a5e489f479791a0f8c71237ae7346c24a1510357fe947d7b77d6c30577
2025-11-21 11:38:41,759 [DEBUG] [auth_logger:303] get_assets_info(): Missing avatars: 0
2025-11-21 11:38:54,469 [DEBUG] [auth_logger:279] get_assets_info(): Assets sync request received
2025-11-21 11:38:54,469 [DEBUG] [auth_logger:283] get_assets_info(): Client hash: {'hash': '23c811a5e489f479791a0f8c71237ae7346c24a1510357fe947d7b77d6c30577'}
2025-11-21 11:38:54,548 [DEBUG] [auth_logger:292] get_assets_info(): Current assets hash: 23c811a5e489f479791a0f8c71237ae7346c24a1510357fe947d7b77d6c30577
2025-11-21 11:38:54,549 [DEBUG] [auth_logger:303] get_assets_info(): Missing avatars: 0
2025-11-21 11:40:43,423 [DEBUG] [auth_logger:279] get_assets_info(): Assets sync request received
2025-11-21 11:40:43,423 [DEBUG] [auth_logger:283] get_assets_info(): Client hash: {'hash': '23c811a5e489f479791a0f8c71237ae7346c24a1510357fe947d7b77d6c30577'}
2025-11-21 11:40:43,502 [DEBUG] [auth_logger:292] get_assets_info(): Current assets hash: 23c811a5e489f479791a0f8c71237ae7346c24a1510357fe947d7b77d6c30577
2025-11-21 11:40:43,503 [DEBUG] [auth_logger:303] get_assets_info(): Missing avatars: 0
2025-11-21 11:42:05,972 [DEBUG] [auth_logger:279] get_assets_info(): Assets sync request received
2025-11-21 11:42:05,972 [DEBUG] [auth_logger:283] get_assets_info(): Client hash: {'hash': '23c811a5e489f479791a0f8c71237ae7346c24a1510357fe947d7b77d6c30577'}
2025-11-21 11:42:06,215 [DEBUG] [auth_logger:292] get_assets_info(): Current assets hash: 23c811a5e489f479791a0f8c71237ae7346c24a1510357fe947d7b77d6c30577
2025-11-21 11:42:06,216 [DEBUG] [auth_logger:303] get_assets_info(): Missing avatars: 0
2025-11-21 11:43:23,448 [DEBUG] [auth_logger:279] get_assets_info(): Assets sync request received
2025-11-21 11:43:23,448 [DEBUG] [auth_logger:283] get_assets_info(): Client hash: {'hash': '23c811a5e489f479791a0f8c71237ae7346c24a1510357fe947d7b77d6c30577'}
2025-11-21 11:43:23,583 [DEBUG] [auth_logger:292] get_assets_info(): Current assets hash: 23c811a5e489f479791a0f8c71237ae7346c24a1510357fe947d7b77d6c30577
2025-11-21 11:43:23,585 [DEBUG] [auth_logger:303] get_assets_info(): Missing avatars: 0
2025-11-21 12:16:28,380 [DEBUG] [auth_logger:279] get_assets_info(): Assets sync request received
2025-11-21 12:16:28,380 [DEBUG] [auth_logger:283] get_assets_info(): Client hash: {'hash': '23c811a5e489f479791a0f8c71237ae7346c24a1510357fe947d7b77d6c30577'}
2025-11-21 12:16:28,489 [DEBUG] [auth_logger:292] get_assets_info(): Current assets hash: 23c811a5e489f479791a0f8c71237ae7346c24a1510357fe947d7b77d6c30577
2025-11-21 12:16:28,490 [DEBUG] [auth_logger:303] get_assets_info(): Missing avatars: 0
2025-11-21 14:00:48,729 [DEBUG] [auth_logger:65] login_for_access_token(): Received login request: {'username': 'edward.bayliss@icloud.com', 'loginType': 'client'}
2025-11-21 14:01:41,550 [DEBUG] [auth_logger:65] login_for_access_token(): Received login request: {'username': 'edward.bayliss@icloud.com', 'loginType': 'client'}
2025-11-21 14:02:18,255 [DEBUG] [auth_logger:66] login_for_access_token(): Received login request: {'username': 'edward.bayliss@icloud.com', 'loginType': 'client'}
2025-11-21 14:02:35,591 [DEBUG] [auth_logger:65] login_for_access_token(): Received login request: {'username': 'edward.bayliss@icloud.com', 'loginType': 'client'}
2025-11-21 14:02:54,164 [DEBUG] [auth_logger:65] login_for_access_token(): Received login request: {'username': 'edward.bayliss@icloud.com', 'loginType': 'user'}
2025-11-21 14:02:55,895 [DEBUG] [auth_logger:65] login_for_access_token(): Received login request: {'username': 'edward.bayliss@icloud.com', 'loginType': 'user'}
2025-11-21 14:03:10,477 [DEBUG] [auth_logger:65] login_for_access_token(): Received login request: {'username': 'edward.bayliss@icloud.com', 'loginType': 'business'}
2025-11-21 14:04:49,495 [DEBUG] [auth_logger:65] login_for_access_token(): Received login request: {'username': 'edward.bayliss@icloud.com', 'loginType': 'business'}
2025-11-21 14:05:13,312 [DEBUG] [auth_logger:65] login_for_access_token(): Received login request: {'username': 'edward.bayliss@icloud.com', 'loginType': 'business'}
2025-11-21 14:05:36,150 [DEBUG] [auth_logger:65] login_for_access_token(): Received login request: {'username': '07768046582', 'loginType': 'business'}
2025-11-21 14:05:59,812 [DEBUG] [auth_logger:65] login_for_access_token(): Received login request: {'username': '07768046582', 'loginType': 'business'}
2025-11-21 14:06:20,852 [DEBUG] [auth_logger:65] login_for_access_token(): Received login request: {'username': '07768046582', 'loginType': 'business'}
2025-11-21 14:07:04,259 [DEBUG] [auth_logger:65] login_for_access_token(): Received login request: {'username': '07768046582', 'loginType': 'business'}
2025-11-21 14:08:52,548 [DEBUG] [auth_logger:65] login_for_access_token(): Received login request: {'username': '07768046582', 'loginType': 'business'}
2025-11-21 14:10:16,169 [DEBUG] [auth_logger:65] login_for_access_token(): Received login request: {'username': '07768046582', 'loginType': 'business'}
2025-11-21 14:10:16,259 [DEBUG] [auth_logger:69] login_for_access_token(): Queried business user: 07768046582, Found: True
2025-11-21 14:10:16,259 [DEBUG] [auth_logger:296] verify_password(): Verifying password
2025-11-21 14:10:16,260 [DEBUG] [auth_logger:307] verify_password(): Password verification result: False
2025-11-21 14:10:16,260 [DEBUG] [auth_logger:76] login_for_access_token(): Password validation result for user=07768046582: False
2025-11-21 14:10:16,260 [WARNING] [auth_logger:79] login_for_access_token(): Login failed for user=07768046582: invalid password
2025-11-21 14:10:35,255 [DEBUG] [auth_logger:65] login_for_access_token(): Received login request: {'username': '07768046582', 'loginType': 'business'}
2025-11-21 14:10:35,337 [DEBUG] [auth_logger:70] login_for_access_token(): Queried business user: 07768046582, Found: True
2025-11-21 14:10:35,337 [DEBUG] [auth_logger:297] verify_password(): Verifying password
2025-11-21 14:10:35,337 [DEBUG] [auth_logger:308] verify_password(): Password verification result: False
2025-11-21 14:10:35,337 [DEBUG] [auth_logger:77] login_for_access_token(): Password validation result for user=07768046582: False
2025-11-21 14:10:35,337 [WARNING] [auth_logger:80] login_for_access_token(): Login failed for user=07768046582: invalid password
2025-11-21 14:10:39,916 [DEBUG] [auth_logger:65] login_for_access_token(): Received login request: {'username': '07768046582', 'loginType': 'business'}
2025-11-21 14:10:39,988 [DEBUG] [auth_logger:70] login_for_access_token(): Queried business user: 07768046582, Found: True
2025-11-21 14:10:39,988 [DEBUG] [auth_logger:297] verify_password(): Verifying password
2025-11-21 14:10:39,988 [DEBUG] [auth_logger:308] verify_password(): Password verification result: False
2025-11-21 14:10:39,988 [DEBUG] [auth_logger:77] login_for_access_token(): Password validation result for user=07768046582: False
2025-11-21 14:10:39,988 [WARNING] [auth_logger:80] login_for_access_token(): Login failed for user=07768046582: invalid password
2025-11-21 14:11:20,275 [DEBUG] [auth_logger:65] login_for_access_token(): Received login request: {'username': '07768046582', 'loginType': 'business'}
2025-11-21 14:11:20,358 [DEBUG] [auth_logger:70] login_for_access_token(): Queried business user: 07768046582, Found: True
2025-11-21 14:11:20,358 [DEBUG] [auth_logger:297] verify_password(): Verifying password
2025-11-21 14:11:20,358 [DEBUG] [auth_logger:308] verify_password(): Password verification result: False
2025-11-21 14:11:20,358 [DEBUG] [auth_logger:77] login_for_access_token(): Password validation result for user=07768046582: False
2025-11-21 14:11:20,358 [WARNING] [auth_logger:80] login_for_access_token(): Login failed for user=07768046582: invalid password
2025-11-21 14:11:37,957 [DEBUG] [auth_logger:65] login_for_access_token(): Received login request: {'username': '07768046582', 'loginType': 'business'}
2025-11-21 14:11:38,032 [DEBUG] [auth_logger:70] login_for_access_token(): Queried business user: 07768046582, Found: True
2025-11-21 14:11:38,032 [DEBUG] [auth_logger:298] verify_password(): Verifying password
2025-11-21 14:11:38,032 [DEBUG] [auth_logger:309] verify_password(): Password verification result: False
2025-11-21 14:11:38,226 [INFO] [auth_logger:91] login_for_access_token(): Business user 57f6124b-a436-4e59-86ad-49117cdc2fb2 successfully logged in
2025-11-21 14:15:44,816 [DEBUG] [auth_logger:65] login_for_access_token(): Received login request: {'username': '07768046582', 'loginType': 'business'}
2025-11-21 14:15:44,902 [DEBUG] [auth_logger:70] login_for_access_token(): Queried business user: 07768046582, Found: True
2025-11-21 14:15:44,902 [DEBUG] [auth_logger:297] verify_password(): Verifying password
2025-11-21 14:15:44,902 [DEBUG] [auth_logger:308] verify_password(): Password verification result: False
2025-11-21 14:15:45,056 [INFO] [auth_logger:90] login_for_access_token(): Business user 57f6124b-a436-4e59-86ad-49117cdc2fb2 successfully logged in
2025-11-21 14:16:42,450 [DEBUG] [auth_logger:65] login_for_access_token(): Received login request: {'username': 'test@', 'loginType': 'business'}
2025-11-21 14:16:43,845 [DEBUG] [auth_logger:70] login_for_access_token(): Queried business user: test@, Found: False
2025-11-21 14:16:43,845 [WARNING] [auth_logger:73] login_for_access_token(): Login failed for user=test@: user not found
2025-11-21 14:16:48,597 [DEBUG] [auth_logger:65] login_for_access_token(): Received login request: {'username': '07768046582', 'loginType': 'business'}
2025-11-21 14:16:48,693 [DEBUG] [auth_logger:70] login_for_access_token(): Queried business user: 07768046582, Found: True
2025-11-21 14:16:48,693 [DEBUG] [auth_logger:297] verify_password(): Verifying password
2025-11-21 14:16:48,693 [DEBUG] [auth_logger:308] verify_password(): Password verification result: False
2025-11-21 14:16:48,865 [INFO] [auth_logger:90] login_for_access_token(): Business user 57f6124b-a436-4e59-86ad-49117cdc2fb2 successfully logged in
2025-11-21 14:17:58,122 [DEBUG] [auth_logger:65] login_for_access_token(): Received login request: {'username': '07768046582', 'loginType': 'business'}
2025-11-21 14:17:58,205 [DEBUG] [auth_logger:70] login_for_access_token(): Queried business user: 07768046582, Found: True
2025-11-21 14:17:58,205 [DEBUG] [auth_logger:297] verify_password(): Verifying password
2025-11-21 14:17:58,205 [DEBUG] [auth_logger:308] verify_password(): Password verification result: False
2025-11-21 14:17:58,363 [INFO] [auth_logger:90] login_for_access_token(): Business user 57f6124b-a436-4e59-86ad-49117cdc2fb2 successfully logged in
2025-11-21 14:18:20,421 [DEBUG] [auth_logger:65] login_for_access_token(): Received login request: {'username': '07768046582', 'loginType': 'business'}
2025-11-21 14:18:20,493 [DEBUG] [auth_logger:70] login_for_access_token(): Queried business user: 07768046582, Found: True
2025-11-21 14:18:20,493 [DEBUG] [auth_logger:297] verify_password(): Verifying password
2025-11-21 14:18:20,494 [DEBUG] [auth_logger:308] verify_password(): Password verification result: False
2025-11-21 14:18:20,680 [INFO] [auth_logger:90] login_for_access_token(): Business user 57f6124b-a436-4e59-86ad-49117cdc2fb2 successfully logged in
2025-11-21 14:21:57,821 [DEBUG] [auth_logger:65] login_for_access_token(): Received login request: {'username': '07768046582', 'loginType': 'business'}
2025-11-21 14:21:57,916 [DEBUG] [auth_logger:70] login_for_access_token(): Queried business user: 07768046582, Found: True
2025-11-21 14:21:57,916 [DEBUG] [auth_logger:297] verify_password(): Verifying password
2025-11-21 14:21:57,916 [DEBUG] [auth_logger:308] verify_password(): Password verification result: False
2025-11-21 14:21:58,056 [INFO] [auth_logger:90] login_for_access_token(): Business user 57f6124b-a436-4e59-86ad-49117cdc2fb2 successfully logged in
2025-11-21 15:49:53,651 [DEBUG] [auth_logger:65] login_for_access_token(): Received login request: {'username': '07768046582', 'loginType': 'business'}
2025-11-21 15:49:53,651 [DEBUG] [auth_logger:65] login_for_access_token(): Received login request: {'username': '07768046582', 'loginType': 'business'}
2025-11-21 15:49:53,651 [DEBUG] [auth_logger:65] login_for_access_token(): Received login request: {'username': '07768046582', 'loginType': 'business'}
2025-11-21 15:49:53,651 [DEBUG] [auth_logger:65] login_for_access_token(): Received login request: {'username': '07768046582', 'loginType': 'business'}
2025-11-21 15:49:53,759 [DEBUG] [auth_logger:70] login_for_access_token(): Queried business user: 07768046582, Found: True
2025-11-21 15:49:53,759 [DEBUG] [auth_logger:70] login_for_access_token(): Queried business user: 07768046582, Found: True
2025-11-21 15:49:53,759 [DEBUG] [auth_logger:70] login_for_access_token(): Queried business user: 07768046582, Found: True
2025-11-21 15:49:53,759 [DEBUG] [auth_logger:70] login_for_access_token(): Queried business user: 07768046582, Found: True
2025-11-21 15:49:53,760 [DEBUG] [auth_logger:297] verify_password(): Verifying password
2025-11-21 15:49:53,760 [DEBUG] [auth_logger:297] verify_password(): Verifying password
2025-11-21 15:49:53,760 [DEBUG] [auth_logger:297] verify_password(): Verifying password
2025-11-21 15:49:53,760 [DEBUG] [auth_logger:297] verify_password(): Verifying password
2025-11-21 15:49:53,760 [DEBUG] [auth_logger:308] verify_password(): Password verification result: False
2025-11-21 15:49:53,760 [DEBUG] [auth_logger:308] verify_password(): Password verification result: False
2025-11-21 15:49:53,760 [DEBUG] [auth_logger:308] verify_password(): Password verification result: False
2025-11-21 15:49:53,760 [DEBUG] [auth_logger:308] verify_password(): Password verification result: False
2025-11-21 15:49:53,943 [INFO] [auth_logger:90] login_for_access_token(): Business user 57f6124b-a436-4e59-86ad-49117cdc2fb2 successfully logged in
2025-11-21 15:49:53,943 [INFO] [auth_logger:90] login_for_access_token(): Business user 57f6124b-a436-4e59-86ad-49117cdc2fb2 successfully logged in
2025-11-21 15:49:53,943 [INFO] [auth_logger:90] login_for_access_token(): Business user 57f6124b-a436-4e59-86ad-49117cdc2fb2 successfully logged in
2025-11-21 15:49:53,943 [INFO] [auth_logger:90] login_for_access_token(): Business user 57f6124b-a436-4e59-86ad-49117cdc2fb2 successfully logged in
2025-11-25 08:18:21,284 [DEBUG] [auth_logger:65] login_for_access_token(): Received login request: {'username': '07768046582', 'loginType': 'business'}
2025-11-25 08:18:21,284 [DEBUG] [auth_logger:65] login_for_access_token(): Received login request: {'username': '07768046582', 'loginType': 'business'}
2025-11-25 08:18:21,284 [DEBUG] [auth_logger:65] login_for_access_token(): Received login request: {'username': '07768046582', 'loginType': 'business'}
2025-11-25 08:18:21,284 [DEBUG] [auth_logger:65] login_for_access_token(): Received login request: {'username': '07768046582', 'loginType': 'business'}
2025-11-25 08:18:21,672 [DEBUG] [auth_logger:70] login_for_access_token(): Queried business user: 07768046582, Found: True
2025-11-25 08:18:21,672 [DEBUG] [auth_logger:70] login_for_access_token(): Queried business user: 07768046582, Found: True
2025-11-25 08:18:21,672 [DEBUG] [auth_logger:70] login_for_access_token(): Queried business user: 07768046582, Found: True
2025-11-25 08:18:21,672 [DEBUG] [auth_logger:70] login_for_access_token(): Queried business user: 07768046582, Found: True
2025-11-25 08:18:21,672 [DEBUG] [auth_logger:297] verify_password(): Verifying password
2025-11-25 08:18:21,672 [DEBUG] [auth_logger:297] verify_password(): Verifying password
2025-11-25 08:18:21,672 [DEBUG] [auth_logger:297] verify_password(): Verifying password
2025-11-25 08:18:21,672 [DEBUG] [auth_logger:297] verify_password(): Verifying password
2025-11-25 08:18:21,672 [DEBUG] [auth_logger:308] verify_password(): Password verification result: False
2025-11-25 08:18:21,672 [DEBUG] [auth_logger:308] verify_password(): Password verification result: False
2025-11-25 08:18:21,672 [DEBUG] [auth_logger:308] verify_password(): Password verification result: False
2025-11-25 08:18:21,672 [DEBUG] [auth_logger:308] verify_password(): Password verification result: False
2025-11-25 08:18:22,258 [INFO] [auth_logger:90] login_for_access_token(): Business user 57f6124b-a436-4e59-86ad-49117cdc2fb2 successfully logged in
2025-11-25 08:18:22,258 [INFO] [auth_logger:90] login_for_access_token(): Business user 57f6124b-a436-4e59-86ad-49117cdc2fb2 successfully logged in
2025-11-25 08:18:22,258 [INFO] [auth_logger:90] login_for_access_token(): Business user 57f6124b-a436-4e59-86ad-49117cdc2fb2 successfully logged in
2025-11-25 08:18:22,258 [INFO] [auth_logger:90] login_for_access_token(): Business user 57f6124b-a436-4e59-86ad-49117cdc2fb2 successfully logged in
2025-11-25 09:29:28,980 [DEBUG] [auth_logger:65] login_for_access_token(): Received login request: {'username': '07768046582', 'loginType': 'business'}
2025-11-25 09:29:28,980 [DEBUG] [auth_logger:65] login_for_access_token(): Received login request: {'username': '07768046582', 'loginType': 'business'}
2025-11-25 09:29:28,980 [DEBUG] [auth_logger:65] login_for_access_token(): Received login request: {'username': '07768046582', 'loginType': 'business'}
2025-11-25 09:29:28,980 [DEBUG] [auth_logger:65] login_for_access_token(): Received login request: {'username': '07768046582', 'loginType': 'business'}
2025-11-25 09:29:39,476 [DEBUG] [auth_logger:70] login_for_access_token(): Queried business user: 07768046582, Found: True
2025-11-25 09:29:39,476 [DEBUG] [auth_logger:70] login_for_access_token(): Queried business user: 07768046582, Found: True
2025-11-25 09:29:39,476 [DEBUG] [auth_logger:70] login_for_access_token(): Queried business user: 07768046582, Found: True
2025-11-25 09:29:39,476 [DEBUG] [auth_logger:70] login_for_access_token(): Queried business user: 07768046582, Found: True
2025-11-25 09:29:39,477 [DEBUG] [auth_logger:297] verify_password(): Verifying password
2025-11-25 09:29:39,477 [DEBUG] [auth_logger:297] verify_password(): Verifying password
2025-11-25 09:29:39,477 [DEBUG] [auth_logger:297] verify_password(): Verifying password
2025-11-25 09:29:39,477 [DEBUG] [auth_logger:297] verify_password(): Verifying password
2025-11-25 09:29:39,477 [DEBUG] [auth_logger:308] verify_password(): Password verification result: False
2025-11-25 09:29:39,477 [DEBUG] [auth_logger:308] verify_password(): Password verification result: False
2025-11-25 09:29:39,477 [DEBUG] [auth_logger:308] verify_password(): Password verification result: False
2025-11-25 09:29:39,477 [DEBUG] [auth_logger:308] verify_password(): Password verification result: False
2025-11-25 09:30:00,978 [INFO] [auth_logger:90] login_for_access_token(): Business user 57f6124b-a436-4e59-86ad-49117cdc2fb2 successfully logged in
2025-11-25 09:30:00,978 [INFO] [auth_logger:90] login_for_access_token(): Business user 57f6124b-a436-4e59-86ad-49117cdc2fb2 successfully logged in
2025-11-25 09:30:00,978 [INFO] [auth_logger:90] login_for_access_token(): Business user 57f6124b-a436-4e59-86ad-49117cdc2fb2 successfully logged in
2025-11-25 09:30:00,978 [INFO] [auth_logger:90] login_for_access_token(): Business user 57f6124b-a436-4e59-86ad-49117cdc2fb2 successfully logged in
2026-03-02 16:08:08,139 [DEBUG] [auth_logger:67] login_for_access_token(): Received login request: {'username': 'test@test.com', 'loginType': 'business'}
2026-03-02 16:08:08,139 [DEBUG] [auth_logger:67] login_for_access_token(): Received login request: {'username': 'test@test.com', 'loginType': 'business'}
2026-03-02 16:08:08,139 [DEBUG] [auth_logger:67] login_for_access_token(): Received login request: {'username': 'test@test.com', 'loginType': 'business'}
2026-03-02 16:08:08,139 [DEBUG] [auth_logger:67] login_for_access_token(): Received login request: {'username': 'test@test.com', 'loginType': 'business'}
2026-03-02 16:08:08,229 [DEBUG] [auth_logger:72] login_for_access_token(): Queried business user: test@test.com, Found: False
2026-03-02 16:08:08,229 [DEBUG] [auth_logger:72] login_for_access_token(): Queried business user: test@test.com, Found: False
2026-03-02 16:08:08,229 [DEBUG] [auth_logger:72] login_for_access_token(): Queried business user: test@test.com, Found: False
2026-03-02 16:08:08,229 [DEBUG] [auth_logger:72] login_for_access_token(): Queried business user: test@test.com, Found: False
2026-03-02 16:08:08,229 [WARNING] [auth_logger:75] login_for_access_token(): Login failed for user=test@test.com: user not found
2026-03-02 16:08:08,229 [WARNING] [auth_logger:75] login_for_access_token(): Login failed for user=test@test.com: user not found
2026-03-02 16:08:08,229 [WARNING] [auth_logger:75] login_for_access_token(): Login failed for user=test@test.com: user not found
2026-03-02 16:08:08,229 [WARNING] [auth_logger:75] login_for_access_token(): Login failed for user=test@test.com: user not found
