2025-11-04 10:02:16 [INFO] load_clients_for_business started
2025-11-04 10:02:16 [DEBUG] load_clients_for_business: user_id=81e78254-85dc-464c-8aa4-455f9d9d47eb
2025-11-04 10:02:16 [DEBUG] Active clients fetched: 5 for business_id=79581f88-5042-43d0-9594-ba81e70130b0
2025-11-04 10:02:16 [DEBUG] Archived clients fetched: 0 for business_id=79581f88-5042-43d0-9594-ba81e70130b0
2025-11-04 10:02:16 [INFO] load_clients_for_business completed in 262.84 ms
2025-11-04 10:02:26 [INFO] create_client_profile started
2025-11-04 10:02:26 [DEBUG] create_client_profile payload keys=['firstname', 'lastname', 'email', 'phone', 'address1', 'address2', 'address3', 'address4', 'postcode', 'avatar']
2025-11-04 10:02:26 [INFO] create_client_profile: client created id=8b1e4c7a-bfdd-4acd-89b6-48d61a1e448c
2025-11-04 10:02:26 [INFO] create_client_profile completed in 123.07 ms
2025-11-04 10:02:26 [INFO] load_clients_for_business started
2025-11-04 10:02:26 [DEBUG] load_clients_for_business: user_id=81e78254-85dc-464c-8aa4-455f9d9d47eb
2025-11-04 10:02:26 [DEBUG] Active clients fetched: 6 for business_id=79581f88-5042-43d0-9594-ba81e70130b0
2025-11-04 10:02:26 [DEBUG] Archived clients fetched: 0 for business_id=79581f88-5042-43d0-9594-ba81e70130b0
2025-11-04 10:02:26 [INFO] load_clients_for_business completed in 329.64 ms
2025-11-04 10:02:28 [INFO] load_full_client_profile started
2025-11-04 10:02:28 [DEBUG] load_full_client_profile payload keys=['client_id']
2025-11-04 10:02:28 [DEBUG] Pets rows fetched: 0 for client_id=8b1e4c7a-bfdd-4acd-89b6-48d61a1e448c
2025-11-04 10:02:28 [INFO] load_full_client_profile completed in 4.91 ms
2025-11-04 10:02:29 [INFO] load_clients_for_business started
2025-11-04 10:02:29 [DEBUG] load_clients_for_business: user_id=81e78254-85dc-464c-8aa4-455f9d9d47eb
2025-11-04 10:02:29 [DEBUG] Active clients fetched: 6 for business_id=79581f88-5042-43d0-9594-ba81e70130b0
2025-11-04 10:02:29 [DEBUG] Archived clients fetched: 0 for business_id=79581f88-5042-43d0-9594-ba81e70130b0
2025-11-04 10:02:29 [INFO] load_clients_for_business completed in 262.65 ms
2025-11-04 10:02:39 [INFO] load_clients_for_business started
2025-11-04 10:02:39 [DEBUG] load_clients_for_business: user_id=81e78254-85dc-464c-8aa4-455f9d9d47eb
2025-11-04 10:02:39 [DEBUG] Active clients fetched: 6 for business_id=79581f88-5042-43d0-9594-ba81e70130b0
2025-11-04 10:02:39 [DEBUG] Archived clients fetched: 0 for business_id=79581f88-5042-43d0-9594-ba81e70130b0
2025-11-04 10:02:39 [INFO] load_clients_for_business completed in 262.10 ms
2025-11-04 10:02:54 [INFO] load_clients_for_business started
2025-11-04 10:02:54 [DEBUG] load_clients_for_business: user_id=81e78254-85dc-464c-8aa4-455f9d9d47eb
2025-11-04 10:02:54 [DEBUG] Active clients fetched: 6 for business_id=79581f88-5042-43d0-9594-ba81e70130b0
2025-11-04 10:02:54 [DEBUG] Archived clients fetched: 0 for business_id=79581f88-5042-43d0-9594-ba81e70130b0
2025-11-04 10:02:54 [INFO] load_clients_for_business completed in 250.53 ms
2025-11-04 10:02:55 [INFO] load_full_client_profile started
2025-11-04 10:02:55 [DEBUG] load_full_client_profile payload keys=['client_id']
2025-11-04 10:02:55 [DEBUG] Pets rows fetched: 1 for client_id=8b1e4c7a-bfdd-4acd-89b6-48d61a1e448c
2025-11-04 10:02:55 [INFO] load_full_client_profile completed in 2.80 ms
2025-11-04 10:02:57 [INFO] load_clients_for_business started
2025-11-04 10:02:57 [DEBUG] load_clients_for_business: user_id=81e78254-85dc-464c-8aa4-455f9d9d47eb
2025-11-04 10:02:57 [DEBUG] Active clients fetched: 6 for business_id=79581f88-5042-43d0-9594-ba81e70130b0
2025-11-04 10:02:57 [DEBUG] Archived clients fetched: 0 for business_id=79581f88-5042-43d0-9594-ba81e70130b0
2025-11-04 10:02:57 [INFO] load_clients_for_business completed in 255.40 ms
2025-11-04 10:03:30 [INFO] load_clients_for_business started
2025-11-04 10:03:30 [DEBUG] load_clients_for_business: user_id=81e78254-85dc-464c-8aa4-455f9d9d47eb
2025-11-04 10:03:30 [DEBUG] Active clients fetched: 6 for business_id=79581f88-5042-43d0-9594-ba81e70130b0
2025-11-04 10:03:30 [DEBUG] Archived clients fetched: 0 for business_id=79581f88-5042-43d0-9594-ba81e70130b0
2025-11-04 10:03:30 [INFO] load_clients_for_business completed in 253.65 ms
2025-11-04 10:03:33 [INFO] archive_client started
2025-11-04 10:03:33 [DEBUG] archive_client payload keys=['client_id']
2025-11-04 10:03:33 [DEBUG] archive_client: archiving 1 pets for client_id=8b1e4c7a-bfdd-4acd-89b6-48d61a1e448c
2025-11-04 10:03:33 [INFO] archive_client: archived client_id=8b1e4c7a-bfdd-4acd-89b6-48d61a1e448c
2025-11-04 10:03:33 [INFO] archive_client completed in 150.35 ms
2025-11-04 10:03:33 [INFO] load_clients_for_business started
2025-11-04 10:03:33 [DEBUG] load_clients_for_business: user_id=81e78254-85dc-464c-8aa4-455f9d9d47eb
2025-11-04 10:03:33 [DEBUG] Active clients fetched: 5 for business_id=79581f88-5042-43d0-9594-ba81e70130b0
2025-11-04 10:03:33 [DEBUG] Archived clients fetched: 1 for business_id=79581f88-5042-43d0-9594-ba81e70130b0
2025-11-04 10:03:33 [INFO] load_clients_for_business completed in 358.11 ms
2025-11-04 10:03:42 [INFO] restore_client started
2025-11-04 10:03:42 [INFO] restore_client: client_id=8b1e4c7a-bfdd-4acd-89b6-48d61a1e448c
2025-11-04 10:03:42 [DEBUG] restore_client: restoring 1 pets for client_id=8b1e4c7a-bfdd-4acd-89b6-48d61a1e448c
2025-11-04 10:03:42 [INFO] restore_client: restored client_id=8b1e4c7a-bfdd-4acd-89b6-48d61a1e448c
2025-11-04 10:03:42 [INFO] restore_client completed in 95.31 ms
2025-11-04 10:03:42 [INFO] load_clients_for_business started
2025-11-04 10:03:42 [DEBUG] load_clients_for_business: user_id=81e78254-85dc-464c-8aa4-455f9d9d47eb
2025-11-04 10:03:42 [DEBUG] Active clients fetched: 6 for business_id=79581f88-5042-43d0-9594-ba81e70130b0
2025-11-04 10:03:42 [DEBUG] Archived clients fetched: 0 for business_id=79581f88-5042-43d0-9594-ba81e70130b0
2025-11-04 10:03:42 [INFO] load_clients_for_business completed in 305.31 ms
2025-11-04 10:03:46 [INFO] archive_client started
2025-11-04 10:03:46 [DEBUG] archive_client payload keys=['client_id']
2025-11-04 10:03:46 [DEBUG] archive_client: archiving 1 pets for client_id=8b1e4c7a-bfdd-4acd-89b6-48d61a1e448c
2025-11-04 10:03:46 [INFO] archive_client: archived client_id=8b1e4c7a-bfdd-4acd-89b6-48d61a1e448c
2025-11-04 10:03:46 [INFO] archive_client completed in 116.12 ms
2025-11-04 10:03:46 [INFO] load_clients_for_business started
2025-11-04 10:03:46 [DEBUG] load_clients_for_business: user_id=81e78254-85dc-464c-8aa4-455f9d9d47eb
2025-11-04 10:03:46 [DEBUG] Active clients fetched: 5 for business_id=79581f88-5042-43d0-9594-ba81e70130b0
2025-11-04 10:03:46 [DEBUG] Archived clients fetched: 1 for business_id=79581f88-5042-43d0-9594-ba81e70130b0
2025-11-04 10:03:46 [INFO] load_clients_for_business completed in 279.46 ms
2025-11-04 10:03:49 [INFO] delete_client started
2025-11-04 10:03:49 [INFO] delete_client: client_id=8b1e4c7a-bfdd-4acd-89b6-48d61a1e448c
2025-11-04 10:03:49 [DEBUG] delete_client: deleting 1 archived pets for client_id=8b1e4c7a-bfdd-4acd-89b6-48d61a1e448c
2025-11-04 10:03:49 [INFO] delete_client: deleted client_id=8b1e4c7a-bfdd-4acd-89b6-48d61a1e448c from archive
2025-11-04 10:03:49 [INFO] delete_client completed in 27.28 ms
2025-11-04 10:03:49 [INFO] load_clients_for_business started
2025-11-04 10:03:49 [DEBUG] load_clients_for_business: user_id=81e78254-85dc-464c-8aa4-455f9d9d47eb
2025-11-04 10:03:49 [DEBUG] Active clients fetched: 5 for business_id=79581f88-5042-43d0-9594-ba81e70130b0
2025-11-04 10:03:49 [DEBUG] Archived clients fetched: 0 for business_id=79581f88-5042-43d0-9594-ba81e70130b0
2025-11-04 10:03:49 [INFO] load_clients_for_business completed in 254.00 ms
2025-11-04 10:06:22 [INFO] load_clients_for_business started
2025-11-04 10:06:22 [DEBUG] load_clients_for_business: user_id=81e78254-85dc-464c-8aa4-455f9d9d47eb
2025-11-04 10:06:23 [DEBUG] Active clients fetched: 5 for business_id=79581f88-5042-43d0-9594-ba81e70130b0
2025-11-04 10:06:23 [DEBUG] Archived clients fetched: 0 for business_id=79581f88-5042-43d0-9594-ba81e70130b0
2025-11-04 10:06:23 [INFO] load_clients_for_business completed in 491.27 ms
2025-11-04 10:06:42 [INFO] load_clients_for_business started
2025-11-04 10:06:42 [DEBUG] load_clients_for_business: user_id=81e78254-85dc-464c-8aa4-455f9d9d47eb
2025-11-04 10:06:42 [DEBUG] Active clients fetched: 5 for business_id=79581f88-5042-43d0-9594-ba81e70130b0
2025-11-04 10:06:42 [DEBUG] Archived clients fetched: 0 for business_id=79581f88-5042-43d0-9594-ba81e70130b0
2025-11-04 10:06:42 [INFO] load_clients_for_business completed in 330.06 ms
2025-11-04 10:06:44 [INFO] load_clients_for_business started
2025-11-04 10:06:44 [DEBUG] load_clients_for_business: user_id=81e78254-85dc-464c-8aa4-455f9d9d47eb
2025-11-04 10:06:44 [DEBUG] Active clients fetched: 5 for business_id=79581f88-5042-43d0-9594-ba81e70130b0
2025-11-04 10:06:44 [DEBUG] Archived clients fetched: 0 for business_id=79581f88-5042-43d0-9594-ba81e70130b0
2025-11-04 10:06:44 [INFO] load_clients_for_business completed in 269.11 ms
2025-11-04 11:47:54 [INFO] load_full_client_profile started
2025-11-04 11:47:54 [DEBUG] load_full_client_profile payload keys=['client_id']
2025-11-04 11:47:54 [DEBUG] Pets rows fetched: 1 for client_id=1ef1b9a4-9927-45b4-8546-a1105d4cdbd1
2025-11-04 11:47:54 [INFO] load_full_client_profile completed in 77.73 ms
2025-11-04 11:49:57 [INFO] load_clients_for_business started
2025-11-04 11:49:57 [DEBUG] load_clients_for_business: user_id=81e78254-85dc-464c-8aa4-455f9d9d47eb
2025-11-04 11:49:58 [ERROR] load_clients_for_business raised HTTPException
Traceback (most recent call last):
  File "/Users/edward.bayliss/Developer/Pawtul/pawtul-fastapi-backend/app/routes/clients.py", line 79, in aw
    return await func(*args, **kwargs)
           ^^^^^^^^^^^^^^^^^^^^^^^^^^^
  File "/Users/edward.bayliss/Developer/Pawtul/pawtul-fastapi-backend/app/routes/clients.py", line 120, in load_clients_for_business
    valid_request(db, current_user.id)
    ~~~~~~~~~~~~~^^^^^^^^^^^^^^^^^^^^^
  File "/Users/edward.bayliss/Developer/Pawtul/pawtul-fastapi-backend/app/utils/reveunuecat.py", line 108, in valid_request
    raise HTTPException(status_code=402, detail=msg)
fastapi.exceptions.HTTPException: 402: 1
2025-11-04 11:49:58 [INFO] load_clients_for_business completed in 620.08 ms
2025-11-04 11:50:52 [INFO] load_clients_for_business started
2025-11-04 11:50:52 [DEBUG] load_clients_for_business: user_id=81e78254-85dc-464c-8aa4-455f9d9d47eb
2025-11-04 11:50:53 [DEBUG] Active clients fetched: 227 for business_id=9f15ae94-fd65-41f6-99d9-2d3831f4221a
2025-11-04 11:50:54 [DEBUG] Archived clients fetched: 37 for business_id=9f15ae94-fd65-41f6-99d9-2d3831f4221a
2025-11-04 11:50:54 [INFO] load_clients_for_business completed in 1494.04 ms
2025-11-04 11:52:28 [INFO] load_clients_for_business started
2025-11-04 11:52:28 [DEBUG] load_clients_for_business: user_id=81e78254-85dc-464c-8aa4-455f9d9d47eb
2025-11-04 11:52:28 [ERROR] load_clients_for_business raised HTTPException
Traceback (most recent call last):
  File "/Users/edward.bayliss/Developer/Pawtul/pawtul-fastapi-backend/app/routes/clients.py", line 79, in aw
    return await func(*args, **kwargs)
           ^^^^^^^^^^^^^^^^^^^^^^^^^^^
  File "/Users/edward.bayliss/Developer/Pawtul/pawtul-fastapi-backend/app/routes/clients.py", line 120, in load_clients_for_business
    valid_request(db, current_user.id)
    ~~~~~~~~~~~~~^^^^^^^^^^^^^^^^^^^^^
  File "/Users/edward.bayliss/Developer/Pawtul/pawtul-fastapi-backend/app/utils/reveunuecat.py", line 106, in valid_request
    raise HTTPException(status_code=402, detail='No Subscription')
fastapi.exceptions.HTTPException: 402: No Subscription
2025-11-04 11:52:28 [INFO] load_clients_for_business completed in 531.40 ms
2025-11-04 11:52:36 [INFO] load_full_client_profile started
2025-11-04 11:52:36 [DEBUG] load_full_client_profile payload keys=['client_id']
2025-11-04 11:52:36 [DEBUG] Pets rows fetched: 1 for client_id=1ef1b9a4-9927-45b4-8546-a1105d4cdbd1
2025-11-04 11:52:36 [INFO] load_full_client_profile completed in 49.88 ms
2025-11-04 11:52:37 [INFO] list_client_products started
2025-11-04 11:52:37 [DEBUG] list_client_products: client_id=1ef1b9a4-9927-45b4-8546-a1105d4cdbd1, user_id=81e78254-85dc-464c-8aa4-455f9d9d47eb
2025-11-04 11:52:37 [DEBUG] _get_business_id_for_user: user_id=81e78254-85dc-464c-8aa4-455f9d9d47eb, has_business=True
2025-11-04 11:52:38 [DEBUG] list_client_products: returned 4 products
2025-11-04 11:52:38 [INFO] list_client_products completed in 46.87 ms
2025-11-04 11:52:39 [INFO] toggle_client_product started
2025-11-04 11:52:39 [INFO] toggle_client_product: client_id=1ef1b9a4-9927-45b4-8546-a1105d4cdbd1, product_id=12f9b123-23ff-44f5-9a80-0779aba34d54, enabled=False
2025-11-04 11:52:39 [DEBUG] _get_business_id_for_user: user_id=81e78254-85dc-464c-8aa4-455f9d9d47eb, has_business=True
2025-11-04 11:52:39 [DEBUG] toggle_client_product: product made HIDDEN (row inserted)
2025-11-04 11:52:39 [INFO] toggle_client_product completed in 76.25 ms
2025-11-04 11:53:49 [INFO] load_clients_for_business started
2025-11-04 11:53:49 [DEBUG] load_clients_for_business: user_id=81e78254-85dc-464c-8aa4-455f9d9d47eb
2025-11-04 11:53:49 [ERROR] load_clients_for_business raised HTTPException
Traceback (most recent call last):
  File "/Users/edward.bayliss/Developer/Pawtul/pawtul-fastapi-backend/app/routes/clients.py", line 79, in aw
    return await func(*args, **kwargs)
           ^^^^^^^^^^^^^^^^^^^^^^^^^^^
  File "/Users/edward.bayliss/Developer/Pawtul/pawtul-fastapi-backend/app/routes/clients.py", line 120, in load_clients_for_business
    valid_request(db, current_user.id)
    ~~~~~~~~~~~~~^^^^^^^^^^^^^^^^^^^^^
  File "/Users/edward.bayliss/Developer/Pawtul/pawtul-fastapi-backend/app/utils/reveunuecat.py", line 106, in valid_request
    raise HTTPException(status_code=402, detail='No Subscription')
fastapi.exceptions.HTTPException: 402: No Subscription
2025-11-04 11:53:49 [INFO] load_clients_for_business completed in 443.77 ms
2025-11-04 11:54:03 [INFO] load_clients_for_business started
2025-11-04 11:54:03 [DEBUG] load_clients_for_business: user_id=81e78254-85dc-464c-8aa4-455f9d9d47eb
2025-11-04 11:54:03 [ERROR] load_clients_for_business raised HTTPException
Traceback (most recent call last):
  File "/Users/edward.bayliss/Developer/Pawtul/pawtul-fastapi-backend/app/routes/clients.py", line 79, in aw
    return await func(*args, **kwargs)
           ^^^^^^^^^^^^^^^^^^^^^^^^^^^
  File "/Users/edward.bayliss/Developer/Pawtul/pawtul-fastapi-backend/app/routes/clients.py", line 120, in load_clients_for_business
    valid_request(db, current_user.id)
    ~~~~~~~~~~~~~^^^^^^^^^^^^^^^^^^^^^
  File "/Users/edward.bayliss/Developer/Pawtul/pawtul-fastapi-backend/app/utils/reveunuecat.py", line 106, in valid_request
    raise HTTPException(status_code=402, detail='No Subscription')
fastapi.exceptions.HTTPException: 402: No Subscription
2025-11-04 11:54:03 [INFO] load_clients_for_business completed in 341.25 ms
2025-11-04 11:54:08 [INFO] load_full_client_profile started
2025-11-04 11:54:08 [DEBUG] load_full_client_profile payload keys=['client_id']
2025-11-04 11:54:08 [DEBUG] Pets rows fetched: 1 for client_id=1ef1b9a4-9927-45b4-8546-a1105d4cdbd1
2025-11-04 11:54:08 [INFO] load_full_client_profile completed in 47.36 ms
2025-11-04 12:10:27 [INFO] load_clients_for_business started
2025-11-04 12:10:27 [DEBUG] load_clients_for_business: user_id=81e78254-85dc-464c-8aa4-455f9d9d47eb
2025-11-04 12:10:27 [ERROR] load_clients_for_business raised HTTPException
Traceback (most recent call last):
  File "/Users/edward.bayliss/Developer/Pawtul/pawtul-fastapi-backend/app/routes/clients.py", line 79, in aw
    return await func(*args, **kwargs)
           ^^^^^^^^^^^^^^^^^^^^^^^^^^^
  File "/Users/edward.bayliss/Developer/Pawtul/pawtul-fastapi-backend/app/routes/clients.py", line 120, in load_clients_for_business
    valid_request(db, current_user.id)
    ~~~~~~~~~~~~~^^^^^^^^^^^^^^^^^^^^^
  File "/Users/edward.bayliss/Developer/Pawtul/pawtul-fastapi-backend/app/utils/reveunuecat.py", line 106, in valid_request
    raise HTTPException(status_code=402, detail='No Subscription')
fastapi.exceptions.HTTPException: 402: No Subscription
2025-11-04 12:10:27 [INFO] load_clients_for_business completed in 396.09 ms
2025-11-04 12:18:09 [INFO] load_clients_for_business started
2025-11-04 12:18:09 [DEBUG] load_clients_for_business: user_id=81e78254-85dc-464c-8aa4-455f9d9d47eb
2025-11-04 12:18:10 [ERROR] load_clients_for_business raised HTTPException
Traceback (most recent call last):
  File "/Users/edward.bayliss/Developer/Pawtul/pawtul-fastapi-backend/app/routes/clients.py", line 79, in aw
    return await func(*args, **kwargs)
           ^^^^^^^^^^^^^^^^^^^^^^^^^^^
  File "/Users/edward.bayliss/Developer/Pawtul/pawtul-fastapi-backend/app/routes/clients.py", line 120, in load_clients_for_business
    valid_request(db, current_user.id)
    ~~~~~~~~~~~~~^^^^^^^^^^^^^^^^^^^^^
  File "/Users/edward.bayliss/Developer/Pawtul/pawtul-fastapi-backend/app/utils/reveunuecat.py", line 106, in valid_request
    raise HTTPException(status_code=402, detail='No Subscription')
fastapi.exceptions.HTTPException: 402: No Subscription
2025-11-04 12:18:10 [INFO] load_clients_for_business completed in 364.75 ms
2025-11-04 12:18:12 [INFO] load_clients_for_business started
2025-11-04 12:18:12 [DEBUG] load_clients_for_business: user_id=81e78254-85dc-464c-8aa4-455f9d9d47eb
2025-11-04 12:18:13 [ERROR] load_clients_for_business raised HTTPException
Traceback (most recent call last):
  File "/Users/edward.bayliss/Developer/Pawtul/pawtul-fastapi-backend/app/routes/clients.py", line 79, in aw
    return await func(*args, **kwargs)
           ^^^^^^^^^^^^^^^^^^^^^^^^^^^
  File "/Users/edward.bayliss/Developer/Pawtul/pawtul-fastapi-backend/app/routes/clients.py", line 120, in load_clients_for_business
    valid_request(db, current_user.id)
    ~~~~~~~~~~~~~^^^^^^^^^^^^^^^^^^^^^
  File "/Users/edward.bayliss/Developer/Pawtul/pawtul-fastapi-backend/app/utils/reveunuecat.py", line 106, in valid_request
    raise HTTPException(status_code=402, detail='No Subscription')
fastapi.exceptions.HTTPException: 402: No Subscription
2025-11-04 12:18:13 [INFO] load_clients_for_business completed in 343.33 ms
2025-11-04 12:21:57 [INFO] load_clients_for_business started
2025-11-04 12:21:57 [DEBUG] load_clients_for_business: user_id=81e78254-85dc-464c-8aa4-455f9d9d47eb
2025-11-04 12:21:57 [ERROR] load_clients_for_business raised HTTPException
Traceback (most recent call last):
  File "/Users/edward.bayliss/Developer/Pawtul/pawtul-fastapi-backend/app/routes/clients.py", line 79, in aw
    return await func(*args, **kwargs)
           ^^^^^^^^^^^^^^^^^^^^^^^^^^^
  File "/Users/edward.bayliss/Developer/Pawtul/pawtul-fastapi-backend/app/routes/clients.py", line 120, in load_clients_for_business
    valid_request(db, current_user.id)
    ~~~~~~~~~~~~~^^^^^^^^^^^^^^^^^^^^^
  File "/Users/edward.bayliss/Developer/Pawtul/pawtul-fastapi-backend/app/utils/reveunuecat.py", line 108, in valid_request
    raise HTTPException(status_code=402, detail='No Subscription')
fastapi.exceptions.HTTPException: 402: No Subscription
2025-11-04 12:21:57 [INFO] load_clients_for_business completed in 439.68 ms
2025-11-04 12:22:47 [INFO] load_full_client_profile started
2025-11-04 12:22:47 [DEBUG] load_full_client_profile payload keys=['client_id']
2025-11-04 12:22:47 [DEBUG] Pets rows fetched: 1 for client_id=1ef1b9a4-9927-45b4-8546-a1105d4cdbd1
2025-11-04 12:22:47 [INFO] load_full_client_profile completed in 73.20 ms
2025-11-04 12:30:40 [INFO] load_full_client_profile started
2025-11-04 12:30:40 [DEBUG] load_full_client_profile payload keys=['client_id']
2025-11-04 12:30:40 [DEBUG] Pets rows fetched: 1 for client_id=1ef1b9a4-9927-45b4-8546-a1105d4cdbd1
2025-11-04 12:30:40 [INFO] load_full_client_profile completed in 68.27 ms
2025-11-04 12:35:44 [INFO] load_full_client_profile started
2025-11-04 12:35:44 [DEBUG] load_full_client_profile payload keys=['client_id']
2025-11-04 12:35:44 [DEBUG] Pets rows fetched: 1 for client_id=1ef1b9a4-9927-45b4-8546-a1105d4cdbd1
2025-11-04 12:35:44 [INFO] load_full_client_profile completed in 76.66 ms
2025-11-04 12:49:16 [INFO] update_client_profile started
2025-11-04 12:49:16 [DEBUG] update_client_profile payload keys=['id', 'firstname', 'lastname', 'email', 'phone', 'address1', 'address2', 'address3', 'address4', 'postcode']
2025-11-04 12:49:16 [INFO] Client updated successfully id=1ef1b9a4-9927-45b4-8546-a1105d4cdbd1
2025-11-04 12:49:16 [DEBUG] Sent self-update notification to current_user
2025-11-04 12:49:16 [INFO] update_client_profile completed in 206.80 ms
2025-11-04 12:49:20 [INFO] load_clients_for_business started
2025-11-04 12:49:20 [DEBUG] load_clients_for_business: user_id=81e78254-85dc-464c-8aa4-455f9d9d47eb
2025-11-04 12:49:21 [DEBUG] Active clients fetched: 227 for business_id=9f15ae94-fd65-41f6-99d9-2d3831f4221a
2025-11-04 12:49:21 [DEBUG] Archived clients fetched: 37 for business_id=9f15ae94-fd65-41f6-99d9-2d3831f4221a
2025-11-04 12:49:21 [INFO] load_clients_for_business completed in 686.46 ms
2025-11-04 12:49:32 [INFO] load_clients_for_business started
2025-11-04 12:49:32 [DEBUG] load_clients_for_business: user_id=81e78254-85dc-464c-8aa4-455f9d9d47eb
2025-11-04 12:49:32 [DEBUG] Active clients fetched: 227 for business_id=9f15ae94-fd65-41f6-99d9-2d3831f4221a
2025-11-04 12:49:32 [DEBUG] Archived clients fetched: 37 for business_id=9f15ae94-fd65-41f6-99d9-2d3831f4221a
2025-11-04 12:49:32 [INFO] load_clients_for_business completed in 538.17 ms
2025-11-04 12:50:33 [INFO] load_full_client_profile started
2025-11-04 12:50:33 [DEBUG] load_full_client_profile payload keys=['client_id']
2025-11-04 12:50:34 [DEBUG] Pets rows fetched: 2 for client_id=679acd9e-1947-4358-b6ef-b1e0acdf0d34
2025-11-04 12:50:34 [INFO] load_full_client_profile completed in 75.91 ms
2025-11-04 12:51:05 [INFO] update_client_profile started
2025-11-04 12:51:05 [DEBUG] update_client_profile payload keys=['id', 'firstname', 'lastname', 'email', 'phone', 'address1', 'address2', 'address3', 'address4', 'postcode']
2025-11-04 12:51:05 [INFO] Client updated successfully id=679acd9e-1947-4358-b6ef-b1e0acdf0d34
2025-11-04 12:51:05 [DEBUG] Sent self-update notification to current_user
2025-11-04 12:51:05 [INFO] update_client_profile completed in 784.21 ms
2025-11-04 12:51:42 [INFO] update_client_profile started
2025-11-04 12:51:42 [DEBUG] update_client_profile payload keys=['id', 'firstname', 'lastname', 'email', 'phone', 'address1', 'address2', 'address3', 'address4', 'postcode']
2025-11-04 12:51:43 [INFO] Client updated successfully id=679acd9e-1947-4358-b6ef-b1e0acdf0d34
2025-11-04 12:51:43 [DEBUG] Sent self-update notification to current_user
2025-11-04 12:51:43 [INFO] update_client_profile completed in 193.19 ms
2025-11-04 12:52:01 [INFO] load_clients_for_business started
2025-11-04 12:52:01 [DEBUG] load_clients_for_business: user_id=81e78254-85dc-464c-8aa4-455f9d9d47eb
2025-11-04 12:52:01 [DEBUG] Active clients fetched: 5 for business_id=79581f88-5042-43d0-9594-ba81e70130b0
2025-11-04 12:52:01 [DEBUG] Archived clients fetched: 0 for business_id=79581f88-5042-43d0-9594-ba81e70130b0
2025-11-04 12:52:01 [INFO] load_clients_for_business completed in 440.29 ms
2025-11-04 12:52:08 [INFO] load_clients_for_business started
2025-11-04 12:52:08 [DEBUG] load_clients_for_business: user_id=81e78254-85dc-464c-8aa4-455f9d9d47eb
2025-11-04 12:52:08 [DEBUG] Active clients fetched: 5 for business_id=79581f88-5042-43d0-9594-ba81e70130b0
2025-11-04 12:52:08 [DEBUG] Archived clients fetched: 0 for business_id=79581f88-5042-43d0-9594-ba81e70130b0
2025-11-04 12:52:08 [INFO] load_clients_for_business completed in 418.52 ms
2025-11-04 12:53:23 [INFO] load_full_client_profile started
2025-11-04 12:53:23 [DEBUG] load_full_client_profile payload keys=['client_id']
2025-11-04 12:53:24 [DEBUG] Pets rows fetched: 2 for client_id=679acd9e-1947-4358-b6ef-b1e0acdf0d34
2025-11-04 12:53:24 [INFO] load_full_client_profile completed in 76.73 ms
2025-11-04 12:53:34 [INFO] update_client_profile started
2025-11-04 12:53:34 [DEBUG] update_client_profile payload keys=['id', 'firstname', 'lastname', 'phone', 'email', 'address1', 'address2', 'address3', 'address4', 'postcode', 'keycode']
2025-11-04 12:53:34 [INFO] Client updated successfully id=679acd9e-1947-4358-b6ef-b1e0acdf0d34
2025-11-04 12:53:34 [DEBUG] Sent self-update notification to current_user
2025-11-04 12:53:34 [INFO] update_client_profile completed in 209.14 ms
2025-11-04 12:53:39 [INFO] update_client_profile started
2025-11-04 12:53:39 [DEBUG] update_client_profile payload keys=['id', 'firstname', 'lastname', 'phone', 'email', 'address1', 'address2', 'address3', 'address4', 'postcode', 'keycode']
2025-11-04 12:53:39 [INFO] Client updated successfully id=679acd9e-1947-4358-b6ef-b1e0acdf0d34
2025-11-04 12:53:39 [DEBUG] Sent self-update notification to current_user
2025-11-04 12:53:39 [INFO] update_client_profile completed in 210.70 ms
2025-11-04 12:53:57 [INFO] update_client_profile started
2025-11-04 12:53:57 [DEBUG] update_client_profile payload keys=['id', 'firstname', 'lastname', 'phone', 'email', 'address1', 'address2', 'address3', 'address4', 'postcode', 'keycode']
2025-11-04 12:53:57 [INFO] Client updated successfully id=679acd9e-1947-4358-b6ef-b1e0acdf0d34
2025-11-04 12:53:58 [DEBUG] Sent self-update notification to current_user
2025-11-04 12:53:58 [INFO] update_client_profile completed in 168.63 ms
2025-11-04 12:54:16 [INFO] load_full_client_profile started
2025-11-04 12:54:16 [DEBUG] load_full_client_profile payload keys=['client_id']
2025-11-04 12:54:16 [DEBUG] Pets rows fetched: 2 for client_id=679acd9e-1947-4358-b6ef-b1e0acdf0d34
2025-11-04 12:54:16 [INFO] load_full_client_profile completed in 73.34 ms
2025-11-04 12:54:35 [INFO] load_full_client_profile started
2025-11-04 12:54:35 [DEBUG] load_full_client_profile payload keys=['client_id']
2025-11-04 12:54:35 [DEBUG] Pets rows fetched: 2 for client_id=679acd9e-1947-4358-b6ef-b1e0acdf0d34
2025-11-04 12:54:35 [INFO] load_full_client_profile completed in 78.03 ms
2025-11-04 13:04:05 [INFO] load_clients_for_business started
2025-11-04 13:04:05 [DEBUG] load_clients_for_business: user_id=81e78254-85dc-464c-8aa4-455f9d9d47eb
2025-11-04 13:04:06 [DEBUG] Active clients fetched: 5 for business_id=79581f88-5042-43d0-9594-ba81e70130b0
2025-11-04 13:04:06 [DEBUG] Archived clients fetched: 0 for business_id=79581f88-5042-43d0-9594-ba81e70130b0
2025-11-04 13:04:06 [INFO] load_clients_for_business completed in 442.99 ms
2025-11-04 13:05:05 [INFO] load_clients_for_business started
2025-11-04 13:05:05 [DEBUG] load_clients_for_business: user_id=81e78254-85dc-464c-8aa4-455f9d9d47eb
2025-11-04 13:05:06 [DEBUG] Active clients fetched: 5 for business_id=79581f88-5042-43d0-9594-ba81e70130b0
2025-11-04 13:05:06 [DEBUG] Archived clients fetched: 0 for business_id=79581f88-5042-43d0-9594-ba81e70130b0
2025-11-04 13:05:06 [INFO] load_clients_for_business completed in 412.10 ms
2025-11-04 13:06:43 [INFO] load_full_client_profile started
2025-11-04 13:06:43 [DEBUG] load_full_client_profile payload keys=['client_id']
2025-11-04 13:06:43 [DEBUG] Pets rows fetched: 2 for client_id=679acd9e-1947-4358-b6ef-b1e0acdf0d34
2025-11-04 13:06:43 [INFO] load_full_client_profile completed in 76.61 ms
2025-11-04 13:08:39 [INFO] load_full_client_profile started
2025-11-04 13:08:39 [DEBUG] load_full_client_profile payload keys=['client_id']
2025-11-04 13:08:39 [DEBUG] Pets rows fetched: 2 for client_id=679acd9e-1947-4358-b6ef-b1e0acdf0d34
2025-11-04 13:08:39 [INFO] load_full_client_profile completed in 71.14 ms
2025-11-05 10:39:02 [INFO] load_full_client_profile started
2025-11-05 10:39:02 [DEBUG] load_full_client_profile payload keys=['client_id']
2025-11-05 10:39:02 [DEBUG] Pets rows fetched: 1 for client_id=d3be8cdb-e572-44f5-907a-5ee553dd1ec9
2025-11-05 10:39:02 [INFO] load_full_client_profile completed in 55.98 ms
2025-11-05 10:54:15 [INFO] load_clients_for_business started
2025-11-05 10:54:15 [DEBUG] load_clients_for_business: user_id=471e9752-bcd7-4b95-9391-e890a0b2e1e8
2025-11-05 10:54:15 [ERROR] load_clients_for_business raised HTTPException
Traceback (most recent call last):
  File "/Users/edward.bayliss/Developer/Pawtul/pawtul-fastapi-backend/app/routes/clients.py", line 79, in aw
    return await func(*args, **kwargs)
           ^^^^^^^^^^^^^^^^^^^^^^^^^^^
  File "/Users/edward.bayliss/Developer/Pawtul/pawtul-fastapi-backend/app/routes/clients.py", line 120, in load_clients_for_business
    valid_request(db, current_user.id)
    ~~~~~~~~~~~~~^^^^^^^^^^^^^^^^^^^^^
  File "/Users/edward.bayliss/Developer/Pawtul/pawtul-fastapi-backend/app/utils/reveunuecat.py", line 106, in valid_request
    raise HTTPException(status_code=402, detail='No Subscription')
fastapi.exceptions.HTTPException: 402: No Subscription
2025-11-05 10:54:15 [INFO] load_clients_for_business completed in 352.17 ms
2025-11-05 10:54:58 [INFO] load_clients_for_business started
2025-11-05 10:54:58 [DEBUG] load_clients_for_business: user_id=471e9752-bcd7-4b95-9391-e890a0b2e1e8
2025-11-05 10:54:58 [DEBUG] Active clients fetched: 57 for business_id=642300d3-ac2d-48e3-9916-3c2908990745
2025-11-05 10:54:58 [DEBUG] Archived clients fetched: 102 for business_id=642300d3-ac2d-48e3-9916-3c2908990745
2025-11-05 10:54:58 [INFO] load_clients_for_business completed in 701.58 ms
2025-11-05 10:55:02 [INFO] load_full_client_profile started
2025-11-05 10:55:02 [DEBUG] load_full_client_profile payload keys=['client_id']
2025-11-05 10:55:02 [DEBUG] Pets rows fetched: 1 for client_id=2427eadc-8d4c-42c3-bd72-ce316bec5ce2
2025-11-05 10:55:02 [INFO] load_full_client_profile completed in 48.69 ms
2025-11-05 10:55:04 [INFO] load_clients_for_business started
2025-11-05 10:55:04 [DEBUG] load_clients_for_business: user_id=471e9752-bcd7-4b95-9391-e890a0b2e1e8
2025-11-05 10:55:05 [DEBUG] Active clients fetched: 57 for business_id=642300d3-ac2d-48e3-9916-3c2908990745
2025-11-05 10:55:05 [DEBUG] Archived clients fetched: 102 for business_id=642300d3-ac2d-48e3-9916-3c2908990745
2025-11-05 10:55:05 [INFO] load_clients_for_business completed in 496.61 ms
2025-11-05 16:59:52 [INFO] load_full_client_profile started
2025-11-05 16:59:52 [DEBUG] load_full_client_profile payload keys=['client_id']
2025-11-05 16:59:52 [DEBUG] Pets rows fetched: 2 for client_id=679acd9e-1947-4358-b6ef-b1e0acdf0d34
2025-11-05 16:59:53 [INFO] load_full_client_profile completed in 103.85 ms
2025-11-05 17:02:05 [INFO] load_full_client_profile started
2025-11-05 17:02:05 [DEBUG] load_full_client_profile payload keys=['client_id']
2025-11-05 17:02:05 [DEBUG] Pets rows fetched: 2 for client_id=679acd9e-1947-4358-b6ef-b1e0acdf0d34
2025-11-05 17:02:05 [INFO] load_full_client_profile completed in 271.78 ms
2025-11-05 17:02:12 [INFO] load_full_client_profile started
2025-11-05 17:02:12 [DEBUG] load_full_client_profile payload keys=['client_id']
2025-11-05 17:02:12 [DEBUG] Pets rows fetched: 2 for client_id=679acd9e-1947-4358-b6ef-b1e0acdf0d34
2025-11-05 17:02:12 [INFO] load_full_client_profile completed in 262.43 ms
2025-11-05 17:03:10 [INFO] load_full_client_profile started
2025-11-05 17:03:10 [DEBUG] load_full_client_profile payload keys=['client_id']
2025-11-05 17:03:10 [DEBUG] Pets rows fetched: 2 for client_id=679acd9e-1947-4358-b6ef-b1e0acdf0d34
2025-11-05 17:03:10 [INFO] load_full_client_profile completed in 298.94 ms
2025-11-05 17:03:12 [INFO] load_full_client_profile started
2025-11-05 17:03:12 [DEBUG] load_full_client_profile payload keys=['client_id']
2025-11-05 17:03:13 [DEBUG] Pets rows fetched: 2 for client_id=679acd9e-1947-4358-b6ef-b1e0acdf0d34
2025-11-05 17:03:13 [INFO] load_full_client_profile completed in 360.68 ms
2025-11-05 17:03:20 [INFO] load_full_client_profile started
2025-11-05 17:03:20 [DEBUG] load_full_client_profile payload keys=['client_id']
2025-11-05 17:03:20 [DEBUG] Pets rows fetched: 2 for client_id=679acd9e-1947-4358-b6ef-b1e0acdf0d34
2025-11-05 17:03:20 [INFO] load_full_client_profile completed in 281.03 ms
2025-11-05 17:04:52 [INFO] load_full_client_profile started
2025-11-05 17:04:52 [DEBUG] load_full_client_profile payload keys=['client_id']
2025-11-05 17:04:52 [DEBUG] Pets rows fetched: 2 for client_id=679acd9e-1947-4358-b6ef-b1e0acdf0d34
2025-11-05 17:04:52 [INFO] load_full_client_profile completed in 85.14 ms
2025-11-05 17:07:20 [INFO] load_full_client_profile started
2025-11-05 17:07:20 [DEBUG] load_full_client_profile payload keys=['client_id']
2025-11-05 17:07:20 [DEBUG] Pets rows fetched: 2 for client_id=679acd9e-1947-4358-b6ef-b1e0acdf0d34
2025-11-05 17:07:20 [INFO] load_full_client_profile completed in 72.72 ms
2025-11-05 17:07:47 [INFO] load_full_client_profile started
2025-11-05 17:07:47 [DEBUG] load_full_client_profile payload keys=['client_id']
2025-11-05 17:07:47 [DEBUG] Pets rows fetched: 2 for client_id=679acd9e-1947-4358-b6ef-b1e0acdf0d34
2025-11-05 17:07:47 [INFO] load_full_client_profile completed in 93.88 ms
2025-11-05 17:08:20 [INFO] load_full_client_profile started
2025-11-05 17:08:20 [DEBUG] load_full_client_profile payload keys=['client_id']
2025-11-05 17:08:20 [DEBUG] Pets rows fetched: 2 for client_id=679acd9e-1947-4358-b6ef-b1e0acdf0d34
2025-11-05 17:08:20 [INFO] load_full_client_profile completed in 82.83 ms
2025-11-05 18:50:58 [INFO] load_full_client_profile started
2025-11-05 18:50:58 [DEBUG] load_full_client_profile payload keys=['client_id']
2025-11-05 18:50:58 [DEBUG] Pets rows fetched: 2 for client_id=679acd9e-1947-4358-b6ef-b1e0acdf0d34
2025-11-05 18:50:58 [INFO] load_full_client_profile completed in 79.48 ms
2025-11-06 08:08:52 [INFO] load_full_client_profile started
2025-11-06 08:08:52 [DEBUG] load_full_client_profile payload keys=['client_id']
2025-11-06 08:08:52 [DEBUG] Pets rows fetched: 2 for client_id=679acd9e-1947-4358-b6ef-b1e0acdf0d34
2025-11-06 08:08:52 [INFO] load_full_client_profile completed in 71.91 ms
2025-11-06 08:09:01 [INFO] load_clients_for_business started
2025-11-06 08:09:01 [DEBUG] load_clients_for_business: user_id=81e78254-85dc-464c-8aa4-455f9d9d47eb
2025-11-06 08:09:02 [DEBUG] Active clients fetched: 5 for business_id=79581f88-5042-43d0-9594-ba81e70130b0
2025-11-06 08:09:02 [DEBUG] Archived clients fetched: 0 for business_id=79581f88-5042-43d0-9594-ba81e70130b0
2025-11-06 08:09:02 [INFO] load_clients_for_business completed in 486.92 ms
2025-11-06 08:09:05 [INFO] load_full_client_profile started
2025-11-06 08:09:05 [DEBUG] load_full_client_profile payload keys=['client_id']
2025-11-06 08:09:05 [DEBUG] Pets rows fetched: 2 for client_id=679acd9e-1947-4358-b6ef-b1e0acdf0d34
2025-11-06 08:09:05 [INFO] load_full_client_profile completed in 58.60 ms
2025-11-06 08:09:06 [INFO] load_clients_for_business started
2025-11-06 08:09:06 [DEBUG] load_clients_for_business: user_id=81e78254-85dc-464c-8aa4-455f9d9d47eb
2025-11-06 08:09:07 [DEBUG] Active clients fetched: 5 for business_id=79581f88-5042-43d0-9594-ba81e70130b0
2025-11-06 08:09:07 [DEBUG] Archived clients fetched: 0 for business_id=79581f88-5042-43d0-9594-ba81e70130b0
2025-11-06 08:09:07 [INFO] load_clients_for_business completed in 459.21 ms
2025-11-06 08:09:13 [INFO] load_clients_for_business started
2025-11-06 08:09:13 [DEBUG] load_clients_for_business: user_id=81e78254-85dc-464c-8aa4-455f9d9d47eb
2025-11-06 08:09:14 [DEBUG] Active clients fetched: 5 for business_id=79581f88-5042-43d0-9594-ba81e70130b0
2025-11-06 08:09:14 [DEBUG] Archived clients fetched: 0 for business_id=79581f88-5042-43d0-9594-ba81e70130b0
2025-11-06 08:09:14 [INFO] load_clients_for_business completed in 445.73 ms
2025-11-06 08:09:15 [INFO] load_full_client_profile started
2025-11-06 08:09:15 [DEBUG] load_full_client_profile payload keys=['client_id']
2025-11-06 08:09:15 [DEBUG] Pets rows fetched: 1 for client_id=02db8581-0b48-4f39-ab34-074dd8818bdd
2025-11-06 08:09:15 [INFO] load_full_client_profile completed in 53.45 ms
2025-11-06 08:09:21 [INFO] load_clients_for_business started
2025-11-06 08:09:21 [DEBUG] load_clients_for_business: user_id=81e78254-85dc-464c-8aa4-455f9d9d47eb
2025-11-06 08:09:21 [DEBUG] Active clients fetched: 5 for business_id=79581f88-5042-43d0-9594-ba81e70130b0
2025-11-06 08:09:21 [DEBUG] Archived clients fetched: 0 for business_id=79581f88-5042-43d0-9594-ba81e70130b0
2025-11-06 08:09:21 [INFO] load_clients_for_business completed in 455.17 ms
2025-11-06 08:09:23 [INFO] load_full_client_profile started
2025-11-06 08:09:23 [DEBUG] load_full_client_profile payload keys=['client_id']
2025-11-06 08:09:23 [DEBUG] Pets rows fetched: 1 for client_id=02db8581-0b48-4f39-ab34-074dd8818bdd
2025-11-06 08:09:23 [INFO] load_full_client_profile completed in 53.86 ms
2025-11-06 08:09:24 [INFO] load_clients_for_business started
2025-11-06 08:09:24 [DEBUG] load_clients_for_business: user_id=81e78254-85dc-464c-8aa4-455f9d9d47eb
2025-11-06 08:09:24 [DEBUG] Active clients fetched: 5 for business_id=79581f88-5042-43d0-9594-ba81e70130b0
2025-11-06 08:09:24 [DEBUG] Archived clients fetched: 0 for business_id=79581f88-5042-43d0-9594-ba81e70130b0
2025-11-06 08:09:24 [INFO] load_clients_for_business completed in 505.42 ms
2025-11-06 08:10:16 [INFO] load_full_client_profile started
2025-11-06 08:10:16 [DEBUG] load_full_client_profile payload keys=['client_id']
2025-11-06 08:10:16 [DEBUG] Pets rows fetched: 2 for client_id=02db8581-0b48-4f39-ab34-074dd8818bdd
2025-11-06 08:10:16 [INFO] load_full_client_profile completed in 47.48 ms
2025-11-06 08:13:24 [INFO] load_full_client_profile started
2025-11-06 08:13:24 [DEBUG] load_full_client_profile payload keys=['client_id']
2025-11-06 08:13:24 [DEBUG] Pets rows fetched: 2 for client_id=679acd9e-1947-4358-b6ef-b1e0acdf0d34
2025-11-06 08:13:24 [INFO] load_full_client_profile completed in 157.45 ms
2025-11-06 08:14:24 [INFO] load_clients_for_business started
2025-11-06 08:14:24 [DEBUG] load_clients_for_business: user_id=81e78254-85dc-464c-8aa4-455f9d9d47eb
2025-11-06 08:14:24 [DEBUG] Active clients fetched: 5 for business_id=79581f88-5042-43d0-9594-ba81e70130b0
2025-11-06 08:14:24 [DEBUG] Archived clients fetched: 0 for business_id=79581f88-5042-43d0-9594-ba81e70130b0
2025-11-06 08:14:24 [INFO] load_clients_for_business completed in 552.79 ms
2025-11-06 08:14:26 [INFO] load_full_client_profile started
2025-11-06 08:14:26 [DEBUG] load_full_client_profile payload keys=['client_id']
2025-11-06 08:14:26 [DEBUG] Pets rows fetched: 2 for client_id=02db8581-0b48-4f39-ab34-074dd8818bdd
2025-11-06 08:14:26 [INFO] load_full_client_profile completed in 47.46 ms
2025-11-06 08:14:38 [INFO] load_full_client_profile started
2025-11-06 08:14:38 [DEBUG] load_full_client_profile payload keys=['client_id']
2025-11-06 08:14:38 [DEBUG] Pets rows fetched: 2 for client_id=679acd9e-1947-4358-b6ef-b1e0acdf0d34
2025-11-06 08:14:38 [INFO] load_full_client_profile completed in 73.12 ms
2025-11-06 08:14:40 [INFO] load_clients_for_business started
2025-11-06 08:14:40 [DEBUG] load_clients_for_business: user_id=81e78254-85dc-464c-8aa4-455f9d9d47eb
2025-11-06 08:14:40 [DEBUG] Active clients fetched: 5 for business_id=79581f88-5042-43d0-9594-ba81e70130b0
2025-11-06 08:14:40 [DEBUG] Archived clients fetched: 0 for business_id=79581f88-5042-43d0-9594-ba81e70130b0
2025-11-06 08:14:40 [INFO] load_clients_for_business completed in 441.24 ms
2025-11-06 08:18:28 [INFO] load_full_client_profile started
2025-11-06 08:18:28 [DEBUG] load_full_client_profile payload keys=['client_id']
2025-11-06 08:18:28 [DEBUG] Pets rows fetched: 2 for client_id=679acd9e-1947-4358-b6ef-b1e0acdf0d34
2025-11-06 08:18:28 [INFO] load_full_client_profile completed in 67.84 ms
2025-11-06 08:18:50 [INFO] load_clients_for_business started
2025-11-06 08:18:50 [DEBUG] load_clients_for_business: user_id=81e78254-85dc-464c-8aa4-455f9d9d47eb
2025-11-06 08:18:50 [DEBUG] Active clients fetched: 5 for business_id=79581f88-5042-43d0-9594-ba81e70130b0
2025-11-06 08:18:50 [DEBUG] Archived clients fetched: 0 for business_id=79581f88-5042-43d0-9594-ba81e70130b0
2025-11-06 08:18:50 [INFO] load_clients_for_business completed in 428.77 ms
2025-11-06 08:18:51 [INFO] load_full_client_profile started
2025-11-06 08:18:51 [DEBUG] load_full_client_profile payload keys=['client_id']
2025-11-06 08:18:51 [DEBUG] Pets rows fetched: 2 for client_id=02db8581-0b48-4f39-ab34-074dd8818bdd
2025-11-06 08:18:51 [INFO] load_full_client_profile completed in 45.32 ms
2025-11-06 08:19:07 [INFO] update_client_profile started
2025-11-06 08:19:07 [DEBUG] update_client_profile payload keys=['id', 'firstname', 'lastname', 'email', 'phone', 'address1', 'address2', 'address3', 'address4', 'postcode', 'keycode', 'booking']
2025-11-06 08:19:07 [INFO] Client updated successfully id=02db8581-0b48-4f39-ab34-074dd8818bdd
2025-11-06 08:19:07 [INFO] update_client_profile completed in 187.55 ms
2025-11-06 08:19:17 [INFO] update_client_profile started
2025-11-06 08:19:17 [DEBUG] update_client_profile payload keys=['id', 'firstname', 'lastname', 'email', 'phone', 'address1', 'address2', 'address3', 'address4', 'postcode', 'keycode', 'booking']
2025-11-06 08:19:17 [INFO] Client updated successfully id=02db8581-0b48-4f39-ab34-074dd8818bdd
2025-11-06 08:19:17 [INFO] update_client_profile completed in 127.32 ms
2025-11-06 08:19:42 [INFO] update_client_profile started
2025-11-06 08:19:42 [DEBUG] update_client_profile payload keys=['id', 'firstname', 'lastname', 'email', 'phone', 'address1', 'address2', 'address3', 'address4', 'postcode', 'keycode', 'booking']
2025-11-06 08:19:42 [INFO] Client updated successfully id=02db8581-0b48-4f39-ab34-074dd8818bdd
2025-11-06 08:19:42 [INFO] update_client_profile completed in 179.43 ms
2025-11-06 08:20:23 [INFO] load_full_client_profile started
2025-11-06 08:20:23 [DEBUG] load_full_client_profile payload keys=['client_id']
2025-11-06 08:20:24 [DEBUG] Pets rows fetched: 2 for client_id=02db8581-0b48-4f39-ab34-074dd8818bdd
2025-11-06 08:20:24 [INFO] load_full_client_profile completed in 72.42 ms
2025-11-06 08:20:35 [INFO] load_clients_for_business started
2025-11-06 08:20:35 [DEBUG] load_clients_for_business: user_id=81e78254-85dc-464c-8aa4-455f9d9d47eb
2025-11-06 08:20:36 [DEBUG] Active clients fetched: 5 for business_id=79581f88-5042-43d0-9594-ba81e70130b0
2025-11-06 08:20:36 [DEBUG] Archived clients fetched: 0 for business_id=79581f88-5042-43d0-9594-ba81e70130b0
2025-11-06 08:20:36 [INFO] load_clients_for_business completed in 556.07 ms
2025-11-06 08:58:52 [INFO] load_full_client_profile started
2025-11-06 08:58:52 [DEBUG] load_full_client_profile payload keys=['client_id']
2025-11-06 08:58:52 [DEBUG] Pets rows fetched: 2 for client_id=679acd9e-1947-4358-b6ef-b1e0acdf0d34
2025-11-06 08:58:52 [INFO] load_full_client_profile completed in 73.74 ms
2025-11-06 08:59:04 [INFO] load_full_client_profile started
2025-11-06 08:59:04 [DEBUG] load_full_client_profile payload keys=['client_id']
2025-11-06 08:59:04 [DEBUG] Pets rows fetched: 2 for client_id=02db8581-0b48-4f39-ab34-074dd8818bdd
2025-11-06 08:59:04 [INFO] load_full_client_profile completed in 71.82 ms
2025-11-06 09:00:17 [INFO] load_full_client_profile started
2025-11-06 09:00:17 [DEBUG] load_full_client_profile payload keys=['client_id']
2025-11-06 09:00:17 [DEBUG] Pets rows fetched: 2 for client_id=02db8581-0b48-4f39-ab34-074dd8818bdd
2025-11-06 09:00:17 [INFO] load_full_client_profile completed in 164.91 ms
2025-11-06 09:00:18 [INFO] load_full_client_profile started
2025-11-06 09:00:18 [DEBUG] load_full_client_profile payload keys=['client_id']
2025-11-06 09:00:18 [DEBUG] Pets rows fetched: 2 for client_id=679acd9e-1947-4358-b6ef-b1e0acdf0d34
2025-11-06 09:00:18 [INFO] load_full_client_profile completed in 148.67 ms
2025-11-06 09:13:09 [INFO] load_full_client_profile started
2025-11-06 09:13:09 [DEBUG] load_full_client_profile payload keys=['client_id']
2025-11-06 09:13:09 [DEBUG] Pets rows fetched: 2 for client_id=679acd9e-1947-4358-b6ef-b1e0acdf0d34
2025-11-06 09:13:09 [INFO] load_full_client_profile completed in 71.20 ms
2025-11-06 09:13:14 [INFO] load_full_client_profile started
2025-11-06 09:13:14 [DEBUG] load_full_client_profile payload keys=['client_id']
2025-11-06 09:13:14 [DEBUG] Pets rows fetched: 2 for client_id=02db8581-0b48-4f39-ab34-074dd8818bdd
2025-11-06 09:13:14 [INFO] load_full_client_profile completed in 73.86 ms
2025-11-06 09:18:12 [INFO] load_full_client_profile started
2025-11-06 09:18:12 [DEBUG] load_full_client_profile payload keys=['client_id']
2025-11-06 09:18:13 [DEBUG] Pets rows fetched: 2 for client_id=02db8581-0b48-4f39-ab34-074dd8818bdd
2025-11-06 09:18:13 [INFO] load_full_client_profile completed in 106.84 ms
2025-11-06 09:18:13 [INFO] load_full_client_profile started
2025-11-06 09:18:13 [DEBUG] load_full_client_profile payload keys=['client_id']
2025-11-06 09:18:13 [DEBUG] Pets rows fetched: 2 for client_id=679acd9e-1947-4358-b6ef-b1e0acdf0d34
2025-11-06 09:18:13 [INFO] load_full_client_profile completed in 69.93 ms
2025-11-06 09:44:19 [INFO] load_full_client_profile started
2025-11-06 09:44:19 [DEBUG] load_full_client_profile payload keys=['client_id']
2025-11-06 09:44:20 [DEBUG] Pets rows fetched: 2 for client_id=679acd9e-1947-4358-b6ef-b1e0acdf0d34
2025-11-06 09:44:20 [INFO] load_full_client_profile completed in 72.03 ms
2025-11-06 09:52:32 [INFO] load_full_client_profile started
2025-11-06 09:52:32 [DEBUG] load_full_client_profile payload keys=['client_id']
2025-11-06 09:52:32 [DEBUG] Pets rows fetched: 2 for client_id=02db8581-0b48-4f39-ab34-074dd8818bdd
2025-11-06 09:52:32 [INFO] load_full_client_profile completed in 79.80 ms
2025-11-06 09:52:33 [INFO] load_full_client_profile started
2025-11-06 09:52:33 [DEBUG] load_full_client_profile payload keys=['client_id']
2025-11-06 09:52:34 [DEBUG] Pets rows fetched: 2 for client_id=679acd9e-1947-4358-b6ef-b1e0acdf0d34
2025-11-06 09:52:34 [INFO] load_full_client_profile completed in 86.54 ms
2025-11-06 10:22:43 [INFO] load_full_client_profile started
2025-11-06 10:22:43 [DEBUG] load_full_client_profile payload keys=['client_id']
2025-11-06 10:22:43 [DEBUG] Pets rows fetched: 2 for client_id=679acd9e-1947-4358-b6ef-b1e0acdf0d34
2025-11-06 10:22:43 [INFO] load_full_client_profile completed in 84.10 ms
2025-11-06 10:22:46 [INFO] load_full_client_profile started
2025-11-06 10:22:46 [DEBUG] load_full_client_profile payload keys=['client_id']
2025-11-06 10:22:46 [DEBUG] Pets rows fetched: 2 for client_id=02db8581-0b48-4f39-ab34-074dd8818bdd
2025-11-06 10:22:46 [INFO] load_full_client_profile completed in 78.76 ms
2025-11-06 10:30:09 [INFO] load_full_client_profile started
2025-11-06 10:30:09 [DEBUG] load_full_client_profile payload keys=['client_id']
2025-11-06 10:30:09 [DEBUG] Pets rows fetched: 2 for client_id=02db8581-0b48-4f39-ab34-074dd8818bdd
2025-11-06 10:30:09 [INFO] load_full_client_profile completed in 70.01 ms
2025-11-06 10:30:09 [INFO] load_full_client_profile started
2025-11-06 10:30:09 [DEBUG] load_full_client_profile payload keys=['client_id']
2025-11-06 10:30:09 [DEBUG] Pets rows fetched: 2 for client_id=679acd9e-1947-4358-b6ef-b1e0acdf0d34
2025-11-06 10:30:09 [INFO] load_full_client_profile completed in 71.01 ms
2025-11-06 10:35:56 [INFO] load_full_client_profile started
2025-11-06 10:35:56 [DEBUG] load_full_client_profile payload keys=['client_id']
2025-11-06 10:35:56 [DEBUG] Pets rows fetched: 2 for client_id=02db8581-0b48-4f39-ab34-074dd8818bdd
2025-11-06 10:35:56 [INFO] load_full_client_profile completed in 71.12 ms
2025-11-06 10:35:57 [INFO] load_full_client_profile started
2025-11-06 10:35:57 [DEBUG] load_full_client_profile payload keys=['client_id']
2025-11-06 10:35:57 [DEBUG] Pets rows fetched: 2 for client_id=679acd9e-1947-4358-b6ef-b1e0acdf0d34
2025-11-06 10:35:57 [INFO] load_full_client_profile completed in 69.86 ms
2025-11-06 10:47:54 [INFO] load_full_client_profile started
2025-11-06 10:47:54 [DEBUG] load_full_client_profile payload keys=['client_id']
2025-11-06 10:47:54 [DEBUG] Pets rows fetched: 2 for client_id=02db8581-0b48-4f39-ab34-074dd8818bdd
2025-11-06 10:47:54 [INFO] load_full_client_profile completed in 95.60 ms
2025-11-06 10:47:55 [INFO] load_full_client_profile started
2025-11-06 10:47:55 [DEBUG] load_full_client_profile payload keys=['client_id']
2025-11-06 10:47:55 [DEBUG] Pets rows fetched: 2 for client_id=679acd9e-1947-4358-b6ef-b1e0acdf0d34
2025-11-06 10:47:55 [INFO] load_full_client_profile completed in 100.33 ms
2025-11-06 10:50:20 [INFO] load_full_client_profile started
2025-11-06 10:50:20 [DEBUG] load_full_client_profile payload keys=['client_id']
2025-11-06 10:50:20 [DEBUG] Pets rows fetched: 2 for client_id=679acd9e-1947-4358-b6ef-b1e0acdf0d34
2025-11-06 10:50:20 [INFO] load_full_client_profile completed in 71.89 ms
2025-11-06 10:50:20 [INFO] load_full_client_profile started
2025-11-06 10:50:20 [DEBUG] load_full_client_profile payload keys=['client_id']
2025-11-06 10:50:20 [DEBUG] Pets rows fetched: 2 for client_id=02db8581-0b48-4f39-ab34-074dd8818bdd
2025-11-06 10:50:20 [INFO] load_full_client_profile completed in 83.88 ms
2025-11-06 11:26:04 [INFO] load_full_client_profile started
2025-11-06 11:26:04 [DEBUG] load_full_client_profile payload keys=['client_id']
2025-11-06 11:26:04 [DEBUG] Pets rows fetched: 2 for client_id=679acd9e-1947-4358-b6ef-b1e0acdf0d34
2025-11-06 11:26:04 [INFO] load_full_client_profile completed in 71.31 ms
2025-11-06 11:41:18 [INFO] load_full_client_profile started
2025-11-06 11:41:18 [DEBUG] load_full_client_profile payload keys=['client_id']
2025-11-06 11:41:18 [DEBUG] Pets rows fetched: 2 for client_id=679acd9e-1947-4358-b6ef-b1e0acdf0d34
2025-11-06 11:41:18 [INFO] load_full_client_profile completed in 97.70 ms
2025-11-06 11:41:19 [INFO] load_full_client_profile started
2025-11-06 11:41:19 [DEBUG] load_full_client_profile payload keys=['client_id']
2025-11-06 11:41:19 [DEBUG] Pets rows fetched: 2 for client_id=02db8581-0b48-4f39-ab34-074dd8818bdd
2025-11-06 11:41:19 [INFO] load_full_client_profile completed in 75.41 ms
2025-11-06 11:52:16 [INFO] load_full_client_profile started
2025-11-06 11:52:16 [DEBUG] load_full_client_profile payload keys=['client_id']
2025-11-06 11:52:16 [DEBUG] Pets rows fetched: 2 for client_id=679acd9e-1947-4358-b6ef-b1e0acdf0d34
2025-11-06 11:52:16 [INFO] load_full_client_profile completed in 75.66 ms
2025-11-06 11:52:21 [INFO] load_full_client_profile started
2025-11-06 11:52:21 [DEBUG] load_full_client_profile payload keys=['client_id']
2025-11-06 11:52:21 [DEBUG] Pets rows fetched: 2 for client_id=02db8581-0b48-4f39-ab34-074dd8818bdd
2025-11-06 11:52:21 [INFO] load_full_client_profile completed in 75.52 ms
2025-11-06 12:07:20 [INFO] load_full_client_profile started
2025-11-06 12:07:20 [DEBUG] load_full_client_profile payload keys=['client_id']
2025-11-06 12:07:20 [DEBUG] Pets rows fetched: 2 for client_id=679acd9e-1947-4358-b6ef-b1e0acdf0d34
2025-11-06 12:07:20 [INFO] load_full_client_profile completed in 74.40 ms
2025-11-06 12:07:20 [INFO] load_full_client_profile started
2025-11-06 12:07:20 [DEBUG] load_full_client_profile payload keys=['client_id']
2025-11-06 12:07:21 [DEBUG] Pets rows fetched: 2 for client_id=02db8581-0b48-4f39-ab34-074dd8818bdd
2025-11-06 12:07:21 [INFO] load_full_client_profile completed in 76.11 ms
2025-11-06 12:29:29 [INFO] load_full_client_profile started
2025-11-06 12:29:29 [DEBUG] load_full_client_profile payload keys=['client_id']
2025-11-06 12:29:29 [DEBUG] Pets rows fetched: 2 for client_id=679acd9e-1947-4358-b6ef-b1e0acdf0d34
2025-11-06 12:29:29 [INFO] load_full_client_profile completed in 71.99 ms
2025-11-06 12:42:39 [INFO] load_full_client_profile started
2025-11-06 12:42:39 [DEBUG] load_full_client_profile payload keys=['client_id']
2025-11-06 12:42:39 [DEBUG] Pets rows fetched: 2 for client_id=02db8581-0b48-4f39-ab34-074dd8818bdd
2025-11-06 12:42:39 [INFO] load_full_client_profile completed in 70.23 ms
2025-11-06 12:42:39 [INFO] load_full_client_profile started
2025-11-06 12:42:39 [DEBUG] load_full_client_profile payload keys=['client_id']
2025-11-06 12:42:39 [DEBUG] Pets rows fetched: 2 for client_id=679acd9e-1947-4358-b6ef-b1e0acdf0d34
2025-11-06 12:42:39 [INFO] load_full_client_profile completed in 84.71 ms
2025-11-06 13:01:12 [INFO] load_full_client_profile started
2025-11-06 13:01:12 [DEBUG] load_full_client_profile payload keys=['client_id']
2025-11-06 13:01:12 [DEBUG] Pets rows fetched: 2 for client_id=02db8581-0b48-4f39-ab34-074dd8818bdd
2025-11-06 13:01:12 [INFO] load_full_client_profile completed in 72.66 ms
2025-11-06 13:01:13 [INFO] load_full_client_profile started
2025-11-06 13:01:13 [DEBUG] load_full_client_profile payload keys=['client_id']
2025-11-06 13:01:13 [DEBUG] Pets rows fetched: 2 for client_id=679acd9e-1947-4358-b6ef-b1e0acdf0d34
2025-11-06 13:01:13 [INFO] load_full_client_profile completed in 71.30 ms
2025-11-06 13:07:51 [INFO] load_full_client_profile started
2025-11-06 13:07:51 [DEBUG] load_full_client_profile payload keys=['client_id']
2025-11-06 13:07:51 [DEBUG] Pets rows fetched: 2 for client_id=679acd9e-1947-4358-b6ef-b1e0acdf0d34
2025-11-06 13:07:51 [INFO] load_full_client_profile completed in 71.30 ms
2025-11-06 13:07:51 [INFO] load_full_client_profile started
2025-11-06 13:07:51 [DEBUG] load_full_client_profile payload keys=['client_id']
2025-11-06 13:07:51 [DEBUG] Pets rows fetched: 2 for client_id=02db8581-0b48-4f39-ab34-074dd8818bdd
2025-11-06 13:07:51 [INFO] load_full_client_profile completed in 91.24 ms
2025-11-06 13:07:57 [INFO] load_full_client_profile started
2025-11-06 13:07:57 [DEBUG] load_full_client_profile payload keys=['client_id']
2025-11-06 13:07:57 [DEBUG] Pets rows fetched: 2 for client_id=679acd9e-1947-4358-b6ef-b1e0acdf0d34
2025-11-06 13:07:57 [INFO] load_full_client_profile completed in 78.32 ms
2025-11-06 13:23:11 [INFO] load_full_client_profile started
2025-11-06 13:23:11 [DEBUG] load_full_client_profile payload keys=['client_id']
2025-11-06 13:23:11 [DEBUG] Pets rows fetched: 2 for client_id=02db8581-0b48-4f39-ab34-074dd8818bdd
2025-11-06 13:23:11 [INFO] load_full_client_profile completed in 75.53 ms
2025-11-06 13:23:12 [INFO] load_full_client_profile started
2025-11-06 13:23:12 [DEBUG] load_full_client_profile payload keys=['client_id']
2025-11-06 13:23:12 [DEBUG] Pets rows fetched: 2 for client_id=679acd9e-1947-4358-b6ef-b1e0acdf0d34
2025-11-06 13:23:12 [INFO] load_full_client_profile completed in 70.87 ms
2025-11-06 13:31:02 [INFO] load_full_client_profile started
2025-11-06 13:31:02 [DEBUG] load_full_client_profile payload keys=['client_id']
2025-11-06 13:31:02 [DEBUG] Pets rows fetched: 2 for client_id=02db8581-0b48-4f39-ab34-074dd8818bdd
2025-11-06 13:31:02 [INFO] load_full_client_profile completed in 73.80 ms
2025-11-06 13:31:02 [INFO] load_full_client_profile started
2025-11-06 13:31:02 [DEBUG] load_full_client_profile payload keys=['client_id']
2025-11-06 13:31:02 [DEBUG] Pets rows fetched: 2 for client_id=679acd9e-1947-4358-b6ef-b1e0acdf0d34
2025-11-06 13:31:02 [INFO] load_full_client_profile completed in 75.50 ms
2025-11-06 13:57:03 [INFO] load_full_client_profile started
2025-11-06 13:57:03 [DEBUG] load_full_client_profile payload keys=['client_id']
2025-11-06 13:57:03 [DEBUG] Pets rows fetched: 2 for client_id=02db8581-0b48-4f39-ab34-074dd8818bdd
2025-11-06 13:57:03 [INFO] load_full_client_profile completed in 76.16 ms
2025-11-06 13:57:03 [INFO] load_full_client_profile started
2025-11-06 13:57:03 [DEBUG] load_full_client_profile payload keys=['client_id']
2025-11-06 13:57:03 [DEBUG] Pets rows fetched: 2 for client_id=679acd9e-1947-4358-b6ef-b1e0acdf0d34
2025-11-06 13:57:03 [INFO] load_full_client_profile completed in 67.57 ms
2025-11-06 14:01:37 [INFO] load_full_client_profile started
2025-11-06 14:01:37 [DEBUG] load_full_client_profile payload keys=['client_id']
2025-11-06 14:01:38 [DEBUG] Pets rows fetched: 2 for client_id=02db8581-0b48-4f39-ab34-074dd8818bdd
2025-11-06 14:01:38 [INFO] load_full_client_profile completed in 85.27 ms
2025-11-06 14:01:38 [INFO] load_full_client_profile started
2025-11-06 14:01:38 [DEBUG] load_full_client_profile payload keys=['client_id']
2025-11-06 14:01:38 [DEBUG] Pets rows fetched: 2 for client_id=679acd9e-1947-4358-b6ef-b1e0acdf0d34
2025-11-06 14:01:38 [INFO] load_full_client_profile completed in 72.24 ms
2025-11-06 14:26:59 [INFO] load_full_client_profile started
2025-11-06 14:26:59 [DEBUG] load_full_client_profile payload keys=['client_id']
2025-11-06 14:26:59 [DEBUG] Pets rows fetched: 2 for client_id=679acd9e-1947-4358-b6ef-b1e0acdf0d34
2025-11-06 14:26:59 [INFO] load_full_client_profile completed in 75.34 ms
2025-11-06 14:26:59 [INFO] load_full_client_profile started
2025-11-06 14:26:59 [DEBUG] load_full_client_profile payload keys=['client_id']
2025-11-06 14:26:59 [DEBUG] Pets rows fetched: 2 for client_id=02db8581-0b48-4f39-ab34-074dd8818bdd
2025-11-06 14:26:59 [INFO] load_full_client_profile completed in 103.74 ms
2025-11-06 14:58:50 [INFO] load_full_client_profile started
2025-11-06 14:58:50 [DEBUG] load_full_client_profile payload keys=['client_id']
2025-11-06 14:58:50 [DEBUG] Pets rows fetched: 2 for client_id=679acd9e-1947-4358-b6ef-b1e0acdf0d34
2025-11-06 14:58:50 [INFO] load_full_client_profile completed in 76.12 ms
2025-11-06 14:58:55 [INFO] load_full_client_profile started
2025-11-06 14:58:55 [DEBUG] load_full_client_profile payload keys=['client_id']
2025-11-06 14:58:56 [DEBUG] Pets rows fetched: 2 for client_id=02db8581-0b48-4f39-ab34-074dd8818bdd
2025-11-06 14:58:56 [INFO] load_full_client_profile completed in 73.80 ms
2025-11-06 14:59:05 [INFO] load_full_client_profile started
2025-11-06 14:59:05 [DEBUG] load_full_client_profile payload keys=['client_id']
2025-11-06 14:59:06 [DEBUG] Pets rows fetched: 2 for client_id=679acd9e-1947-4358-b6ef-b1e0acdf0d34
2025-11-06 14:59:06 [INFO] load_full_client_profile completed in 75.48 ms
2025-11-06 14:59:06 [INFO] load_full_client_profile started
2025-11-06 14:59:06 [DEBUG] load_full_client_profile payload keys=['client_id']
2025-11-06 14:59:06 [DEBUG] Pets rows fetched: 2 for client_id=02db8581-0b48-4f39-ab34-074dd8818bdd
2025-11-06 14:59:06 [INFO] load_full_client_profile completed in 81.01 ms
2025-11-06 14:59:48 [INFO] load_full_client_profile started
2025-11-06 14:59:48 [DEBUG] load_full_client_profile payload keys=['client_id']
2025-11-06 14:59:48 [DEBUG] Pets rows fetched: 2 for client_id=02db8581-0b48-4f39-ab34-074dd8818bdd
2025-11-06 14:59:48 [INFO] load_full_client_profile completed in 81.45 ms
2025-11-06 14:59:50 [INFO] load_full_client_profile started
2025-11-06 14:59:50 [DEBUG] load_full_client_profile payload keys=['client_id']
2025-11-06 14:59:50 [DEBUG] Pets rows fetched: 2 for client_id=679acd9e-1947-4358-b6ef-b1e0acdf0d34
2025-11-06 14:59:50 [INFO] load_full_client_profile completed in 72.06 ms
2025-11-06 15:19:22 [INFO] load_full_client_profile started
2025-11-06 15:19:22 [DEBUG] load_full_client_profile payload keys=['client_id']
2025-11-06 15:19:22 [DEBUG] Pets rows fetched: 2 for client_id=679acd9e-1947-4358-b6ef-b1e0acdf0d34
2025-11-06 15:19:23 [INFO] load_full_client_profile completed in 104.12 ms
2025-11-06 15:19:23 [INFO] load_full_client_profile started
2025-11-06 15:19:23 [DEBUG] load_full_client_profile payload keys=['client_id']
2025-11-06 15:19:23 [DEBUG] Pets rows fetched: 2 for client_id=02db8581-0b48-4f39-ab34-074dd8818bdd
2025-11-06 15:19:23 [INFO] load_full_client_profile completed in 105.83 ms
2025-11-06 15:19:42 [INFO] load_full_client_profile started
2025-11-06 15:19:42 [DEBUG] load_full_client_profile payload keys=['client_id']
2025-11-06 15:19:42 [DEBUG] Pets rows fetched: 2 for client_id=679acd9e-1947-4358-b6ef-b1e0acdf0d34
2025-11-06 15:19:42 [INFO] load_full_client_profile completed in 90.49 ms
2025-11-06 15:19:43 [INFO] load_full_client_profile started
2025-11-06 15:19:43 [DEBUG] load_full_client_profile payload keys=['client_id']
2025-11-06 15:19:43 [DEBUG] Pets rows fetched: 2 for client_id=02db8581-0b48-4f39-ab34-074dd8818bdd
2025-11-06 15:19:43 [INFO] load_full_client_profile completed in 74.05 ms
2025-11-06 15:20:08 [INFO] load_full_client_profile started
2025-11-06 15:20:08 [DEBUG] load_full_client_profile payload keys=['client_id']
2025-11-06 15:20:08 [DEBUG] Pets rows fetched: 2 for client_id=02db8581-0b48-4f39-ab34-074dd8818bdd
2025-11-06 15:20:09 [INFO] load_full_client_profile completed in 95.62 ms
2025-11-06 15:20:09 [INFO] load_full_client_profile started
2025-11-06 15:20:09 [DEBUG] load_full_client_profile payload keys=['client_id']
2025-11-06 15:20:09 [DEBUG] Pets rows fetched: 2 for client_id=679acd9e-1947-4358-b6ef-b1e0acdf0d34
2025-11-06 15:20:09 [INFO] load_full_client_profile completed in 88.72 ms
2025-11-06 15:20:30 [INFO] load_full_client_profile started
2025-11-06 15:20:30 [DEBUG] load_full_client_profile payload keys=['client_id']
2025-11-06 15:20:30 [DEBUG] Pets rows fetched: 2 for client_id=02db8581-0b48-4f39-ab34-074dd8818bdd
2025-11-06 15:20:30 [INFO] load_full_client_profile completed in 87.46 ms
2025-11-06 15:43:37 [INFO] load_full_client_profile started
2025-11-06 15:43:37 [DEBUG] load_full_client_profile payload keys=['client_id']
2025-11-06 15:43:37 [DEBUG] Pets rows fetched: 2 for client_id=679acd9e-1947-4358-b6ef-b1e0acdf0d34
2025-11-06 15:43:37 [INFO] load_full_client_profile completed in 79.27 ms
2025-11-06 15:43:38 [INFO] load_full_client_profile started
2025-11-06 15:43:38 [DEBUG] load_full_client_profile payload keys=['client_id']
2025-11-06 15:43:38 [DEBUG] Pets rows fetched: 2 for client_id=02db8581-0b48-4f39-ab34-074dd8818bdd
2025-11-06 15:43:38 [INFO] load_full_client_profile completed in 85.70 ms
2025-11-06 15:51:30 [INFO] load_full_client_profile started
2025-11-06 15:51:30 [DEBUG] load_full_client_profile payload keys=['client_id']
2025-11-06 15:51:30 [DEBUG] Pets rows fetched: 2 for client_id=02db8581-0b48-4f39-ab34-074dd8818bdd
2025-11-06 15:51:31 [INFO] load_full_client_profile completed in 69.72 ms
2025-11-06 15:51:31 [INFO] load_full_client_profile started
2025-11-06 15:51:31 [DEBUG] load_full_client_profile payload keys=['client_id']
2025-11-06 15:51:31 [DEBUG] Pets rows fetched: 2 for client_id=679acd9e-1947-4358-b6ef-b1e0acdf0d34
2025-11-06 15:51:31 [INFO] load_full_client_profile completed in 69.34 ms
2025-11-06 15:56:40 [INFO] load_full_client_profile started
2025-11-06 15:56:40 [DEBUG] load_full_client_profile payload keys=['client_id']
2025-11-06 15:56:41 [DEBUG] Pets rows fetched: 2 for client_id=02db8581-0b48-4f39-ab34-074dd8818bdd
2025-11-06 15:56:41 [INFO] load_full_client_profile completed in 73.61 ms
2025-11-06 15:56:42 [INFO] load_full_client_profile started
2025-11-06 15:56:42 [DEBUG] load_full_client_profile payload keys=['client_id']
2025-11-06 15:56:42 [DEBUG] Pets rows fetched: 2 for client_id=679acd9e-1947-4358-b6ef-b1e0acdf0d34
2025-11-06 15:56:42 [INFO] load_full_client_profile completed in 69.44 ms
2025-11-06 17:05:35 [INFO] load_full_client_profile started
2025-11-06 17:05:35 [DEBUG] load_full_client_profile payload keys=['client_id']
2025-11-06 17:05:35 [DEBUG] Pets rows fetched: 2 for client_id=679acd9e-1947-4358-b6ef-b1e0acdf0d34
2025-11-06 17:05:35 [INFO] load_full_client_profile completed in 69.50 ms
2025-11-06 17:05:36 [INFO] load_full_client_profile started
2025-11-06 17:05:36 [DEBUG] load_full_client_profile payload keys=['client_id']
2025-11-06 17:05:36 [DEBUG] Pets rows fetched: 2 for client_id=02db8581-0b48-4f39-ab34-074dd8818bdd
2025-11-06 17:05:36 [INFO] load_full_client_profile completed in 75.90 ms
2025-11-06 17:08:26 [INFO] load_full_client_profile started
2025-11-06 17:08:26 [DEBUG] load_full_client_profile payload keys=['client_id']
2025-11-06 17:08:26 [DEBUG] Pets rows fetched: 2 for client_id=02db8581-0b48-4f39-ab34-074dd8818bdd
2025-11-06 17:08:26 [INFO] load_full_client_profile completed in 89.64 ms
2025-11-06 17:15:36 [INFO] load_full_client_profile started
2025-11-06 17:15:36 [DEBUG] load_full_client_profile payload keys=['client_id']
2025-11-06 17:15:36 [DEBUG] Pets rows fetched: 2 for client_id=02db8581-0b48-4f39-ab34-074dd8818bdd
2025-11-06 17:15:36 [INFO] load_full_client_profile completed in 70.19 ms
2025-11-06 17:18:52 [INFO] load_full_client_profile started
2025-11-06 17:18:52 [DEBUG] load_full_client_profile payload keys=['client_id']
2025-11-06 17:18:52 [DEBUG] Pets rows fetched: 2 for client_id=02db8581-0b48-4f39-ab34-074dd8818bdd
2025-11-06 17:18:52 [INFO] load_full_client_profile completed in 94.25 ms
2025-11-06 17:24:30 [INFO] load_full_client_profile started
2025-11-06 17:24:30 [DEBUG] load_full_client_profile payload keys=['client_id']
2025-11-06 17:24:30 [DEBUG] Pets rows fetched: 2 for client_id=02db8581-0b48-4f39-ab34-074dd8818bdd
2025-11-06 17:24:30 [INFO] load_full_client_profile completed in 250.15 ms
2025-11-06 17:53:05 [INFO] load_full_client_profile started
2025-11-06 17:53:05 [DEBUG] load_full_client_profile payload keys=['client_id']
2025-11-06 17:53:05 [DEBUG] Pets rows fetched: 2 for client_id=679acd9e-1947-4358-b6ef-b1e0acdf0d34
2025-11-06 17:53:05 [INFO] load_full_client_profile completed in 75.21 ms
2025-11-06 17:55:24 [INFO] load_full_client_profile started
2025-11-06 17:55:24 [DEBUG] load_full_client_profile payload keys=['client_id']
2025-11-06 17:55:24 [DEBUG] Pets rows fetched: 2 for client_id=679acd9e-1947-4358-b6ef-b1e0acdf0d34
2025-11-06 17:55:24 [INFO] load_full_client_profile completed in 72.55 ms
2025-11-06 18:10:42 [INFO] load_full_client_profile started
2025-11-06 18:10:42 [DEBUG] load_full_client_profile payload keys=['client_id']
2025-11-06 18:10:42 [DEBUG] Pets rows fetched: 2 for client_id=679acd9e-1947-4358-b6ef-b1e0acdf0d34
2025-11-06 18:10:42 [INFO] load_full_client_profile completed in 78.67 ms
2025-11-06 18:17:00 [INFO] load_full_client_profile started
2025-11-06 18:17:00 [DEBUG] load_full_client_profile payload keys=['client_id']
2025-11-06 18:17:01 [DEBUG] Pets rows fetched: 2 for client_id=02db8581-0b48-4f39-ab34-074dd8818bdd
2025-11-06 18:17:01 [INFO] load_full_client_profile completed in 77.53 ms
2025-11-06 18:47:29 [INFO] load_full_client_profile started
2025-11-06 18:47:29 [DEBUG] load_full_client_profile payload keys=['client_id']
2025-11-06 18:47:29 [DEBUG] Pets rows fetched: 2 for client_id=02db8581-0b48-4f39-ab34-074dd8818bdd
2025-11-06 18:47:29 [INFO] load_full_client_profile completed in 71.38 ms
2025-11-06 18:47:31 [INFO] load_full_client_profile started
2025-11-06 18:47:31 [DEBUG] load_full_client_profile payload keys=['client_id']
2025-11-06 18:47:32 [DEBUG] Pets rows fetched: 2 for client_id=679acd9e-1947-4358-b6ef-b1e0acdf0d34
2025-11-06 18:47:32 [INFO] load_full_client_profile completed in 153.22 ms
2025-11-06 19:20:43 [INFO] load_full_client_profile started
2025-11-06 19:20:43 [DEBUG] load_full_client_profile payload keys=['client_id']
2025-11-06 19:20:43 [DEBUG] Pets rows fetched: 2 for client_id=679acd9e-1947-4358-b6ef-b1e0acdf0d34
2025-11-06 19:20:43 [INFO] load_full_client_profile completed in 88.01 ms
2025-11-06 19:20:45 [INFO] load_full_client_profile started
2025-11-06 19:20:45 [DEBUG] load_full_client_profile payload keys=['client_id']
2025-11-06 19:20:45 [DEBUG] Pets rows fetched: 2 for client_id=02db8581-0b48-4f39-ab34-074dd8818bdd
2025-11-06 19:20:45 [INFO] load_full_client_profile completed in 77.88 ms
2025-11-06 19:44:29 [INFO] load_full_client_profile started
2025-11-06 19:44:29 [DEBUG] load_full_client_profile payload keys=['client_id']
2025-11-06 19:44:29 [DEBUG] Pets rows fetched: 2 for client_id=679acd9e-1947-4358-b6ef-b1e0acdf0d34
2025-11-06 19:44:29 [INFO] load_full_client_profile completed in 83.11 ms
2025-11-06 19:44:37 [INFO] load_full_client_profile started
2025-11-06 19:44:37 [DEBUG] load_full_client_profile payload keys=['client_id']
2025-11-06 19:44:37 [DEBUG] Pets rows fetched: 2 for client_id=679acd9e-1947-4358-b6ef-b1e0acdf0d34
2025-11-06 19:44:37 [INFO] load_full_client_profile completed in 78.11 ms
2025-11-06 19:46:41 [INFO] load_full_client_profile started
2025-11-06 19:46:41 [DEBUG] load_full_client_profile payload keys=['client_id']
2025-11-06 19:46:41 [DEBUG] Pets rows fetched: 2 for client_id=679acd9e-1947-4358-b6ef-b1e0acdf0d34
2025-11-06 19:46:41 [INFO] load_full_client_profile completed in 77.29 ms
2025-11-06 19:47:32 [INFO] load_full_client_profile started
2025-11-06 19:47:32 [DEBUG] load_full_client_profile payload keys=['client_id']
2025-11-06 19:47:32 [DEBUG] Pets rows fetched: 2 for client_id=679acd9e-1947-4358-b6ef-b1e0acdf0d34
2025-11-06 19:47:32 [INFO] load_full_client_profile completed in 68.06 ms
2025-11-06 19:47:36 [INFO] load_full_client_profile started
2025-11-06 19:47:36 [DEBUG] load_full_client_profile payload keys=['client_id']
2025-11-06 19:47:36 [DEBUG] Pets rows fetched: 2 for client_id=679acd9e-1947-4358-b6ef-b1e0acdf0d34
2025-11-06 19:47:37 [INFO] load_full_client_profile completed in 75.56 ms
2025-11-06 19:48:19 [INFO] load_full_client_profile started
2025-11-06 19:48:19 [DEBUG] load_full_client_profile payload keys=['client_id']
2025-11-06 19:48:19 [DEBUG] Pets rows fetched: 2 for client_id=02db8581-0b48-4f39-ab34-074dd8818bdd
2025-11-06 19:48:19 [INFO] load_full_client_profile completed in 77.32 ms
2025-11-06 19:48:19 [INFO] load_full_client_profile started
2025-11-06 19:48:19 [DEBUG] load_full_client_profile payload keys=['client_id']
2025-11-06 19:48:19 [DEBUG] Pets rows fetched: 2 for client_id=679acd9e-1947-4358-b6ef-b1e0acdf0d34
2025-11-06 19:48:19 [INFO] load_full_client_profile completed in 70.17 ms
2025-11-06 19:48:39 [INFO] load_full_client_profile started
2025-11-06 19:48:39 [DEBUG] load_full_client_profile payload keys=['client_id']
2025-11-06 19:48:40 [DEBUG] Pets rows fetched: 2 for client_id=02db8581-0b48-4f39-ab34-074dd8818bdd
2025-11-06 19:48:40 [INFO] load_full_client_profile completed in 68.44 ms
2025-11-06 19:48:48 [INFO] load_full_client_profile started
2025-11-06 19:48:48 [DEBUG] load_full_client_profile payload keys=['client_id']
2025-11-06 19:48:48 [DEBUG] Pets rows fetched: 2 for client_id=679acd9e-1947-4358-b6ef-b1e0acdf0d34
2025-11-06 19:48:48 [INFO] load_full_client_profile completed in 72.38 ms
2025-11-06 19:49:29 [INFO] load_clients_for_business started
2025-11-06 19:49:29 [DEBUG] load_clients_for_business: user_id=81e78254-85dc-464c-8aa4-455f9d9d47eb
2025-11-06 19:49:30 [DEBUG] Active clients fetched: 5 for business_id=79581f88-5042-43d0-9594-ba81e70130b0
2025-11-06 19:49:30 [DEBUG] Archived clients fetched: 0 for business_id=79581f88-5042-43d0-9594-ba81e70130b0
2025-11-06 19:49:30 [INFO] load_clients_for_business completed in 606.02 ms
2025-11-06 19:49:31 [INFO] load_full_client_profile started
2025-11-06 19:49:31 [DEBUG] load_full_client_profile payload keys=['client_id']
2025-11-06 19:49:31 [DEBUG] Pets rows fetched: 2 for client_id=02db8581-0b48-4f39-ab34-074dd8818bdd
2025-11-06 19:49:31 [INFO] load_full_client_profile completed in 56.75 ms
2025-11-06 19:50:19 [INFO] load_full_client_profile started
2025-11-06 19:50:19 [DEBUG] load_full_client_profile payload keys=['client_id']
2025-11-06 19:50:19 [DEBUG] Pets rows fetched: 2 for client_id=02db8581-0b48-4f39-ab34-074dd8818bdd
2025-11-06 19:50:19 [INFO] load_full_client_profile completed in 82.21 ms
2025-11-06 19:50:35 [INFO] load_clients_for_business started
2025-11-06 19:50:35 [DEBUG] load_clients_for_business: user_id=81e78254-85dc-464c-8aa4-455f9d9d47eb
2025-11-06 19:50:35 [DEBUG] Active clients fetched: 5 for business_id=79581f88-5042-43d0-9594-ba81e70130b0
2025-11-06 19:50:35 [DEBUG] Archived clients fetched: 0 for business_id=79581f88-5042-43d0-9594-ba81e70130b0
2025-11-06 19:50:35 [INFO] load_clients_for_business completed in 633.11 ms
2025-11-06 19:53:46 [INFO] load_clients_for_business started
2025-11-06 19:53:46 [DEBUG] load_clients_for_business: user_id=81e78254-85dc-464c-8aa4-455f9d9d47eb
2025-11-06 19:53:47 [DEBUG] Active clients fetched: 5 for business_id=79581f88-5042-43d0-9594-ba81e70130b0
2025-11-06 19:53:47 [DEBUG] Archived clients fetched: 0 for business_id=79581f88-5042-43d0-9594-ba81e70130b0
2025-11-06 19:53:47 [INFO] load_clients_for_business completed in 720.54 ms
2025-11-17 13:33:38 [INFO] load_full_client_profile started
2025-11-17 13:33:38 [DEBUG] load_full_client_profile payload keys=['client_id']
2025-11-17 13:33:38 [DEBUG] Pets rows fetched: 2 for client_id=679acd9e-1947-4358-b6ef-b1e0acdf0d34
2025-11-17 13:33:38 [INFO] load_full_client_profile completed in 64.37 ms
2025-11-17 13:35:35 [INFO] load_full_client_profile started
2025-11-17 13:35:35 [DEBUG] load_full_client_profile payload keys=['client_id']
2025-11-17 13:35:35 [DEBUG] Pets rows fetched: 2 for client_id=679acd9e-1947-4358-b6ef-b1e0acdf0d34
2025-11-17 13:35:35 [INFO] load_full_client_profile completed in 61.30 ms
2025-11-17 13:40:31 [INFO] load_full_client_profile started
2025-11-17 13:40:31 [DEBUG] load_full_client_profile payload keys=['client_id']
2025-11-17 13:40:31 [DEBUG] Pets rows fetched: 2 for client_id=679acd9e-1947-4358-b6ef-b1e0acdf0d34
2025-11-17 13:40:32 [INFO] load_full_client_profile completed in 354.51 ms
2025-11-17 13:44:16 [INFO] load_full_client_profile started
2025-11-17 13:44:16 [DEBUG] load_full_client_profile payload keys=['client_id']
2025-11-17 13:44:16 [DEBUG] Pets rows fetched: 2 for client_id=679acd9e-1947-4358-b6ef-b1e0acdf0d34
2025-11-17 13:44:16 [INFO] load_full_client_profile completed in 62.40 ms
2025-11-17 13:49:04 [INFO] load_full_client_profile started
2025-11-17 13:49:04 [DEBUG] load_full_client_profile payload keys=['client_id']
2025-11-17 13:49:04 [DEBUG] Pets rows fetched: 2 for client_id=679acd9e-1947-4358-b6ef-b1e0acdf0d34
2025-11-17 13:49:04 [INFO] load_full_client_profile completed in 65.29 ms
2025-11-17 13:49:43 [INFO] load_full_client_profile started
2025-11-17 13:49:43 [DEBUG] load_full_client_profile payload keys=['client_id']
2025-11-17 13:49:43 [DEBUG] Pets rows fetched: 2 for client_id=679acd9e-1947-4358-b6ef-b1e0acdf0d34
2025-11-17 13:49:43 [INFO] load_full_client_profile completed in 61.23 ms
2025-11-17 13:50:37 [INFO] load_clients_for_business started
2025-11-17 13:50:37 [DEBUG] load_clients_for_business: user_id=81e78254-85dc-464c-8aa4-455f9d9d47eb
2025-11-17 13:50:38 [DEBUG] Active clients fetched: 5 for business_id=79581f88-5042-43d0-9594-ba81e70130b0
2025-11-17 13:50:38 [DEBUG] Archived clients fetched: 0 for business_id=79581f88-5042-43d0-9594-ba81e70130b0
2025-11-17 13:50:38 [INFO] load_clients_for_business completed in 380.68 ms
2025-11-17 13:50:42 [INFO] load_full_client_profile started
2025-11-17 13:50:42 [DEBUG] load_full_client_profile payload keys=['client_id']
2025-11-17 13:50:42 [DEBUG] Pets rows fetched: 2 for client_id=679acd9e-1947-4358-b6ef-b1e0acdf0d34
2025-11-17 13:50:42 [INFO] load_full_client_profile completed in 45.61 ms
2025-11-17 13:51:03 [INFO] load_full_client_profile started
2025-11-17 13:51:03 [DEBUG] load_full_client_profile payload keys=['client_id']
2025-11-17 13:51:03 [DEBUG] Pets rows fetched: 2 for client_id=679acd9e-1947-4358-b6ef-b1e0acdf0d34
2025-11-17 13:51:03 [INFO] load_full_client_profile completed in 43.15 ms
2025-11-17 13:54:27 [INFO] load_full_client_profile started
2025-11-17 13:54:27 [DEBUG] load_full_client_profile payload keys=['client_id']
2025-11-17 13:54:27 [DEBUG] Pets rows fetched: 2 for client_id=679acd9e-1947-4358-b6ef-b1e0acdf0d34
2025-11-17 13:54:27 [INFO] load_full_client_profile completed in 42.47 ms
2025-11-17 13:54:48 [INFO] load_clients_for_business started
2025-11-17 13:54:48 [DEBUG] load_clients_for_business: user_id=81e78254-85dc-464c-8aa4-455f9d9d47eb
2025-11-17 13:54:48 [DEBUG] Active clients fetched: 5 for business_id=79581f88-5042-43d0-9594-ba81e70130b0
2025-11-17 13:54:48 [DEBUG] Archived clients fetched: 0 for business_id=79581f88-5042-43d0-9594-ba81e70130b0
2025-11-17 13:54:48 [INFO] load_clients_for_business completed in 383.31 ms
2025-11-18 10:17:58 [INFO] load_full_client_profile started
2025-11-18 10:17:58 [DEBUG] load_full_client_profile payload keys=['client_id']
2025-11-18 10:17:58 [DEBUG] Pets rows fetched: 2 for client_id=679acd9e-1947-4358-b6ef-b1e0acdf0d34
2025-11-18 10:17:58 [INFO] load_full_client_profile completed in 63.27 ms
2025-11-18 10:19:25 [INFO] load_full_client_profile started
2025-11-18 10:19:25 [DEBUG] load_full_client_profile payload keys=['client_id']
2025-11-18 10:19:25 [DEBUG] Pets rows fetched: 2 for client_id=679acd9e-1947-4358-b6ef-b1e0acdf0d34
2025-11-18 10:19:25 [INFO] load_full_client_profile completed in 64.49 ms
2025-11-18 10:19:56 [INFO] load_full_client_profile started
2025-11-18 10:19:56 [DEBUG] load_full_client_profile payload keys=['client_id']
2025-11-18 10:19:56 [DEBUG] Pets rows fetched: 2 for client_id=679acd9e-1947-4358-b6ef-b1e0acdf0d34
2025-11-18 10:19:56 [INFO] load_full_client_profile completed in 62.36 ms
2025-11-18 10:25:13 [INFO] load_clients_for_business started
2025-11-18 10:25:13 [DEBUG] load_clients_for_business: user_id=81e78254-85dc-464c-8aa4-455f9d9d47eb
2025-11-18 10:25:14 [DEBUG] Active clients fetched: 5 for business_id=79581f88-5042-43d0-9594-ba81e70130b0
2025-11-18 10:25:14 [DEBUG] Archived clients fetched: 0 for business_id=79581f88-5042-43d0-9594-ba81e70130b0
2025-11-18 10:25:14 [INFO] load_clients_for_business completed in 649.86 ms
2025-11-18 10:46:59 [INFO] load_clients_for_business started
2025-11-18 10:46:59 [DEBUG] load_clients_for_business: user_id=81e78254-85dc-464c-8aa4-455f9d9d47eb
2025-11-18 10:47:00 [DEBUG] Active clients fetched: 5 for business_id=79581f88-5042-43d0-9594-ba81e70130b0
2025-11-18 10:47:00 [DEBUG] Archived clients fetched: 0 for business_id=79581f88-5042-43d0-9594-ba81e70130b0
2025-11-18 10:47:00 [INFO] load_clients_for_business completed in 414.60 ms
2025-11-18 10:48:31 [INFO] load_clients_for_business started
2025-11-18 10:48:31 [DEBUG] load_clients_for_business: user_id=81e78254-85dc-464c-8aa4-455f9d9d47eb
2025-11-18 10:48:31 [DEBUG] Active clients fetched: 5 for business_id=79581f88-5042-43d0-9594-ba81e70130b0
2025-11-18 10:48:31 [DEBUG] Archived clients fetched: 0 for business_id=79581f88-5042-43d0-9594-ba81e70130b0
2025-11-18 10:48:31 [INFO] load_clients_for_business completed in 583.49 ms
2025-11-18 10:49:04 [INFO] load_clients_for_business started
2025-11-18 10:49:04 [DEBUG] load_clients_for_business: user_id=81e78254-85dc-464c-8aa4-455f9d9d47eb
2025-11-18 10:49:04 [DEBUG] Active clients fetched: 5 for business_id=79581f88-5042-43d0-9594-ba81e70130b0
2025-11-18 10:49:04 [DEBUG] Archived clients fetched: 0 for business_id=79581f88-5042-43d0-9594-ba81e70130b0
2025-11-18 10:49:04 [INFO] load_clients_for_business completed in 386.77 ms
2025-11-18 10:51:27 [INFO] load_full_client_profile started
2025-11-18 10:51:27 [DEBUG] load_full_client_profile payload keys=['client_id']
2025-11-18 10:51:27 [DEBUG] Pets rows fetched: 2 for client_id=679acd9e-1947-4358-b6ef-b1e0acdf0d34
2025-11-18 10:51:27 [INFO] load_full_client_profile completed in 64.48 ms
2025-11-18 10:52:13 [INFO] load_full_client_profile started
2025-11-18 10:52:13 [DEBUG] load_full_client_profile payload keys=['client_id']
2025-11-18 10:52:13 [DEBUG] Pets rows fetched: 2 for client_id=679acd9e-1947-4358-b6ef-b1e0acdf0d34
2025-11-18 10:52:13 [INFO] load_full_client_profile completed in 66.97 ms
2025-11-18 10:53:21 [INFO] load_clients_for_business started
2025-11-18 10:53:21 [DEBUG] load_clients_for_business: user_id=81e78254-85dc-464c-8aa4-455f9d9d47eb
2025-11-18 10:53:21 [DEBUG] Active clients fetched: 5 for business_id=79581f88-5042-43d0-9594-ba81e70130b0
2025-11-18 10:53:21 [DEBUG] Archived clients fetched: 0 for business_id=79581f88-5042-43d0-9594-ba81e70130b0
2025-11-18 10:53:21 [INFO] load_clients_for_business completed in 400.03 ms
2025-11-18 10:54:16 [INFO] load_full_client_profile started
2025-11-18 10:54:16 [DEBUG] load_full_client_profile payload keys=['client_id']
2025-11-18 10:54:16 [DEBUG] Pets rows fetched: 2 for client_id=679acd9e-1947-4358-b6ef-b1e0acdf0d34
2025-11-18 10:54:16 [INFO] load_full_client_profile completed in 63.85 ms
2025-11-18 11:00:11 [INFO] load_clients_for_business started
2025-11-18 11:00:11 [DEBUG] load_clients_for_business: user_id=81e78254-85dc-464c-8aa4-455f9d9d47eb
2025-11-18 11:00:11 [DEBUG] Active clients fetched: 5 for business_id=79581f88-5042-43d0-9594-ba81e70130b0
2025-11-18 11:00:11 [DEBUG] Archived clients fetched: 0 for business_id=79581f88-5042-43d0-9594-ba81e70130b0
2025-11-18 11:00:11 [INFO] load_clients_for_business completed in 469.20 ms
2025-11-18 11:19:53 [INFO] load_clients_for_business started
2025-11-18 11:19:53 [DEBUG] load_clients_for_business: user_id=81e78254-85dc-464c-8aa4-455f9d9d47eb
2025-11-18 11:19:53 [DEBUG] Active clients fetched: 5 for business_id=79581f88-5042-43d0-9594-ba81e70130b0
2025-11-18 11:19:53 [DEBUG] Archived clients fetched: 0 for business_id=79581f88-5042-43d0-9594-ba81e70130b0
2025-11-18 11:19:53 [INFO] load_clients_for_business completed in 421.43 ms
2025-11-18 11:20:34 [INFO] load_clients_for_business started
2025-11-18 11:20:34 [DEBUG] load_clients_for_business: user_id=81e78254-85dc-464c-8aa4-455f9d9d47eb
2025-11-18 11:20:34 [DEBUG] Active clients fetched: 5 for business_id=79581f88-5042-43d0-9594-ba81e70130b0
2025-11-18 11:20:34 [DEBUG] Archived clients fetched: 0 for business_id=79581f88-5042-43d0-9594-ba81e70130b0
2025-11-18 11:20:34 [INFO] load_clients_for_business completed in 399.46 ms
2025-11-18 11:20:42 [INFO] load_full_client_profile started
2025-11-18 11:20:42 [DEBUG] load_full_client_profile payload keys=['client_id']
2025-11-18 11:20:42 [DEBUG] Pets rows fetched: 2 for client_id=679acd9e-1947-4358-b6ef-b1e0acdf0d34
2025-11-18 11:20:42 [INFO] load_full_client_profile completed in 65.12 ms
2025-11-18 11:30:52 [INFO] load_clients_for_business started
2025-11-18 11:30:52 [DEBUG] load_clients_for_business: user_id=81e78254-85dc-464c-8aa4-455f9d9d47eb
2025-11-18 11:30:52 [DEBUG] Active clients fetched: 5 for business_id=79581f88-5042-43d0-9594-ba81e70130b0
2025-11-18 11:30:52 [DEBUG] Archived clients fetched: 0 for business_id=79581f88-5042-43d0-9594-ba81e70130b0
2025-11-18 11:30:52 [INFO] load_clients_for_business completed in 492.52 ms
2025-11-18 12:58:49 [INFO] load_clients_for_business started
2025-11-18 12:58:49 [DEBUG] load_clients_for_business: user_id=81e78254-85dc-464c-8aa4-455f9d9d47eb
2025-11-18 12:58:49 [DEBUG] Active clients fetched: 5 for business_id=79581f88-5042-43d0-9594-ba81e70130b0
2025-11-18 12:58:49 [DEBUG] Archived clients fetched: 0 for business_id=79581f88-5042-43d0-9594-ba81e70130b0
2025-11-18 12:58:49 [INFO] load_clients_for_business completed in 663.46 ms
2025-11-18 13:07:36 [INFO] load_clients_for_business started
2025-11-18 13:07:36 [DEBUG] load_clients_for_business: user_id=81e78254-85dc-464c-8aa4-455f9d9d47eb
2025-11-18 13:07:37 [DEBUG] Active clients fetched: 5 for business_id=79581f88-5042-43d0-9594-ba81e70130b0
2025-11-18 13:07:37 [DEBUG] Archived clients fetched: 0 for business_id=79581f88-5042-43d0-9594-ba81e70130b0
2025-11-18 13:07:37 [INFO] load_clients_for_business completed in 717.85 ms
2025-11-18 13:23:23 [INFO] load_clients_for_business started
2025-11-18 13:23:23 [DEBUG] load_clients_for_business: user_id=81e78254-85dc-464c-8aa4-455f9d9d47eb
2025-11-18 13:23:24 [DEBUG] Active clients fetched: 5 for business_id=79581f88-5042-43d0-9594-ba81e70130b0
2025-11-18 13:23:24 [DEBUG] Archived clients fetched: 0 for business_id=79581f88-5042-43d0-9594-ba81e70130b0
2025-11-18 13:23:24 [INFO] load_clients_for_business completed in 779.43 ms
2025-11-18 13:35:56 [INFO] load_clients_for_business started
2025-11-18 13:35:56 [DEBUG] load_clients_for_business: user_id=81e78254-85dc-464c-8aa4-455f9d9d47eb
2025-11-18 13:35:57 [DEBUG] Active clients fetched: 5 for business_id=79581f88-5042-43d0-9594-ba81e70130b0
2025-11-18 13:35:57 [DEBUG] Archived clients fetched: 0 for business_id=79581f88-5042-43d0-9594-ba81e70130b0
2025-11-18 13:35:57 [INFO] load_clients_for_business completed in 510.52 ms
2025-11-18 13:49:42 [INFO] load_clients_for_business started
2025-11-18 13:49:42 [DEBUG] load_clients_for_business: user_id=81e78254-85dc-464c-8aa4-455f9d9d47eb
2025-11-18 13:49:43 [DEBUG] Active clients fetched: 5 for business_id=79581f88-5042-43d0-9594-ba81e70130b0
2025-11-18 13:49:43 [DEBUG] Archived clients fetched: 0 for business_id=79581f88-5042-43d0-9594-ba81e70130b0
2025-11-18 13:49:43 [INFO] load_clients_for_business completed in 558.66 ms
2025-11-18 13:50:35 [INFO] load_clients_for_business started
2025-11-18 13:50:35 [DEBUG] load_clients_for_business: user_id=81e78254-85dc-464c-8aa4-455f9d9d47eb
2025-11-18 13:50:35 [DEBUG] Active clients fetched: 5 for business_id=79581f88-5042-43d0-9594-ba81e70130b0
2025-11-18 13:50:35 [DEBUG] Archived clients fetched: 0 for business_id=79581f88-5042-43d0-9594-ba81e70130b0
2025-11-18 13:50:35 [INFO] load_clients_for_business completed in 470.47 ms
2025-11-18 13:57:58 [INFO] load_clients_for_business started
2025-11-18 13:57:58 [DEBUG] load_clients_for_business: user_id=81e78254-85dc-464c-8aa4-455f9d9d47eb
2025-11-18 13:57:59 [DEBUG] Active clients fetched: 5 for business_id=79581f88-5042-43d0-9594-ba81e70130b0
2025-11-18 13:57:59 [DEBUG] Archived clients fetched: 0 for business_id=79581f88-5042-43d0-9594-ba81e70130b0
2025-11-18 13:57:59 [INFO] load_clients_for_business completed in 654.38 ms
2025-11-18 13:59:07 [INFO] load_full_client_profile started
2025-11-18 13:59:07 [DEBUG] load_full_client_profile payload keys=['client_id']
2025-11-18 13:59:07 [DEBUG] Pets rows fetched: 2 for client_id=679acd9e-1947-4358-b6ef-b1e0acdf0d34
2025-11-18 13:59:07 [INFO] load_full_client_profile completed in 67.93 ms
2025-11-18 14:00:03 [INFO] load_full_client_profile started
2025-11-18 14:00:03 [DEBUG] load_full_client_profile payload keys=['client_id']
2025-11-18 14:00:03 [DEBUG] Pets rows fetched: 2 for client_id=679acd9e-1947-4358-b6ef-b1e0acdf0d34
2025-11-18 14:00:03 [INFO] load_full_client_profile completed in 63.04 ms
2025-11-18 14:00:16 [INFO] load_clients_for_business started
2025-11-18 14:00:16 [DEBUG] load_clients_for_business: user_id=81e78254-85dc-464c-8aa4-455f9d9d47eb
2025-11-18 14:00:17 [DEBUG] Active clients fetched: 5 for business_id=79581f88-5042-43d0-9594-ba81e70130b0
2025-11-18 14:00:17 [DEBUG] Archived clients fetched: 0 for business_id=79581f88-5042-43d0-9594-ba81e70130b0
2025-11-18 14:00:17 [INFO] load_clients_for_business completed in 656.93 ms
2025-11-18 14:00:52 [INFO] load_clients_for_business started
2025-11-18 14:00:52 [DEBUG] load_clients_for_business: user_id=81e78254-85dc-464c-8aa4-455f9d9d47eb
2025-11-18 14:00:52 [DEBUG] Active clients fetched: 5 for business_id=79581f88-5042-43d0-9594-ba81e70130b0
2025-11-18 14:00:52 [DEBUG] Archived clients fetched: 0 for business_id=79581f88-5042-43d0-9594-ba81e70130b0
2025-11-18 14:00:52 [INFO] load_clients_for_business completed in 381.68 ms
2025-11-18 14:01:33 [INFO] load_full_client_profile started
2025-11-18 14:01:33 [DEBUG] load_full_client_profile payload keys=['client_id']
2025-11-18 14:01:33 [DEBUG] Pets rows fetched: 2 for client_id=679acd9e-1947-4358-b6ef-b1e0acdf0d34
2025-11-18 14:01:33 [INFO] load_full_client_profile completed in 61.51 ms
2025-11-18 14:21:48 [INFO] load_clients_for_business started
2025-11-18 14:21:48 [DEBUG] load_clients_for_business: user_id=81e78254-85dc-464c-8aa4-455f9d9d47eb
2025-11-18 14:21:48 [DEBUG] Active clients fetched: 5 for business_id=79581f88-5042-43d0-9594-ba81e70130b0
2025-11-18 14:21:48 [DEBUG] Archived clients fetched: 0 for business_id=79581f88-5042-43d0-9594-ba81e70130b0
2025-11-18 14:21:48 [INFO] load_clients_for_business completed in 608.26 ms
2025-11-18 14:28:46 [INFO] load_full_client_profile started
2025-11-18 14:28:46 [DEBUG] load_full_client_profile payload keys=['client_id']
2025-11-18 14:28:46 [DEBUG] Pets rows fetched: 2 for client_id=679acd9e-1947-4358-b6ef-b1e0acdf0d34
2025-11-18 14:28:46 [INFO] load_full_client_profile completed in 68.44 ms
2025-11-18 14:28:48 [INFO] load_clients_for_business started
2025-11-18 14:28:48 [DEBUG] load_clients_for_business: user_id=81e78254-85dc-464c-8aa4-455f9d9d47eb
2025-11-18 14:28:48 [DEBUG] Active clients fetched: 5 for business_id=79581f88-5042-43d0-9594-ba81e70130b0
2025-11-18 14:28:48 [DEBUG] Archived clients fetched: 0 for business_id=79581f88-5042-43d0-9594-ba81e70130b0
2025-11-18 14:28:48 [INFO] load_clients_for_business completed in 512.51 ms
2025-11-18 14:41:26 [INFO] load_clients_for_business started
2025-11-18 14:41:26 [DEBUG] load_clients_for_business: user_id=81e78254-85dc-464c-8aa4-455f9d9d47eb
2025-11-18 14:41:26 [DEBUG] Active clients fetched: 5 for business_id=79581f88-5042-43d0-9594-ba81e70130b0
2025-11-18 14:41:26 [DEBUG] Archived clients fetched: 0 for business_id=79581f88-5042-43d0-9594-ba81e70130b0
2025-11-18 14:41:26 [INFO] load_clients_for_business completed in 514.53 ms
2025-11-18 14:42:25 [INFO] load_clients_for_business started
2025-11-18 14:42:25 [DEBUG] load_clients_for_business: user_id=81e78254-85dc-464c-8aa4-455f9d9d47eb
2025-11-18 14:42:26 [DEBUG] Active clients fetched: 5 for business_id=79581f88-5042-43d0-9594-ba81e70130b0
2025-11-18 14:42:26 [DEBUG] Archived clients fetched: 0 for business_id=79581f88-5042-43d0-9594-ba81e70130b0
2025-11-18 14:42:26 [INFO] load_clients_for_business completed in 700.31 ms
2025-11-18 14:42:37 [INFO] load_full_client_profile started
2025-11-18 14:42:37 [DEBUG] load_full_client_profile payload keys=['client_id']
2025-11-18 14:42:37 [DEBUG] Pets rows fetched: 2 for client_id=679acd9e-1947-4358-b6ef-b1e0acdf0d34
2025-11-18 14:42:37 [INFO] load_full_client_profile completed in 65.59 ms
2025-11-18 14:43:56 [INFO] load_clients_for_business started
2025-11-18 14:43:56 [DEBUG] load_clients_for_business: user_id=81e78254-85dc-464c-8aa4-455f9d9d47eb
2025-11-18 14:43:56 [DEBUG] Active clients fetched: 5 for business_id=79581f88-5042-43d0-9594-ba81e70130b0
2025-11-18 14:43:56 [DEBUG] Archived clients fetched: 0 for business_id=79581f88-5042-43d0-9594-ba81e70130b0
2025-11-18 14:43:56 [INFO] load_clients_for_business completed in 514.98 ms
2025-11-18 14:47:32 [INFO] load_clients_for_business started
2025-11-18 14:47:32 [DEBUG] load_clients_for_business: user_id=81e78254-85dc-464c-8aa4-455f9d9d47eb
2025-11-18 14:47:32 [DEBUG] Active clients fetched: 5 for business_id=79581f88-5042-43d0-9594-ba81e70130b0
2025-11-18 14:47:32 [DEBUG] Archived clients fetched: 0 for business_id=79581f88-5042-43d0-9594-ba81e70130b0
2025-11-18 14:47:32 [INFO] load_clients_for_business completed in 418.85 ms
2025-11-18 14:48:12 [INFO] load_clients_for_business started
2025-11-18 14:48:12 [DEBUG] load_clients_for_business: user_id=81e78254-85dc-464c-8aa4-455f9d9d47eb
2025-11-18 14:48:12 [DEBUG] Active clients fetched: 5 for business_id=79581f88-5042-43d0-9594-ba81e70130b0
2025-11-18 14:48:12 [DEBUG] Archived clients fetched: 0 for business_id=79581f88-5042-43d0-9594-ba81e70130b0
2025-11-18 14:48:12 [INFO] load_clients_for_business completed in 434.00 ms
2025-11-18 14:48:27 [INFO] load_clients_for_business started
2025-11-18 14:48:27 [DEBUG] load_clients_for_business: user_id=81e78254-85dc-464c-8aa4-455f9d9d47eb
2025-11-18 14:48:28 [DEBUG] Active clients fetched: 5 for business_id=79581f88-5042-43d0-9594-ba81e70130b0
2025-11-18 14:48:28 [DEBUG] Archived clients fetched: 0 for business_id=79581f88-5042-43d0-9594-ba81e70130b0
2025-11-18 14:48:28 [INFO] load_clients_for_business completed in 391.27 ms
2025-11-18 14:53:02 [INFO] load_full_client_profile started
2025-11-18 14:53:02 [DEBUG] load_full_client_profile payload keys=['client_id']
2025-11-18 14:53:02 [DEBUG] Pets rows fetched: 2 for client_id=679acd9e-1947-4358-b6ef-b1e0acdf0d34
2025-11-18 14:53:02 [INFO] load_full_client_profile completed in 62.43 ms
2025-11-18 14:54:41 [INFO] load_full_client_profile started
2025-11-18 14:54:41 [DEBUG] load_full_client_profile payload keys=['client_id']
2025-11-18 14:54:41 [DEBUG] Pets rows fetched: 2 for client_id=679acd9e-1947-4358-b6ef-b1e0acdf0d34
2025-11-18 14:54:41 [INFO] load_full_client_profile completed in 73.90 ms
2025-11-18 14:55:23 [INFO] load_full_client_profile started
2025-11-18 14:55:23 [DEBUG] load_full_client_profile payload keys=['client_id']
2025-11-18 14:55:23 [DEBUG] Pets rows fetched: 2 for client_id=679acd9e-1947-4358-b6ef-b1e0acdf0d34
2025-11-18 14:55:23 [INFO] load_full_client_profile completed in 64.18 ms
2025-11-18 14:55:57 [INFO] load_full_client_profile started
2025-11-18 14:55:57 [DEBUG] load_full_client_profile payload keys=['client_id']
2025-11-18 14:55:57 [DEBUG] Pets rows fetched: 2 for client_id=679acd9e-1947-4358-b6ef-b1e0acdf0d34
2025-11-18 14:55:57 [INFO] load_full_client_profile completed in 65.33 ms
2025-11-18 14:56:42 [INFO] load_full_client_profile started
2025-11-18 14:56:42 [DEBUG] load_full_client_profile payload keys=['client_id']
2025-11-18 14:56:42 [DEBUG] Pets rows fetched: 2 for client_id=679acd9e-1947-4358-b6ef-b1e0acdf0d34
2025-11-18 14:56:42 [INFO] load_full_client_profile completed in 60.86 ms
2025-11-18 14:57:00 [INFO] load_full_client_profile started
2025-11-18 14:57:00 [DEBUG] load_full_client_profile payload keys=['client_id']
2025-11-18 14:57:00 [DEBUG] Pets rows fetched: 2 for client_id=679acd9e-1947-4358-b6ef-b1e0acdf0d34
2025-11-18 14:57:00 [INFO] load_full_client_profile completed in 63.11 ms
2025-11-18 14:58:09 [INFO] load_full_client_profile started
2025-11-18 14:58:09 [DEBUG] load_full_client_profile payload keys=['client_id']
2025-11-18 14:58:09 [DEBUG] Pets rows fetched: 2 for client_id=679acd9e-1947-4358-b6ef-b1e0acdf0d34
2025-11-18 14:58:09 [INFO] load_full_client_profile completed in 62.33 ms
2025-11-18 15:01:01 [INFO] load_full_client_profile started
2025-11-18 15:01:01 [DEBUG] load_full_client_profile payload keys=['client_id']
2025-11-18 15:01:01 [DEBUG] Pets rows fetched: 2 for client_id=679acd9e-1947-4358-b6ef-b1e0acdf0d34
2025-11-18 15:01:01 [INFO] load_full_client_profile completed in 64.03 ms
2025-11-18 15:02:09 [INFO] load_full_client_profile started
2025-11-18 15:02:09 [DEBUG] load_full_client_profile payload keys=['client_id']
2025-11-18 15:02:09 [DEBUG] Pets rows fetched: 2 for client_id=679acd9e-1947-4358-b6ef-b1e0acdf0d34
2025-11-18 15:02:09 [INFO] load_full_client_profile completed in 62.61 ms
2025-11-18 15:02:59 [INFO] load_clients_for_business started
2025-11-18 15:02:59 [DEBUG] load_clients_for_business: user_id=81e78254-85dc-464c-8aa4-455f9d9d47eb
2025-11-18 15:02:59 [DEBUG] Active clients fetched: 5 for business_id=79581f88-5042-43d0-9594-ba81e70130b0
2025-11-18 15:02:59 [DEBUG] Archived clients fetched: 0 for business_id=79581f88-5042-43d0-9594-ba81e70130b0
2025-11-18 15:02:59 [INFO] load_clients_for_business completed in 394.65 ms
2025-11-18 15:03:14 [INFO] load_full_client_profile started
2025-11-18 15:03:14 [DEBUG] load_full_client_profile payload keys=['client_id']
2025-11-18 15:03:14 [DEBUG] Pets rows fetched: 2 for client_id=679acd9e-1947-4358-b6ef-b1e0acdf0d34
2025-11-18 15:03:14 [INFO] load_full_client_profile completed in 63.30 ms
2025-11-18 15:03:22 [INFO] load_clients_for_business started
2025-11-18 15:03:22 [DEBUG] load_clients_for_business: user_id=81e78254-85dc-464c-8aa4-455f9d9d47eb
2025-11-18 15:03:22 [DEBUG] Active clients fetched: 5 for business_id=79581f88-5042-43d0-9594-ba81e70130b0
2025-11-18 15:03:22 [DEBUG] Archived clients fetched: 0 for business_id=79581f88-5042-43d0-9594-ba81e70130b0
2025-11-18 15:03:22 [INFO] load_clients_for_business completed in 387.92 ms
2025-11-18 15:03:40 [INFO] load_full_client_profile started
2025-11-18 15:03:40 [DEBUG] load_full_client_profile payload keys=['client_id']
2025-11-18 15:03:40 [DEBUG] Pets rows fetched: 2 for client_id=679acd9e-1947-4358-b6ef-b1e0acdf0d34
2025-11-18 15:03:40 [INFO] load_full_client_profile completed in 63.02 ms
2025-11-18 15:04:58 [INFO] load_clients_for_business started
2025-11-18 15:04:58 [DEBUG] load_clients_for_business: user_id=81e78254-85dc-464c-8aa4-455f9d9d47eb
2025-11-18 15:04:58 [DEBUG] Active clients fetched: 5 for business_id=79581f88-5042-43d0-9594-ba81e70130b0
2025-11-18 15:04:58 [DEBUG] Archived clients fetched: 0 for business_id=79581f88-5042-43d0-9594-ba81e70130b0
2025-11-18 15:04:58 [INFO] load_clients_for_business completed in 383.41 ms
2025-11-18 15:08:53 [INFO] load_full_client_profile started
2025-11-18 15:08:53 [DEBUG] load_full_client_profile payload keys=['client_id']
2025-11-18 15:08:53 [DEBUG] Pets rows fetched: 2 for client_id=679acd9e-1947-4358-b6ef-b1e0acdf0d34
2025-11-18 15:08:53 [INFO] load_full_client_profile completed in 65.98 ms
2025-11-18 15:12:42 [INFO] load_clients_for_business started
2025-11-18 15:12:42 [DEBUG] load_clients_for_business: user_id=81e78254-85dc-464c-8aa4-455f9d9d47eb
2025-11-18 15:12:42 [DEBUG] Active clients fetched: 5 for business_id=79581f88-5042-43d0-9594-ba81e70130b0
2025-11-18 15:12:42 [DEBUG] Archived clients fetched: 0 for business_id=79581f88-5042-43d0-9594-ba81e70130b0
2025-11-18 15:12:42 [INFO] load_clients_for_business completed in 387.76 ms
2025-11-18 15:17:31 [INFO] load_full_client_profile started
2025-11-18 15:17:31 [DEBUG] load_full_client_profile payload keys=['client_id']
2025-11-18 15:17:31 [DEBUG] Pets rows fetched: 2 for client_id=679acd9e-1947-4358-b6ef-b1e0acdf0d34
2025-11-18 15:17:31 [INFO] load_full_client_profile completed in 60.85 ms
2025-11-18 15:18:15 [INFO] load_full_client_profile started
2025-11-18 15:18:15 [DEBUG] load_full_client_profile payload keys=['client_id']
2025-11-18 15:18:15 [DEBUG] Pets rows fetched: 2 for client_id=679acd9e-1947-4358-b6ef-b1e0acdf0d34
2025-11-18 15:18:15 [INFO] load_full_client_profile completed in 62.12 ms
2025-11-18 15:18:49 [INFO] load_clients_for_business started
2025-11-18 15:18:49 [DEBUG] load_clients_for_business: user_id=81e78254-85dc-464c-8aa4-455f9d9d47eb
2025-11-18 15:18:49 [DEBUG] Active clients fetched: 5 for business_id=79581f88-5042-43d0-9594-ba81e70130b0
2025-11-18 15:18:49 [DEBUG] Archived clients fetched: 0 for business_id=79581f88-5042-43d0-9594-ba81e70130b0
2025-11-18 15:18:49 [INFO] load_clients_for_business completed in 379.55 ms
2025-11-18 15:20:49 [INFO] load_full_client_profile started
2025-11-18 15:20:49 [DEBUG] load_full_client_profile payload keys=['client_id']
2025-11-18 15:20:49 [DEBUG] Pets rows fetched: 2 for client_id=679acd9e-1947-4358-b6ef-b1e0acdf0d34
2025-11-18 15:20:49 [INFO] load_full_client_profile completed in 66.15 ms
2025-11-18 15:22:39 [INFO] load_full_client_profile started
2025-11-18 15:22:39 [DEBUG] load_full_client_profile payload keys=['client_id']
2025-11-18 15:22:39 [DEBUG] Pets rows fetched: 2 for client_id=679acd9e-1947-4358-b6ef-b1e0acdf0d34
2025-11-18 15:22:39 [INFO] load_full_client_profile completed in 79.89 ms
2025-11-18 15:23:06 [INFO] load_full_client_profile started
2025-11-18 15:23:06 [DEBUG] load_full_client_profile payload keys=['client_id']
2025-11-18 15:23:06 [DEBUG] Pets rows fetched: 2 for client_id=679acd9e-1947-4358-b6ef-b1e0acdf0d34
2025-11-18 15:23:06 [INFO] load_full_client_profile completed in 63.96 ms
2025-11-18 15:25:42 [INFO] load_full_client_profile started
2025-11-18 15:25:42 [DEBUG] load_full_client_profile payload keys=['client_id']
2025-11-18 15:25:42 [DEBUG] Pets rows fetched: 2 for client_id=679acd9e-1947-4358-b6ef-b1e0acdf0d34
2025-11-18 15:25:42 [INFO] load_full_client_profile completed in 60.50 ms
2025-11-18 15:27:09 [INFO] load_full_client_profile started
2025-11-18 15:27:09 [DEBUG] load_full_client_profile payload keys=['client_id']
2025-11-18 15:27:09 [DEBUG] Pets rows fetched: 2 for client_id=679acd9e-1947-4358-b6ef-b1e0acdf0d34
2025-11-18 15:27:09 [INFO] load_full_client_profile completed in 80.44 ms
2025-11-18 15:27:22 [INFO] load_full_client_profile started
2025-11-18 15:27:22 [DEBUG] load_full_client_profile payload keys=['client_id']
2025-11-18 15:27:22 [DEBUG] Pets rows fetched: 2 for client_id=679acd9e-1947-4358-b6ef-b1e0acdf0d34
2025-11-18 15:27:22 [INFO] load_full_client_profile completed in 62.36 ms
2025-11-18 15:27:41 [INFO] load_full_client_profile started
2025-11-18 15:27:41 [DEBUG] load_full_client_profile payload keys=['client_id']
2025-11-18 15:27:42 [DEBUG] Pets rows fetched: 2 for client_id=679acd9e-1947-4358-b6ef-b1e0acdf0d34
2025-11-18 15:27:42 [INFO] load_full_client_profile completed in 66.77 ms
2025-11-18 15:43:47 [INFO] load_full_client_profile started
2025-11-18 15:43:47 [DEBUG] load_full_client_profile payload keys=['client_id']
2025-11-18 15:43:47 [DEBUG] Pets rows fetched: 2 for client_id=679acd9e-1947-4358-b6ef-b1e0acdf0d34
2025-11-18 15:43:47 [INFO] load_full_client_profile completed in 63.01 ms
2025-11-18 15:45:10 [INFO] load_full_client_profile started
2025-11-18 15:45:10 [DEBUG] load_full_client_profile payload keys=['client_id']
2025-11-18 15:45:10 [DEBUG] Pets rows fetched: 2 for client_id=679acd9e-1947-4358-b6ef-b1e0acdf0d34
2025-11-18 15:45:10 [INFO] load_full_client_profile completed in 62.67 ms
2025-11-18 16:01:24 [INFO] load_full_client_profile started
2025-11-18 16:01:24 [DEBUG] load_full_client_profile payload keys=['client_id']
2025-11-18 16:01:24 [DEBUG] Pets rows fetched: 2 for client_id=679acd9e-1947-4358-b6ef-b1e0acdf0d34
2025-11-18 16:01:24 [INFO] load_full_client_profile completed in 63.51 ms
2025-11-18 16:07:12 [INFO] load_clients_for_business started
2025-11-18 16:07:12 [DEBUG] load_clients_for_business: user_id=81e78254-85dc-464c-8aa4-455f9d9d47eb
2025-11-18 16:07:13 [DEBUG] Active clients fetched: 5 for business_id=79581f88-5042-43d0-9594-ba81e70130b0
2025-11-18 16:07:13 [DEBUG] Archived clients fetched: 0 for business_id=79581f88-5042-43d0-9594-ba81e70130b0
2025-11-18 16:07:13 [INFO] load_clients_for_business completed in 597.83 ms
2025-11-18 16:16:27 [INFO] load_clients_for_business started
2025-11-18 16:16:27 [DEBUG] load_clients_for_business: user_id=81e78254-85dc-464c-8aa4-455f9d9d47eb
2025-11-18 16:16:27 [DEBUG] Active clients fetched: 5 for business_id=79581f88-5042-43d0-9594-ba81e70130b0
2025-11-18 16:16:27 [DEBUG] Archived clients fetched: 0 for business_id=79581f88-5042-43d0-9594-ba81e70130b0
2025-11-18 16:16:27 [INFO] load_clients_for_business completed in 376.75 ms
2025-11-18 16:22:22 [INFO] load_full_client_profile started
2025-11-18 16:22:22 [DEBUG] load_full_client_profile payload keys=['client_id']
2025-11-18 16:22:22 [DEBUG] Pets rows fetched: 2 for client_id=679acd9e-1947-4358-b6ef-b1e0acdf0d34
2025-11-18 16:22:22 [INFO] load_full_client_profile completed in 62.66 ms
2025-11-18 16:23:57 [INFO] load_full_client_profile started
2025-11-18 16:23:57 [DEBUG] load_full_client_profile payload keys=['client_id']
2025-11-18 16:23:57 [DEBUG] Pets rows fetched: 2 for client_id=679acd9e-1947-4358-b6ef-b1e0acdf0d34
2025-11-18 16:23:57 [INFO] load_full_client_profile completed in 60.60 ms
2025-11-18 16:25:47 [INFO] load_clients_for_business started
2025-11-18 16:25:47 [DEBUG] load_clients_for_business: user_id=81e78254-85dc-464c-8aa4-455f9d9d47eb
2025-11-18 16:25:48 [DEBUG] Active clients fetched: 5 for business_id=79581f88-5042-43d0-9594-ba81e70130b0
2025-11-18 16:25:48 [DEBUG] Archived clients fetched: 0 for business_id=79581f88-5042-43d0-9594-ba81e70130b0
2025-11-18 16:25:48 [INFO] load_clients_for_business completed in 377.04 ms
2025-11-18 16:26:59 [INFO] load_clients_for_business started
2025-11-18 16:26:59 [DEBUG] load_clients_for_business: user_id=81e78254-85dc-464c-8aa4-455f9d9d47eb
2025-11-18 16:26:59 [DEBUG] Active clients fetched: 5 for business_id=79581f88-5042-43d0-9594-ba81e70130b0
2025-11-18 16:26:59 [DEBUG] Archived clients fetched: 0 for business_id=79581f88-5042-43d0-9594-ba81e70130b0
2025-11-18 16:26:59 [INFO] load_clients_for_business completed in 399.08 ms
2025-11-18 16:33:55 [INFO] load_clients_for_business started
2025-11-18 16:33:55 [DEBUG] load_clients_for_business: user_id=81e78254-85dc-464c-8aa4-455f9d9d47eb
2025-11-18 16:33:56 [DEBUG] Active clients fetched: 5 for business_id=79581f88-5042-43d0-9594-ba81e70130b0
2025-11-18 16:33:56 [DEBUG] Archived clients fetched: 0 for business_id=79581f88-5042-43d0-9594-ba81e70130b0
2025-11-18 16:33:56 [INFO] load_clients_for_business completed in 398.84 ms
2025-11-18 16:34:18 [INFO] load_full_client_profile started
2025-11-18 16:34:18 [DEBUG] load_full_client_profile payload keys=['client_id']
2025-11-18 16:34:18 [DEBUG] Pets rows fetched: 2 for client_id=679acd9e-1947-4358-b6ef-b1e0acdf0d34
2025-11-18 16:34:18 [INFO] load_full_client_profile completed in 68.85 ms
2025-11-18 16:34:45 [INFO] load_full_client_profile started
2025-11-18 16:34:45 [DEBUG] load_full_client_profile payload keys=['client_id']
2025-11-18 16:34:45 [DEBUG] Pets rows fetched: 2 for client_id=679acd9e-1947-4358-b6ef-b1e0acdf0d34
2025-11-18 16:34:45 [INFO] load_full_client_profile completed in 71.25 ms
2025-11-18 16:36:47 [INFO] load_clients_for_business started
2025-11-18 16:36:47 [DEBUG] load_clients_for_business: user_id=81e78254-85dc-464c-8aa4-455f9d9d47eb
2025-11-18 16:36:48 [DEBUG] Active clients fetched: 5 for business_id=79581f88-5042-43d0-9594-ba81e70130b0
2025-11-18 16:36:48 [DEBUG] Archived clients fetched: 0 for business_id=79581f88-5042-43d0-9594-ba81e70130b0
2025-11-18 16:36:48 [INFO] load_clients_for_business completed in 506.62 ms
2025-11-19 08:59:03 [INFO] load_clients_for_business started
2025-11-19 08:59:03 [DEBUG] load_clients_for_business: user_id=81e78254-85dc-464c-8aa4-455f9d9d47eb
2025-11-19 08:59:03 [DEBUG] Active clients fetched: 59 for business_id=642300d3-ac2d-48e3-9916-3c2908990745
2025-11-19 08:59:03 [DEBUG] Archived clients fetched: 102 for business_id=642300d3-ac2d-48e3-9916-3c2908990745
2025-11-19 08:59:03 [INFO] load_clients_for_business completed in 422.79 ms
2025-11-19 09:00:25 [INFO] load_clients_for_business started
2025-11-19 09:00:25 [DEBUG] load_clients_for_business: user_id=81e78254-85dc-464c-8aa4-455f9d9d47eb
2025-11-19 09:00:25 [DEBUG] Active clients fetched: 59 for business_id=642300d3-ac2d-48e3-9916-3c2908990745
2025-11-19 09:00:25 [DEBUG] Archived clients fetched: 102 for business_id=642300d3-ac2d-48e3-9916-3c2908990745
2025-11-19 09:00:25 [INFO] load_clients_for_business completed in 422.99 ms
2025-11-19 09:00:29 [INFO] load_clients_for_business started
2025-11-19 09:00:29 [DEBUG] load_clients_for_business: user_id=81e78254-85dc-464c-8aa4-455f9d9d47eb
2025-11-19 09:00:29 [DEBUG] Active clients fetched: 59 for business_id=642300d3-ac2d-48e3-9916-3c2908990745
2025-11-19 09:00:29 [DEBUG] Archived clients fetched: 102 for business_id=642300d3-ac2d-48e3-9916-3c2908990745
2025-11-19 09:00:29 [INFO] load_clients_for_business completed in 419.79 ms
2025-11-19 09:02:19 [INFO] load_clients_for_business started
2025-11-19 09:02:19 [DEBUG] load_clients_for_business: user_id=81e78254-85dc-464c-8aa4-455f9d9d47eb
2025-11-19 09:02:19 [DEBUG] Active clients fetched: 59 for business_id=642300d3-ac2d-48e3-9916-3c2908990745
2025-11-19 09:02:19 [DEBUG] Archived clients fetched: 102 for business_id=642300d3-ac2d-48e3-9916-3c2908990745
2025-11-19 09:02:19 [INFO] load_clients_for_business completed in 416.54 ms
2025-11-19 09:03:27 [INFO] load_clients_for_business started
2025-11-19 09:03:27 [DEBUG] load_clients_for_business: user_id=81e78254-85dc-464c-8aa4-455f9d9d47eb
2025-11-19 09:03:28 [DEBUG] Active clients fetched: 59 for business_id=642300d3-ac2d-48e3-9916-3c2908990745
2025-11-19 09:03:28 [DEBUG] Archived clients fetched: 102 for business_id=642300d3-ac2d-48e3-9916-3c2908990745
2025-11-19 09:03:28 [INFO] load_clients_for_business completed in 423.69 ms
2025-11-19 11:13:13 [INFO] load_full_client_profile started
2025-11-19 11:13:13 [DEBUG] load_full_client_profile payload keys=['client_id']
2025-11-19 11:13:13 [DEBUG] Pets rows fetched: 2 for client_id=679acd9e-1947-4358-b6ef-b1e0acdf0d34
2025-11-19 11:13:13 [INFO] load_full_client_profile completed in 83.61 ms
2025-11-19 11:13:48 [INFO] load_full_client_profile started
2025-11-19 11:13:48 [DEBUG] load_full_client_profile payload keys=['client_id']
2025-11-19 11:13:48 [DEBUG] Pets rows fetched: 2 for client_id=679acd9e-1947-4358-b6ef-b1e0acdf0d34
2025-11-19 11:13:48 [INFO] load_full_client_profile completed in 123.28 ms
2025-11-19 11:28:16 [INFO] load_full_client_profile started
2025-11-19 11:28:16 [DEBUG] load_full_client_profile payload keys=['client_id']
2025-11-19 11:28:16 [DEBUG] Pets rows fetched: 2 for client_id=679acd9e-1947-4358-b6ef-b1e0acdf0d34
2025-11-19 11:28:16 [INFO] load_full_client_profile completed in 73.22 ms
2025-11-19 11:50:16 [INFO] load_clients_for_business started
2025-11-19 11:50:16 [DEBUG] load_clients_for_business: user_id=471e9752-bcd7-4b95-9391-e890a0b2e1e8
2025-11-19 11:50:16 [DEBUG] Active clients fetched: 59 for business_id=642300d3-ac2d-48e3-9916-3c2908990745
2025-11-19 11:50:16 [DEBUG] Archived clients fetched: 102 for business_id=642300d3-ac2d-48e3-9916-3c2908990745
2025-11-19 11:50:16 [INFO] load_clients_for_business completed in 469.73 ms
2025-11-19 11:53:04 [INFO] load_full_client_profile started
2025-11-19 11:53:04 [DEBUG] load_full_client_profile payload keys=['client_id']
2025-11-19 11:53:04 [DEBUG] Pets rows fetched: 2 for client_id=679acd9e-1947-4358-b6ef-b1e0acdf0d34
2025-11-19 11:53:04 [INFO] load_full_client_profile completed in 72.72 ms
2025-11-19 11:56:48 [INFO] load_full_client_profile started
2025-11-19 11:56:48 [DEBUG] load_full_client_profile payload keys=['client_id']
2025-11-19 11:56:48 [DEBUG] Pets rows fetched: 2 for client_id=679acd9e-1947-4358-b6ef-b1e0acdf0d34
2025-11-19 11:56:48 [INFO] load_full_client_profile completed in 76.80 ms
2025-11-19 12:48:11 [INFO] load_full_client_profile started
2025-11-19 12:48:11 [DEBUG] load_full_client_profile payload keys=['client_id']
2025-11-19 12:48:11 [DEBUG] Pets rows fetched: 2 for client_id=679acd9e-1947-4358-b6ef-b1e0acdf0d34
2025-11-19 12:48:11 [INFO] load_full_client_profile completed in 73.67 ms
2025-11-19 12:53:31 [INFO] load_full_client_profile started
2025-11-19 12:53:31 [DEBUG] load_full_client_profile payload keys=['client_id']
2025-11-19 12:53:31 [DEBUG] Pets rows fetched: 2 for client_id=679acd9e-1947-4358-b6ef-b1e0acdf0d34
2025-11-19 12:53:31 [INFO] load_full_client_profile completed in 81.46 ms
2025-11-19 13:15:12 [INFO] load_clients_for_business started
2025-11-19 13:15:12 [DEBUG] load_clients_for_business: user_id=81e78254-85dc-464c-8aa4-455f9d9d47eb
2025-11-19 13:15:13 [DEBUG] Active clients fetched: 6 for business_id=79581f88-5042-43d0-9594-ba81e70130b0
2025-11-19 13:15:13 [DEBUG] Archived clients fetched: 0 for business_id=79581f88-5042-43d0-9594-ba81e70130b0
2025-11-19 13:15:13 [INFO] load_clients_for_business completed in 401.17 ms
2025-11-19 13:15:14 [INFO] load_full_client_profile started
2025-11-19 13:15:14 [DEBUG] load_full_client_profile payload keys=['client_id']
2025-11-19 13:15:14 [DEBUG] Pets rows fetched: 2 for client_id=679acd9e-1947-4358-b6ef-b1e0acdf0d34
2025-11-19 13:15:14 [INFO] load_full_client_profile completed in 60.84 ms
2025-11-19 13:15:15 [INFO] load_clients_for_business started
2025-11-19 13:15:15 [DEBUG] load_clients_for_business: user_id=81e78254-85dc-464c-8aa4-455f9d9d47eb
2025-11-19 13:15:15 [DEBUG] Active clients fetched: 6 for business_id=79581f88-5042-43d0-9594-ba81e70130b0
2025-11-19 13:15:15 [DEBUG] Archived clients fetched: 0 for business_id=79581f88-5042-43d0-9594-ba81e70130b0
2025-11-19 13:15:15 [INFO] load_clients_for_business completed in 417.19 ms
2025-11-19 13:28:18 [INFO] load_full_client_profile started
2025-11-19 13:28:18 [DEBUG] load_full_client_profile payload keys=['client_id']
2025-11-19 13:28:18 [DEBUG] Pets rows fetched: 3 for client_id=679acd9e-1947-4358-b6ef-b1e0acdf0d34
2025-11-19 13:28:18 [INFO] load_full_client_profile completed in 71.37 ms
2025-11-19 13:29:06 [INFO] load_full_client_profile started
2025-11-19 13:29:06 [DEBUG] load_full_client_profile payload keys=['client_id']
2025-11-19 13:29:06 [DEBUG] Pets rows fetched: 3 for client_id=679acd9e-1947-4358-b6ef-b1e0acdf0d34
2025-11-19 13:29:06 [INFO] load_full_client_profile completed in 71.86 ms
2025-11-19 13:29:21 [INFO] load_full_client_profile started
2025-11-19 13:29:21 [DEBUG] load_full_client_profile payload keys=['client_id']
2025-11-19 13:29:21 [DEBUG] Pets rows fetched: 3 for client_id=679acd9e-1947-4358-b6ef-b1e0acdf0d34
2025-11-19 13:29:21 [INFO] load_full_client_profile completed in 75.43 ms
2025-11-19 13:29:28 [INFO] load_full_client_profile started
2025-11-19 13:29:28 [DEBUG] load_full_client_profile payload keys=['client_id']
2025-11-19 13:29:28 [DEBUG] Pets rows fetched: 3 for client_id=679acd9e-1947-4358-b6ef-b1e0acdf0d34
2025-11-19 13:29:28 [INFO] load_full_client_profile completed in 75.60 ms
2025-11-19 13:30:32 [INFO] load_full_client_profile started
2025-11-19 13:30:32 [DEBUG] load_full_client_profile payload keys=['client_id']
2025-11-19 13:30:32 [DEBUG] Pets rows fetched: 3 for client_id=679acd9e-1947-4358-b6ef-b1e0acdf0d34
2025-11-19 13:30:32 [INFO] load_full_client_profile completed in 73.31 ms
2025-11-19 13:57:59 [INFO] load_full_client_profile started
2025-11-19 13:57:59 [DEBUG] load_full_client_profile payload keys=['client_id']
2025-11-19 13:57:59 [DEBUG] Pets rows fetched: 3 for client_id=679acd9e-1947-4358-b6ef-b1e0acdf0d34
2025-11-19 13:57:59 [INFO] load_full_client_profile completed in 78.43 ms
2025-11-19 14:03:26 [INFO] load_full_client_profile started
2025-11-19 14:03:26 [DEBUG] load_full_client_profile payload keys=['client_id']
2025-11-19 14:03:26 [DEBUG] Pets rows fetched: 3 for client_id=679acd9e-1947-4358-b6ef-b1e0acdf0d34
2025-11-19 14:03:26 [INFO] load_full_client_profile completed in 101.45 ms
2025-11-19 14:11:25 [INFO] load_full_client_profile started
2025-11-19 14:11:25 [DEBUG] load_full_client_profile payload keys=['client_id']
2025-11-19 14:11:25 [DEBUG] Pets rows fetched: 3 for client_id=679acd9e-1947-4358-b6ef-b1e0acdf0d34
2025-11-19 14:11:25 [INFO] load_full_client_profile completed in 73.71 ms
2025-11-19 14:11:57 [INFO] load_full_client_profile started
2025-11-19 14:11:57 [DEBUG] load_full_client_profile payload keys=['client_id']
2025-11-19 14:11:57 [DEBUG] Pets rows fetched: 3 for client_id=679acd9e-1947-4358-b6ef-b1e0acdf0d34
2025-11-19 14:11:57 [INFO] load_full_client_profile completed in 73.12 ms
2025-11-19 14:11:58 [INFO] load_full_client_profile started
2025-11-19 14:11:58 [DEBUG] load_full_client_profile payload keys=['client_id']
2025-11-19 14:11:58 [DEBUG] Pets rows fetched: 3 for client_id=679acd9e-1947-4358-b6ef-b1e0acdf0d34
2025-11-19 14:11:58 [INFO] load_full_client_profile completed in 72.76 ms
2025-11-19 14:12:16 [INFO] load_full_client_profile started
2025-11-19 14:12:16 [DEBUG] load_full_client_profile payload keys=['client_id']
2025-11-19 14:12:16 [DEBUG] Pets rows fetched: 3 for client_id=679acd9e-1947-4358-b6ef-b1e0acdf0d34
2025-11-19 14:12:16 [INFO] load_full_client_profile completed in 82.53 ms
2025-11-19 14:12:23 [INFO] load_full_client_profile started
2025-11-19 14:12:23 [DEBUG] load_full_client_profile payload keys=['client_id']
2025-11-19 14:12:23 [DEBUG] Pets rows fetched: 3 for client_id=679acd9e-1947-4358-b6ef-b1e0acdf0d34
2025-11-19 14:12:23 [INFO] load_full_client_profile completed in 82.65 ms
2025-11-19 14:12:24 [INFO] load_full_client_profile started
2025-11-19 14:12:24 [DEBUG] load_full_client_profile payload keys=['client_id']
2025-11-19 14:12:24 [DEBUG] Pets rows fetched: 3 for client_id=679acd9e-1947-4358-b6ef-b1e0acdf0d34
2025-11-19 14:12:24 [INFO] load_full_client_profile completed in 73.16 ms
2025-11-19 14:13:12 [INFO] load_full_client_profile started
2025-11-19 14:13:12 [DEBUG] load_full_client_profile payload keys=['client_id']
2025-11-19 14:13:12 [DEBUG] Pets rows fetched: 3 for client_id=679acd9e-1947-4358-b6ef-b1e0acdf0d34
2025-11-19 14:13:12 [INFO] load_full_client_profile completed in 70.12 ms
2025-11-19 14:16:29 [INFO] load_full_client_profile started
2025-11-19 14:16:29 [DEBUG] load_full_client_profile payload keys=['client_id']
2025-11-19 14:16:29 [DEBUG] Pets rows fetched: 3 for client_id=679acd9e-1947-4358-b6ef-b1e0acdf0d34
2025-11-19 14:16:29 [INFO] load_full_client_profile completed in 80.51 ms
2025-11-19 14:22:11 [INFO] load_full_client_profile started
2025-11-19 14:22:11 [DEBUG] load_full_client_profile payload keys=['client_id']
2025-11-19 14:22:11 [DEBUG] Pets rows fetched: 3 for client_id=679acd9e-1947-4358-b6ef-b1e0acdf0d34
2025-11-19 14:22:11 [INFO] load_full_client_profile completed in 73.21 ms
2025-11-19 14:23:31 [INFO] load_full_client_profile started
2025-11-19 14:23:31 [DEBUG] load_full_client_profile payload keys=['client_id']
2025-11-19 14:23:31 [DEBUG] Pets rows fetched: 3 for client_id=679acd9e-1947-4358-b6ef-b1e0acdf0d34
2025-11-19 14:23:31 [INFO] load_full_client_profile completed in 80.04 ms
2025-11-19 14:24:24 [INFO] load_full_client_profile started
2025-11-19 14:24:24 [DEBUG] load_full_client_profile payload keys=['client_id']
2025-11-19 14:24:24 [DEBUG] Pets rows fetched: 3 for client_id=679acd9e-1947-4358-b6ef-b1e0acdf0d34
2025-11-19 14:24:24 [INFO] load_full_client_profile completed in 77.33 ms
2025-11-19 14:26:54 [INFO] load_full_client_profile started
2025-11-19 14:26:54 [DEBUG] load_full_client_profile payload keys=['client_id']
2025-11-19 14:26:55 [DEBUG] Pets rows fetched: 3 for client_id=679acd9e-1947-4358-b6ef-b1e0acdf0d34
2025-11-19 14:26:55 [INFO] load_full_client_profile completed in 77.36 ms
2025-11-19 14:31:51 [INFO] load_full_client_profile started
2025-11-19 14:31:51 [DEBUG] load_full_client_profile payload keys=['client_id']
2025-11-19 14:31:51 [DEBUG] Pets rows fetched: 3 for client_id=679acd9e-1947-4358-b6ef-b1e0acdf0d34
2025-11-19 14:31:51 [INFO] load_full_client_profile completed in 74.64 ms
2025-11-19 14:32:04 [INFO] update_client_profile started
2025-11-19 14:32:04 [DEBUG] update_client_profile payload keys=['id', 'firstname', 'lastname', 'phone', 'email', 'address1', 'address2', 'address3', 'address4', 'postcode', 'keycode']
2025-11-19 14:32:04 [INFO] Client updated successfully id=679acd9e-1947-4358-b6ef-b1e0acdf0d34
2025-11-19 14:32:04 [DEBUG] Sent self-update notification to current_user
2025-11-19 14:32:04 [INFO] update_client_profile completed in 216.04 ms
2025-11-19 14:32:16 [INFO] load_full_client_profile started
2025-11-19 14:32:16 [DEBUG] load_full_client_profile payload keys=['client_id']
2025-11-19 14:32:16 [DEBUG] Pets rows fetched: 3 for client_id=679acd9e-1947-4358-b6ef-b1e0acdf0d34
2025-11-19 14:32:16 [INFO] load_full_client_profile completed in 74.52 ms
2025-11-19 14:32:19 [INFO] load_full_client_profile started
2025-11-19 14:32:19 [DEBUG] load_full_client_profile payload keys=['client_id']
2025-11-19 14:32:19 [DEBUG] Pets rows fetched: 3 for client_id=679acd9e-1947-4358-b6ef-b1e0acdf0d34
2025-11-19 14:32:19 [INFO] load_full_client_profile completed in 72.53 ms
2025-11-19 14:32:25 [INFO] load_full_client_profile started
2025-11-19 14:32:25 [DEBUG] load_full_client_profile payload keys=['client_id']
2025-11-19 14:32:25 [DEBUG] Pets rows fetched: 3 for client_id=679acd9e-1947-4358-b6ef-b1e0acdf0d34
2025-11-19 14:32:25 [INFO] load_full_client_profile completed in 71.04 ms
2025-11-19 14:32:29 [INFO] update_client_profile started
2025-11-19 14:32:29 [DEBUG] update_client_profile payload keys=['id', 'firstname', 'lastname', 'phone', 'email', 'address1', 'address2', 'address3', 'address4', 'postcode', 'keycode']
2025-11-19 14:32:29 [INFO] Client updated successfully id=679acd9e-1947-4358-b6ef-b1e0acdf0d34
2025-11-19 14:32:29 [DEBUG] Sent self-update notification to current_user
2025-11-19 14:32:29 [INFO] update_client_profile completed in 182.37 ms
2025-11-19 14:32:34 [INFO] load_full_client_profile started
2025-11-19 14:32:34 [DEBUG] load_full_client_profile payload keys=['client_id']
2025-11-19 14:32:34 [DEBUG] Pets rows fetched: 3 for client_id=679acd9e-1947-4358-b6ef-b1e0acdf0d34
2025-11-19 14:32:34 [INFO] load_full_client_profile completed in 70.66 ms
2025-11-19 14:32:46 [INFO] update_client_profile started
2025-11-19 14:32:46 [DEBUG] update_client_profile payload keys=['id', 'firstname', 'lastname', 'phone', 'email', 'address1', 'address2', 'address3', 'address4', 'postcode', 'keycode']
2025-11-19 14:32:46 [INFO] Client updated successfully id=679acd9e-1947-4358-b6ef-b1e0acdf0d34
2025-11-19 14:32:46 [DEBUG] Sent self-update notification to current_user
2025-11-19 14:32:46 [INFO] update_client_profile completed in 173.32 ms
2025-11-19 14:38:20 [INFO] load_full_client_profile started
2025-11-19 14:38:20 [DEBUG] load_full_client_profile payload keys=['client_id']
2025-11-19 14:38:20 [DEBUG] Pets rows fetched: 3 for client_id=679acd9e-1947-4358-b6ef-b1e0acdf0d34
2025-11-19 14:38:20 [INFO] load_full_client_profile completed in 81.78 ms
2025-11-19 14:38:21 [INFO] load_full_client_profile started
2025-11-19 14:38:21 [DEBUG] load_full_client_profile payload keys=['client_id']
2025-11-19 14:38:21 [DEBUG] Pets rows fetched: 3 for client_id=679acd9e-1947-4358-b6ef-b1e0acdf0d34
2025-11-19 14:38:21 [INFO] load_full_client_profile completed in 73.20 ms
2025-11-19 14:38:21 [INFO] update_client_profile started
2025-11-19 14:38:21 [DEBUG] update_client_profile payload keys=['id', 'firstname', 'lastname', 'phone', 'email', 'address1', 'address2', 'address3', 'address4', 'postcode', 'keycode']
2025-11-19 14:38:21 [INFO] Client updated successfully id=679acd9e-1947-4358-b6ef-b1e0acdf0d34
2025-11-19 14:38:22 [DEBUG] Sent self-update notification to current_user
2025-11-19 14:38:22 [INFO] update_client_profile completed in 175.06 ms
2025-11-19 14:38:27 [INFO] update_client_profile started
2025-11-19 14:38:27 [DEBUG] update_client_profile payload keys=['id', 'firstname', 'lastname', 'phone', 'email', 'address1', 'address2', 'address3', 'address4', 'postcode', 'keycode']
2025-11-19 14:38:27 [INFO] Client updated successfully id=679acd9e-1947-4358-b6ef-b1e0acdf0d34
2025-11-19 14:38:28 [DEBUG] Sent self-update notification to current_user
2025-11-19 14:38:28 [INFO] update_client_profile completed in 176.92 ms
2025-11-19 14:38:31 [INFO] load_full_client_profile started
2025-11-19 14:38:31 [DEBUG] load_full_client_profile payload keys=['client_id']
2025-11-19 14:38:31 [DEBUG] Pets rows fetched: 3 for client_id=679acd9e-1947-4358-b6ef-b1e0acdf0d34
2025-11-19 14:38:31 [INFO] load_full_client_profile completed in 79.71 ms
2025-11-19 14:38:58 [INFO] load_full_client_profile started
2025-11-19 14:38:58 [DEBUG] load_full_client_profile payload keys=['client_id']
2025-11-19 14:38:58 [DEBUG] Pets rows fetched: 3 for client_id=679acd9e-1947-4358-b6ef-b1e0acdf0d34
2025-11-19 14:38:58 [INFO] load_full_client_profile completed in 79.61 ms
2025-11-19 14:38:58 [INFO] load_full_client_profile started
2025-11-19 14:38:58 [DEBUG] load_full_client_profile payload keys=['client_id']
2025-11-19 14:38:58 [DEBUG] Pets rows fetched: 3 for client_id=679acd9e-1947-4358-b6ef-b1e0acdf0d34
2025-11-19 14:38:58 [INFO] load_full_client_profile completed in 76.96 ms
2025-11-19 14:39:03 [INFO] load_full_client_profile started
2025-11-19 14:39:03 [DEBUG] load_full_client_profile payload keys=['client_id']
2025-11-19 14:39:03 [DEBUG] Pets rows fetched: 3 for client_id=679acd9e-1947-4358-b6ef-b1e0acdf0d34
2025-11-19 14:39:03 [INFO] load_full_client_profile completed in 49.99 ms
2025-11-19 14:39:07 [INFO] update_client_profile started
2025-11-19 14:39:07 [DEBUG] update_client_profile payload keys=['id', 'firstname', 'lastname', 'phone', 'email', 'address1', 'address2', 'address3', 'address4', 'postcode', 'keycode']
2025-11-19 14:39:07 [INFO] Client updated successfully id=679acd9e-1947-4358-b6ef-b1e0acdf0d34
2025-11-19 14:39:07 [INFO] update_client_profile completed in 128.90 ms
2025-11-19 14:39:16 [INFO] load_full_client_profile started
2025-11-19 14:39:16 [DEBUG] load_full_client_profile payload keys=['client_id']
2025-11-19 14:39:16 [DEBUG] Pets rows fetched: 3 for client_id=679acd9e-1947-4358-b6ef-b1e0acdf0d34
2025-11-19 14:39:16 [INFO] load_full_client_profile completed in 53.77 ms
2025-11-19 14:39:52 [INFO] update_client_profile started
2025-11-19 14:39:52 [DEBUG] update_client_profile payload keys=['id', 'firstname', 'lastname', 'phone', 'email', 'address1', 'address2', 'address3', 'address4', 'postcode', 'keycode']
2025-11-19 14:39:52 [INFO] Client updated successfully id=679acd9e-1947-4358-b6ef-b1e0acdf0d34
2025-11-19 14:39:52 [INFO] update_client_profile completed in 142.29 ms
2025-11-19 14:40:21 [INFO] load_full_client_profile started
2025-11-19 14:40:21 [DEBUG] load_full_client_profile payload keys=['client_id']
2025-11-19 14:40:21 [DEBUG] Pets rows fetched: 3 for client_id=679acd9e-1947-4358-b6ef-b1e0acdf0d34
2025-11-19 14:40:21 [INFO] load_full_client_profile completed in 77.45 ms
2025-11-19 14:50:18 [INFO] load_full_client_profile started
2025-11-19 14:50:18 [DEBUG] load_full_client_profile payload keys=['client_id']
2025-11-19 14:50:18 [DEBUG] Pets rows fetched: 2 for client_id=679acd9e-1947-4358-b6ef-b1e0acdf0d34
2025-11-19 14:50:18 [INFO] load_full_client_profile completed in 72.42 ms
2025-11-19 14:51:14 [INFO] load_full_client_profile started
2025-11-19 14:51:14 [DEBUG] load_full_client_profile payload keys=['client_id']
2025-11-19 14:51:14 [DEBUG] Pets rows fetched: 2 for client_id=679acd9e-1947-4358-b6ef-b1e0acdf0d34
2025-11-19 14:51:14 [INFO] load_full_client_profile completed in 76.27 ms
2025-11-19 14:54:58 [INFO] load_full_client_profile started
2025-11-19 14:54:58 [DEBUG] load_full_client_profile payload keys=['client_id']
2025-11-19 14:54:58 [DEBUG] Pets rows fetched: 2 for client_id=679acd9e-1947-4358-b6ef-b1e0acdf0d34
2025-11-19 14:54:58 [INFO] load_full_client_profile completed in 77.92 ms
2025-11-19 14:54:59 [INFO] load_full_client_profile started
2025-11-19 14:54:59 [DEBUG] load_full_client_profile payload keys=['client_id']
2025-11-19 14:54:59 [DEBUG] Pets rows fetched: 2 for client_id=679acd9e-1947-4358-b6ef-b1e0acdf0d34
2025-11-19 14:54:59 [INFO] load_full_client_profile completed in 73.88 ms
2025-11-19 14:54:59 [INFO] load_full_client_profile started
2025-11-19 14:54:59 [DEBUG] load_full_client_profile payload keys=['client_id']
2025-11-19 14:54:59 [DEBUG] Pets rows fetched: 2 for client_id=679acd9e-1947-4358-b6ef-b1e0acdf0d34
2025-11-19 14:54:59 [INFO] load_full_client_profile completed in 74.61 ms
2025-11-19 14:55:16 [INFO] load_full_client_profile started
2025-11-19 14:55:16 [DEBUG] load_full_client_profile payload keys=['client_id']
2025-11-19 14:55:16 [DEBUG] Pets rows fetched: 2 for client_id=679acd9e-1947-4358-b6ef-b1e0acdf0d34
2025-11-19 14:55:16 [INFO] load_full_client_profile completed in 71.50 ms
2025-11-19 15:09:49 [INFO] load_full_client_profile started
2025-11-19 15:09:49 [DEBUG] load_full_client_profile payload keys=['client_id']
2025-11-19 15:09:50 [DEBUG] Pets rows fetched: 2 for client_id=679acd9e-1947-4358-b6ef-b1e0acdf0d34
2025-11-19 15:09:50 [INFO] load_full_client_profile completed in 74.75 ms
2025-11-20 10:16:41 [INFO] load_clients_for_business started
2025-11-20 10:16:41 [DEBUG] load_clients_for_business: user_id=81e78254-85dc-464c-8aa4-455f9d9d47eb
2025-11-20 10:16:41 [DEBUG] Active clients fetched: 6 for business_id=79581f88-5042-43d0-9594-ba81e70130b0
2025-11-20 10:16:41 [DEBUG] Archived clients fetched: 0 for business_id=79581f88-5042-43d0-9594-ba81e70130b0
2025-11-20 10:16:41 [INFO] load_clients_for_business completed in 402.71 ms
2025-11-20 10:22:14 [INFO] load_clients_for_business started
2025-11-20 10:22:14 [DEBUG] load_clients_for_business: user_id=471e9752-bcd7-4b95-9391-e890a0b2e1e8
2025-11-20 10:22:15 [DEBUG] Active clients fetched: 59 for business_id=642300d3-ac2d-48e3-9916-3c2908990745
2025-11-20 10:22:15 [DEBUG] Archived clients fetched: 102 for business_id=642300d3-ac2d-48e3-9916-3c2908990745
2025-11-20 10:22:15 [INFO] load_clients_for_business completed in 419.13 ms
2025-11-20 10:24:27 [INFO] load_clients_for_business started
2025-11-20 10:24:27 [DEBUG] load_clients_for_business: user_id=471e9752-bcd7-4b95-9391-e890a0b2e1e8
2025-11-20 10:24:28 [DEBUG] Active clients fetched: 59 for business_id=642300d3-ac2d-48e3-9916-3c2908990745
2025-11-20 10:24:28 [DEBUG] Archived clients fetched: 102 for business_id=642300d3-ac2d-48e3-9916-3c2908990745
2025-11-20 10:24:28 [INFO] load_clients_for_business completed in 416.52 ms
2025-11-20 10:24:43 [INFO] load_clients_for_business started
2025-11-20 10:24:43 [DEBUG] load_clients_for_business: user_id=471e9752-bcd7-4b95-9391-e890a0b2e1e8
2025-11-20 10:24:43 [DEBUG] Active clients fetched: 59 for business_id=642300d3-ac2d-48e3-9916-3c2908990745
2025-11-20 10:24:43 [DEBUG] Archived clients fetched: 102 for business_id=642300d3-ac2d-48e3-9916-3c2908990745
2025-11-20 10:24:43 [INFO] load_clients_for_business completed in 423.86 ms
2025-11-20 10:25:55 [INFO] load_clients_for_business started
2025-11-20 10:25:55 [DEBUG] load_clients_for_business: user_id=471e9752-bcd7-4b95-9391-e890a0b2e1e8
2025-11-20 10:25:56 [DEBUG] Active clients fetched: 59 for business_id=642300d3-ac2d-48e3-9916-3c2908990745
2025-11-20 10:25:56 [DEBUG] Archived clients fetched: 102 for business_id=642300d3-ac2d-48e3-9916-3c2908990745
2025-11-20 10:25:56 [INFO] load_clients_for_business completed in 417.00 ms
2025-11-20 10:28:30 [INFO] load_clients_for_business started
2025-11-20 10:28:30 [DEBUG] load_clients_for_business: user_id=471e9752-bcd7-4b95-9391-e890a0b2e1e8
2025-11-20 10:28:30 [DEBUG] Active clients fetched: 59 for business_id=642300d3-ac2d-48e3-9916-3c2908990745
2025-11-20 10:28:30 [DEBUG] Archived clients fetched: 102 for business_id=642300d3-ac2d-48e3-9916-3c2908990745
2025-11-20 10:28:30 [INFO] load_clients_for_business completed in 400.82 ms
2025-11-20 10:31:58 [INFO] load_clients_for_business started
2025-11-20 10:31:58 [DEBUG] load_clients_for_business: user_id=81e78254-85dc-464c-8aa4-455f9d9d47eb
2025-11-20 10:31:59 [DEBUG] Active clients fetched: 6 for business_id=79581f88-5042-43d0-9594-ba81e70130b0
2025-11-20 10:31:59 [DEBUG] Archived clients fetched: 0 for business_id=79581f88-5042-43d0-9594-ba81e70130b0
2025-11-20 10:31:59 [INFO] load_clients_for_business completed in 383.09 ms
2025-11-20 10:32:03 [INFO] load_clients_for_business started
2025-11-20 10:32:03 [DEBUG] load_clients_for_business: user_id=471e9752-bcd7-4b95-9391-e890a0b2e1e8
2025-11-20 10:32:03 [DEBUG] Active clients fetched: 59 for business_id=642300d3-ac2d-48e3-9916-3c2908990745
2025-11-20 10:32:03 [DEBUG] Archived clients fetched: 102 for business_id=642300d3-ac2d-48e3-9916-3c2908990745
2025-11-20 10:32:03 [INFO] load_clients_for_business completed in 419.86 ms
2025-11-20 10:35:03 [INFO] load_clients_for_business started
2025-11-20 10:35:03 [DEBUG] load_clients_for_business: user_id=471e9752-bcd7-4b95-9391-e890a0b2e1e8
2025-11-20 10:35:03 [DEBUG] Active clients fetched: 59 for business_id=642300d3-ac2d-48e3-9916-3c2908990745
2025-11-20 10:35:03 [DEBUG] Archived clients fetched: 102 for business_id=642300d3-ac2d-48e3-9916-3c2908990745
2025-11-20 10:35:03 [INFO] load_clients_for_business completed in 413.97 ms
2025-11-20 10:35:04 [INFO] load_clients_for_business started
2025-11-20 10:35:04 [DEBUG] load_clients_for_business: user_id=81e78254-85dc-464c-8aa4-455f9d9d47eb
2025-11-20 10:35:04 [DEBUG] Active clients fetched: 6 for business_id=79581f88-5042-43d0-9594-ba81e70130b0
2025-11-20 10:35:04 [DEBUG] Archived clients fetched: 0 for business_id=79581f88-5042-43d0-9594-ba81e70130b0
2025-11-20 10:35:04 [INFO] load_clients_for_business completed in 392.22 ms
2025-11-20 10:35:15 [INFO] load_clients_for_business started
2025-11-20 10:35:15 [DEBUG] load_clients_for_business: user_id=471e9752-bcd7-4b95-9391-e890a0b2e1e8
2025-11-20 10:35:16 [DEBUG] Active clients fetched: 59 for business_id=642300d3-ac2d-48e3-9916-3c2908990745
2025-11-20 10:35:16 [DEBUG] Archived clients fetched: 102 for business_id=642300d3-ac2d-48e3-9916-3c2908990745
2025-11-20 10:35:16 [INFO] load_clients_for_business completed in 415.57 ms
2025-11-20 10:38:00 [INFO] load_clients_for_business started
2025-11-20 10:38:00 [DEBUG] load_clients_for_business: user_id=471e9752-bcd7-4b95-9391-e890a0b2e1e8
2025-11-20 10:38:01 [DEBUG] Active clients fetched: 59 for business_id=642300d3-ac2d-48e3-9916-3c2908990745
2025-11-20 10:38:01 [DEBUG] Archived clients fetched: 102 for business_id=642300d3-ac2d-48e3-9916-3c2908990745
2025-11-20 10:38:01 [INFO] load_clients_for_business completed in 420.79 ms
2025-11-20 10:38:23 [INFO] load_clients_for_business started
2025-11-20 10:38:23 [DEBUG] load_clients_for_business: user_id=81e78254-85dc-464c-8aa4-455f9d9d47eb
2025-11-20 10:38:23 [DEBUG] Active clients fetched: 6 for business_id=79581f88-5042-43d0-9594-ba81e70130b0
2025-11-20 10:38:23 [DEBUG] Archived clients fetched: 0 for business_id=79581f88-5042-43d0-9594-ba81e70130b0
2025-11-20 10:38:23 [INFO] load_clients_for_business completed in 389.20 ms
2025-11-20 10:38:46 [INFO] load_clients_for_business started
2025-11-20 10:38:46 [DEBUG] load_clients_for_business: user_id=471e9752-bcd7-4b95-9391-e890a0b2e1e8
2025-11-20 10:38:47 [DEBUG] Active clients fetched: 59 for business_id=642300d3-ac2d-48e3-9916-3c2908990745
2025-11-20 10:38:47 [DEBUG] Archived clients fetched: 102 for business_id=642300d3-ac2d-48e3-9916-3c2908990745
2025-11-20 10:38:47 [INFO] load_clients_for_business completed in 409.14 ms
2025-11-20 10:42:37 [INFO] load_clients_for_business started
2025-11-20 10:42:37 [DEBUG] load_clients_for_business: user_id=81e78254-85dc-464c-8aa4-455f9d9d47eb
2025-11-20 10:42:37 [DEBUG] Active clients fetched: 6 for business_id=79581f88-5042-43d0-9594-ba81e70130b0
2025-11-20 10:42:37 [DEBUG] Archived clients fetched: 0 for business_id=79581f88-5042-43d0-9594-ba81e70130b0
2025-11-20 10:42:37 [INFO] load_clients_for_business completed in 379.93 ms
2025-11-20 10:44:45 [INFO] load_clients_for_business started
2025-11-20 10:44:45 [DEBUG] load_clients_for_business: user_id=81e78254-85dc-464c-8aa4-455f9d9d47eb
2025-11-20 10:44:45 [DEBUG] Active clients fetched: 6 for business_id=79581f88-5042-43d0-9594-ba81e70130b0
2025-11-20 10:44:45 [DEBUG] Archived clients fetched: 0 for business_id=79581f88-5042-43d0-9594-ba81e70130b0
2025-11-20 10:44:45 [INFO] load_clients_for_business completed in 384.63 ms
2025-11-20 10:47:07 [INFO] load_clients_for_business started
2025-11-20 10:47:07 [DEBUG] load_clients_for_business: user_id=81e78254-85dc-464c-8aa4-455f9d9d47eb
2025-11-20 10:47:07 [DEBUG] Active clients fetched: 6 for business_id=79581f88-5042-43d0-9594-ba81e70130b0
2025-11-20 10:47:07 [DEBUG] Archived clients fetched: 0 for business_id=79581f88-5042-43d0-9594-ba81e70130b0
2025-11-20 10:47:07 [INFO] load_clients_for_business completed in 396.42 ms
2025-11-20 10:48:16 [INFO] load_clients_for_business started
2025-11-20 10:48:16 [DEBUG] load_clients_for_business: user_id=81e78254-85dc-464c-8aa4-455f9d9d47eb
2025-11-20 10:48:16 [DEBUG] Active clients fetched: 6 for business_id=79581f88-5042-43d0-9594-ba81e70130b0
2025-11-20 10:48:16 [DEBUG] Archived clients fetched: 0 for business_id=79581f88-5042-43d0-9594-ba81e70130b0
2025-11-20 10:48:16 [INFO] load_clients_for_business completed in 379.68 ms
2025-11-20 10:50:09 [INFO] load_clients_for_business started
2025-11-20 10:50:09 [DEBUG] load_clients_for_business: user_id=81e78254-85dc-464c-8aa4-455f9d9d47eb
2025-11-20 10:50:09 [DEBUG] Active clients fetched: 6 for business_id=79581f88-5042-43d0-9594-ba81e70130b0
2025-11-20 10:50:09 [DEBUG] Archived clients fetched: 0 for business_id=79581f88-5042-43d0-9594-ba81e70130b0
2025-11-20 10:50:09 [INFO] load_clients_for_business completed in 394.12 ms
2025-11-20 10:53:06 [INFO] load_clients_for_business started
2025-11-20 10:53:06 [DEBUG] load_clients_for_business: user_id=81e78254-85dc-464c-8aa4-455f9d9d47eb
2025-11-20 10:53:06 [DEBUG] Active clients fetched: 6 for business_id=79581f88-5042-43d0-9594-ba81e70130b0
2025-11-20 10:53:06 [DEBUG] Archived clients fetched: 0 for business_id=79581f88-5042-43d0-9594-ba81e70130b0
2025-11-20 10:53:06 [INFO] load_clients_for_business completed in 388.90 ms
2025-11-20 10:53:13 [INFO] load_clients_for_business started
2025-11-20 10:53:13 [DEBUG] load_clients_for_business: user_id=471e9752-bcd7-4b95-9391-e890a0b2e1e8
2025-11-20 10:53:13 [DEBUG] Active clients fetched: 59 for business_id=642300d3-ac2d-48e3-9916-3c2908990745
2025-11-20 10:53:13 [DEBUG] Archived clients fetched: 102 for business_id=642300d3-ac2d-48e3-9916-3c2908990745
2025-11-20 10:53:13 [INFO] load_clients_for_business completed in 409.38 ms
2025-11-20 10:53:36 [INFO] load_clients_for_business started
2025-11-20 10:53:36 [DEBUG] load_clients_for_business: user_id=81e78254-85dc-464c-8aa4-455f9d9d47eb
2025-11-20 10:53:36 [DEBUG] Active clients fetched: 6 for business_id=79581f88-5042-43d0-9594-ba81e70130b0
2025-11-20 10:53:36 [DEBUG] Archived clients fetched: 0 for business_id=79581f88-5042-43d0-9594-ba81e70130b0
2025-11-20 10:53:36 [INFO] load_clients_for_business completed in 394.71 ms
2025-11-20 10:54:53 [INFO] load_clients_for_business started
2025-11-20 10:54:53 [DEBUG] load_clients_for_business: user_id=81e78254-85dc-464c-8aa4-455f9d9d47eb
2025-11-20 10:54:54 [DEBUG] Active clients fetched: 6 for business_id=79581f88-5042-43d0-9594-ba81e70130b0
2025-11-20 10:54:54 [DEBUG] Archived clients fetched: 0 for business_id=79581f88-5042-43d0-9594-ba81e70130b0
2025-11-20 10:54:54 [INFO] load_clients_for_business completed in 482.18 ms
2025-11-20 10:55:06 [INFO] load_clients_for_business started
2025-11-20 10:55:06 [DEBUG] load_clients_for_business: user_id=81e78254-85dc-464c-8aa4-455f9d9d47eb
2025-11-20 10:55:06 [DEBUG] Active clients fetched: 6 for business_id=79581f88-5042-43d0-9594-ba81e70130b0
2025-11-20 10:55:06 [DEBUG] Archived clients fetched: 0 for business_id=79581f88-5042-43d0-9594-ba81e70130b0
2025-11-20 10:55:06 [INFO] load_clients_for_business completed in 385.46 ms
2025-11-20 10:56:15 [INFO] load_clients_for_business started
2025-11-20 10:56:15 [DEBUG] load_clients_for_business: user_id=81e78254-85dc-464c-8aa4-455f9d9d47eb
2025-11-20 10:56:15 [DEBUG] Active clients fetched: 6 for business_id=79581f88-5042-43d0-9594-ba81e70130b0
2025-11-20 10:56:15 [DEBUG] Archived clients fetched: 0 for business_id=79581f88-5042-43d0-9594-ba81e70130b0
2025-11-20 10:56:15 [INFO] load_clients_for_business completed in 402.16 ms
2025-11-20 10:56:59 [INFO] load_clients_for_business started
2025-11-20 10:56:59 [DEBUG] load_clients_for_business: user_id=81e78254-85dc-464c-8aa4-455f9d9d47eb
2025-11-20 10:57:00 [DEBUG] Active clients fetched: 6 for business_id=79581f88-5042-43d0-9594-ba81e70130b0
2025-11-20 10:57:00 [DEBUG] Archived clients fetched: 0 for business_id=79581f88-5042-43d0-9594-ba81e70130b0
2025-11-20 10:57:00 [INFO] load_clients_for_business completed in 384.66 ms
2025-11-20 10:57:45 [INFO] load_clients_for_business started
2025-11-20 10:57:45 [DEBUG] load_clients_for_business: user_id=81e78254-85dc-464c-8aa4-455f9d9d47eb
2025-11-20 10:57:45 [DEBUG] Active clients fetched: 6 for business_id=79581f88-5042-43d0-9594-ba81e70130b0
2025-11-20 10:57:45 [DEBUG] Archived clients fetched: 0 for business_id=79581f88-5042-43d0-9594-ba81e70130b0
2025-11-20 10:57:45 [INFO] load_clients_for_business completed in 388.14 ms
2025-11-20 10:57:54 [INFO] load_clients_for_business started
2025-11-20 10:57:54 [DEBUG] load_clients_for_business: user_id=81e78254-85dc-464c-8aa4-455f9d9d47eb
2025-11-20 10:57:54 [DEBUG] Active clients fetched: 6 for business_id=79581f88-5042-43d0-9594-ba81e70130b0
2025-11-20 10:57:54 [DEBUG] Archived clients fetched: 0 for business_id=79581f88-5042-43d0-9594-ba81e70130b0
2025-11-20 10:57:54 [INFO] load_clients_for_business completed in 383.21 ms
2025-11-20 10:58:17 [INFO] load_clients_for_business started
2025-11-20 10:58:17 [DEBUG] load_clients_for_business: user_id=81e78254-85dc-464c-8aa4-455f9d9d47eb
2025-11-20 10:58:17 [DEBUG] Active clients fetched: 6 for business_id=79581f88-5042-43d0-9594-ba81e70130b0
2025-11-20 10:58:17 [DEBUG] Archived clients fetched: 0 for business_id=79581f88-5042-43d0-9594-ba81e70130b0
2025-11-20 10:58:17 [INFO] load_clients_for_business completed in 386.81 ms
2025-11-20 10:59:01 [INFO] load_clients_for_business started
2025-11-20 10:59:01 [DEBUG] load_clients_for_business: user_id=81e78254-85dc-464c-8aa4-455f9d9d47eb
2025-11-20 10:59:02 [DEBUG] Active clients fetched: 6 for business_id=79581f88-5042-43d0-9594-ba81e70130b0
2025-11-20 10:59:02 [DEBUG] Archived clients fetched: 0 for business_id=79581f88-5042-43d0-9594-ba81e70130b0
2025-11-20 10:59:02 [INFO] load_clients_for_business completed in 393.47 ms
2025-11-20 10:59:16 [INFO] load_clients_for_business started
2025-11-20 10:59:16 [DEBUG] load_clients_for_business: user_id=81e78254-85dc-464c-8aa4-455f9d9d47eb
2025-11-20 10:59:17 [DEBUG] Active clients fetched: 6 for business_id=79581f88-5042-43d0-9594-ba81e70130b0
2025-11-20 10:59:17 [DEBUG] Archived clients fetched: 0 for business_id=79581f88-5042-43d0-9594-ba81e70130b0
2025-11-20 10:59:17 [INFO] load_clients_for_business completed in 386.15 ms
2025-11-20 10:59:42 [INFO] load_clients_for_business started
2025-11-20 10:59:42 [DEBUG] load_clients_for_business: user_id=81e78254-85dc-464c-8aa4-455f9d9d47eb
2025-11-20 10:59:43 [DEBUG] Active clients fetched: 6 for business_id=79581f88-5042-43d0-9594-ba81e70130b0
2025-11-20 10:59:43 [DEBUG] Archived clients fetched: 0 for business_id=79581f88-5042-43d0-9594-ba81e70130b0
2025-11-20 10:59:43 [INFO] load_clients_for_business completed in 382.98 ms
2025-11-20 11:00:08 [INFO] load_clients_for_business started
2025-11-20 11:00:08 [DEBUG] load_clients_for_business: user_id=471e9752-bcd7-4b95-9391-e890a0b2e1e8
2025-11-20 11:00:09 [DEBUG] Active clients fetched: 59 for business_id=642300d3-ac2d-48e3-9916-3c2908990745
2025-11-20 11:00:09 [DEBUG] Archived clients fetched: 102 for business_id=642300d3-ac2d-48e3-9916-3c2908990745
2025-11-20 11:00:09 [INFO] load_clients_for_business completed in 426.84 ms
2025-11-20 11:00:54 [INFO] load_clients_for_business started
2025-11-20 11:00:54 [DEBUG] load_clients_for_business: user_id=81e78254-85dc-464c-8aa4-455f9d9d47eb
2025-11-20 11:00:54 [DEBUG] Active clients fetched: 6 for business_id=79581f88-5042-43d0-9594-ba81e70130b0
2025-11-20 11:00:54 [DEBUG] Archived clients fetched: 0 for business_id=79581f88-5042-43d0-9594-ba81e70130b0
2025-11-20 11:00:54 [INFO] load_clients_for_business completed in 396.96 ms
2025-11-20 11:02:26 [INFO] load_clients_for_business started
2025-11-20 11:02:26 [DEBUG] load_clients_for_business: user_id=81e78254-85dc-464c-8aa4-455f9d9d47eb
2025-11-20 11:02:26 [DEBUG] Active clients fetched: 6 for business_id=79581f88-5042-43d0-9594-ba81e70130b0
2025-11-20 11:02:26 [DEBUG] Archived clients fetched: 0 for business_id=79581f88-5042-43d0-9594-ba81e70130b0
2025-11-20 11:02:26 [INFO] load_clients_for_business completed in 396.38 ms
2025-11-20 11:02:26 [INFO] load_clients_for_business started
2025-11-20 11:02:26 [DEBUG] load_clients_for_business: user_id=81e78254-85dc-464c-8aa4-455f9d9d47eb
2025-11-20 11:02:27 [DEBUG] Active clients fetched: 6 for business_id=79581f88-5042-43d0-9594-ba81e70130b0
2025-11-20 11:02:27 [DEBUG] Archived clients fetched: 0 for business_id=79581f88-5042-43d0-9594-ba81e70130b0
2025-11-20 11:02:27 [INFO] load_clients_for_business completed in 381.46 ms
2025-11-20 11:03:25 [INFO] load_clients_for_business started
2025-11-20 11:03:25 [DEBUG] load_clients_for_business: user_id=81e78254-85dc-464c-8aa4-455f9d9d47eb
2025-11-20 11:03:26 [DEBUG] Active clients fetched: 6 for business_id=79581f88-5042-43d0-9594-ba81e70130b0
2025-11-20 11:03:26 [DEBUG] Archived clients fetched: 0 for business_id=79581f88-5042-43d0-9594-ba81e70130b0
2025-11-20 11:03:26 [INFO] load_clients_for_business completed in 378.90 ms
2025-11-20 11:03:26 [INFO] load_clients_for_business started
2025-11-20 11:03:26 [DEBUG] load_clients_for_business: user_id=81e78254-85dc-464c-8aa4-455f9d9d47eb
2025-11-20 11:03:26 [DEBUG] Active clients fetched: 6 for business_id=79581f88-5042-43d0-9594-ba81e70130b0
2025-11-20 11:03:26 [DEBUG] Archived clients fetched: 0 for business_id=79581f88-5042-43d0-9594-ba81e70130b0
2025-11-20 11:03:26 [INFO] load_clients_for_business completed in 394.73 ms
2025-11-20 11:04:31 [INFO] load_clients_for_business started
2025-11-20 11:04:31 [DEBUG] load_clients_for_business: user_id=81e78254-85dc-464c-8aa4-455f9d9d47eb
2025-11-20 11:04:31 [DEBUG] Active clients fetched: 6 for business_id=79581f88-5042-43d0-9594-ba81e70130b0
2025-11-20 11:04:31 [DEBUG] Archived clients fetched: 0 for business_id=79581f88-5042-43d0-9594-ba81e70130b0
2025-11-20 11:04:31 [INFO] load_clients_for_business completed in 398.43 ms
2025-11-20 11:04:31 [INFO] load_clients_for_business started
2025-11-20 11:04:31 [DEBUG] load_clients_for_business: user_id=81e78254-85dc-464c-8aa4-455f9d9d47eb
2025-11-20 11:04:32 [DEBUG] Active clients fetched: 6 for business_id=79581f88-5042-43d0-9594-ba81e70130b0
2025-11-20 11:04:32 [DEBUG] Archived clients fetched: 0 for business_id=79581f88-5042-43d0-9594-ba81e70130b0
2025-11-20 11:04:32 [INFO] load_clients_for_business completed in 394.13 ms
2025-11-20 11:07:07 [INFO] load_clients_for_business started
2025-11-20 11:07:07 [DEBUG] load_clients_for_business: user_id=81e78254-85dc-464c-8aa4-455f9d9d47eb
2025-11-20 11:07:08 [DEBUG] Active clients fetched: 6 for business_id=79581f88-5042-43d0-9594-ba81e70130b0
2025-11-20 11:07:08 [DEBUG] Archived clients fetched: 0 for business_id=79581f88-5042-43d0-9594-ba81e70130b0
2025-11-20 11:07:08 [INFO] load_clients_for_business completed in 398.87 ms
2025-11-20 11:07:08 [INFO] load_clients_for_business started
2025-11-20 11:07:08 [DEBUG] load_clients_for_business: user_id=81e78254-85dc-464c-8aa4-455f9d9d47eb
2025-11-20 11:07:08 [DEBUG] Active clients fetched: 6 for business_id=79581f88-5042-43d0-9594-ba81e70130b0
2025-11-20 11:07:08 [DEBUG] Archived clients fetched: 0 for business_id=79581f88-5042-43d0-9594-ba81e70130b0
2025-11-20 11:07:08 [INFO] load_clients_for_business completed in 386.60 ms
2025-11-20 11:07:18 [INFO] load_clients_for_business started
2025-11-20 11:07:18 [DEBUG] load_clients_for_business: user_id=81e78254-85dc-464c-8aa4-455f9d9d47eb
2025-11-20 11:07:18 [DEBUG] Active clients fetched: 6 for business_id=79581f88-5042-43d0-9594-ba81e70130b0
2025-11-20 11:07:18 [DEBUG] Archived clients fetched: 0 for business_id=79581f88-5042-43d0-9594-ba81e70130b0
2025-11-20 11:07:18 [INFO] load_clients_for_business completed in 383.94 ms
2025-11-20 11:07:18 [INFO] load_clients_for_business started
2025-11-20 11:07:18 [DEBUG] load_clients_for_business: user_id=81e78254-85dc-464c-8aa4-455f9d9d47eb
2025-11-20 11:07:19 [DEBUG] Active clients fetched: 6 for business_id=79581f88-5042-43d0-9594-ba81e70130b0
2025-11-20 11:07:19 [DEBUG] Archived clients fetched: 0 for business_id=79581f88-5042-43d0-9594-ba81e70130b0
2025-11-20 11:07:19 [INFO] load_clients_for_business completed in 386.21 ms
2025-11-20 11:07:30 [INFO] load_clients_for_business started
2025-11-20 11:07:30 [DEBUG] load_clients_for_business: user_id=81e78254-85dc-464c-8aa4-455f9d9d47eb
2025-11-20 11:07:30 [DEBUG] Active clients fetched: 6 for business_id=79581f88-5042-43d0-9594-ba81e70130b0
2025-11-20 11:07:30 [DEBUG] Archived clients fetched: 0 for business_id=79581f88-5042-43d0-9594-ba81e70130b0
2025-11-20 11:07:30 [INFO] load_clients_for_business completed in 384.84 ms
2025-11-20 11:07:47 [INFO] load_clients_for_business started
2025-11-20 11:07:47 [DEBUG] load_clients_for_business: user_id=81e78254-85dc-464c-8aa4-455f9d9d47eb
2025-11-20 11:07:47 [DEBUG] Active clients fetched: 6 for business_id=79581f88-5042-43d0-9594-ba81e70130b0
2025-11-20 11:07:48 [DEBUG] Archived clients fetched: 0 for business_id=79581f88-5042-43d0-9594-ba81e70130b0
2025-11-20 11:07:48 [INFO] load_clients_for_business completed in 399.41 ms
2025-11-20 11:09:40 [INFO] load_clients_for_business started
2025-11-20 11:09:40 [DEBUG] load_clients_for_business: user_id=81e78254-85dc-464c-8aa4-455f9d9d47eb
2025-11-20 11:09:41 [DEBUG] Active clients fetched: 6 for business_id=79581f88-5042-43d0-9594-ba81e70130b0
2025-11-20 11:09:41 [DEBUG] Archived clients fetched: 0 for business_id=79581f88-5042-43d0-9594-ba81e70130b0
2025-11-20 11:09:41 [INFO] load_clients_for_business completed in 386.14 ms
2025-11-20 11:10:34 [INFO] load_clients_for_business started
2025-11-20 11:10:34 [DEBUG] load_clients_for_business: user_id=81e78254-85dc-464c-8aa4-455f9d9d47eb
2025-11-20 11:10:34 [DEBUG] Active clients fetched: 6 for business_id=79581f88-5042-43d0-9594-ba81e70130b0
2025-11-20 11:10:34 [DEBUG] Archived clients fetched: 0 for business_id=79581f88-5042-43d0-9594-ba81e70130b0
2025-11-20 11:10:34 [INFO] load_clients_for_business completed in 389.56 ms
2025-11-20 11:10:45 [INFO] load_clients_for_business started
2025-11-20 11:10:45 [DEBUG] load_clients_for_business: user_id=81e78254-85dc-464c-8aa4-455f9d9d47eb
2025-11-20 11:10:46 [DEBUG] Active clients fetched: 6 for business_id=79581f88-5042-43d0-9594-ba81e70130b0
2025-11-20 11:10:46 [DEBUG] Archived clients fetched: 0 for business_id=79581f88-5042-43d0-9594-ba81e70130b0
2025-11-20 11:10:46 [INFO] load_clients_for_business completed in 378.82 ms
2025-11-20 11:10:46 [INFO] load_clients_for_business started
2025-11-20 11:10:46 [DEBUG] load_clients_for_business: user_id=81e78254-85dc-464c-8aa4-455f9d9d47eb
2025-11-20 11:10:46 [DEBUG] Active clients fetched: 6 for business_id=79581f88-5042-43d0-9594-ba81e70130b0
2025-11-20 11:10:47 [DEBUG] Archived clients fetched: 0 for business_id=79581f88-5042-43d0-9594-ba81e70130b0
2025-11-20 11:10:47 [INFO] load_clients_for_business completed in 386.80 ms
2025-11-20 11:11:18 [INFO] load_clients_for_business started
2025-11-20 11:11:18 [DEBUG] load_clients_for_business: user_id=81e78254-85dc-464c-8aa4-455f9d9d47eb
2025-11-20 11:11:18 [DEBUG] Active clients fetched: 6 for business_id=79581f88-5042-43d0-9594-ba81e70130b0
2025-11-20 11:11:18 [DEBUG] Archived clients fetched: 0 for business_id=79581f88-5042-43d0-9594-ba81e70130b0
2025-11-20 11:11:18 [INFO] load_clients_for_business completed in 390.26 ms
2025-11-20 11:11:18 [INFO] load_clients_for_business started
2025-11-20 11:11:18 [DEBUG] load_clients_for_business: user_id=81e78254-85dc-464c-8aa4-455f9d9d47eb
2025-11-20 11:11:18 [DEBUG] Active clients fetched: 6 for business_id=79581f88-5042-43d0-9594-ba81e70130b0
2025-11-20 11:11:18 [DEBUG] Archived clients fetched: 0 for business_id=79581f88-5042-43d0-9594-ba81e70130b0
2025-11-20 11:11:18 [INFO] load_clients_for_business completed in 387.83 ms
2025-11-20 11:11:24 [INFO] load_clients_for_business started
2025-11-20 11:11:24 [DEBUG] load_clients_for_business: user_id=81e78254-85dc-464c-8aa4-455f9d9d47eb
2025-11-20 11:11:24 [DEBUG] Active clients fetched: 6 for business_id=79581f88-5042-43d0-9594-ba81e70130b0
2025-11-20 11:11:24 [DEBUG] Archived clients fetched: 0 for business_id=79581f88-5042-43d0-9594-ba81e70130b0
2025-11-20 11:11:24 [INFO] load_clients_for_business completed in 393.14 ms
2025-11-20 11:11:24 [INFO] load_clients_for_business started
2025-11-20 11:11:24 [DEBUG] load_clients_for_business: user_id=81e78254-85dc-464c-8aa4-455f9d9d47eb
2025-11-20 11:11:24 [DEBUG] Active clients fetched: 6 for business_id=79581f88-5042-43d0-9594-ba81e70130b0
2025-11-20 11:11:25 [DEBUG] Archived clients fetched: 0 for business_id=79581f88-5042-43d0-9594-ba81e70130b0
2025-11-20 11:11:25 [INFO] load_clients_for_business completed in 389.24 ms
2025-11-20 11:11:35 [INFO] load_clients_for_business started
2025-11-20 11:11:35 [DEBUG] load_clients_for_business: user_id=81e78254-85dc-464c-8aa4-455f9d9d47eb
2025-11-20 11:11:36 [DEBUG] Active clients fetched: 6 for business_id=79581f88-5042-43d0-9594-ba81e70130b0
2025-11-20 11:11:36 [DEBUG] Archived clients fetched: 0 for business_id=79581f88-5042-43d0-9594-ba81e70130b0
2025-11-20 11:11:36 [INFO] load_clients_for_business completed in 387.12 ms
2025-11-20 11:11:36 [INFO] load_clients_for_business started
2025-11-20 11:11:36 [DEBUG] load_clients_for_business: user_id=81e78254-85dc-464c-8aa4-455f9d9d47eb
2025-11-20 11:11:36 [DEBUG] Active clients fetched: 6 for business_id=79581f88-5042-43d0-9594-ba81e70130b0
2025-11-20 11:11:36 [DEBUG] Archived clients fetched: 0 for business_id=79581f88-5042-43d0-9594-ba81e70130b0
2025-11-20 11:11:36 [INFO] load_clients_for_business completed in 383.09 ms
2025-11-20 11:11:38 [INFO] load_clients_for_business started
2025-11-20 11:11:38 [DEBUG] load_clients_for_business: user_id=81e78254-85dc-464c-8aa4-455f9d9d47eb
2025-11-20 11:11:38 [DEBUG] Active clients fetched: 6 for business_id=79581f88-5042-43d0-9594-ba81e70130b0
2025-11-20 11:11:38 [DEBUG] Archived clients fetched: 0 for business_id=79581f88-5042-43d0-9594-ba81e70130b0
2025-11-20 11:11:38 [INFO] load_clients_for_business completed in 384.90 ms
2025-11-20 11:11:39 [INFO] load_clients_for_business started
2025-11-20 11:11:39 [DEBUG] load_clients_for_business: user_id=81e78254-85dc-464c-8aa4-455f9d9d47eb
2025-11-20 11:11:39 [DEBUG] Active clients fetched: 6 for business_id=79581f88-5042-43d0-9594-ba81e70130b0
2025-11-20 11:11:39 [DEBUG] Archived clients fetched: 0 for business_id=79581f88-5042-43d0-9594-ba81e70130b0
2025-11-20 11:11:39 [INFO] load_clients_for_business completed in 393.11 ms
2025-11-20 11:11:46 [INFO] load_clients_for_business started
2025-11-20 11:11:46 [DEBUG] load_clients_for_business: user_id=81e78254-85dc-464c-8aa4-455f9d9d47eb
2025-11-20 11:11:46 [DEBUG] Active clients fetched: 6 for business_id=79581f88-5042-43d0-9594-ba81e70130b0
2025-11-20 11:11:47 [DEBUG] Archived clients fetched: 0 for business_id=79581f88-5042-43d0-9594-ba81e70130b0
2025-11-20 11:11:47 [INFO] load_clients_for_business completed in 388.14 ms
2025-11-20 11:11:47 [INFO] load_clients_for_business started
2025-11-20 11:11:47 [DEBUG] load_clients_for_business: user_id=81e78254-85dc-464c-8aa4-455f9d9d47eb
2025-11-20 11:11:47 [DEBUG] Active clients fetched: 6 for business_id=79581f88-5042-43d0-9594-ba81e70130b0
2025-11-20 11:11:47 [DEBUG] Archived clients fetched: 0 for business_id=79581f88-5042-43d0-9594-ba81e70130b0
2025-11-20 11:11:47 [INFO] load_clients_for_business completed in 414.16 ms
2025-11-20 11:11:53 [INFO] load_clients_for_business started
2025-11-20 11:11:53 [DEBUG] load_clients_for_business: user_id=81e78254-85dc-464c-8aa4-455f9d9d47eb
2025-11-20 11:11:54 [DEBUG] Active clients fetched: 6 for business_id=79581f88-5042-43d0-9594-ba81e70130b0
2025-11-20 11:11:54 [DEBUG] Archived clients fetched: 0 for business_id=79581f88-5042-43d0-9594-ba81e70130b0
2025-11-20 11:11:54 [INFO] load_clients_for_business completed in 397.40 ms
2025-11-20 11:11:54 [INFO] load_clients_for_business started
2025-11-20 11:11:54 [DEBUG] load_clients_for_business: user_id=81e78254-85dc-464c-8aa4-455f9d9d47eb
2025-11-20 11:11:54 [DEBUG] Active clients fetched: 6 for business_id=79581f88-5042-43d0-9594-ba81e70130b0
2025-11-20 11:11:54 [DEBUG] Archived clients fetched: 0 for business_id=79581f88-5042-43d0-9594-ba81e70130b0
2025-11-20 11:11:54 [INFO] load_clients_for_business completed in 390.70 ms
2025-11-20 11:11:55 [INFO] load_clients_for_business started
2025-11-20 11:11:55 [DEBUG] load_clients_for_business: user_id=81e78254-85dc-464c-8aa4-455f9d9d47eb
2025-11-20 11:11:56 [DEBUG] Active clients fetched: 6 for business_id=79581f88-5042-43d0-9594-ba81e70130b0
2025-11-20 11:11:56 [DEBUG] Archived clients fetched: 0 for business_id=79581f88-5042-43d0-9594-ba81e70130b0
2025-11-20 11:11:56 [INFO] load_clients_for_business completed in 404.68 ms
2025-11-20 11:11:56 [INFO] load_clients_for_business started
2025-11-20 11:11:56 [DEBUG] load_clients_for_business: user_id=81e78254-85dc-464c-8aa4-455f9d9d47eb
2025-11-20 11:11:56 [DEBUG] Active clients fetched: 6 for business_id=79581f88-5042-43d0-9594-ba81e70130b0
2025-11-20 11:11:56 [DEBUG] Archived clients fetched: 0 for business_id=79581f88-5042-43d0-9594-ba81e70130b0
2025-11-20 11:11:56 [INFO] load_clients_for_business completed in 393.54 ms
2025-11-20 11:11:57 [INFO] load_clients_for_business started
2025-11-20 11:11:57 [DEBUG] load_clients_for_business: user_id=81e78254-85dc-464c-8aa4-455f9d9d47eb
2025-11-20 11:11:57 [DEBUG] Active clients fetched: 6 for business_id=79581f88-5042-43d0-9594-ba81e70130b0
2025-11-20 11:11:57 [DEBUG] Archived clients fetched: 0 for business_id=79581f88-5042-43d0-9594-ba81e70130b0
2025-11-20 11:11:57 [INFO] load_clients_for_business completed in 387.99 ms
2025-11-20 11:11:58 [INFO] load_clients_for_business started
2025-11-20 11:11:58 [DEBUG] load_clients_for_business: user_id=81e78254-85dc-464c-8aa4-455f9d9d47eb
2025-11-20 11:11:58 [DEBUG] Active clients fetched: 6 for business_id=79581f88-5042-43d0-9594-ba81e70130b0
2025-11-20 11:11:58 [DEBUG] Archived clients fetched: 0 for business_id=79581f88-5042-43d0-9594-ba81e70130b0
2025-11-20 11:11:58 [INFO] load_clients_for_business completed in 381.84 ms
2025-11-20 11:11:59 [INFO] load_clients_for_business started
2025-11-20 11:11:59 [DEBUG] load_clients_for_business: user_id=81e78254-85dc-464c-8aa4-455f9d9d47eb
2025-11-20 11:11:59 [DEBUG] Active clients fetched: 6 for business_id=79581f88-5042-43d0-9594-ba81e70130b0
2025-11-20 11:11:59 [DEBUG] Archived clients fetched: 0 for business_id=79581f88-5042-43d0-9594-ba81e70130b0
2025-11-20 11:11:59 [INFO] load_clients_for_business completed in 389.24 ms
2025-11-20 11:11:59 [INFO] load_clients_for_business started
2025-11-20 11:11:59 [DEBUG] load_clients_for_business: user_id=81e78254-85dc-464c-8aa4-455f9d9d47eb
2025-11-20 11:12:00 [DEBUG] Active clients fetched: 6 for business_id=79581f88-5042-43d0-9594-ba81e70130b0
2025-11-20 11:12:00 [DEBUG] Archived clients fetched: 0 for business_id=79581f88-5042-43d0-9594-ba81e70130b0
2025-11-20 11:12:00 [INFO] load_clients_for_business completed in 388.37 ms
2025-11-20 11:12:32 [INFO] load_clients_for_business started
2025-11-20 11:12:32 [DEBUG] load_clients_for_business: user_id=81e78254-85dc-464c-8aa4-455f9d9d47eb
2025-11-20 11:12:32 [DEBUG] Active clients fetched: 6 for business_id=79581f88-5042-43d0-9594-ba81e70130b0
2025-11-20 11:12:32 [DEBUG] Archived clients fetched: 0 for business_id=79581f88-5042-43d0-9594-ba81e70130b0
2025-11-20 11:12:32 [INFO] load_clients_for_business completed in 401.15 ms
2025-11-20 11:12:33 [INFO] load_clients_for_business started
2025-11-20 11:12:33 [DEBUG] load_clients_for_business: user_id=81e78254-85dc-464c-8aa4-455f9d9d47eb
2025-11-20 11:12:33 [DEBUG] Active clients fetched: 6 for business_id=79581f88-5042-43d0-9594-ba81e70130b0
2025-11-20 11:12:33 [DEBUG] Archived clients fetched: 0 for business_id=79581f88-5042-43d0-9594-ba81e70130b0
2025-11-20 11:12:33 [INFO] load_clients_for_business completed in 387.88 ms
2025-11-20 11:12:56 [INFO] load_clients_for_business started
2025-11-20 11:12:56 [DEBUG] load_clients_for_business: user_id=81e78254-85dc-464c-8aa4-455f9d9d47eb
2025-11-20 11:12:56 [DEBUG] Active clients fetched: 6 for business_id=79581f88-5042-43d0-9594-ba81e70130b0
2025-11-20 11:12:56 [DEBUG] Archived clients fetched: 0 for business_id=79581f88-5042-43d0-9594-ba81e70130b0
2025-11-20 11:12:56 [INFO] load_clients_for_business completed in 402.14 ms
2025-11-20 11:12:59 [INFO] load_clients_for_business started
2025-11-20 11:12:59 [DEBUG] load_clients_for_business: user_id=81e78254-85dc-464c-8aa4-455f9d9d47eb
2025-11-20 11:13:00 [DEBUG] Active clients fetched: 6 for business_id=79581f88-5042-43d0-9594-ba81e70130b0
2025-11-20 11:13:00 [DEBUG] Archived clients fetched: 0 for business_id=79581f88-5042-43d0-9594-ba81e70130b0
2025-11-20 11:13:00 [INFO] load_clients_for_business completed in 386.72 ms
2025-11-20 11:13:00 [INFO] load_clients_for_business started
2025-11-20 11:13:00 [DEBUG] load_clients_for_business: user_id=81e78254-85dc-464c-8aa4-455f9d9d47eb
2025-11-20 11:13:00 [DEBUG] Active clients fetched: 6 for business_id=79581f88-5042-43d0-9594-ba81e70130b0
2025-11-20 11:13:00 [DEBUG] Archived clients fetched: 0 for business_id=79581f88-5042-43d0-9594-ba81e70130b0
2025-11-20 11:13:00 [INFO] load_clients_for_business completed in 390.85 ms
2025-11-20 11:13:19 [INFO] load_clients_for_business started
2025-11-20 11:13:19 [DEBUG] load_clients_for_business: user_id=81e78254-85dc-464c-8aa4-455f9d9d47eb
2025-11-20 11:13:20 [DEBUG] Active clients fetched: 6 for business_id=79581f88-5042-43d0-9594-ba81e70130b0
2025-11-20 11:13:20 [DEBUG] Archived clients fetched: 0 for business_id=79581f88-5042-43d0-9594-ba81e70130b0
2025-11-20 11:13:20 [INFO] load_clients_for_business completed in 380.48 ms
2025-11-20 11:13:54 [INFO] load_clients_for_business started
2025-11-20 11:13:54 [DEBUG] load_clients_for_business: user_id=81e78254-85dc-464c-8aa4-455f9d9d47eb
2025-11-20 11:13:54 [DEBUG] Active clients fetched: 6 for business_id=79581f88-5042-43d0-9594-ba81e70130b0
2025-11-20 11:13:54 [DEBUG] Archived clients fetched: 0 for business_id=79581f88-5042-43d0-9594-ba81e70130b0
2025-11-20 11:13:54 [INFO] load_clients_for_business completed in 405.49 ms
2025-11-20 11:13:57 [INFO] load_clients_for_business started
2025-11-20 11:13:57 [DEBUG] load_clients_for_business: user_id=81e78254-85dc-464c-8aa4-455f9d9d47eb
2025-11-20 11:13:57 [DEBUG] Active clients fetched: 6 for business_id=79581f88-5042-43d0-9594-ba81e70130b0
2025-11-20 11:13:57 [DEBUG] Archived clients fetched: 0 for business_id=79581f88-5042-43d0-9594-ba81e70130b0
2025-11-20 11:13:57 [INFO] load_clients_for_business completed in 375.77 ms
2025-11-20 11:14:19 [INFO] load_clients_for_business started
2025-11-20 11:14:19 [DEBUG] load_clients_for_business: user_id=81e78254-85dc-464c-8aa4-455f9d9d47eb
2025-11-20 11:14:19 [DEBUG] Active clients fetched: 6 for business_id=79581f88-5042-43d0-9594-ba81e70130b0
2025-11-20 11:14:19 [DEBUG] Archived clients fetched: 0 for business_id=79581f88-5042-43d0-9594-ba81e70130b0
2025-11-20 11:14:19 [INFO] load_clients_for_business completed in 384.68 ms
2025-11-20 11:14:32 [INFO] load_clients_for_business started
2025-11-20 11:14:32 [DEBUG] load_clients_for_business: user_id=81e78254-85dc-464c-8aa4-455f9d9d47eb
2025-11-20 11:14:33 [DEBUG] Active clients fetched: 6 for business_id=79581f88-5042-43d0-9594-ba81e70130b0
2025-11-20 11:14:33 [DEBUG] Archived clients fetched: 0 for business_id=79581f88-5042-43d0-9594-ba81e70130b0
2025-11-20 11:14:33 [INFO] load_clients_for_business completed in 395.54 ms
2025-11-20 11:14:42 [INFO] load_clients_for_business started
2025-11-20 11:14:42 [DEBUG] load_clients_for_business: user_id=81e78254-85dc-464c-8aa4-455f9d9d47eb
2025-11-20 11:14:42 [DEBUG] Active clients fetched: 6 for business_id=79581f88-5042-43d0-9594-ba81e70130b0
2025-11-20 11:14:42 [DEBUG] Archived clients fetched: 0 for business_id=79581f88-5042-43d0-9594-ba81e70130b0
2025-11-20 11:14:42 [INFO] load_clients_for_business completed in 383.97 ms
2025-11-20 11:14:47 [INFO] load_clients_for_business started
2025-11-20 11:14:47 [DEBUG] load_clients_for_business: user_id=81e78254-85dc-464c-8aa4-455f9d9d47eb
2025-11-20 11:14:47 [DEBUG] Active clients fetched: 6 for business_id=79581f88-5042-43d0-9594-ba81e70130b0
2025-11-20 11:14:47 [DEBUG] Archived clients fetched: 0 for business_id=79581f88-5042-43d0-9594-ba81e70130b0
2025-11-20 11:14:47 [INFO] load_clients_for_business completed in 382.20 ms
2025-11-20 11:15:17 [INFO] load_clients_for_business started
2025-11-20 11:15:17 [DEBUG] load_clients_for_business: user_id=81e78254-85dc-464c-8aa4-455f9d9d47eb
2025-11-20 11:15:18 [DEBUG] Active clients fetched: 6 for business_id=79581f88-5042-43d0-9594-ba81e70130b0
2025-11-20 11:15:18 [DEBUG] Archived clients fetched: 0 for business_id=79581f88-5042-43d0-9594-ba81e70130b0
2025-11-20 11:15:18 [INFO] load_clients_for_business completed in 392.05 ms
2025-11-20 11:15:28 [INFO] load_clients_for_business started
2025-11-20 11:15:28 [DEBUG] load_clients_for_business: user_id=81e78254-85dc-464c-8aa4-455f9d9d47eb
2025-11-20 11:15:28 [DEBUG] Active clients fetched: 6 for business_id=79581f88-5042-43d0-9594-ba81e70130b0
2025-11-20 11:15:28 [DEBUG] Archived clients fetched: 0 for business_id=79581f88-5042-43d0-9594-ba81e70130b0
2025-11-20 11:15:28 [INFO] load_clients_for_business completed in 380.59 ms
2025-11-20 11:15:32 [INFO] load_clients_for_business started
2025-11-20 11:15:32 [DEBUG] load_clients_for_business: user_id=81e78254-85dc-464c-8aa4-455f9d9d47eb
2025-11-20 11:15:33 [DEBUG] Active clients fetched: 6 for business_id=79581f88-5042-43d0-9594-ba81e70130b0
2025-11-20 11:15:33 [DEBUG] Archived clients fetched: 0 for business_id=79581f88-5042-43d0-9594-ba81e70130b0
2025-11-20 11:15:33 [INFO] load_clients_for_business completed in 475.05 ms
2025-11-20 11:16:08 [INFO] load_clients_for_business started
2025-11-20 11:16:08 [DEBUG] load_clients_for_business: user_id=81e78254-85dc-464c-8aa4-455f9d9d47eb
2025-11-20 11:16:08 [DEBUG] Active clients fetched: 6 for business_id=79581f88-5042-43d0-9594-ba81e70130b0
2025-11-20 11:16:08 [DEBUG] Archived clients fetched: 0 for business_id=79581f88-5042-43d0-9594-ba81e70130b0
2025-11-20 11:16:08 [INFO] load_clients_for_business completed in 385.41 ms
2025-11-20 12:35:58 [INFO] load_clients_for_business started
2025-11-20 12:35:58 [DEBUG] load_clients_for_business: user_id=471e9752-bcd7-4b95-9391-e890a0b2e1e8
2025-11-20 12:35:59 [DEBUG] Active clients fetched: 59 for business_id=642300d3-ac2d-48e3-9916-3c2908990745
2025-11-20 12:35:59 [DEBUG] Archived clients fetched: 102 for business_id=642300d3-ac2d-48e3-9916-3c2908990745
2025-11-20 12:35:59 [INFO] load_clients_for_business completed in 502.96 ms
2025-11-20 12:45:35 [INFO] load_clients_for_business started
2025-11-20 12:45:35 [DEBUG] load_clients_for_business: user_id=81e78254-85dc-464c-8aa4-455f9d9d47eb
2025-11-20 12:45:36 [DEBUG] Active clients fetched: 6 for business_id=79581f88-5042-43d0-9594-ba81e70130b0
2025-11-20 12:45:36 [DEBUG] Archived clients fetched: 0 for business_id=79581f88-5042-43d0-9594-ba81e70130b0
2025-11-20 12:45:36 [INFO] load_clients_for_business completed in 437.08 ms
2025-11-20 13:01:23 [INFO] load_clients_for_business started
2025-11-20 13:01:23 [DEBUG] load_clients_for_business: user_id=81e78254-85dc-464c-8aa4-455f9d9d47eb
2025-11-20 13:01:24 [DEBUG] Active clients fetched: 6 for business_id=79581f88-5042-43d0-9594-ba81e70130b0
2025-11-20 13:01:24 [DEBUG] Archived clients fetched: 0 for business_id=79581f88-5042-43d0-9594-ba81e70130b0
2025-11-20 13:01:24 [INFO] load_clients_for_business completed in 586.63 ms
2025-11-20 13:14:19 [INFO] load_clients_for_business started
2025-11-20 13:14:19 [DEBUG] load_clients_for_business: user_id=81e78254-85dc-464c-8aa4-455f9d9d47eb
2025-11-20 13:14:19 [DEBUG] Active clients fetched: 6 for business_id=79581f88-5042-43d0-9594-ba81e70130b0
2025-11-20 13:14:20 [DEBUG] Archived clients fetched: 0 for business_id=79581f88-5042-43d0-9594-ba81e70130b0
2025-11-20 13:14:20 [INFO] load_clients_for_business completed in 529.77 ms
2025-11-20 13:20:17 [INFO] load_clients_for_business started
2025-11-20 13:20:17 [DEBUG] load_clients_for_business: user_id=471e9752-bcd7-4b95-9391-e890a0b2e1e8
2025-11-20 13:20:18 [DEBUG] Active clients fetched: 59 for business_id=642300d3-ac2d-48e3-9916-3c2908990745
2025-11-20 13:20:18 [DEBUG] Archived clients fetched: 102 for business_id=642300d3-ac2d-48e3-9916-3c2908990745
2025-11-20 13:20:18 [INFO] load_clients_for_business completed in 564.87 ms
2025-11-20 13:20:20 [INFO] load_clients_for_business started
2025-11-20 13:20:20 [DEBUG] load_clients_for_business: user_id=81e78254-85dc-464c-8aa4-455f9d9d47eb
2025-11-20 13:20:20 [DEBUG] Active clients fetched: 6 for business_id=79581f88-5042-43d0-9594-ba81e70130b0
2025-11-20 13:20:21 [DEBUG] Archived clients fetched: 0 for business_id=79581f88-5042-43d0-9594-ba81e70130b0
2025-11-20 13:20:21 [INFO] load_clients_for_business completed in 414.42 ms
2025-11-20 13:20:24 [INFO] load_clients_for_business started
2025-11-20 13:20:24 [DEBUG] load_clients_for_business: user_id=81e78254-85dc-464c-8aa4-455f9d9d47eb
2025-11-20 13:20:24 [DEBUG] Active clients fetched: 6 for business_id=79581f88-5042-43d0-9594-ba81e70130b0
2025-11-20 13:20:24 [DEBUG] Archived clients fetched: 0 for business_id=79581f88-5042-43d0-9594-ba81e70130b0
2025-11-20 13:20:24 [INFO] load_clients_for_business completed in 427.12 ms
2025-11-20 13:21:11 [INFO] load_clients_for_business started
2025-11-20 13:21:11 [DEBUG] load_clients_for_business: user_id=81e78254-85dc-464c-8aa4-455f9d9d47eb
2025-11-20 13:21:12 [DEBUG] Active clients fetched: 59 for business_id=642300d3-ac2d-48e3-9916-3c2908990745
2025-11-20 13:21:12 [DEBUG] Archived clients fetched: 102 for business_id=642300d3-ac2d-48e3-9916-3c2908990745
2025-11-20 13:21:12 [INFO] load_clients_for_business completed in 472.23 ms
2025-11-20 13:21:14 [INFO] load_clients_for_business started
2025-11-20 13:21:14 [DEBUG] load_clients_for_business: user_id=471e9752-bcd7-4b95-9391-e890a0b2e1e8
2025-11-20 13:21:14 [DEBUG] Active clients fetched: 59 for business_id=642300d3-ac2d-48e3-9916-3c2908990745
2025-11-20 13:21:14 [DEBUG] Archived clients fetched: 102 for business_id=642300d3-ac2d-48e3-9916-3c2908990745
2025-11-20 13:21:14 [INFO] load_clients_for_business completed in 494.31 ms
2025-11-20 13:27:39 [INFO] load_full_client_profile started
2025-11-20 13:27:39 [DEBUG] load_full_client_profile payload keys=['client_id']
2025-11-20 13:27:39 [DEBUG] Pets rows fetched: 2 for client_id=679acd9e-1947-4358-b6ef-b1e0acdf0d34
2025-11-20 13:27:39 [INFO] load_full_client_profile completed in 65.40 ms
2025-11-20 14:18:17 [INFO] load_clients_for_business started
2025-11-20 14:18:17 [DEBUG] load_clients_for_business: user_id=471e9752-bcd7-4b95-9391-e890a0b2e1e8
2025-11-20 14:18:18 [DEBUG] Active clients fetched: 59 for business_id=642300d3-ac2d-48e3-9916-3c2908990745
2025-11-20 14:18:18 [DEBUG] Archived clients fetched: 102 for business_id=642300d3-ac2d-48e3-9916-3c2908990745
2025-11-20 14:18:18 [INFO] load_clients_for_business completed in 648.24 ms
2025-11-21 08:37:15 [INFO] load_full_client_profile started
2025-11-21 08:37:15 [DEBUG] load_full_client_profile payload keys=['client_id']
2025-11-21 08:37:15 [DEBUG] Pets rows fetched: 2 for client_id=679acd9e-1947-4358-b6ef-b1e0acdf0d34
2025-11-21 08:37:15 [INFO] load_full_client_profile completed in 66.16 ms
2025-11-21 08:38:21 [INFO] load_full_client_profile started
2025-11-21 08:38:21 [DEBUG] load_full_client_profile payload keys=['client_id']
2025-11-21 08:38:21 [DEBUG] Pets rows fetched: 2 for client_id=679acd9e-1947-4358-b6ef-b1e0acdf0d34
2025-11-21 08:38:21 [INFO] load_full_client_profile completed in 72.19 ms
2025-11-21 08:40:44 [INFO] load_full_client_profile started
2025-11-21 08:40:44 [DEBUG] load_full_client_profile payload keys=['client_id']
2025-11-21 08:40:44 [DEBUG] Pets rows fetched: 2 for client_id=679acd9e-1947-4358-b6ef-b1e0acdf0d34
2025-11-21 08:40:44 [INFO] load_full_client_profile completed in 66.23 ms
2025-11-21 08:42:48 [INFO] load_full_client_profile started
2025-11-21 08:42:48 [DEBUG] load_full_client_profile payload keys=['client_id']
2025-11-21 08:42:48 [DEBUG] Pets rows fetched: 2 for client_id=679acd9e-1947-4358-b6ef-b1e0acdf0d34
2025-11-21 08:42:48 [INFO] load_full_client_profile completed in 66.32 ms
2025-11-21 08:43:01 [INFO] load_clients_for_business started
2025-11-21 08:43:01 [DEBUG] load_clients_for_business: user_id=81e78254-85dc-464c-8aa4-455f9d9d47eb
2025-11-21 08:43:02 [DEBUG] Active clients fetched: 6 for business_id=79581f88-5042-43d0-9594-ba81e70130b0
2025-11-21 08:43:02 [DEBUG] Archived clients fetched: 0 for business_id=79581f88-5042-43d0-9594-ba81e70130b0
2025-11-21 08:43:02 [INFO] load_clients_for_business completed in 423.67 ms
2025-11-21 08:43:51 [INFO] load_full_client_profile started
2025-11-21 08:43:51 [DEBUG] load_full_client_profile payload keys=['client_id']
2025-11-21 08:43:52 [DEBUG] Pets rows fetched: 3 for client_id=679acd9e-1947-4358-b6ef-b1e0acdf0d34
2025-11-21 08:43:52 [INFO] load_full_client_profile completed in 65.00 ms
2025-11-21 08:43:52 [INFO] load_full_client_profile started
2025-11-21 08:43:52 [DEBUG] load_full_client_profile payload keys=['client_id']
2025-11-21 08:43:52 [DEBUG] Pets rows fetched: 3 for client_id=679acd9e-1947-4358-b6ef-b1e0acdf0d34
2025-11-21 08:43:52 [INFO] load_full_client_profile completed in 194.84 ms
2025-11-21 08:43:52 [INFO] load_full_client_profile started
2025-11-21 08:43:52 [DEBUG] load_full_client_profile payload keys=['client_id']
2025-11-21 08:43:52 [DEBUG] Pets rows fetched: 3 for client_id=679acd9e-1947-4358-b6ef-b1e0acdf0d34
2025-11-21 08:43:52 [INFO] load_full_client_profile completed in 65.44 ms
2025-11-21 08:43:52 [INFO] load_full_client_profile started
2025-11-21 08:43:52 [DEBUG] load_full_client_profile payload keys=['client_id']
2025-11-21 08:43:52 [DEBUG] Pets rows fetched: 3 for client_id=679acd9e-1947-4358-b6ef-b1e0acdf0d34
2025-11-21 08:43:52 [INFO] load_full_client_profile completed in 70.61 ms
2025-11-21 08:44:27 [INFO] load_full_client_profile started
2025-11-21 08:44:27 [DEBUG] load_full_client_profile payload keys=['client_id']
2025-11-21 08:44:27 [DEBUG] Pets rows fetched: 3 for client_id=679acd9e-1947-4358-b6ef-b1e0acdf0d34
2025-11-21 08:44:27 [INFO] load_full_client_profile completed in 70.81 ms
2025-11-21 08:44:27 [INFO] load_full_client_profile started
2025-11-21 08:44:27 [DEBUG] load_full_client_profile payload keys=['client_id']
2025-11-21 08:44:27 [DEBUG] Pets rows fetched: 3 for client_id=679acd9e-1947-4358-b6ef-b1e0acdf0d34
2025-11-21 08:44:27 [INFO] load_full_client_profile completed in 66.42 ms
2025-11-21 08:44:27 [INFO] load_full_client_profile started
2025-11-21 08:44:27 [DEBUG] load_full_client_profile payload keys=['client_id']
2025-11-21 08:44:28 [DEBUG] Pets rows fetched: 3 for client_id=679acd9e-1947-4358-b6ef-b1e0acdf0d34
2025-11-21 08:44:28 [INFO] load_full_client_profile completed in 66.36 ms
2025-11-21 08:44:28 [INFO] load_full_client_profile started
2025-11-21 08:44:28 [DEBUG] load_full_client_profile payload keys=['client_id']
2025-11-21 08:44:28 [DEBUG] Pets rows fetched: 3 for client_id=679acd9e-1947-4358-b6ef-b1e0acdf0d34
2025-11-21 08:44:28 [INFO] load_full_client_profile completed in 64.56 ms
2025-11-21 08:44:33 [INFO] load_full_client_profile started
2025-11-21 08:44:33 [DEBUG] load_full_client_profile payload keys=['client_id']
2025-11-21 08:44:33 [DEBUG] Pets rows fetched: 3 for client_id=679acd9e-1947-4358-b6ef-b1e0acdf0d34
2025-11-21 08:44:33 [INFO] load_full_client_profile completed in 69.64 ms
2025-11-21 08:44:33 [INFO] load_full_client_profile started
2025-11-21 08:44:33 [DEBUG] load_full_client_profile payload keys=['client_id']
2025-11-21 08:44:33 [DEBUG] Pets rows fetched: 3 for client_id=679acd9e-1947-4358-b6ef-b1e0acdf0d34
2025-11-21 08:44:33 [INFO] load_full_client_profile completed in 69.17 ms
2025-11-21 08:44:33 [INFO] load_full_client_profile started
2025-11-21 08:44:33 [DEBUG] load_full_client_profile payload keys=['client_id']
2025-11-21 08:44:33 [DEBUG] Pets rows fetched: 3 for client_id=679acd9e-1947-4358-b6ef-b1e0acdf0d34
2025-11-21 08:44:33 [INFO] load_full_client_profile completed in 65.53 ms
2025-11-21 08:44:34 [INFO] load_full_client_profile started
2025-11-21 08:44:34 [DEBUG] load_full_client_profile payload keys=['client_id']
2025-11-21 08:44:34 [DEBUG] Pets rows fetched: 3 for client_id=679acd9e-1947-4358-b6ef-b1e0acdf0d34
2025-11-21 08:44:34 [INFO] load_full_client_profile completed in 65.68 ms
2025-11-21 08:46:53 [INFO] load_full_client_profile started
2025-11-21 08:46:53 [DEBUG] load_full_client_profile payload keys=['client_id']
2025-11-21 08:46:53 [DEBUG] Pets rows fetched: 3 for client_id=679acd9e-1947-4358-b6ef-b1e0acdf0d34
2025-11-21 08:46:53 [INFO] load_full_client_profile completed in 67.17 ms
2025-11-21 08:46:53 [INFO] load_full_client_profile started
2025-11-21 08:46:53 [DEBUG] load_full_client_profile payload keys=['client_id']
2025-11-21 08:46:53 [DEBUG] Pets rows fetched: 3 for client_id=679acd9e-1947-4358-b6ef-b1e0acdf0d34
2025-11-21 08:46:53 [INFO] load_full_client_profile completed in 65.39 ms
2025-11-21 08:46:53 [INFO] load_full_client_profile started
2025-11-21 08:46:53 [DEBUG] load_full_client_profile payload keys=['client_id']
2025-11-21 08:46:53 [DEBUG] Pets rows fetched: 3 for client_id=679acd9e-1947-4358-b6ef-b1e0acdf0d34
2025-11-21 08:46:54 [INFO] load_full_client_profile completed in 66.91 ms
2025-11-21 08:46:54 [INFO] load_full_client_profile started
2025-11-21 08:46:54 [DEBUG] load_full_client_profile payload keys=['client_id']
2025-11-21 08:46:54 [DEBUG] Pets rows fetched: 3 for client_id=679acd9e-1947-4358-b6ef-b1e0acdf0d34
2025-11-21 08:46:54 [INFO] load_full_client_profile completed in 68.04 ms
2025-11-21 08:47:07 [INFO] load_full_client_profile started
2025-11-21 08:47:07 [DEBUG] load_full_client_profile payload keys=['client_id']
2025-11-21 08:47:07 [DEBUG] Pets rows fetched: 3 for client_id=679acd9e-1947-4358-b6ef-b1e0acdf0d34
2025-11-21 08:47:07 [INFO] load_full_client_profile completed in 68.84 ms
2025-11-21 08:47:08 [INFO] load_full_client_profile started
2025-11-21 08:47:08 [DEBUG] load_full_client_profile payload keys=['client_id']
2025-11-21 08:47:08 [DEBUG] Pets rows fetched: 3 for client_id=679acd9e-1947-4358-b6ef-b1e0acdf0d34
2025-11-21 08:47:08 [INFO] load_full_client_profile completed in 66.88 ms
2025-11-21 08:47:08 [INFO] load_full_client_profile started
2025-11-21 08:47:08 [DEBUG] load_full_client_profile payload keys=['client_id']
2025-11-21 08:47:08 [DEBUG] Pets rows fetched: 3 for client_id=679acd9e-1947-4358-b6ef-b1e0acdf0d34
2025-11-21 08:47:08 [INFO] load_full_client_profile completed in 69.28 ms
2025-11-21 08:47:08 [INFO] load_full_client_profile started
2025-11-21 08:47:08 [DEBUG] load_full_client_profile payload keys=['client_id']
2025-11-21 08:47:08 [DEBUG] Pets rows fetched: 3 for client_id=679acd9e-1947-4358-b6ef-b1e0acdf0d34
2025-11-21 08:47:08 [INFO] load_full_client_profile completed in 68.46 ms
2025-11-21 08:50:41 [INFO] load_full_client_profile started
2025-11-21 08:50:41 [DEBUG] load_full_client_profile payload keys=['client_id']
2025-11-21 08:50:41 [DEBUG] Pets rows fetched: 3 for client_id=679acd9e-1947-4358-b6ef-b1e0acdf0d34
2025-11-21 08:50:41 [INFO] load_full_client_profile completed in 68.61 ms
2025-11-21 08:50:41 [INFO] load_full_client_profile started
2025-11-21 08:50:41 [DEBUG] load_full_client_profile payload keys=['client_id']
2025-11-21 08:50:41 [DEBUG] Pets rows fetched: 3 for client_id=679acd9e-1947-4358-b6ef-b1e0acdf0d34
2025-11-21 08:50:41 [INFO] load_full_client_profile completed in 66.39 ms
2025-11-21 08:50:41 [INFO] load_full_client_profile started
2025-11-21 08:50:41 [DEBUG] load_full_client_profile payload keys=['client_id']
2025-11-21 08:50:42 [DEBUG] Pets rows fetched: 3 for client_id=679acd9e-1947-4358-b6ef-b1e0acdf0d34
2025-11-21 08:50:42 [INFO] load_full_client_profile completed in 65.49 ms
2025-11-21 08:50:42 [INFO] load_full_client_profile started
2025-11-21 08:50:42 [DEBUG] load_full_client_profile payload keys=['client_id']
2025-11-21 08:50:42 [DEBUG] Pets rows fetched: 3 for client_id=679acd9e-1947-4358-b6ef-b1e0acdf0d34
2025-11-21 08:50:42 [INFO] load_full_client_profile completed in 71.03 ms
2025-11-21 08:50:49 [INFO] load_full_client_profile started
2025-11-21 08:50:49 [DEBUG] load_full_client_profile payload keys=['client_id']
2025-11-21 08:50:49 [DEBUG] Pets rows fetched: 3 for client_id=679acd9e-1947-4358-b6ef-b1e0acdf0d34
2025-11-21 08:50:49 [INFO] load_full_client_profile completed in 71.35 ms
2025-11-21 08:51:43 [INFO] load_full_client_profile started
2025-11-21 08:51:43 [DEBUG] load_full_client_profile payload keys=['client_id']
2025-11-21 08:51:43 [DEBUG] Pets rows fetched: 3 for client_id=679acd9e-1947-4358-b6ef-b1e0acdf0d34
2025-11-21 08:51:43 [INFO] load_full_client_profile completed in 65.27 ms
2025-11-21 08:52:03 [INFO] load_full_client_profile started
2025-11-21 08:52:03 [DEBUG] load_full_client_profile payload keys=['client_id']
2025-11-21 08:52:03 [DEBUG] Pets rows fetched: 3 for client_id=679acd9e-1947-4358-b6ef-b1e0acdf0d34
2025-11-21 08:52:03 [INFO] load_full_client_profile completed in 66.09 ms
2025-11-21 08:52:15 [INFO] load_full_client_profile started
2025-11-21 08:52:15 [DEBUG] load_full_client_profile payload keys=['client_id']
2025-11-21 08:52:15 [DEBUG] Pets rows fetched: 3 for client_id=679acd9e-1947-4358-b6ef-b1e0acdf0d34
2025-11-21 08:52:15 [INFO] load_full_client_profile completed in 64.23 ms
2025-11-21 08:52:21 [INFO] load_full_client_profile started
2025-11-21 08:52:21 [DEBUG] load_full_client_profile payload keys=['client_id']
2025-11-21 08:52:21 [DEBUG] Pets rows fetched: 3 for client_id=679acd9e-1947-4358-b6ef-b1e0acdf0d34
2025-11-21 08:52:21 [INFO] load_full_client_profile completed in 65.02 ms
2025-11-21 08:52:59 [INFO] load_full_client_profile started
2025-11-21 08:52:59 [DEBUG] load_full_client_profile payload keys=['client_id']
2025-11-21 08:52:59 [DEBUG] Pets rows fetched: 3 for client_id=679acd9e-1947-4358-b6ef-b1e0acdf0d34
2025-11-21 08:52:59 [INFO] load_full_client_profile completed in 64.44 ms
2025-11-21 08:53:15 [INFO] load_full_client_profile started
2025-11-21 08:53:15 [DEBUG] load_full_client_profile payload keys=['client_id']
2025-11-21 08:53:16 [DEBUG] Pets rows fetched: 3 for client_id=679acd9e-1947-4358-b6ef-b1e0acdf0d34
2025-11-21 08:53:16 [INFO] load_full_client_profile completed in 65.20 ms
2025-11-21 08:54:58 [INFO] load_full_client_profile started
2025-11-21 08:54:58 [DEBUG] load_full_client_profile payload keys=['client_id']
2025-11-21 08:54:58 [DEBUG] Pets rows fetched: 3 for client_id=679acd9e-1947-4358-b6ef-b1e0acdf0d34
2025-11-21 08:54:58 [INFO] load_full_client_profile completed in 69.31 ms
2025-11-21 08:55:05 [INFO] load_full_client_profile started
2025-11-21 08:55:05 [DEBUG] load_full_client_profile payload keys=['client_id']
2025-11-21 08:55:05 [DEBUG] Pets rows fetched: 3 for client_id=679acd9e-1947-4358-b6ef-b1e0acdf0d34
2025-11-21 08:55:05 [INFO] load_full_client_profile completed in 64.99 ms
2025-11-21 08:55:05 [INFO] load_full_client_profile started
2025-11-21 08:55:05 [DEBUG] load_full_client_profile payload keys=['client_id']
2025-11-21 08:55:05 [DEBUG] Pets rows fetched: 3 for client_id=679acd9e-1947-4358-b6ef-b1e0acdf0d34
2025-11-21 08:55:05 [INFO] load_full_client_profile completed in 65.83 ms
2025-11-21 08:55:39 [INFO] load_full_client_profile started
2025-11-21 08:55:39 [DEBUG] load_full_client_profile payload keys=['client_id']
2025-11-21 08:55:39 [DEBUG] Pets rows fetched: 3 for client_id=679acd9e-1947-4358-b6ef-b1e0acdf0d34
2025-11-21 08:55:39 [INFO] load_full_client_profile completed in 73.82 ms
2025-11-21 09:13:55 [INFO] load_full_client_profile started
2025-11-21 09:13:55 [DEBUG] load_full_client_profile payload keys=['client_id']
2025-11-21 09:13:55 [DEBUG] Pets rows fetched: 3 for client_id=679acd9e-1947-4358-b6ef-b1e0acdf0d34
2025-11-21 09:13:55 [INFO] load_full_client_profile completed in 475.83 ms
2025-11-21 09:14:04 [INFO] load_full_client_profile started
2025-11-21 09:14:04 [DEBUG] load_full_client_profile payload keys=['client_id']
2025-11-21 09:14:04 [DEBUG] Pets rows fetched: 3 for client_id=679acd9e-1947-4358-b6ef-b1e0acdf0d34
2025-11-21 09:14:04 [INFO] load_full_client_profile completed in 74.99 ms
2025-11-21 09:18:00 [INFO] load_full_client_profile started
2025-11-21 09:18:00 [DEBUG] load_full_client_profile payload keys=['client_id']
2025-11-21 09:18:00 [DEBUG] Pets rows fetched: 3 for client_id=679acd9e-1947-4358-b6ef-b1e0acdf0d34
2025-11-21 09:18:01 [INFO] load_full_client_profile completed in 64.34 ms
2025-11-21 09:36:26 [INFO] load_full_client_profile started
2025-11-21 09:36:26 [DEBUG] load_full_client_profile payload keys=['client_id']
2025-11-21 09:36:27 [DEBUG] Pets rows fetched: 3 for client_id=679acd9e-1947-4358-b6ef-b1e0acdf0d34
2025-11-21 09:36:27 [INFO] load_full_client_profile completed in 64.60 ms
2025-11-21 09:36:57 [INFO] load_full_client_profile started
2025-11-21 09:36:57 [DEBUG] load_full_client_profile payload keys=['client_id']
2025-11-21 09:36:57 [DEBUG] Pets rows fetched: 3 for client_id=679acd9e-1947-4358-b6ef-b1e0acdf0d34
2025-11-21 09:36:57 [INFO] load_full_client_profile completed in 67.90 ms
2025-11-21 09:41:46 [INFO] load_full_client_profile started
2025-11-21 09:41:47 [DEBUG] load_full_client_profile payload keys=['client_id']
2025-11-21 09:41:47 [DEBUG] Pets rows fetched: 3 for client_id=679acd9e-1947-4358-b6ef-b1e0acdf0d34
2025-11-21 09:41:47 [INFO] load_full_client_profile completed in 66.32 ms
2025-11-21 09:42:39 [INFO] load_full_client_profile started
2025-11-21 09:42:39 [DEBUG] load_full_client_profile payload keys=['client_id']
2025-11-21 09:42:39 [DEBUG] Pets rows fetched: 3 for client_id=679acd9e-1947-4358-b6ef-b1e0acdf0d34
2025-11-21 09:42:39 [INFO] load_full_client_profile completed in 65.80 ms
2025-11-21 09:50:00 [INFO] load_full_client_profile started
2025-11-21 09:50:00 [DEBUG] load_full_client_profile payload keys=['client_id']
2025-11-21 09:50:00 [DEBUG] Pets rows fetched: 3 for client_id=679acd9e-1947-4358-b6ef-b1e0acdf0d34
2025-11-21 09:50:00 [INFO] load_full_client_profile completed in 69.74 ms
2025-11-21 09:51:44 [INFO] load_full_client_profile started
2025-11-21 09:51:44 [DEBUG] load_full_client_profile payload keys=['client_id']
2025-11-21 09:51:44 [DEBUG] Pets rows fetched: 3 for client_id=679acd9e-1947-4358-b6ef-b1e0acdf0d34
2025-11-21 09:51:44 [INFO] load_full_client_profile completed in 76.91 ms
2025-11-21 09:53:34 [INFO] load_full_client_profile started
2025-11-21 09:53:34 [DEBUG] load_full_client_profile payload keys=['client_id']
2025-11-21 09:53:34 [DEBUG] Pets rows fetched: 3 for client_id=679acd9e-1947-4358-b6ef-b1e0acdf0d34
2025-11-21 09:53:34 [INFO] load_full_client_profile completed in 69.66 ms
2025-11-21 09:56:57 [INFO] load_full_client_profile started
2025-11-21 09:56:57 [DEBUG] load_full_client_profile payload keys=['client_id']
2025-11-21 09:56:57 [DEBUG] Pets rows fetched: 3 for client_id=679acd9e-1947-4358-b6ef-b1e0acdf0d34
2025-11-21 09:56:57 [INFO] load_full_client_profile completed in 66.99 ms
2025-11-21 09:57:11 [INFO] load_full_client_profile started
2025-11-21 09:57:11 [DEBUG] load_full_client_profile payload keys=['client_id']
2025-11-21 09:57:11 [DEBUG] Pets rows fetched: 3 for client_id=679acd9e-1947-4358-b6ef-b1e0acdf0d34
2025-11-21 09:57:11 [INFO] load_full_client_profile completed in 66.65 ms
2025-11-21 09:57:21 [INFO] load_full_client_profile started
2025-11-21 09:57:21 [DEBUG] load_full_client_profile payload keys=['client_id']
2025-11-21 09:57:21 [DEBUG] Pets rows fetched: 3 for client_id=679acd9e-1947-4358-b6ef-b1e0acdf0d34
2025-11-21 09:57:21 [INFO] load_full_client_profile completed in 64.75 ms
2025-11-21 09:59:49 [INFO] load_full_client_profile started
2025-11-21 09:59:49 [DEBUG] load_full_client_profile payload keys=['client_id']
2025-11-21 09:59:49 [DEBUG] Pets rows fetched: 3 for client_id=679acd9e-1947-4358-b6ef-b1e0acdf0d34
2025-11-21 09:59:49 [INFO] load_full_client_profile completed in 77.65 ms
2025-11-21 10:09:33 [INFO] load_full_client_profile started
2025-11-21 10:09:33 [DEBUG] load_full_client_profile payload keys=['client_id']
2025-11-21 10:09:33 [DEBUG] Pets rows fetched: 3 for client_id=679acd9e-1947-4358-b6ef-b1e0acdf0d34
2025-11-21 10:09:33 [INFO] load_full_client_profile completed in 77.91 ms
2025-11-21 10:43:39 [INFO] load_full_client_profile started
2025-11-21 10:43:39 [DEBUG] load_full_client_profile payload keys=['client_id']
2025-11-21 10:43:39 [DEBUG] Pets rows fetched: 3 for client_id=679acd9e-1947-4358-b6ef-b1e0acdf0d34
2025-11-21 10:43:39 [INFO] load_full_client_profile completed in 72.48 ms
2025-11-21 11:07:24 [INFO] load_full_client_profile started
2025-11-21 11:07:24 [DEBUG] load_full_client_profile payload keys=['client_id']
2025-11-21 11:07:24 [DEBUG] Pets rows fetched: 3 for client_id=679acd9e-1947-4358-b6ef-b1e0acdf0d34
2025-11-21 11:07:24 [INFO] load_full_client_profile completed in 82.05 ms
2025-11-21 11:10:30 [INFO] load_full_client_profile started
2025-11-21 11:10:30 [DEBUG] load_full_client_profile payload keys=['client_id']
2025-11-21 11:10:30 [DEBUG] Pets rows fetched: 3 for client_id=679acd9e-1947-4358-b6ef-b1e0acdf0d34
2025-11-21 11:10:31 [INFO] load_full_client_profile completed in 74.51 ms
2025-11-21 11:10:39 [INFO] update_client_profile started
2025-11-21 11:10:39 [DEBUG] update_client_profile payload keys=['id', 'firstname', 'lastname', 'phone', 'email', 'address1', 'address2', 'address3', 'address4', 'postcode', 'keycode']
2025-11-21 11:10:39 [INFO] Client updated successfully id=679acd9e-1947-4358-b6ef-b1e0acdf0d34
2025-11-21 11:10:39 [DEBUG] Sent self-update notification to current_user
2025-11-21 11:10:39 [INFO] update_client_profile completed in 218.33 ms
2025-11-21 11:22:51 [INFO] load_full_client_profile started
2025-11-21 11:22:51 [DEBUG] load_full_client_profile payload keys=['client_id']
2025-11-21 11:22:51 [DEBUG] Pets rows fetched: 3 for client_id=679acd9e-1947-4358-b6ef-b1e0acdf0d34
2025-11-21 11:22:51 [INFO] load_full_client_profile completed in 70.75 ms
2025-11-21 11:22:56 [INFO] load_full_client_profile started
2025-11-21 11:22:56 [DEBUG] load_full_client_profile payload keys=['client_id']
2025-11-21 11:22:57 [DEBUG] Pets rows fetched: 3 for client_id=679acd9e-1947-4358-b6ef-b1e0acdf0d34
2025-11-21 11:22:57 [INFO] load_full_client_profile completed in 87.78 ms
2025-11-21 11:23:02 [INFO] update_client_profile started
2025-11-21 11:23:02 [DEBUG] update_client_profile payload keys=['id', 'firstname', 'lastname', 'phone', 'email', 'address1', 'address2', 'address3', 'address4', 'postcode', 'keycode']
2025-11-21 11:23:02 [INFO] Client updated successfully id=679acd9e-1947-4358-b6ef-b1e0acdf0d34
2025-11-21 11:23:02 [DEBUG] Sent self-update notification to current_user
2025-11-21 11:23:02 [INFO] update_client_profile completed in 178.61 ms
2025-11-21 11:23:11 [INFO] load_full_client_profile started
2025-11-21 11:23:11 [DEBUG] load_full_client_profile payload keys=['client_id']
2025-11-21 11:23:11 [DEBUG] Pets rows fetched: 3 for client_id=679acd9e-1947-4358-b6ef-b1e0acdf0d34
2025-11-21 11:23:11 [INFO] load_full_client_profile completed in 74.47 ms
2025-11-21 11:23:11 [INFO] load_full_client_profile started
2025-11-21 11:23:11 [DEBUG] load_full_client_profile payload keys=['client_id']
2025-11-21 11:23:11 [DEBUG] Pets rows fetched: 3 for client_id=679acd9e-1947-4358-b6ef-b1e0acdf0d34
2025-11-21 11:23:11 [INFO] load_full_client_profile completed in 77.97 ms
2025-11-21 11:23:19 [INFO] update_client_profile started
2025-11-21 11:23:19 [DEBUG] update_client_profile payload keys=['id', 'firstname', 'lastname', 'phone', 'email', 'address1', 'address2', 'address3', 'address4', 'postcode', 'keycode']
2025-11-21 11:23:19 [INFO] Client updated successfully id=679acd9e-1947-4358-b6ef-b1e0acdf0d34
2025-11-21 11:23:20 [DEBUG] Sent self-update notification to current_user
2025-11-21 11:23:20 [INFO] update_client_profile completed in 176.67 ms
2025-11-21 11:24:16 [INFO] load_full_client_profile started
2025-11-21 11:24:16 [DEBUG] load_full_client_profile payload keys=['client_id']
2025-11-21 11:24:16 [DEBUG] Pets rows fetched: 3 for client_id=679acd9e-1947-4358-b6ef-b1e0acdf0d34
2025-11-21 11:24:16 [INFO] load_full_client_profile completed in 51.64 ms
2025-11-21 11:24:21 [INFO] update_client_profile started
2025-11-21 11:24:21 [DEBUG] update_client_profile payload keys=['id', 'firstname', 'lastname', 'phone', 'email', 'address1', 'address2', 'address3', 'address4', 'postcode', 'keycode']
2025-11-21 11:24:21 [INFO] Client updated successfully id=679acd9e-1947-4358-b6ef-b1e0acdf0d34
2025-11-21 11:24:22 [INFO] update_client_profile completed in 129.82 ms
2025-11-21 11:24:30 [INFO] load_full_client_profile started
2025-11-21 11:24:30 [DEBUG] load_full_client_profile payload keys=['client_id']
2025-11-21 11:24:30 [DEBUG] Pets rows fetched: 3 for client_id=679acd9e-1947-4358-b6ef-b1e0acdf0d34
2025-11-21 11:24:30 [INFO] load_full_client_profile completed in 49.26 ms
2025-11-21 11:25:23 [INFO] load_clients_for_business started
2025-11-21 11:25:23 [DEBUG] load_clients_for_business: user_id=81e78254-85dc-464c-8aa4-455f9d9d47eb
2025-11-21 11:25:23 [DEBUG] Active clients fetched: 6 for business_id=79581f88-5042-43d0-9594-ba81e70130b0
2025-11-21 11:25:23 [DEBUG] Archived clients fetched: 0 for business_id=79581f88-5042-43d0-9594-ba81e70130b0
2025-11-21 11:25:23 [INFO] load_clients_for_business completed in 462.16 ms
2025-11-21 11:25:24 [INFO] load_full_client_profile started
2025-11-21 11:25:24 [DEBUG] load_full_client_profile payload keys=['client_id']
2025-11-21 11:25:25 [DEBUG] Pets rows fetched: 3 for client_id=679acd9e-1947-4358-b6ef-b1e0acdf0d34
2025-11-21 11:25:25 [INFO] load_full_client_profile completed in 48.42 ms
2025-11-21 11:25:37 [INFO] update_client_profile started
2025-11-21 11:25:37 [DEBUG] update_client_profile payload keys=['id', 'firstname', 'lastname', 'email', 'phone', 'address1', 'address2', 'address3', 'address4', 'postcode', 'keycode', 'booking']
2025-11-21 11:25:37 [INFO] Client updated successfully id=679acd9e-1947-4358-b6ef-b1e0acdf0d34
2025-11-21 11:25:37 [INFO] update_client_profile completed in 133.78 ms
2025-11-21 11:25:43 [INFO] update_client_profile started
2025-11-21 11:25:43 [DEBUG] update_client_profile payload keys=['id', 'firstname', 'lastname', 'email', 'phone', 'address1', 'address2', 'address3', 'address4', 'postcode', 'keycode', 'booking']
2025-11-21 11:25:44 [INFO] Client updated successfully id=679acd9e-1947-4358-b6ef-b1e0acdf0d34
2025-11-21 11:25:44 [INFO] update_client_profile completed in 131.11 ms
2025-11-21 11:26:21 [INFO] update_client_profile started
2025-11-21 11:26:21 [DEBUG] update_client_profile payload keys=['id', 'firstname', 'lastname', 'email', 'phone', 'address1', 'address2', 'address3', 'address4', 'postcode', 'avatar', 'booking', 'keycode', 'business']
2025-11-21 11:26:21 [INFO] Client updated successfully id=679acd9e-1947-4358-b6ef-b1e0acdf0d34
2025-11-21 11:26:22 [DEBUG] Sent self-update notification to current_user
2025-11-21 11:26:22 [INFO] update_client_profile completed in 182.71 ms
2025-11-21 11:26:57 [INFO] update_client_profile started
2025-11-21 11:26:57 [DEBUG] update_client_profile payload keys=['id', 'firstname', 'lastname', 'email', 'phone', 'address1', 'address2', 'address3', 'address4', 'postcode', 'avatar', 'booking', 'keycode', 'business']
2025-11-21 11:26:57 [INFO] Client updated successfully id=679acd9e-1947-4358-b6ef-b1e0acdf0d34
2025-11-21 11:26:57 [DEBUG] Sent self-update notification to current_user
2025-11-21 11:26:57 [INFO] update_client_profile completed in 166.39 ms
2025-11-21 11:27:09 [INFO] load_full_client_profile started
2025-11-21 11:27:09 [DEBUG] load_full_client_profile payload keys=['client_id']
2025-11-21 11:27:09 [DEBUG] Pets rows fetched: 3 for client_id=679acd9e-1947-4358-b6ef-b1e0acdf0d34
2025-11-21 11:27:10 [INFO] load_full_client_profile completed in 77.20 ms
2025-11-21 11:27:14 [INFO] load_full_client_profile started
2025-11-21 11:27:14 [DEBUG] load_full_client_profile payload keys=['client_id']
2025-11-21 11:27:14 [DEBUG] Pets rows fetched: 3 for client_id=679acd9e-1947-4358-b6ef-b1e0acdf0d34
2025-11-21 11:27:14 [INFO] load_full_client_profile completed in 49.52 ms
2025-11-21 11:29:05 [INFO] load_full_client_profile started
2025-11-21 11:29:05 [DEBUG] load_full_client_profile payload keys=['client_id']
2025-11-21 11:29:05 [DEBUG] Pets rows fetched: 3 for client_id=679acd9e-1947-4358-b6ef-b1e0acdf0d34
2025-11-21 11:29:05 [INFO] load_full_client_profile completed in 54.78 ms
2025-11-21 11:29:05 [INFO] load_full_client_profile started
2025-11-21 11:29:05 [DEBUG] load_full_client_profile payload keys=['client_id']
2025-11-21 11:29:05 [DEBUG] Pets rows fetched: 3 for client_id=679acd9e-1947-4358-b6ef-b1e0acdf0d34
2025-11-21 11:29:05 [INFO] load_full_client_profile completed in 51.92 ms
2025-11-21 11:29:05 [INFO] load_full_client_profile started
2025-11-21 11:29:05 [DEBUG] load_full_client_profile payload keys=['client_id']
2025-11-21 11:29:05 [DEBUG] Pets rows fetched: 3 for client_id=679acd9e-1947-4358-b6ef-b1e0acdf0d34
2025-11-21 11:29:05 [INFO] load_full_client_profile completed in 65.40 ms
2025-11-21 11:29:08 [INFO] load_full_client_profile started
2025-11-21 11:29:08 [DEBUG] load_full_client_profile payload keys=['client_id']
2025-11-21 11:29:08 [DEBUG] Pets rows fetched: 3 for client_id=679acd9e-1947-4358-b6ef-b1e0acdf0d34
2025-11-21 11:29:08 [INFO] load_full_client_profile completed in 62.56 ms
2025-11-21 11:29:12 [INFO] load_full_client_profile started
2025-11-21 11:29:12 [DEBUG] load_full_client_profile payload keys=['client_id']
2025-11-21 11:29:12 [DEBUG] Pets rows fetched: 3 for client_id=679acd9e-1947-4358-b6ef-b1e0acdf0d34
2025-11-21 11:29:12 [INFO] load_full_client_profile completed in 61.32 ms
2025-11-21 11:30:29 [INFO] load_full_client_profile started
2025-11-21 11:30:29 [DEBUG] load_full_client_profile payload keys=['client_id']
2025-11-21 11:30:29 [DEBUG] Pets rows fetched: 3 for client_id=679acd9e-1947-4358-b6ef-b1e0acdf0d34
2025-11-21 11:30:29 [INFO] load_full_client_profile completed in 52.69 ms
2025-11-21 11:31:30 [INFO] load_full_client_profile started
2025-11-21 11:31:30 [DEBUG] load_full_client_profile payload keys=['client_id']
2025-11-21 11:31:30 [DEBUG] Pets rows fetched: 3 for client_id=679acd9e-1947-4358-b6ef-b1e0acdf0d34
2025-11-21 11:31:30 [INFO] load_full_client_profile completed in 50.78 ms
2025-11-21 11:31:30 [INFO] load_full_client_profile started
2025-11-21 11:31:30 [DEBUG] load_full_client_profile payload keys=['client_id']
2025-11-21 11:31:30 [DEBUG] Pets rows fetched: 3 for client_id=679acd9e-1947-4358-b6ef-b1e0acdf0d34
2025-11-21 11:31:30 [INFO] load_full_client_profile completed in 56.40 ms
2025-11-21 11:31:31 [INFO] load_full_client_profile started
2025-11-21 11:31:31 [DEBUG] load_full_client_profile payload keys=['client_id']
2025-11-21 11:31:31 [DEBUG] Pets rows fetched: 3 for client_id=679acd9e-1947-4358-b6ef-b1e0acdf0d34
2025-11-21 11:31:31 [INFO] load_full_client_profile completed in 62.47 ms
2025-11-21 11:31:35 [INFO] load_full_client_profile started
2025-11-21 11:31:35 [DEBUG] load_full_client_profile payload keys=['client_id']
2025-11-21 11:31:35 [DEBUG] Pets rows fetched: 3 for client_id=679acd9e-1947-4358-b6ef-b1e0acdf0d34
2025-11-21 11:31:35 [INFO] load_full_client_profile completed in 52.09 ms
2025-11-21 11:32:05 [INFO] load_full_client_profile started
2025-11-21 11:32:05 [DEBUG] load_full_client_profile payload keys=['client_id']
2025-11-21 11:32:05 [DEBUG] Pets rows fetched: 3 for client_id=679acd9e-1947-4358-b6ef-b1e0acdf0d34
2025-11-21 11:32:05 [INFO] load_full_client_profile completed in 56.37 ms
2025-11-21 11:32:05 [INFO] load_full_client_profile started
2025-11-21 11:32:05 [DEBUG] load_full_client_profile payload keys=['client_id']
2025-11-21 11:32:05 [DEBUG] Pets rows fetched: 3 for client_id=679acd9e-1947-4358-b6ef-b1e0acdf0d34
2025-11-21 11:32:05 [INFO] load_full_client_profile completed in 65.79 ms
2025-11-21 11:32:06 [INFO] load_full_client_profile started
2025-11-21 11:32:06 [DEBUG] load_full_client_profile payload keys=['client_id']
2025-11-21 11:32:06 [DEBUG] Pets rows fetched: 3 for client_id=679acd9e-1947-4358-b6ef-b1e0acdf0d34
2025-11-21 11:32:06 [INFO] load_full_client_profile completed in 59.09 ms
2025-11-21 11:32:06 [INFO] load_full_client_profile started
2025-11-21 11:32:06 [DEBUG] load_full_client_profile payload keys=['client_id']
2025-11-21 11:32:06 [DEBUG] Pets rows fetched: 3 for client_id=679acd9e-1947-4358-b6ef-b1e0acdf0d34
2025-11-21 11:32:06 [INFO] load_full_client_profile completed in 65.72 ms
2025-11-21 11:32:07 [INFO] load_full_client_profile started
2025-11-21 11:32:07 [DEBUG] load_full_client_profile payload keys=['client_id']
2025-11-21 11:32:07 [DEBUG] Pets rows fetched: 3 for client_id=679acd9e-1947-4358-b6ef-b1e0acdf0d34
2025-11-21 11:32:07 [INFO] load_full_client_profile completed in 54.69 ms
2025-11-21 11:32:19 [INFO] load_full_client_profile started
2025-11-21 11:32:19 [DEBUG] load_full_client_profile payload keys=['client_id']
2025-11-21 11:32:19 [DEBUG] Pets rows fetched: 3 for client_id=679acd9e-1947-4358-b6ef-b1e0acdf0d34
2025-11-21 11:32:19 [INFO] load_full_client_profile completed in 74.41 ms
2025-11-21 11:32:20 [INFO] load_full_client_profile started
2025-11-21 11:32:20 [DEBUG] load_full_client_profile payload keys=['client_id']
2025-11-21 11:32:20 [DEBUG] Pets rows fetched: 3 for client_id=679acd9e-1947-4358-b6ef-b1e0acdf0d34
2025-11-21 11:32:20 [INFO] load_full_client_profile completed in 60.28 ms
2025-11-21 11:32:26 [INFO] update_client_profile started
2025-11-21 11:32:26 [DEBUG] update_client_profile payload keys=['id', 'firstname', 'lastname', 'phone', 'email', 'address1', 'address2', 'address3', 'address4', 'postcode', 'keycode']
2025-11-21 11:32:27 [INFO] Client updated successfully id=679acd9e-1947-4358-b6ef-b1e0acdf0d34
2025-11-21 11:32:27 [DEBUG] Sent self-update notification to current_user
2025-11-21 11:32:27 [INFO] update_client_profile completed in 215.51 ms
2025-11-21 11:32:43 [INFO] update_client_profile started
2025-11-21 11:32:43 [DEBUG] update_client_profile payload keys=['id', 'firstname', 'lastname', 'phone', 'email', 'address1', 'address2', 'address3', 'address4', 'postcode', 'keycode']
2025-11-21 11:32:43 [INFO] Client updated successfully id=679acd9e-1947-4358-b6ef-b1e0acdf0d34
2025-11-21 11:32:43 [INFO] update_client_profile completed in 123.14 ms
2025-11-21 11:36:23 [INFO] load_full_client_profile started
2025-11-21 11:36:23 [DEBUG] load_full_client_profile payload keys=['client_id']
2025-11-21 11:36:23 [DEBUG] Pets rows fetched: 3 for client_id=679acd9e-1947-4358-b6ef-b1e0acdf0d34
2025-11-21 11:36:23 [INFO] load_full_client_profile completed in 48.82 ms
2025-11-21 11:36:24 [INFO] load_full_client_profile started
2025-11-21 11:36:24 [DEBUG] load_full_client_profile payload keys=['client_id']
2025-11-21 11:36:24 [DEBUG] Pets rows fetched: 3 for client_id=679acd9e-1947-4358-b6ef-b1e0acdf0d34
2025-11-21 11:36:24 [INFO] load_full_client_profile completed in 51.99 ms
2025-11-21 11:36:50 [INFO] update_client_profile started
2025-11-21 11:36:50 [DEBUG] update_client_profile payload keys=['id', 'firstname', 'lastname', 'phone', 'email', 'address1', 'address2', 'address3', 'address4', 'postcode', 'keycode']
2025-11-21 11:36:50 [INFO] Client updated successfully id=679acd9e-1947-4358-b6ef-b1e0acdf0d34
2025-11-21 11:36:50 [INFO] update_client_profile completed in 159.11 ms
2025-11-21 11:37:54 [INFO] load_full_client_profile started
2025-11-21 11:37:54 [DEBUG] load_full_client_profile payload keys=['client_id']
2025-11-21 11:37:54 [DEBUG] Pets rows fetched: 3 for client_id=679acd9e-1947-4358-b6ef-b1e0acdf0d34
2025-11-21 11:37:54 [INFO] load_full_client_profile completed in 50.77 ms
2025-11-21 11:37:55 [INFO] load_full_client_profile started
2025-11-21 11:37:55 [DEBUG] load_full_client_profile payload keys=['client_id']
2025-11-21 11:37:55 [DEBUG] Pets rows fetched: 3 for client_id=679acd9e-1947-4358-b6ef-b1e0acdf0d34
2025-11-21 11:37:55 [INFO] load_full_client_profile completed in 49.46 ms
2025-11-21 11:37:59 [INFO] load_full_client_profile started
2025-11-21 11:37:59 [DEBUG] load_full_client_profile payload keys=['client_id']
2025-11-21 11:37:59 [DEBUG] Pets rows fetched: 3 for client_id=679acd9e-1947-4358-b6ef-b1e0acdf0d34
2025-11-21 11:37:59 [INFO] load_full_client_profile completed in 67.30 ms
2025-11-21 11:38:07 [INFO] load_full_client_profile started
2025-11-21 11:38:07 [DEBUG] load_full_client_profile payload keys=['client_id']
2025-11-21 11:38:07 [DEBUG] Pets rows fetched: 3 for client_id=679acd9e-1947-4358-b6ef-b1e0acdf0d34
2025-11-21 11:38:07 [INFO] load_full_client_profile completed in 51.69 ms
2025-11-21 11:38:07 [INFO] load_full_client_profile started
2025-11-21 11:38:07 [DEBUG] load_full_client_profile payload keys=['client_id']
2025-11-21 11:38:07 [DEBUG] Pets rows fetched: 3 for client_id=679acd9e-1947-4358-b6ef-b1e0acdf0d34
2025-11-21 11:38:07 [INFO] load_full_client_profile completed in 48.68 ms
2025-11-21 11:38:59 [INFO] load_full_client_profile started
2025-11-21 11:38:59 [DEBUG] load_full_client_profile payload keys=['client_id']
2025-11-21 11:38:59 [DEBUG] Pets rows fetched: 3 for client_id=679acd9e-1947-4358-b6ef-b1e0acdf0d34
2025-11-21 11:38:59 [INFO] load_full_client_profile completed in 77.51 ms
2025-11-21 11:39:02 [INFO] update_client_profile started
2025-11-21 11:39:02 [DEBUG] update_client_profile payload keys=['id', 'firstname', 'lastname', 'phone', 'email', 'address1', 'address2', 'address3', 'address4', 'postcode', 'keycode']
2025-11-21 11:39:02 [INFO] Client updated successfully id=679acd9e-1947-4358-b6ef-b1e0acdf0d34
2025-11-21 11:39:02 [DEBUG] Sent self-update notification to current_user
2025-11-21 11:39:02 [INFO] update_client_profile completed in 180.77 ms
2025-11-21 11:39:14 [INFO] load_full_client_profile started
2025-11-21 11:39:14 [DEBUG] load_full_client_profile payload keys=['client_id']
2025-11-21 11:39:14 [DEBUG] Pets rows fetched: 3 for client_id=679acd9e-1947-4358-b6ef-b1e0acdf0d34
2025-11-21 11:39:14 [INFO] load_full_client_profile completed in 49.46 ms
2025-11-21 11:42:12 [INFO] load_full_client_profile started
2025-11-21 11:42:12 [DEBUG] load_full_client_profile payload keys=['client_id']
2025-11-21 11:42:12 [DEBUG] Pets rows fetched: 3 for client_id=679acd9e-1947-4358-b6ef-b1e0acdf0d34
2025-11-21 11:42:12 [INFO] load_full_client_profile completed in 88.04 ms
2025-11-21 11:42:12 [INFO] load_full_client_profile started
2025-11-21 11:42:12 [DEBUG] load_full_client_profile payload keys=['client_id']
2025-11-21 11:42:12 [DEBUG] Pets rows fetched: 3 for client_id=679acd9e-1947-4358-b6ef-b1e0acdf0d34
2025-11-21 11:42:12 [INFO] load_full_client_profile completed in 85.08 ms
2025-11-21 11:43:19 [INFO] load_full_client_profile started
2025-11-21 11:43:19 [DEBUG] load_full_client_profile payload keys=['client_id']
2025-11-21 11:43:19 [DEBUG] Pets rows fetched: 3 for client_id=679acd9e-1947-4358-b6ef-b1e0acdf0d34
2025-11-21 11:43:19 [INFO] load_full_client_profile completed in 148.12 ms
2025-11-21 11:44:47 [INFO] load_full_client_profile started
2025-11-21 11:44:47 [DEBUG] load_full_client_profile payload keys=['client_id']
2025-11-21 11:44:47 [DEBUG] Pets rows fetched: 3 for client_id=679acd9e-1947-4358-b6ef-b1e0acdf0d34
2025-11-21 11:44:47 [INFO] load_full_client_profile completed in 73.01 ms
2025-11-21 11:44:52 [INFO] load_full_client_profile started
2025-11-21 11:44:52 [DEBUG] load_full_client_profile payload keys=['client_id']
2025-11-21 11:44:52 [DEBUG] Pets rows fetched: 3 for client_id=679acd9e-1947-4358-b6ef-b1e0acdf0d34
2025-11-21 11:44:52 [INFO] load_full_client_profile completed in 77.59 ms
2025-11-21 11:44:52 [INFO] load_full_client_profile started
2025-11-21 11:44:52 [DEBUG] load_full_client_profile payload keys=['client_id']
2025-11-21 11:44:52 [DEBUG] Pets rows fetched: 3 for client_id=679acd9e-1947-4358-b6ef-b1e0acdf0d34
2025-11-21 11:44:52 [INFO] load_full_client_profile completed in 75.52 ms
2025-11-21 11:44:56 [INFO] load_full_client_profile started
2025-11-21 11:44:56 [DEBUG] load_full_client_profile payload keys=['client_id']
2025-11-21 11:44:56 [DEBUG] Pets rows fetched: 3 for client_id=679acd9e-1947-4358-b6ef-b1e0acdf0d34
2025-11-21 11:44:56 [INFO] load_full_client_profile completed in 50.55 ms
2025-11-21 11:45:02 [INFO] load_full_client_profile started
2025-11-21 11:45:02 [DEBUG] load_full_client_profile payload keys=['client_id']
2025-11-21 11:45:02 [DEBUG] Pets rows fetched: 3 for client_id=679acd9e-1947-4358-b6ef-b1e0acdf0d34
2025-11-21 11:45:02 [INFO] load_full_client_profile completed in 82.75 ms
2025-11-21 11:45:02 [INFO] load_full_client_profile started
2025-11-21 11:45:02 [DEBUG] load_full_client_profile payload keys=['client_id']
2025-11-21 11:45:02 [DEBUG] Pets rows fetched: 3 for client_id=679acd9e-1947-4358-b6ef-b1e0acdf0d34
2025-11-21 11:45:02 [INFO] load_full_client_profile completed in 74.31 ms
2025-11-21 11:45:04 [INFO] load_full_client_profile started
2025-11-21 11:45:04 [DEBUG] load_full_client_profile payload keys=['client_id']
2025-11-21 11:45:04 [DEBUG] Pets rows fetched: 3 for client_id=679acd9e-1947-4358-b6ef-b1e0acdf0d34
2025-11-21 11:45:04 [INFO] load_full_client_profile completed in 134.06 ms
2025-11-21 11:45:09 [INFO] load_full_client_profile started
2025-11-21 11:45:09 [DEBUG] load_full_client_profile payload keys=['client_id']
2025-11-21 11:45:09 [DEBUG] Pets rows fetched: 3 for client_id=679acd9e-1947-4358-b6ef-b1e0acdf0d34
2025-11-21 11:45:09 [INFO] load_full_client_profile completed in 279.39 ms
2025-11-21 11:45:09 [INFO] load_full_client_profile started
2025-11-21 11:45:09 [DEBUG] load_full_client_profile payload keys=['client_id']
2025-11-21 11:45:10 [DEBUG] Pets rows fetched: 3 for client_id=679acd9e-1947-4358-b6ef-b1e0acdf0d34
2025-11-21 11:45:10 [INFO] load_full_client_profile completed in 74.35 ms
2025-11-21 11:45:15 [INFO] update_client_profile started
2025-11-21 11:45:15 [DEBUG] update_client_profile payload keys=['id', 'firstname', 'lastname', 'phone', 'email', 'address1', 'address2', 'address3', 'address4', 'postcode', 'keycode']
2025-11-21 11:45:15 [INFO] Client updated successfully id=679acd9e-1947-4358-b6ef-b1e0acdf0d34
2025-11-21 11:45:15 [DEBUG] Sent self-update notification to current_user
2025-11-21 11:45:15 [INFO] update_client_profile completed in 407.88 ms
2025-11-21 11:46:15 [INFO] load_full_client_profile started
2025-11-21 11:46:15 [DEBUG] load_full_client_profile payload keys=['client_id']
2025-11-21 11:46:15 [DEBUG] Pets rows fetched: 3 for client_id=679acd9e-1947-4358-b6ef-b1e0acdf0d34
2025-11-21 11:46:15 [INFO] load_full_client_profile completed in 176.19 ms
2025-11-21 11:46:16 [INFO] load_full_client_profile started
2025-11-21 11:46:16 [DEBUG] load_full_client_profile payload keys=['client_id']
2025-11-21 11:46:16 [DEBUG] Pets rows fetched: 3 for client_id=679acd9e-1947-4358-b6ef-b1e0acdf0d34
2025-11-21 11:46:16 [INFO] load_full_client_profile completed in 51.37 ms
2025-11-21 11:46:17 [INFO] load_full_client_profile started
2025-11-21 11:46:17 [DEBUG] load_full_client_profile payload keys=['client_id']
2025-11-21 11:46:17 [DEBUG] Pets rows fetched: 3 for client_id=679acd9e-1947-4358-b6ef-b1e0acdf0d34
2025-11-21 11:46:17 [INFO] load_full_client_profile completed in 73.57 ms
2025-11-21 11:46:17 [INFO] load_full_client_profile started
2025-11-21 11:46:17 [DEBUG] load_full_client_profile payload keys=['client_id']
2025-11-21 11:46:17 [DEBUG] Pets rows fetched: 3 for client_id=679acd9e-1947-4358-b6ef-b1e0acdf0d34
2025-11-21 11:46:17 [INFO] load_full_client_profile completed in 173.63 ms
2025-11-21 11:46:29 [INFO] update_client_profile started
2025-11-21 11:46:29 [DEBUG] update_client_profile payload keys=['id', 'firstname', 'lastname', 'phone', 'email', 'address1', 'address2', 'address3', 'address4', 'postcode', 'keycode']
2025-11-21 11:46:29 [INFO] Client updated successfully id=679acd9e-1947-4358-b6ef-b1e0acdf0d34
2025-11-21 11:46:29 [DEBUG] Sent self-update notification to current_user
2025-11-21 11:46:29 [INFO] update_client_profile completed in 209.34 ms
2025-11-21 11:46:37 [INFO] load_full_client_profile started
2025-11-21 11:46:37 [DEBUG] load_full_client_profile payload keys=['client_id']
2025-11-21 11:46:37 [DEBUG] Pets rows fetched: 3 for client_id=679acd9e-1947-4358-b6ef-b1e0acdf0d34
2025-11-21 11:46:37 [INFO] load_full_client_profile completed in 51.00 ms
2025-11-21 11:46:37 [INFO] load_full_client_profile started
2025-11-21 11:46:37 [DEBUG] load_full_client_profile payload keys=['client_id']
2025-11-21 11:46:37 [DEBUG] Pets rows fetched: 3 for client_id=679acd9e-1947-4358-b6ef-b1e0acdf0d34
2025-11-21 11:46:37 [INFO] load_full_client_profile completed in 50.86 ms
2025-11-21 11:46:45 [INFO] update_client_profile started
2025-11-21 11:46:45 [DEBUG] update_client_profile payload keys=['id', 'firstname', 'lastname', 'phone', 'email', 'address1', 'address2', 'address3', 'address4', 'postcode', 'keycode']
2025-11-21 11:46:45 [INFO] Client updated successfully id=679acd9e-1947-4358-b6ef-b1e0acdf0d34
2025-11-21 11:46:45 [INFO] update_client_profile completed in 135.21 ms
2025-11-21 11:46:53 [INFO] load_full_client_profile started
2025-11-21 11:46:53 [DEBUG] load_full_client_profile payload keys=['client_id']
2025-11-21 11:46:53 [DEBUG] Pets rows fetched: 3 for client_id=679acd9e-1947-4358-b6ef-b1e0acdf0d34
2025-11-21 11:46:53 [INFO] load_full_client_profile completed in 75.72 ms
2025-11-21 11:46:53 [INFO] load_full_client_profile started
2025-11-21 11:46:53 [DEBUG] load_full_client_profile payload keys=['client_id']
2025-11-21 11:46:53 [DEBUG] Pets rows fetched: 3 for client_id=679acd9e-1947-4358-b6ef-b1e0acdf0d34
2025-11-21 11:46:53 [INFO] load_full_client_profile completed in 73.00 ms
2025-11-21 11:47:06 [INFO] load_full_client_profile started
2025-11-21 11:47:06 [DEBUG] load_full_client_profile payload keys=['client_id']
2025-11-21 11:47:06 [DEBUG] Pets rows fetched: 3 for client_id=679acd9e-1947-4358-b6ef-b1e0acdf0d34
2025-11-21 11:47:06 [INFO] load_full_client_profile completed in 167.44 ms
2025-11-21 11:47:07 [INFO] load_full_client_profile started
2025-11-21 11:47:07 [DEBUG] load_full_client_profile payload keys=['client_id']
2025-11-21 11:47:07 [DEBUG] Pets rows fetched: 3 for client_id=679acd9e-1947-4358-b6ef-b1e0acdf0d34
2025-11-21 11:47:07 [INFO] load_full_client_profile completed in 176.68 ms
2025-11-21 11:47:20 [INFO] update_client_profile started
2025-11-21 11:47:20 [DEBUG] update_client_profile payload keys=['id', 'firstname', 'lastname', 'phone', 'email', 'address1', 'address2', 'address3', 'address4', 'postcode', 'keycode']
2025-11-21 11:47:20 [INFO] Client updated successfully id=679acd9e-1947-4358-b6ef-b1e0acdf0d34
2025-11-21 11:47:21 [DEBUG] Sent self-update notification to current_user
2025-11-21 11:47:21 [INFO] update_client_profile completed in 196.37 ms
2025-11-21 11:47:27 [INFO] load_full_client_profile started
2025-11-21 11:47:27 [DEBUG] load_full_client_profile payload keys=['client_id']
2025-11-21 11:47:27 [DEBUG] Pets rows fetched: 3 for client_id=679acd9e-1947-4358-b6ef-b1e0acdf0d34
2025-11-21 11:47:27 [INFO] load_full_client_profile completed in 78.57 ms
2025-11-21 11:47:27 [INFO] load_full_client_profile started
2025-11-21 11:47:27 [DEBUG] load_full_client_profile payload keys=['client_id']
2025-11-21 11:47:27 [DEBUG] Pets rows fetched: 3 for client_id=679acd9e-1947-4358-b6ef-b1e0acdf0d34
2025-11-21 11:47:27 [INFO] load_full_client_profile completed in 80.13 ms
2025-11-21 11:49:38 [INFO] load_full_client_profile started
2025-11-21 11:49:38 [DEBUG] load_full_client_profile payload keys=['client_id']
2025-11-21 11:49:39 [DEBUG] Pets rows fetched: 2 for client_id=679acd9e-1947-4358-b6ef-b1e0acdf0d34
2025-11-21 11:49:39 [INFO] load_full_client_profile completed in 73.94 ms
2025-11-21 11:49:48 [INFO] load_full_client_profile started
2025-11-21 11:49:48 [DEBUG] load_full_client_profile payload keys=['client_id']
2025-11-21 11:49:48 [DEBUG] Pets rows fetched: 2 for client_id=679acd9e-1947-4358-b6ef-b1e0acdf0d34
2025-11-21 11:49:48 [INFO] load_full_client_profile completed in 76.04 ms
2025-11-21 11:49:53 [INFO] load_full_client_profile started
2025-11-21 11:49:53 [DEBUG] load_full_client_profile payload keys=['client_id']
2025-11-21 11:49:53 [DEBUG] Pets rows fetched: 2 for client_id=679acd9e-1947-4358-b6ef-b1e0acdf0d34
2025-11-21 11:49:53 [INFO] load_full_client_profile completed in 78.15 ms
2025-11-21 11:50:08 [INFO] load_full_client_profile started
2025-11-21 11:50:08 [DEBUG] load_full_client_profile payload keys=['client_id']
2025-11-21 11:50:08 [DEBUG] Pets rows fetched: 2 for client_id=679acd9e-1947-4358-b6ef-b1e0acdf0d34
2025-11-21 11:50:08 [INFO] load_full_client_profile completed in 74.22 ms
2025-11-21 11:50:13 [INFO] load_full_client_profile started
2025-11-21 11:50:13 [DEBUG] load_full_client_profile payload keys=['client_id']
2025-11-21 11:50:13 [DEBUG] Pets rows fetched: 2 for client_id=679acd9e-1947-4358-b6ef-b1e0acdf0d34
2025-11-21 11:50:13 [INFO] load_full_client_profile completed in 73.34 ms
2025-11-21 11:50:17 [INFO] load_clients_for_business started
2025-11-21 11:50:17 [DEBUG] load_clients_for_business: user_id=81e78254-85dc-464c-8aa4-455f9d9d47eb
2025-11-21 11:50:18 [DEBUG] Active clients fetched: 6 for business_id=79581f88-5042-43d0-9594-ba81e70130b0
2025-11-21 11:50:18 [DEBUG] Archived clients fetched: 0 for business_id=79581f88-5042-43d0-9594-ba81e70130b0
2025-11-21 11:50:18 [INFO] load_clients_for_business completed in 463.45 ms
2025-11-21 11:50:19 [INFO] load_full_client_profile started
2025-11-21 11:50:19 [DEBUG] load_full_client_profile payload keys=['client_id']
2025-11-21 11:50:19 [DEBUG] Pets rows fetched: 2 for client_id=02db8581-0b48-4f39-ab34-074dd8818bdd
2025-11-21 11:50:19 [INFO] load_full_client_profile completed in 52.30 ms
2025-11-21 11:50:22 [INFO] load_clients_for_business started
2025-11-21 11:50:22 [DEBUG] load_clients_for_business: user_id=81e78254-85dc-464c-8aa4-455f9d9d47eb
2025-11-21 11:50:23 [DEBUG] Active clients fetched: 6 for business_id=79581f88-5042-43d0-9594-ba81e70130b0
2025-11-21 11:50:23 [DEBUG] Archived clients fetched: 0 for business_id=79581f88-5042-43d0-9594-ba81e70130b0
2025-11-21 11:50:23 [INFO] load_clients_for_business completed in 465.75 ms
2025-11-21 11:50:24 [INFO] load_full_client_profile started
2025-11-21 11:50:24 [DEBUG] load_full_client_profile payload keys=['client_id']
2025-11-21 11:50:24 [DEBUG] Pets rows fetched: 4 for client_id=3737184a-ccb1-4ca8-b746-04cdee12dcb4
2025-11-21 11:50:24 [INFO] load_full_client_profile completed in 53.96 ms
2025-11-21 11:50:27 [INFO] load_clients_for_business started
2025-11-21 11:50:27 [DEBUG] load_clients_for_business: user_id=81e78254-85dc-464c-8aa4-455f9d9d47eb
2025-11-21 11:50:27 [DEBUG] Active clients fetched: 6 for business_id=79581f88-5042-43d0-9594-ba81e70130b0
2025-11-21 11:50:27 [DEBUG] Archived clients fetched: 0 for business_id=79581f88-5042-43d0-9594-ba81e70130b0
2025-11-21 11:50:27 [INFO] load_clients_for_business completed in 591.91 ms
2025-11-21 11:50:28 [INFO] load_full_client_profile started
2025-11-21 11:50:28 [DEBUG] load_full_client_profile payload keys=['client_id']
2025-11-21 11:50:28 [DEBUG] Pets rows fetched: 1 for client_id=755d305e-8169-4603-92ee-2dd5f85387bc
2025-11-21 11:50:28 [INFO] load_full_client_profile completed in 58.60 ms
2025-11-21 11:50:30 [INFO] load_clients_for_business started
2025-11-21 11:50:30 [DEBUG] load_clients_for_business: user_id=81e78254-85dc-464c-8aa4-455f9d9d47eb
2025-11-21 11:50:31 [DEBUG] Active clients fetched: 6 for business_id=79581f88-5042-43d0-9594-ba81e70130b0
2025-11-21 11:50:31 [DEBUG] Archived clients fetched: 0 for business_id=79581f88-5042-43d0-9594-ba81e70130b0
2025-11-21 11:50:31 [INFO] load_clients_for_business completed in 563.82 ms
2025-11-21 12:16:27 [INFO] load_full_client_profile started
2025-11-21 12:16:27 [DEBUG] load_full_client_profile payload keys=['client_id']
2025-11-21 12:16:27 [DEBUG] Pets rows fetched: 2 for client_id=679acd9e-1947-4358-b6ef-b1e0acdf0d34
2025-11-21 12:16:27 [INFO] load_full_client_profile completed in 83.80 ms
2025-11-21 12:17:27 [INFO] load_clients_for_business started
2025-11-21 12:17:27 [DEBUG] load_clients_for_business: user_id=81e78254-85dc-464c-8aa4-455f9d9d47eb
2025-11-21 12:17:28 [DEBUG] Active clients fetched: 6 for business_id=79581f88-5042-43d0-9594-ba81e70130b0
2025-11-21 12:17:28 [DEBUG] Archived clients fetched: 0 for business_id=79581f88-5042-43d0-9594-ba81e70130b0
2025-11-21 12:17:28 [INFO] load_clients_for_business completed in 866.32 ms
2025-11-21 12:17:43 [INFO] load_clients_for_business started
2025-11-21 12:17:43 [DEBUG] load_clients_for_business: user_id=81e78254-85dc-464c-8aa4-455f9d9d47eb
2025-11-21 12:17:44 [DEBUG] Active clients fetched: 6 for business_id=79581f88-5042-43d0-9594-ba81e70130b0
2025-11-21 12:17:44 [DEBUG] Archived clients fetched: 0 for business_id=79581f88-5042-43d0-9594-ba81e70130b0
2025-11-21 12:17:44 [INFO] load_clients_for_business completed in 590.63 ms
2025-11-21 12:17:45 [INFO] load_full_client_profile started
2025-11-21 12:17:45 [DEBUG] load_full_client_profile payload keys=['client_id']
2025-11-21 12:17:45 [DEBUG] Pets rows fetched: 2 for client_id=679acd9e-1947-4358-b6ef-b1e0acdf0d34
2025-11-21 12:17:45 [INFO] load_full_client_profile completed in 73.48 ms
2025-11-21 12:17:48 [INFO] list_client_products started
2025-11-21 12:17:48 [DEBUG] list_client_products: client_id=679acd9e-1947-4358-b6ef-b1e0acdf0d34, user_id=81e78254-85dc-464c-8aa4-455f9d9d47eb
2025-11-21 12:17:48 [DEBUG] _get_business_id_for_user: user_id=81e78254-85dc-464c-8aa4-455f9d9d47eb, has_business=True
2025-11-21 12:17:48 [DEBUG] list_client_products: returned 4 products
2025-11-21 12:17:48 [INFO] list_client_products completed in 70.16 ms
2025-11-21 12:17:50 [INFO] update_client_profile started
2025-11-21 12:17:50 [DEBUG] update_client_profile payload keys=['id', 'bookings']
2025-11-21 12:17:50 [INFO] Client updated successfully id=679acd9e-1947-4358-b6ef-b1e0acdf0d34
2025-11-21 12:17:51 [INFO] update_client_profile completed in 168.98 ms
2025-11-21 12:17:52 [INFO] update_client_profile started
2025-11-21 12:17:52 [DEBUG] update_client_profile payload keys=['id', 'bookings']
2025-11-21 12:17:52 [INFO] Client updated successfully id=679acd9e-1947-4358-b6ef-b1e0acdf0d34
2025-11-21 12:17:52 [INFO] update_client_profile completed in 156.28 ms
2025-11-21 12:17:54 [INFO] update_client_profile started
2025-11-21 12:17:54 [DEBUG] update_client_profile payload keys=['id', 'bookings']
2025-11-21 12:17:54 [INFO] Client updated successfully id=679acd9e-1947-4358-b6ef-b1e0acdf0d34
2025-11-21 12:17:54 [INFO] update_client_profile completed in 142.10 ms
2025-11-21 12:18:13 [INFO] toggle_client_product started
2025-11-21 12:18:13 [INFO] toggle_client_product: client_id=679acd9e-1947-4358-b6ef-b1e0acdf0d34, product_id=b09cf1e2-5109-474a-9dee-df3713470b31, enabled=False
2025-11-21 12:18:13 [DEBUG] _get_business_id_for_user: user_id=81e78254-85dc-464c-8aa4-455f9d9d47eb, has_business=True
2025-11-21 12:18:13 [DEBUG] toggle_client_product: product made HIDDEN (row inserted)
2025-11-21 12:18:13 [INFO] toggle_client_product completed in 80.01 ms
2025-11-21 12:18:36 [INFO] list_client_products started
2025-11-21 12:18:36 [DEBUG] list_client_products: client_id=679acd9e-1947-4358-b6ef-b1e0acdf0d34, user_id=81e78254-85dc-464c-8aa4-455f9d9d47eb
2025-11-21 12:18:36 [DEBUG] _get_business_id_for_user: user_id=81e78254-85dc-464c-8aa4-455f9d9d47eb, has_business=True
2025-11-21 12:18:36 [DEBUG] list_client_products: returned 4 products
2025-11-21 12:18:36 [INFO] list_client_products completed in 47.03 ms
2025-11-21 12:18:38 [INFO] toggle_client_product started
2025-11-21 12:18:38 [INFO] toggle_client_product: client_id=679acd9e-1947-4358-b6ef-b1e0acdf0d34, product_id=b09cf1e2-5109-474a-9dee-df3713470b31, enabled=True
2025-11-21 12:18:38 [DEBUG] _get_business_id_for_user: user_id=81e78254-85dc-464c-8aa4-455f9d9d47eb, has_business=True
2025-11-21 12:18:38 [DEBUG] toggle_client_product: product made VISIBLE (row deleted)
2025-11-21 12:18:38 [INFO] toggle_client_product completed in 83.03 ms
2025-11-21 12:18:41 [INFO] update_client_profile started
2025-11-21 12:18:41 [DEBUG] update_client_profile payload keys=['id', 'bookings']
2025-11-21 12:18:41 [INFO] Client updated successfully id=679acd9e-1947-4358-b6ef-b1e0acdf0d34
2025-11-21 12:18:41 [INFO] update_client_profile completed in 144.56 ms
2025-11-21 12:18:45 [INFO] update_client_profile started
2025-11-21 12:18:45 [DEBUG] update_client_profile payload keys=['id', 'bookings']
2025-11-21 12:18:45 [INFO] Client updated successfully id=679acd9e-1947-4358-b6ef-b1e0acdf0d34
2025-11-21 12:18:45 [INFO] update_client_profile completed in 165.06 ms
2025-11-21 12:18:48 [INFO] update_client_profile started
2025-11-21 12:18:48 [DEBUG] update_client_profile payload keys=['id', 'bookings']
2025-11-21 12:18:48 [INFO] Client updated successfully id=679acd9e-1947-4358-b6ef-b1e0acdf0d34
2025-11-21 12:18:48 [INFO] update_client_profile completed in 161.02 ms
2025-11-21 12:18:50 [INFO] update_client_profile started
2025-11-21 12:18:50 [DEBUG] update_client_profile payload keys=['id', 'bookings']
2025-11-21 12:18:50 [INFO] Client updated successfully id=679acd9e-1947-4358-b6ef-b1e0acdf0d34
2025-11-21 12:18:50 [INFO] update_client_profile completed in 143.44 ms
2025-11-21 12:18:51 [INFO] update_client_profile started
2025-11-21 12:18:51 [DEBUG] update_client_profile payload keys=['id', 'bookings']
2025-11-21 12:18:51 [INFO] Client updated successfully id=679acd9e-1947-4358-b6ef-b1e0acdf0d34
2025-11-21 12:18:51 [INFO] update_client_profile completed in 147.20 ms
2025-11-21 12:27:41 [INFO] update_client_profile started
2025-11-21 12:27:41 [DEBUG] update_client_profile payload keys=['id', 'bookings']
2025-11-21 12:27:41 [INFO] Client updated successfully id=679acd9e-1947-4358-b6ef-b1e0acdf0d34
2025-11-21 12:27:42 [INFO] update_client_profile completed in 147.89 ms
2025-11-21 12:28:08 [INFO] update_client_profile started
2025-11-21 12:28:08 [DEBUG] update_client_profile payload keys=['id', 'bookings']
2025-11-21 12:28:08 [INFO] Client updated successfully id=679acd9e-1947-4358-b6ef-b1e0acdf0d34
2025-11-21 12:28:08 [INFO] update_client_profile completed in 154.07 ms
2025-11-21 12:28:53 [INFO] update_client_profile started
2025-11-21 12:28:53 [DEBUG] update_client_profile payload keys=['id', 'bookings']
2025-11-21 12:28:53 [INFO] Client updated successfully id=679acd9e-1947-4358-b6ef-b1e0acdf0d34
2025-11-21 12:28:53 [INFO] update_client_profile completed in 185.81 ms
2025-11-21 12:28:53 [INFO] update_client_profile started
2025-11-21 12:28:53 [DEBUG] update_client_profile payload keys=['id', 'bookings']
2025-11-21 12:28:53 [INFO] Client updated successfully id=679acd9e-1947-4358-b6ef-b1e0acdf0d34
2025-11-21 12:28:53 [INFO] update_client_profile completed in 143.67 ms
2025-11-21 12:30:47 [INFO] update_client_profile started
2025-11-21 12:30:47 [DEBUG] update_client_profile payload keys=['id', 'bookings']
2025-11-21 12:30:47 [INFO] Client updated successfully id=679acd9e-1947-4358-b6ef-b1e0acdf0d34
2025-11-21 12:30:47 [INFO] update_client_profile completed in 160.70 ms
2025-11-21 12:33:44 [INFO] update_client_profile started
2025-11-21 12:33:44 [DEBUG] update_client_profile payload keys=['id', 'bookings']
2025-11-21 12:33:44 [INFO] Client updated successfully id=679acd9e-1947-4358-b6ef-b1e0acdf0d34
2025-11-21 12:33:44 [INFO] update_client_profile completed in 157.05 ms
2025-11-21 12:33:58 [INFO] update_client_profile started
2025-11-21 12:33:58 [DEBUG] update_client_profile payload keys=['id', 'bookings']
2025-11-21 12:33:58 [INFO] Client updated successfully id=679acd9e-1947-4358-b6ef-b1e0acdf0d34
2025-11-21 12:33:58 [INFO] update_client_profile completed in 147.29 ms
2025-11-21 12:34:26 [INFO] load_clients_for_business started
2025-11-21 12:34:26 [DEBUG] load_clients_for_business: user_id=81e78254-85dc-464c-8aa4-455f9d9d47eb
2025-11-21 12:34:27 [DEBUG] Active clients fetched: 6 for business_id=79581f88-5042-43d0-9594-ba81e70130b0
2025-11-21 12:34:27 [DEBUG] Archived clients fetched: 0 for business_id=79581f88-5042-43d0-9594-ba81e70130b0
2025-11-21 12:34:27 [INFO] load_clients_for_business completed in 788.34 ms
2025-11-21 12:34:34 [INFO] load_clients_for_business started
2025-11-21 12:34:34 [DEBUG] load_clients_for_business: user_id=81e78254-85dc-464c-8aa4-455f9d9d47eb
2025-11-21 12:34:34 [DEBUG] Active clients fetched: 6 for business_id=79581f88-5042-43d0-9594-ba81e70130b0
2025-11-21 12:34:34 [DEBUG] Archived clients fetched: 0 for business_id=79581f88-5042-43d0-9594-ba81e70130b0
2025-11-21 12:34:34 [INFO] load_clients_for_business completed in 458.21 ms
2025-11-21 12:36:03 [INFO] load_full_client_profile started
2025-11-21 12:36:03 [DEBUG] load_full_client_profile payload keys=['client_id']
2025-11-21 12:36:03 [DEBUG] Pets rows fetched: 2 for client_id=679acd9e-1947-4358-b6ef-b1e0acdf0d34
2025-11-21 12:36:03 [INFO] load_full_client_profile completed in 78.96 ms
2025-11-21 12:49:56 [INFO] load_clients_for_business started
2025-11-21 12:49:56 [DEBUG] load_clients_for_business: user_id=81e78254-85dc-464c-8aa4-455f9d9d47eb
2025-11-21 12:49:56 [DEBUG] Active clients fetched: 6 for business_id=79581f88-5042-43d0-9594-ba81e70130b0
2025-11-21 12:49:56 [DEBUG] Archived clients fetched: 0 for business_id=79581f88-5042-43d0-9594-ba81e70130b0
2025-11-21 12:49:56 [INFO] load_clients_for_business completed in 519.31 ms
2025-11-21 12:49:57 [INFO] load_full_client_profile started
2025-11-21 12:49:57 [DEBUG] load_full_client_profile payload keys=['client_id']
2025-11-21 12:49:57 [DEBUG] Pets rows fetched: 2 for client_id=679acd9e-1947-4358-b6ef-b1e0acdf0d34
2025-11-21 12:49:57 [INFO] load_full_client_profile completed in 57.07 ms
2025-11-21 12:49:59 [INFO] load_clients_for_business started
2025-11-21 12:49:59 [DEBUG] load_clients_for_business: user_id=81e78254-85dc-464c-8aa4-455f9d9d47eb
2025-11-21 12:50:00 [DEBUG] Active clients fetched: 6 for business_id=79581f88-5042-43d0-9594-ba81e70130b0
2025-11-21 12:50:00 [DEBUG] Archived clients fetched: 0 for business_id=79581f88-5042-43d0-9594-ba81e70130b0
2025-11-21 12:50:00 [INFO] load_clients_for_business completed in 470.57 ms
2025-11-21 12:50:01 [INFO] load_full_client_profile started
2025-11-21 12:50:01 [DEBUG] load_full_client_profile payload keys=['client_id']
2025-11-21 12:50:01 [DEBUG] Pets rows fetched: 1 for client_id=755d305e-8169-4603-92ee-2dd5f85387bc
2025-11-21 12:50:01 [INFO] load_full_client_profile completed in 55.64 ms
2025-11-21 12:50:02 [INFO] load_clients_for_business started
2025-11-21 12:50:02 [DEBUG] load_clients_for_business: user_id=81e78254-85dc-464c-8aa4-455f9d9d47eb
2025-11-21 12:50:03 [DEBUG] Active clients fetched: 6 for business_id=79581f88-5042-43d0-9594-ba81e70130b0
2025-11-21 12:50:03 [DEBUG] Archived clients fetched: 0 for business_id=79581f88-5042-43d0-9594-ba81e70130b0
2025-11-21 12:50:03 [INFO] load_clients_for_business completed in 455.33 ms
2025-11-21 12:50:03 [INFO] load_full_client_profile started
2025-11-21 12:50:03 [DEBUG] load_full_client_profile payload keys=['client_id']
2025-11-21 12:50:04 [DEBUG] Pets rows fetched: 2 for client_id=679acd9e-1947-4358-b6ef-b1e0acdf0d34
2025-11-21 12:50:04 [INFO] load_full_client_profile completed in 52.82 ms
2025-11-21 12:50:07 [INFO] list_client_products started
2025-11-21 12:50:07 [DEBUG] list_client_products: client_id=679acd9e-1947-4358-b6ef-b1e0acdf0d34, user_id=81e78254-85dc-464c-8aa4-455f9d9d47eb
2025-11-21 12:50:07 [DEBUG] _get_business_id_for_user: user_id=81e78254-85dc-464c-8aa4-455f9d9d47eb, has_business=True
2025-11-21 12:50:07 [DEBUG] list_client_products: returned 4 products
2025-11-21 12:50:07 [INFO] list_client_products completed in 51.82 ms
2025-11-21 12:50:08 [INFO] update_client_profile started
2025-11-21 12:50:08 [DEBUG] update_client_profile payload keys=['id', 'bookings']
2025-11-21 12:50:08 [INFO] Client updated successfully id=679acd9e-1947-4358-b6ef-b1e0acdf0d34
2025-11-21 12:50:08 [INFO] update_client_profile completed in 168.15 ms
2025-11-21 12:51:43 [INFO] load_clients_for_business started
2025-11-21 12:51:43 [DEBUG] load_clients_for_business: user_id=81e78254-85dc-464c-8aa4-455f9d9d47eb
2025-11-21 12:51:45 [DEBUG] Active clients fetched: 6 for business_id=79581f88-5042-43d0-9594-ba81e70130b0
2025-11-21 12:51:45 [DEBUG] Archived clients fetched: 0 for business_id=79581f88-5042-43d0-9594-ba81e70130b0
2025-11-21 12:51:45 [INFO] load_clients_for_business completed in 1291.63 ms
