2025-11-04 09:49:48 [INFO] Dashboard info requested by user_id=81e78254-85dc-464c-8aa4-455f9d9d47eb
2025-11-04 09:49:48 [DEBUG] Incoming dashboard params: date_time=2025-11-04, client_id=, pet_id=
2025-11-04 09:49:49 [DEBUG] Business logo encoded successfully.
2025-11-04 09:49:49 [DEBUG] Excluded recurring IDs for date 2025-11-04: set()
2025-11-04 09:49:49 [DEBUG] Executing dashboard base query with params: {'date_only': datetime.date(2025, 11, 4), 'date_only_ts': datetime.datetime(2025, 11, 4, 0, 0), 'business_id': '79581f88-5042-43d0-9594-ba81e70130b0', 'client_id': '', 'pet_id': ''}
2025-11-04 09:49:49 [DEBUG] Dashboard query returned 0 rows before filtering.
2025-11-04 09:49:49 [DEBUG] Filtered results: 0 remaining after exclusions.
2025-11-04 09:49:49 [DEBUG] Loaded 0 notifications for business 79581f88-5042-43d0-9594-ba81e70130b0
2025-11-04 09:49:49 [INFO] Dashboard info built successfully for user 81e78254-85dc-464c-8aa4-455f9d9d47eb
2025-11-04 09:50:00 [INFO] Dashboard info requested by user_id=81e78254-85dc-464c-8aa4-455f9d9d47eb
2025-11-04 09:50:00 [DEBUG] Incoming dashboard params: date_time=2025-11-04, client_id=, pet_id=
2025-11-04 09:50:00 [DEBUG] Business logo encoded successfully.
2025-11-04 09:50:00 [DEBUG] Excluded recurring IDs for date 2025-11-04: set()
2025-11-04 09:50:00 [DEBUG] Executing dashboard base query with params: {'date_only': datetime.date(2025, 11, 4), 'date_only_ts': datetime.datetime(2025, 11, 4, 0, 0), 'business_id': '79581f88-5042-43d0-9594-ba81e70130b0', 'client_id': '', 'pet_id': ''}
2025-11-04 09:50:00 [DEBUG] Dashboard query returned 0 rows before filtering.
2025-11-04 09:50:00 [DEBUG] Filtered results: 0 remaining after exclusions.
2025-11-04 09:50:00 [DEBUG] Loaded 0 notifications for business 79581f88-5042-43d0-9594-ba81e70130b0
2025-11-04 09:50:00 [INFO] Dashboard info built successfully for user 81e78254-85dc-464c-8aa4-455f9d9d47eb
2025-11-04 09:51:25 [INFO] Dashboard info requested by user_id=81e78254-85dc-464c-8aa4-455f9d9d47eb
2025-11-04 09:51:25 [DEBUG] Incoming dashboard params: date_time=2025-11-04, client_id=, pet_id=
2025-11-04 09:51:26 [DEBUG] Business logo encoded successfully.
2025-11-04 09:51:26 [DEBUG] Excluded recurring IDs for date 2025-11-04: set()
2025-11-04 09:51:26 [DEBUG] Executing dashboard base query with params: {'date_only': datetime.date(2025, 11, 4), 'date_only_ts': datetime.datetime(2025, 11, 4, 0, 0), 'business_id': '79581f88-5042-43d0-9594-ba81e70130b0', 'client_id': '', 'pet_id': ''}
2025-11-04 09:51:26 [DEBUG] Dashboard query returned 2 rows before filtering.
2025-11-04 09:51:26 [DEBUG] Filtered results: 2 remaining after exclusions.
2025-11-04 09:51:26 [DEBUG] Loaded 0 notifications for business 79581f88-5042-43d0-9594-ba81e70130b0
2025-11-04 09:51:26 [INFO] Dashboard info built successfully for user 81e78254-85dc-464c-8aa4-455f9d9d47eb
2025-11-04 09:53:34 [INFO] Dashboard info requested by user_id=81e78254-85dc-464c-8aa4-455f9d9d47eb
2025-11-04 09:53:34 [DEBUG] Incoming dashboard params: date_time=2025-11-04, client_id=, pet_id=
2025-11-04 09:53:35 [DEBUG] Business logo encoded successfully.
2025-11-04 09:53:35 [DEBUG] Excluded recurring IDs for date 2025-11-04: set()
2025-11-04 09:53:35 [DEBUG] Executing dashboard base query with params: {'date_only': datetime.date(2025, 11, 4), 'date_only_ts': datetime.datetime(2025, 11, 4, 0, 0), 'business_id': '79581f88-5042-43d0-9594-ba81e70130b0', 'client_id': '', 'pet_id': ''}
2025-11-04 09:53:35 [DEBUG] Dashboard query returned 2 rows before filtering.
2025-11-04 09:53:35 [DEBUG] Filtered results: 2 remaining after exclusions.
2025-11-04 09:53:35 [DEBUG] Loaded 0 notifications for business 79581f88-5042-43d0-9594-ba81e70130b0
2025-11-04 09:53:35 [INFO] Dashboard info built successfully for user 81e78254-85dc-464c-8aa4-455f9d9d47eb
2025-11-04 10:02:14 [INFO] Dashboard info requested by user_id=81e78254-85dc-464c-8aa4-455f9d9d47eb
2025-11-04 10:02:14 [DEBUG] Incoming dashboard params: date_time=2025-11-04, client_id=, pet_id=
2025-11-04 10:02:14 [DEBUG] Business logo encoded successfully.
2025-11-04 10:02:14 [DEBUG] Excluded recurring IDs for date 2025-11-04: set()
2025-11-04 10:02:14 [DEBUG] Executing dashboard base query with params: {'date_only': datetime.date(2025, 11, 4), 'date_only_ts': datetime.datetime(2025, 11, 4, 0, 0), 'business_id': '79581f88-5042-43d0-9594-ba81e70130b0', 'client_id': '', 'pet_id': ''}
2025-11-04 10:02:15 [DEBUG] Dashboard query returned 2 rows before filtering.
2025-11-04 10:02:15 [DEBUG] Filtered results: 2 remaining after exclusions.
2025-11-04 10:02:15 [DEBUG] Loaded 0 notifications for business 79581f88-5042-43d0-9594-ba81e70130b0
2025-11-04 10:02:15 [INFO] Dashboard info built successfully for user 81e78254-85dc-464c-8aa4-455f9d9d47eb
2025-11-04 10:03:25 [INFO] Dashboard info requested by user_id=81e78254-85dc-464c-8aa4-455f9d9d47eb
2025-11-04 10:03:25 [DEBUG] Incoming dashboard params: date_time=2025-11-04, client_id=, pet_id=
2025-11-04 10:03:25 [DEBUG] Business logo encoded successfully.
2025-11-04 10:03:25 [DEBUG] Excluded recurring IDs for date 2025-11-04: set()
2025-11-04 10:03:25 [DEBUG] Executing dashboard base query with params: {'date_only': datetime.date(2025, 11, 4), 'date_only_ts': datetime.datetime(2025, 11, 4, 0, 0), 'business_id': '79581f88-5042-43d0-9594-ba81e70130b0', 'client_id': '', 'pet_id': ''}
2025-11-04 10:03:25 [DEBUG] Dashboard query returned 2 rows before filtering.
2025-11-04 10:03:25 [DEBUG] Filtered results: 2 remaining after exclusions.
2025-11-04 10:03:25 [DEBUG] Loaded 0 notifications for business 79581f88-5042-43d0-9594-ba81e70130b0
2025-11-04 10:03:25 [INFO] Dashboard info built successfully for user 81e78254-85dc-464c-8aa4-455f9d9d47eb
2025-11-04 10:03:25 [INFO] Dashboard info requested by user_id=81e78254-85dc-464c-8aa4-455f9d9d47eb
2025-11-04 10:03:25 [DEBUG] Incoming dashboard params: date_time=2025-11-04, client_id=, pet_id=
2025-11-04 10:03:26 [DEBUG] Business logo encoded successfully.
2025-11-04 10:03:26 [DEBUG] Excluded recurring IDs for date 2025-11-04: set()
2025-11-04 10:03:26 [DEBUG] Executing dashboard base query with params: {'date_only': datetime.date(2025, 11, 4), 'date_only_ts': datetime.datetime(2025, 11, 4, 0, 0), 'business_id': '79581f88-5042-43d0-9594-ba81e70130b0', 'client_id': '', 'pet_id': ''}
2025-11-04 10:03:26 [DEBUG] Dashboard query returned 2 rows before filtering.
2025-11-04 10:03:26 [DEBUG] Filtered results: 2 remaining after exclusions.
2025-11-04 10:03:26 [DEBUG] Loaded 0 notifications for business 79581f88-5042-43d0-9594-ba81e70130b0
2025-11-04 10:03:26 [INFO] Dashboard info built successfully for user 81e78254-85dc-464c-8aa4-455f9d9d47eb
2025-11-04 10:03:53 [INFO] Dashboard info requested by user_id=81e78254-85dc-464c-8aa4-455f9d9d47eb
2025-11-04 10:03:53 [DEBUG] Incoming dashboard params: date_time=2025-11-04, client_id=, pet_id=
2025-11-04 10:03:53 [DEBUG] Business logo encoded successfully.
2025-11-04 10:03:53 [DEBUG] Excluded recurring IDs for date 2025-11-04: set()
2025-11-04 10:03:53 [DEBUG] Executing dashboard base query with params: {'date_only': datetime.date(2025, 11, 4), 'date_only_ts': datetime.datetime(2025, 11, 4, 0, 0), 'business_id': '79581f88-5042-43d0-9594-ba81e70130b0', 'client_id': '', 'pet_id': ''}
2025-11-04 10:03:53 [DEBUG] Dashboard query returned 2 rows before filtering.
2025-11-04 10:03:53 [DEBUG] Filtered results: 2 remaining after exclusions.
2025-11-04 10:03:53 [DEBUG] Loaded 0 notifications for business 79581f88-5042-43d0-9594-ba81e70130b0
2025-11-04 10:03:53 [INFO] Dashboard info built successfully for user 81e78254-85dc-464c-8aa4-455f9d9d47eb
2025-11-04 10:06:24 [INFO] Dashboard info requested by user_id=81e78254-85dc-464c-8aa4-455f9d9d47eb
2025-11-04 10:06:24 [DEBUG] Incoming dashboard params: date_time=2025-11-04, client_id=, pet_id=
2025-11-04 10:06:24 [DEBUG] Business logo encoded successfully.
2025-11-04 10:06:24 [DEBUG] Excluded recurring IDs for date 2025-11-04: set()
2025-11-04 10:06:24 [DEBUG] Executing dashboard base query with params: {'date_only': datetime.date(2025, 11, 4), 'date_only_ts': datetime.datetime(2025, 11, 4, 0, 0), 'business_id': '79581f88-5042-43d0-9594-ba81e70130b0', 'client_id': '', 'pet_id': ''}
2025-11-04 10:06:24 [DEBUG] Dashboard query returned 2 rows before filtering.
2025-11-04 10:06:24 [DEBUG] Filtered results: 2 remaining after exclusions.
2025-11-04 10:06:24 [DEBUG] Loaded 0 notifications for business 79581f88-5042-43d0-9594-ba81e70130b0
2025-11-04 10:06:24 [INFO] Dashboard info built successfully for user 81e78254-85dc-464c-8aa4-455f9d9d47eb
2025-11-04 10:06:31 [INFO] Dashboard info requested by user_id=81e78254-85dc-464c-8aa4-455f9d9d47eb
2025-11-04 10:06:31 [DEBUG] Incoming dashboard params: date_time=2025-11-04, client_id=, pet_id=
2025-11-04 10:06:31 [DEBUG] Business logo encoded successfully.
2025-11-04 10:06:31 [DEBUG] Excluded recurring IDs for date 2025-11-04: set()
2025-11-04 10:06:31 [DEBUG] Executing dashboard base query with params: {'date_only': datetime.date(2025, 11, 4), 'date_only_ts': datetime.datetime(2025, 11, 4, 0, 0), 'business_id': '79581f88-5042-43d0-9594-ba81e70130b0', 'client_id': '', 'pet_id': ''}
2025-11-04 10:06:31 [DEBUG] Dashboard query returned 2 rows before filtering.
2025-11-04 10:06:31 [DEBUG] Filtered results: 2 remaining after exclusions.
2025-11-04 10:06:31 [DEBUG] Loaded 0 notifications for business 79581f88-5042-43d0-9594-ba81e70130b0
2025-11-04 10:06:31 [INFO] Dashboard info built successfully for user 81e78254-85dc-464c-8aa4-455f9d9d47eb
2025-11-04 10:06:34 [INFO] Dashboard info requested by user_id=81e78254-85dc-464c-8aa4-455f9d9d47eb
2025-11-04 10:06:34 [DEBUG] Incoming dashboard params: date_time=2025-11-04, client_id=, pet_id=
2025-11-04 10:06:34 [DEBUG] Business logo encoded successfully.
2025-11-04 10:06:34 [DEBUG] Excluded recurring IDs for date 2025-11-04: set()
2025-11-04 10:06:34 [DEBUG] Executing dashboard base query with params: {'date_only': datetime.date(2025, 11, 4), 'date_only_ts': datetime.datetime(2025, 11, 4, 0, 0), 'business_id': '79581f88-5042-43d0-9594-ba81e70130b0', 'client_id': '', 'pet_id': ''}
2025-11-04 10:06:34 [DEBUG] Dashboard query returned 2 rows before filtering.
2025-11-04 10:06:34 [DEBUG] Filtered results: 2 remaining after exclusions.
2025-11-04 10:06:34 [DEBUG] Loaded 0 notifications for business 79581f88-5042-43d0-9594-ba81e70130b0
2025-11-04 10:06:34 [INFO] Dashboard info built successfully for user 81e78254-85dc-464c-8aa4-455f9d9d47eb
2025-11-04 10:06:35 [INFO] Dashboard info requested by user_id=81e78254-85dc-464c-8aa4-455f9d9d47eb
2025-11-04 10:06:35 [DEBUG] Incoming dashboard params: date_time=2025-11-04, client_id=, pet_id=
2025-11-04 10:06:36 [DEBUG] Business logo encoded successfully.
2025-11-04 10:06:36 [DEBUG] Excluded recurring IDs for date 2025-11-04: set()
2025-11-04 10:06:36 [DEBUG] Executing dashboard base query with params: {'date_only': datetime.date(2025, 11, 4), 'date_only_ts': datetime.datetime(2025, 11, 4, 0, 0), 'business_id': '79581f88-5042-43d0-9594-ba81e70130b0', 'client_id': '', 'pet_id': ''}
2025-11-04 10:06:36 [DEBUG] Dashboard query returned 2 rows before filtering.
2025-11-04 10:06:36 [DEBUG] Filtered results: 2 remaining after exclusions.
2025-11-04 10:06:36 [DEBUG] Loaded 0 notifications for business 79581f88-5042-43d0-9594-ba81e70130b0
2025-11-04 10:06:36 [INFO] Dashboard info built successfully for user 81e78254-85dc-464c-8aa4-455f9d9d47eb
2025-11-04 10:06:40 [INFO] Dashboard info requested by user_id=81e78254-85dc-464c-8aa4-455f9d9d47eb
2025-11-04 10:06:40 [DEBUG] Incoming dashboard params: date_time=2025-11-04, client_id=, pet_id=
2025-11-04 10:06:40 [DEBUG] Business logo encoded successfully.
2025-11-04 10:06:40 [DEBUG] Excluded recurring IDs for date 2025-11-04: set()
2025-11-04 10:06:40 [DEBUG] Executing dashboard base query with params: {'date_only': datetime.date(2025, 11, 4), 'date_only_ts': datetime.datetime(2025, 11, 4, 0, 0), 'business_id': '79581f88-5042-43d0-9594-ba81e70130b0', 'client_id': '', 'pet_id': ''}
2025-11-04 10:06:40 [DEBUG] Dashboard query returned 2 rows before filtering.
2025-11-04 10:06:40 [DEBUG] Filtered results: 2 remaining after exclusions.
2025-11-04 10:06:40 [DEBUG] Loaded 0 notifications for business 79581f88-5042-43d0-9594-ba81e70130b0
2025-11-04 10:06:40 [INFO] Dashboard info built successfully for user 81e78254-85dc-464c-8aa4-455f9d9d47eb
2025-11-04 10:06:56 [INFO] Dashboard info requested by user_id=81e78254-85dc-464c-8aa4-455f9d9d47eb
2025-11-04 10:06:56 [DEBUG] Incoming dashboard params: date_time=2025-11-04, client_id=, pet_id=
2025-11-04 10:06:56 [DEBUG] Business logo encoded successfully.
2025-11-04 10:06:56 [DEBUG] Excluded recurring IDs for date 2025-11-04: set()
2025-11-04 10:06:56 [DEBUG] Executing dashboard base query with params: {'date_only': datetime.date(2025, 11, 4), 'date_only_ts': datetime.datetime(2025, 11, 4, 0, 0), 'business_id': '79581f88-5042-43d0-9594-ba81e70130b0', 'client_id': '', 'pet_id': ''}
2025-11-04 10:06:56 [DEBUG] Dashboard query returned 2 rows before filtering.
2025-11-04 10:06:56 [DEBUG] Filtered results: 2 remaining after exclusions.
2025-11-04 10:06:56 [DEBUG] Loaded 0 notifications for business 79581f88-5042-43d0-9594-ba81e70130b0
2025-11-04 10:06:56 [INFO] Dashboard info built successfully for user 81e78254-85dc-464c-8aa4-455f9d9d47eb
2025-11-04 11:49:28 [INFO] Dashboard info requested by user_id=81e78254-85dc-464c-8aa4-455f9d9d47eb
2025-11-04 11:49:28 [DEBUG] Incoming dashboard params: date_time=2025-11-04, client_id=, pet_id=
2025-11-04 11:49:29 [ERROR] RevenueCat validation failed.
Traceback (most recent call last):
  File "/Users/edward.bayliss/Developer/Pawtul/pawtul-fastapi-backend/app/routes/dashboard.py", line 86, in load_dashboard_info
    valid_request(db, current_user.id)
    ~~~~~~~~~~~~~^^^^^^^^^^^^^^^^^^^^^
  File "/Users/edward.bayliss/Developer/Pawtul/pawtul-fastapi-backend/app/utils/reveunuecat.py", line 108, in valid_request
    raise HTTPException(status_code=402, detail=msg)
fastapi.exceptions.HTTPException: 402: 1
2025-11-04 11:49:46 [INFO] Dashboard info requested by user_id=81e78254-85dc-464c-8aa4-455f9d9d47eb
2025-11-04 11:49:46 [DEBUG] Incoming dashboard params: date_time=2025-11-04, client_id=, pet_id=
2025-11-04 11:49:46 [ERROR] RevenueCat validation failed.
Traceback (most recent call last):
  File "/Users/edward.bayliss/Developer/Pawtul/pawtul-fastapi-backend/app/routes/dashboard.py", line 86, in load_dashboard_info
    valid_request(db, current_user.id)
    ~~~~~~~~~~~~~^^^^^^^^^^^^^^^^^^^^^
  File "/Users/edward.bayliss/Developer/Pawtul/pawtul-fastapi-backend/app/utils/reveunuecat.py", line 108, in valid_request
    raise HTTPException(status_code=402, detail=msg)
fastapi.exceptions.HTTPException: 402: 1
2025-11-04 11:50:01 [INFO] Dashboard info requested by user_id=81e78254-85dc-464c-8aa4-455f9d9d47eb
2025-11-04 11:50:01 [DEBUG] Incoming dashboard params: date_time=2025-11-04, client_id=, pet_id=
2025-11-04 11:50:02 [ERROR] RevenueCat validation failed.
Traceback (most recent call last):
  File "/Users/edward.bayliss/Developer/Pawtul/pawtul-fastapi-backend/app/routes/dashboard.py", line 86, in load_dashboard_info
    valid_request(db, current_user.id)
    ~~~~~~~~~~~~~^^^^^^^^^^^^^^^^^^^^^
  File "/Users/edward.bayliss/Developer/Pawtul/pawtul-fastapi-backend/app/utils/reveunuecat.py", line 108, in valid_request
    raise HTTPException(status_code=402, detail=msg)
fastapi.exceptions.HTTPException: 402: 1
2025-11-04 11:50:55 [INFO] Dashboard info requested by user_id=81e78254-85dc-464c-8aa4-455f9d9d47eb
2025-11-04 11:50:55 [DEBUG] Incoming dashboard params: date_time=2025-11-04, client_id=, pet_id=
2025-11-04 11:50:57 [DEBUG] Business logo encoded successfully.
2025-11-04 11:50:57 [DEBUG] Excluded recurring IDs for date 2025-11-04: {'834d6450-75ea-4d3f-8d56-86b08d39a3b9', '4edc62e9-e586-4dcf-89f9-0525ea8718f1', 'e70f92cd-4029-441f-82f3-037603527358', '486b2003-fdad-4009-9800-cb19d7295067', '6e26de85-8249-4067-9650-da657a9862af', 'cae05b39-fc37-4d59-b136-1719bf6161c4', '03c02d71-7095-49d4-adb1-acebe74ca411', 'da2c1e0e-3908-4597-b8a2-b62883172b44', '4e71592c-0d28-4fc0-91ab-058d7a105b91', '2210f74b-c398-4201-b3b7-222281d764b1', '1e33f7e8-00b4-4d9a-a70a-158f7e2ce5ee', '49a2592e-ecd7-46da-9c03-866b96530b67', 'a0ec11fb-8a1c-4913-a58a-ed2661ccfba1', '22d042a0-ac60-42df-ada8-f8ac5fffd246', '29a5dcd6-61f6-4f6e-8a65-54acdd93b6f0'}
2025-11-04 11:50:57 [DEBUG] Executing dashboard base query with params: {'date_only': datetime.date(2025, 11, 4), 'date_only_ts': datetime.datetime(2025, 11, 4, 0, 0), 'business_id': '9f15ae94-fd65-41f6-99d9-2d3831f4221a', 'client_id': '', 'pet_id': ''}
2025-11-04 11:50:57 [DEBUG] Dashboard query returned 73 rows before filtering.
2025-11-04 11:50:57 [DEBUG] Filtered results: 73 remaining after exclusions.
2025-11-04 11:50:57 [DEBUG] Loaded 8 notifications for business 9f15ae94-fd65-41f6-99d9-2d3831f4221a
2025-11-04 11:50:57 [INFO] Dashboard info built successfully for user 81e78254-85dc-464c-8aa4-455f9d9d47eb
2025-11-04 11:53:52 [INFO] Dashboard info requested by user_id=81e78254-85dc-464c-8aa4-455f9d9d47eb
2025-11-04 11:53:52 [DEBUG] Incoming dashboard params: date_time=2025-11-04, client_id=, pet_id=
2025-11-04 11:53:52 [ERROR] RevenueCat validation failed.
Traceback (most recent call last):
  File "/Users/edward.bayliss/Developer/Pawtul/pawtul-fastapi-backend/app/routes/dashboard.py", line 86, in load_dashboard_info
    valid_request(db, current_user.id)
    ~~~~~~~~~~~~~^^^^^^^^^^^^^^^^^^^^^
  File "/Users/edward.bayliss/Developer/Pawtul/pawtul-fastapi-backend/app/utils/reveunuecat.py", line 106, in valid_request
    raise HTTPException(status_code=402, detail='No Subscription')
fastapi.exceptions.HTTPException: 402: No Subscription
2025-11-04 11:54:00 [INFO] Dashboard info requested by user_id=81e78254-85dc-464c-8aa4-455f9d9d47eb
2025-11-04 11:54:00 [DEBUG] Incoming dashboard params: date_time=2025-11-04, client_id=, pet_id=
2025-11-04 11:54:00 [ERROR] RevenueCat validation failed.
Traceback (most recent call last):
  File "/Users/edward.bayliss/Developer/Pawtul/pawtul-fastapi-backend/app/routes/dashboard.py", line 86, in load_dashboard_info
    valid_request(db, current_user.id)
    ~~~~~~~~~~~~~^^^^^^^^^^^^^^^^^^^^^
  File "/Users/edward.bayliss/Developer/Pawtul/pawtul-fastapi-backend/app/utils/reveunuecat.py", line 106, in valid_request
    raise HTTPException(status_code=402, detail='No Subscription')
fastapi.exceptions.HTTPException: 402: No Subscription
2025-11-04 12:10:31 [INFO] Dashboard info requested by user_id=81e78254-85dc-464c-8aa4-455f9d9d47eb
2025-11-04 12:10:31 [DEBUG] Incoming dashboard params: date_time=2025-11-04, client_id=, pet_id=
2025-11-04 12:10:31 [ERROR] RevenueCat validation failed.
Traceback (most recent call last):
  File "/Users/edward.bayliss/Developer/Pawtul/pawtul-fastapi-backend/app/routes/dashboard.py", line 86, in load_dashboard_info
    valid_request(db, current_user.id)
    ~~~~~~~~~~~~~^^^^^^^^^^^^^^^^^^^^^
  File "/Users/edward.bayliss/Developer/Pawtul/pawtul-fastapi-backend/app/utils/reveunuecat.py", line 106, in valid_request
    raise HTTPException(status_code=402, detail='No Subscription')
fastapi.exceptions.HTTPException: 402: No Subscription
2025-11-04 12:10:32 [INFO] Dashboard info requested by user_id=81e78254-85dc-464c-8aa4-455f9d9d47eb
2025-11-04 12:10:32 [DEBUG] Incoming dashboard params: date_time=2025-11-04, client_id=, pet_id=
2025-11-04 12:10:32 [ERROR] RevenueCat validation failed.
Traceback (most recent call last):
  File "/Users/edward.bayliss/Developer/Pawtul/pawtul-fastapi-backend/app/routes/dashboard.py", line 86, in load_dashboard_info
    valid_request(db, current_user.id)
    ~~~~~~~~~~~~~^^^^^^^^^^^^^^^^^^^^^
  File "/Users/edward.bayliss/Developer/Pawtul/pawtul-fastapi-backend/app/utils/reveunuecat.py", line 106, in valid_request
    raise HTTPException(status_code=402, detail='No Subscription')
fastapi.exceptions.HTTPException: 402: No Subscription
2025-11-04 12:17:56 [INFO] Dashboard info requested by user_id=81e78254-85dc-464c-8aa4-455f9d9d47eb
2025-11-04 12:17:56 [DEBUG] Incoming dashboard params: date_time=2025-11-04, client_id=, pet_id=
2025-11-04 12:17:57 [ERROR] RevenueCat validation failed.
Traceback (most recent call last):
  File "/Users/edward.bayliss/Developer/Pawtul/pawtul-fastapi-backend/app/routes/dashboard.py", line 86, in load_dashboard_info
    valid_request(db, current_user.id)
    ~~~~~~~~~~~~~^^^^^^^^^^^^^^^^^^^^^
  File "/Users/edward.bayliss/Developer/Pawtul/pawtul-fastapi-backend/app/utils/reveunuecat.py", line 106, in valid_request
    raise HTTPException(status_code=402, detail='No Subscription')
fastapi.exceptions.HTTPException: 402: No Subscription
2025-11-04 12:18:10 [INFO] Dashboard info requested by user_id=81e78254-85dc-464c-8aa4-455f9d9d47eb
2025-11-04 12:18:10 [DEBUG] Incoming dashboard params: date_time=2025-11-04, client_id=, pet_id=
2025-11-04 12:18:10 [ERROR] RevenueCat validation failed.
Traceback (most recent call last):
  File "/Users/edward.bayliss/Developer/Pawtul/pawtul-fastapi-backend/app/routes/dashboard.py", line 86, in load_dashboard_info
    valid_request(db, current_user.id)
    ~~~~~~~~~~~~~^^^^^^^^^^^^^^^^^^^^^
  File "/Users/edward.bayliss/Developer/Pawtul/pawtul-fastapi-backend/app/utils/reveunuecat.py", line 106, in valid_request
    raise HTTPException(status_code=402, detail='No Subscription')
fastapi.exceptions.HTTPException: 402: No Subscription
2025-11-04 12:18:16 [INFO] Dashboard info requested by user_id=81e78254-85dc-464c-8aa4-455f9d9d47eb
2025-11-04 12:18:16 [DEBUG] Incoming dashboard params: date_time=2025-11-04, client_id=, pet_id=
2025-11-04 12:18:16 [ERROR] RevenueCat validation failed.
Traceback (most recent call last):
  File "/Users/edward.bayliss/Developer/Pawtul/pawtul-fastapi-backend/app/routes/dashboard.py", line 86, in load_dashboard_info
    valid_request(db, current_user.id)
    ~~~~~~~~~~~~~^^^^^^^^^^^^^^^^^^^^^
  File "/Users/edward.bayliss/Developer/Pawtul/pawtul-fastapi-backend/app/utils/reveunuecat.py", line 106, in valid_request
    raise HTTPException(status_code=402, detail='No Subscription')
fastapi.exceptions.HTTPException: 402: No Subscription
2025-11-04 12:18:37 [INFO] Dashboard info requested by user_id=81e78254-85dc-464c-8aa4-455f9d9d47eb
2025-11-04 12:18:37 [DEBUG] Incoming dashboard params: date_time=2025-11-04, client_id=, pet_id=
2025-11-04 12:18:38 [ERROR] RevenueCat validation failed.
Traceback (most recent call last):
  File "/Users/edward.bayliss/Developer/Pawtul/pawtul-fastapi-backend/app/routes/dashboard.py", line 86, in load_dashboard_info
    valid_request(db, current_user.id)
    ~~~~~~~~~~~~~^^^^^^^^^^^^^^^^^^^^^
  File "/Users/edward.bayliss/Developer/Pawtul/pawtul-fastapi-backend/app/utils/reveunuecat.py", line 106, in valid_request
    raise HTTPException(status_code=402, detail='No Subscription')
fastapi.exceptions.HTTPException: 402: No Subscription
2025-11-04 12:19:51 [INFO] Dashboard info requested by user_id=81e78254-85dc-464c-8aa4-455f9d9d47eb
2025-11-04 12:19:51 [DEBUG] Incoming dashboard params: date_time=2025-11-04, client_id=, pet_id=
2025-11-04 12:19:51 [ERROR] RevenueCat validation failed.
Traceback (most recent call last):
  File "/Users/edward.bayliss/Developer/Pawtul/pawtul-fastapi-backend/app/routes/dashboard.py", line 86, in load_dashboard_info
    valid_request(db, current_user.id)
    ~~~~~~~~~~~~~^^^^^^^^^^^^^^^^^^^^^
  File "/Users/edward.bayliss/Developer/Pawtul/pawtul-fastapi-backend/app/utils/reveunuecat.py", line 106, in valid_request
    raise HTTPException(status_code=402, detail='No Subscription')
fastapi.exceptions.HTTPException: 402: No Subscription
2025-11-04 12:22:25 [INFO] Dashboard info requested by user_id=81e78254-85dc-464c-8aa4-455f9d9d47eb
2025-11-04 12:22:25 [DEBUG] Incoming dashboard params: date_time=2025-11-04, client_id=, pet_id=
2025-11-04 12:22:27 [DEBUG] Business logo encoded successfully.
2025-11-04 12:22:27 [DEBUG] Excluded recurring IDs for date 2025-11-04: {'834d6450-75ea-4d3f-8d56-86b08d39a3b9', '6e26de85-8249-4067-9650-da657a9862af', 'a0ec11fb-8a1c-4913-a58a-ed2661ccfba1', '4edc62e9-e586-4dcf-89f9-0525ea8718f1', '2210f74b-c398-4201-b3b7-222281d764b1', '4e71592c-0d28-4fc0-91ab-058d7a105b91', '1e33f7e8-00b4-4d9a-a70a-158f7e2ce5ee', '03c02d71-7095-49d4-adb1-acebe74ca411', 'da2c1e0e-3908-4597-b8a2-b62883172b44', '486b2003-fdad-4009-9800-cb19d7295067', 'cae05b39-fc37-4d59-b136-1719bf6161c4', '49a2592e-ecd7-46da-9c03-866b96530b67', '29a5dcd6-61f6-4f6e-8a65-54acdd93b6f0', 'e70f92cd-4029-441f-82f3-037603527358', '22d042a0-ac60-42df-ada8-f8ac5fffd246'}
2025-11-04 12:22:27 [DEBUG] Executing dashboard base query with params: {'date_only': datetime.date(2025, 11, 4), 'date_only_ts': datetime.datetime(2025, 11, 4, 0, 0), 'business_id': '9f15ae94-fd65-41f6-99d9-2d3831f4221a', 'client_id': '', 'pet_id': ''}
2025-11-04 12:22:27 [DEBUG] Dashboard query returned 73 rows before filtering.
2025-11-04 12:22:27 [DEBUG] Filtered results: 73 remaining after exclusions.
2025-11-04 12:22:27 [DEBUG] Loaded 9 notifications for business 9f15ae94-fd65-41f6-99d9-2d3831f4221a
2025-11-04 12:22:27 [INFO] Dashboard info built successfully for user 81e78254-85dc-464c-8aa4-455f9d9d47eb
2025-11-04 12:22:27 [INFO] Dashboard info requested by user_id=81e78254-85dc-464c-8aa4-455f9d9d47eb
2025-11-04 12:22:27 [DEBUG] Incoming dashboard params: date_time=2025-11-08, client_id=, pet_id=
2025-11-04 12:22:28 [DEBUG] Business logo encoded successfully.
2025-11-04 12:22:28 [DEBUG] Excluded recurring IDs for date 2025-11-08: set()
2025-11-04 12:22:28 [DEBUG] Executing dashboard base query with params: {'date_only': datetime.date(2025, 11, 8), 'date_only_ts': datetime.datetime(2025, 11, 8, 0, 0), 'business_id': '9f15ae94-fd65-41f6-99d9-2d3831f4221a', 'client_id': '', 'pet_id': ''}
2025-11-04 12:22:28 [DEBUG] Dashboard query returned 0 rows before filtering.
2025-11-04 12:22:28 [DEBUG] Filtered results: 0 remaining after exclusions.
2025-11-04 12:22:28 [DEBUG] Loaded 9 notifications for business 9f15ae94-fd65-41f6-99d9-2d3831f4221a
2025-11-04 12:22:28 [INFO] Dashboard info built successfully for user 81e78254-85dc-464c-8aa4-455f9d9d47eb
2025-11-04 12:22:28 [INFO] Dashboard info requested by user_id=81e78254-85dc-464c-8aa4-455f9d9d47eb
2025-11-04 12:22:28 [DEBUG] Incoming dashboard params: date_time=2025-11-08, client_id=, pet_id=
2025-11-04 12:22:29 [DEBUG] Business logo encoded successfully.
2025-11-04 12:22:29 [DEBUG] Excluded recurring IDs for date 2025-11-08: set()
2025-11-04 12:22:29 [DEBUG] Executing dashboard base query with params: {'date_only': datetime.date(2025, 11, 8), 'date_only_ts': datetime.datetime(2025, 11, 8, 0, 0), 'business_id': '9f15ae94-fd65-41f6-99d9-2d3831f4221a', 'client_id': '', 'pet_id': ''}
2025-11-04 12:22:29 [DEBUG] Dashboard query returned 0 rows before filtering.
2025-11-04 12:22:29 [DEBUG] Filtered results: 0 remaining after exclusions.
2025-11-04 12:22:29 [DEBUG] Loaded 9 notifications for business 9f15ae94-fd65-41f6-99d9-2d3831f4221a
2025-11-04 12:22:29 [INFO] Dashboard info built successfully for user 81e78254-85dc-464c-8aa4-455f9d9d47eb
2025-11-04 12:22:36 [INFO] Dashboard info requested by user_id=81e78254-85dc-464c-8aa4-455f9d9d47eb
2025-11-04 12:22:36 [DEBUG] Incoming dashboard params: date_time=2025-11-04, client_id=, pet_id=
2025-11-04 12:22:37 [DEBUG] Business logo encoded successfully.
2025-11-04 12:22:37 [DEBUG] Excluded recurring IDs for date 2025-11-04: {'834d6450-75ea-4d3f-8d56-86b08d39a3b9', '6e26de85-8249-4067-9650-da657a9862af', 'a0ec11fb-8a1c-4913-a58a-ed2661ccfba1', '4edc62e9-e586-4dcf-89f9-0525ea8718f1', '2210f74b-c398-4201-b3b7-222281d764b1', '4e71592c-0d28-4fc0-91ab-058d7a105b91', '1e33f7e8-00b4-4d9a-a70a-158f7e2ce5ee', '03c02d71-7095-49d4-adb1-acebe74ca411', 'da2c1e0e-3908-4597-b8a2-b62883172b44', '486b2003-fdad-4009-9800-cb19d7295067', 'cae05b39-fc37-4d59-b136-1719bf6161c4', '49a2592e-ecd7-46da-9c03-866b96530b67', '29a5dcd6-61f6-4f6e-8a65-54acdd93b6f0', 'e70f92cd-4029-441f-82f3-037603527358', '22d042a0-ac60-42df-ada8-f8ac5fffd246'}
2025-11-04 12:22:37 [DEBUG] Executing dashboard base query with params: {'date_only': datetime.date(2025, 11, 4), 'date_only_ts': datetime.datetime(2025, 11, 4, 0, 0), 'business_id': '9f15ae94-fd65-41f6-99d9-2d3831f4221a', 'client_id': '', 'pet_id': ''}
2025-11-04 12:22:37 [DEBUG] Dashboard query returned 73 rows before filtering.
2025-11-04 12:22:37 [DEBUG] Filtered results: 73 remaining after exclusions.
2025-11-04 12:22:37 [DEBUG] Loaded 9 notifications for business 9f15ae94-fd65-41f6-99d9-2d3831f4221a
2025-11-04 12:22:37 [INFO] Dashboard info built successfully for user 81e78254-85dc-464c-8aa4-455f9d9d47eb
2025-11-04 12:30:38 [INFO] Dashboard info requested by user_id=81e78254-85dc-464c-8aa4-455f9d9d47eb
2025-11-04 12:30:38 [DEBUG] Incoming dashboard params: date_time=2025-11-04, client_id=, pet_id=
2025-11-04 12:30:39 [DEBUG] Business logo encoded successfully.
2025-11-04 12:30:39 [DEBUG] Excluded recurring IDs for date 2025-11-04: {'22d042a0-ac60-42df-ada8-f8ac5fffd246', '29a5dcd6-61f6-4f6e-8a65-54acdd93b6f0', '4edc62e9-e586-4dcf-89f9-0525ea8718f1', 'e70f92cd-4029-441f-82f3-037603527358', '1e33f7e8-00b4-4d9a-a70a-158f7e2ce5ee', '834d6450-75ea-4d3f-8d56-86b08d39a3b9', '49a2592e-ecd7-46da-9c03-866b96530b67', '4e71592c-0d28-4fc0-91ab-058d7a105b91', '2210f74b-c398-4201-b3b7-222281d764b1', '03c02d71-7095-49d4-adb1-acebe74ca411', '6e26de85-8249-4067-9650-da657a9862af', '486b2003-fdad-4009-9800-cb19d7295067', 'a0ec11fb-8a1c-4913-a58a-ed2661ccfba1', 'cae05b39-fc37-4d59-b136-1719bf6161c4', 'da2c1e0e-3908-4597-b8a2-b62883172b44'}
2025-11-04 12:30:39 [DEBUG] Executing dashboard base query with params: {'date_only': datetime.date(2025, 11, 4), 'date_only_ts': datetime.datetime(2025, 11, 4, 0, 0), 'business_id': '9f15ae94-fd65-41f6-99d9-2d3831f4221a', 'client_id': '', 'pet_id': ''}
2025-11-04 12:30:39 [DEBUG] Dashboard query returned 73 rows before filtering.
2025-11-04 12:30:39 [DEBUG] Filtered results: 73 remaining after exclusions.
2025-11-04 12:30:39 [DEBUG] Loaded 9 notifications for business 9f15ae94-fd65-41f6-99d9-2d3831f4221a
2025-11-04 12:30:39 [INFO] Dashboard info built successfully for user 81e78254-85dc-464c-8aa4-455f9d9d47eb
2025-11-04 12:49:21 [INFO] Dashboard info requested by user_id=81e78254-85dc-464c-8aa4-455f9d9d47eb
2025-11-04 12:49:21 [DEBUG] Incoming dashboard params: date_time=2025-11-04, client_id=, pet_id=
2025-11-04 12:49:22 [DEBUG] Business logo encoded successfully.
2025-11-04 12:49:22 [DEBUG] Excluded recurring IDs for date 2025-11-04: {'834d6450-75ea-4d3f-8d56-86b08d39a3b9', 'a0ec11fb-8a1c-4913-a58a-ed2661ccfba1', '486b2003-fdad-4009-9800-cb19d7295067', '49a2592e-ecd7-46da-9c03-866b96530b67', '1e33f7e8-00b4-4d9a-a70a-158f7e2ce5ee', '4e71592c-0d28-4fc0-91ab-058d7a105b91', '03c02d71-7095-49d4-adb1-acebe74ca411', 'cae05b39-fc37-4d59-b136-1719bf6161c4', '4edc62e9-e586-4dcf-89f9-0525ea8718f1', 'e70f92cd-4029-441f-82f3-037603527358', 'da2c1e0e-3908-4597-b8a2-b62883172b44', '6e26de85-8249-4067-9650-da657a9862af', '22d042a0-ac60-42df-ada8-f8ac5fffd246', '29a5dcd6-61f6-4f6e-8a65-54acdd93b6f0', '2210f74b-c398-4201-b3b7-222281d764b1'}
2025-11-04 12:49:22 [DEBUG] Executing dashboard base query with params: {'date_only': datetime.date(2025, 11, 4), 'date_only_ts': datetime.datetime(2025, 11, 4, 0, 0), 'business_id': '9f15ae94-fd65-41f6-99d9-2d3831f4221a', 'client_id': '', 'pet_id': ''}
2025-11-04 12:49:22 [DEBUG] Dashboard query returned 73 rows before filtering.
2025-11-04 12:49:22 [DEBUG] Filtered results: 73 remaining after exclusions.
2025-11-04 12:49:22 [DEBUG] Loaded 0 notifications for business 9f15ae94-fd65-41f6-99d9-2d3831f4221a
2025-11-04 12:49:22 [INFO] Dashboard info built successfully for user 81e78254-85dc-464c-8aa4-455f9d9d47eb
2025-11-04 12:50:41 [INFO] Dashboard info requested by user_id=81e78254-85dc-464c-8aa4-455f9d9d47eb
2025-11-04 12:50:41 [DEBUG] Incoming dashboard params: date_time=2025-11-04, client_id=, pet_id=
2025-11-04 12:50:43 [DEBUG] Business logo encoded successfully.
2025-11-04 12:50:43 [DEBUG] Excluded recurring IDs for date 2025-11-04: {'834d6450-75ea-4d3f-8d56-86b08d39a3b9', 'a0ec11fb-8a1c-4913-a58a-ed2661ccfba1', '486b2003-fdad-4009-9800-cb19d7295067', '49a2592e-ecd7-46da-9c03-866b96530b67', '1e33f7e8-00b4-4d9a-a70a-158f7e2ce5ee', '4e71592c-0d28-4fc0-91ab-058d7a105b91', '03c02d71-7095-49d4-adb1-acebe74ca411', 'cae05b39-fc37-4d59-b136-1719bf6161c4', '4edc62e9-e586-4dcf-89f9-0525ea8718f1', 'e70f92cd-4029-441f-82f3-037603527358', 'da2c1e0e-3908-4597-b8a2-b62883172b44', '6e26de85-8249-4067-9650-da657a9862af', '22d042a0-ac60-42df-ada8-f8ac5fffd246', '29a5dcd6-61f6-4f6e-8a65-54acdd93b6f0', '2210f74b-c398-4201-b3b7-222281d764b1'}
2025-11-04 12:50:43 [DEBUG] Executing dashboard base query with params: {'date_only': datetime.date(2025, 11, 4), 'date_only_ts': datetime.datetime(2025, 11, 4, 0, 0), 'business_id': '79581f88-5042-43d0-9594-ba81e70130b0', 'client_id': '', 'pet_id': ''}
2025-11-04 12:50:43 [DEBUG] Dashboard query returned 0 rows before filtering.
2025-11-04 12:50:43 [DEBUG] Filtered results: 0 remaining after exclusions.
2025-11-04 12:50:43 [DEBUG] Loaded 0 notifications for business 79581f88-5042-43d0-9594-ba81e70130b0
2025-11-04 12:50:43 [INFO] Dashboard info built successfully for user 81e78254-85dc-464c-8aa4-455f9d9d47eb
2025-11-04 12:51:09 [INFO] Dashboard info requested by user_id=81e78254-85dc-464c-8aa4-455f9d9d47eb
2025-11-04 12:51:09 [DEBUG] Incoming dashboard params: date_time=2025-11-04, client_id=, pet_id=
2025-11-04 12:51:11 [DEBUG] Business logo encoded successfully.
2025-11-04 12:51:11 [DEBUG] Excluded recurring IDs for date 2025-11-04: {'834d6450-75ea-4d3f-8d56-86b08d39a3b9', 'a0ec11fb-8a1c-4913-a58a-ed2661ccfba1', '486b2003-fdad-4009-9800-cb19d7295067', '49a2592e-ecd7-46da-9c03-866b96530b67', '1e33f7e8-00b4-4d9a-a70a-158f7e2ce5ee', '4e71592c-0d28-4fc0-91ab-058d7a105b91', '03c02d71-7095-49d4-adb1-acebe74ca411', 'cae05b39-fc37-4d59-b136-1719bf6161c4', '4edc62e9-e586-4dcf-89f9-0525ea8718f1', 'e70f92cd-4029-441f-82f3-037603527358', 'da2c1e0e-3908-4597-b8a2-b62883172b44', '6e26de85-8249-4067-9650-da657a9862af', '22d042a0-ac60-42df-ada8-f8ac5fffd246', '29a5dcd6-61f6-4f6e-8a65-54acdd93b6f0', '2210f74b-c398-4201-b3b7-222281d764b1'}
2025-11-04 12:51:11 [DEBUG] Executing dashboard base query with params: {'date_only': datetime.date(2025, 11, 4), 'date_only_ts': datetime.datetime(2025, 11, 4, 0, 0), 'business_id': '79581f88-5042-43d0-9594-ba81e70130b0', 'client_id': '', 'pet_id': ''}
2025-11-04 12:51:11 [DEBUG] Dashboard query returned 0 rows before filtering.
2025-11-04 12:51:11 [DEBUG] Filtered results: 0 remaining after exclusions.
2025-11-04 12:51:11 [DEBUG] Loaded 1 notifications for business 79581f88-5042-43d0-9594-ba81e70130b0
2025-11-04 12:51:11 [INFO] Dashboard info built successfully for user 81e78254-85dc-464c-8aa4-455f9d9d47eb
2025-11-04 12:51:55 [INFO] Dashboard info requested by user_id=81e78254-85dc-464c-8aa4-455f9d9d47eb
2025-11-04 12:51:55 [DEBUG] Incoming dashboard params: date_time=2025-11-04, client_id=, pet_id=
2025-11-04 12:51:56 [DEBUG] Business logo encoded successfully.
2025-11-04 12:51:56 [DEBUG] Excluded recurring IDs for date 2025-11-04: {'834d6450-75ea-4d3f-8d56-86b08d39a3b9', 'a0ec11fb-8a1c-4913-a58a-ed2661ccfba1', '486b2003-fdad-4009-9800-cb19d7295067', '49a2592e-ecd7-46da-9c03-866b96530b67', '1e33f7e8-00b4-4d9a-a70a-158f7e2ce5ee', '4e71592c-0d28-4fc0-91ab-058d7a105b91', '03c02d71-7095-49d4-adb1-acebe74ca411', 'cae05b39-fc37-4d59-b136-1719bf6161c4', '4edc62e9-e586-4dcf-89f9-0525ea8718f1', 'e70f92cd-4029-441f-82f3-037603527358', 'da2c1e0e-3908-4597-b8a2-b62883172b44', '6e26de85-8249-4067-9650-da657a9862af', '22d042a0-ac60-42df-ada8-f8ac5fffd246', '29a5dcd6-61f6-4f6e-8a65-54acdd93b6f0', '2210f74b-c398-4201-b3b7-222281d764b1'}
2025-11-04 12:51:56 [DEBUG] Executing dashboard base query with params: {'date_only': datetime.date(2025, 11, 4), 'date_only_ts': datetime.datetime(2025, 11, 4, 0, 0), 'business_id': '79581f88-5042-43d0-9594-ba81e70130b0', 'client_id': '', 'pet_id': ''}
2025-11-04 12:51:56 [DEBUG] Dashboard query returned 0 rows before filtering.
2025-11-04 12:51:56 [DEBUG] Filtered results: 0 remaining after exclusions.
2025-11-04 12:51:56 [DEBUG] Loaded 1 notifications for business 79581f88-5042-43d0-9594-ba81e70130b0
2025-11-04 12:51:56 [INFO] Dashboard info built successfully for user 81e78254-85dc-464c-8aa4-455f9d9d47eb
2025-11-04 12:52:01 [INFO] Dashboard info requested by user_id=81e78254-85dc-464c-8aa4-455f9d9d47eb
2025-11-04 12:52:01 [DEBUG] Incoming dashboard params: date_time=2025-11-04, client_id=, pet_id=
2025-11-04 12:52:02 [DEBUG] Business logo encoded successfully.
2025-11-04 12:52:02 [DEBUG] Excluded recurring IDs for date 2025-11-04: {'834d6450-75ea-4d3f-8d56-86b08d39a3b9', 'a0ec11fb-8a1c-4913-a58a-ed2661ccfba1', '486b2003-fdad-4009-9800-cb19d7295067', '49a2592e-ecd7-46da-9c03-866b96530b67', '1e33f7e8-00b4-4d9a-a70a-158f7e2ce5ee', '4e71592c-0d28-4fc0-91ab-058d7a105b91', '03c02d71-7095-49d4-adb1-acebe74ca411', 'cae05b39-fc37-4d59-b136-1719bf6161c4', '4edc62e9-e586-4dcf-89f9-0525ea8718f1', 'e70f92cd-4029-441f-82f3-037603527358', 'da2c1e0e-3908-4597-b8a2-b62883172b44', '6e26de85-8249-4067-9650-da657a9862af', '22d042a0-ac60-42df-ada8-f8ac5fffd246', '29a5dcd6-61f6-4f6e-8a65-54acdd93b6f0', '2210f74b-c398-4201-b3b7-222281d764b1'}
2025-11-04 12:52:02 [DEBUG] Executing dashboard base query with params: {'date_only': datetime.date(2025, 11, 4), 'date_only_ts': datetime.datetime(2025, 11, 4, 0, 0), 'business_id': '79581f88-5042-43d0-9594-ba81e70130b0', 'client_id': '', 'pet_id': ''}
2025-11-04 12:52:02 [DEBUG] Dashboard query returned 0 rows before filtering.
2025-11-04 12:52:02 [DEBUG] Filtered results: 0 remaining after exclusions.
2025-11-04 12:52:02 [DEBUG] Loaded 1 notifications for business 79581f88-5042-43d0-9594-ba81e70130b0
2025-11-04 12:52:02 [INFO] Dashboard info built successfully for user 81e78254-85dc-464c-8aa4-455f9d9d47eb
2025-11-04 12:52:08 [INFO] Dashboard info requested by user_id=81e78254-85dc-464c-8aa4-455f9d9d47eb
2025-11-04 12:52:08 [DEBUG] Incoming dashboard params: date_time=2025-11-04, client_id=, pet_id=
2025-11-04 12:52:10 [DEBUG] Business logo encoded successfully.
2025-11-04 12:52:10 [DEBUG] Excluded recurring IDs for date 2025-11-04: {'834d6450-75ea-4d3f-8d56-86b08d39a3b9', 'a0ec11fb-8a1c-4913-a58a-ed2661ccfba1', '486b2003-fdad-4009-9800-cb19d7295067', '49a2592e-ecd7-46da-9c03-866b96530b67', '1e33f7e8-00b4-4d9a-a70a-158f7e2ce5ee', '4e71592c-0d28-4fc0-91ab-058d7a105b91', '03c02d71-7095-49d4-adb1-acebe74ca411', 'cae05b39-fc37-4d59-b136-1719bf6161c4', '4edc62e9-e586-4dcf-89f9-0525ea8718f1', 'e70f92cd-4029-441f-82f3-037603527358', 'da2c1e0e-3908-4597-b8a2-b62883172b44', '6e26de85-8249-4067-9650-da657a9862af', '22d042a0-ac60-42df-ada8-f8ac5fffd246', '29a5dcd6-61f6-4f6e-8a65-54acdd93b6f0', '2210f74b-c398-4201-b3b7-222281d764b1'}
2025-11-04 12:52:10 [DEBUG] Executing dashboard base query with params: {'date_only': datetime.date(2025, 11, 4), 'date_only_ts': datetime.datetime(2025, 11, 4, 0, 0), 'business_id': '79581f88-5042-43d0-9594-ba81e70130b0', 'client_id': '', 'pet_id': ''}
2025-11-04 12:52:10 [DEBUG] Dashboard query returned 0 rows before filtering.
2025-11-04 12:52:10 [DEBUG] Filtered results: 0 remaining after exclusions.
2025-11-04 12:52:10 [DEBUG] Loaded 1 notifications for business 79581f88-5042-43d0-9594-ba81e70130b0
2025-11-04 12:52:10 [INFO] Dashboard info built successfully for user 81e78254-85dc-464c-8aa4-455f9d9d47eb
2025-11-04 12:52:35 [INFO] Dashboard info requested by user_id=81e78254-85dc-464c-8aa4-455f9d9d47eb
2025-11-04 12:52:35 [DEBUG] Incoming dashboard params: date_time=2025-11-04, client_id=, pet_id=
2025-11-04 12:52:37 [DEBUG] Business logo encoded successfully.
2025-11-04 12:52:37 [DEBUG] Excluded recurring IDs for date 2025-11-04: {'834d6450-75ea-4d3f-8d56-86b08d39a3b9', 'a0ec11fb-8a1c-4913-a58a-ed2661ccfba1', '486b2003-fdad-4009-9800-cb19d7295067', '49a2592e-ecd7-46da-9c03-866b96530b67', '1e33f7e8-00b4-4d9a-a70a-158f7e2ce5ee', '4e71592c-0d28-4fc0-91ab-058d7a105b91', '03c02d71-7095-49d4-adb1-acebe74ca411', 'cae05b39-fc37-4d59-b136-1719bf6161c4', '4edc62e9-e586-4dcf-89f9-0525ea8718f1', 'e70f92cd-4029-441f-82f3-037603527358', 'da2c1e0e-3908-4597-b8a2-b62883172b44', '6e26de85-8249-4067-9650-da657a9862af', '22d042a0-ac60-42df-ada8-f8ac5fffd246', '29a5dcd6-61f6-4f6e-8a65-54acdd93b6f0', '2210f74b-c398-4201-b3b7-222281d764b1'}
2025-11-04 12:52:37 [DEBUG] Executing dashboard base query with params: {'date_only': datetime.date(2025, 11, 4), 'date_only_ts': datetime.datetime(2025, 11, 4, 0, 0), 'business_id': '79581f88-5042-43d0-9594-ba81e70130b0', 'client_id': '', 'pet_id': ''}
2025-11-04 12:52:37 [DEBUG] Dashboard query returned 0 rows before filtering.
2025-11-04 12:52:37 [DEBUG] Filtered results: 0 remaining after exclusions.
2025-11-04 12:52:37 [DEBUG] Loaded 0 notifications for business 79581f88-5042-43d0-9594-ba81e70130b0
2025-11-04 12:52:37 [INFO] Dashboard info built successfully for user 81e78254-85dc-464c-8aa4-455f9d9d47eb
2025-11-04 12:55:06 [INFO] Dashboard info requested by user_id=81e78254-85dc-464c-8aa4-455f9d9d47eb
2025-11-04 12:55:06 [DEBUG] Incoming dashboard params: date_time=2025-11-04, client_id=, pet_id=
2025-11-04 12:55:07 [DEBUG] Business logo encoded successfully.
2025-11-04 12:55:07 [DEBUG] Excluded recurring IDs for date 2025-11-04: {'834d6450-75ea-4d3f-8d56-86b08d39a3b9', 'a0ec11fb-8a1c-4913-a58a-ed2661ccfba1', '486b2003-fdad-4009-9800-cb19d7295067', '49a2592e-ecd7-46da-9c03-866b96530b67', '1e33f7e8-00b4-4d9a-a70a-158f7e2ce5ee', '4e71592c-0d28-4fc0-91ab-058d7a105b91', '03c02d71-7095-49d4-adb1-acebe74ca411', 'cae05b39-fc37-4d59-b136-1719bf6161c4', '4edc62e9-e586-4dcf-89f9-0525ea8718f1', 'e70f92cd-4029-441f-82f3-037603527358', 'da2c1e0e-3908-4597-b8a2-b62883172b44', '6e26de85-8249-4067-9650-da657a9862af', '22d042a0-ac60-42df-ada8-f8ac5fffd246', '29a5dcd6-61f6-4f6e-8a65-54acdd93b6f0', '2210f74b-c398-4201-b3b7-222281d764b1'}
2025-11-04 12:55:07 [DEBUG] Executing dashboard base query with params: {'date_only': datetime.date(2025, 11, 4), 'date_only_ts': datetime.datetime(2025, 11, 4, 0, 0), 'business_id': '79581f88-5042-43d0-9594-ba81e70130b0', 'client_id': '', 'pet_id': ''}
2025-11-04 12:55:07 [DEBUG] Dashboard query returned 0 rows before filtering.
2025-11-04 12:55:07 [DEBUG] Filtered results: 0 remaining after exclusions.
2025-11-04 12:55:07 [DEBUG] Loaded 0 notifications for business 79581f88-5042-43d0-9594-ba81e70130b0
2025-11-04 12:55:07 [INFO] Dashboard info built successfully for user 81e78254-85dc-464c-8aa4-455f9d9d47eb
2025-11-04 12:59:13 [INFO] Dashboard info requested by user_id=81e78254-85dc-464c-8aa4-455f9d9d47eb
2025-11-04 12:59:13 [DEBUG] Incoming dashboard params: date_time=2025-11-04, client_id=, pet_id=
2025-11-04 12:59:14 [DEBUG] Business logo encoded successfully.
2025-11-04 12:59:14 [DEBUG] Excluded recurring IDs for date 2025-11-04: {'834d6450-75ea-4d3f-8d56-86b08d39a3b9', 'a0ec11fb-8a1c-4913-a58a-ed2661ccfba1', '486b2003-fdad-4009-9800-cb19d7295067', '49a2592e-ecd7-46da-9c03-866b96530b67', '1e33f7e8-00b4-4d9a-a70a-158f7e2ce5ee', '4e71592c-0d28-4fc0-91ab-058d7a105b91', '03c02d71-7095-49d4-adb1-acebe74ca411', 'cae05b39-fc37-4d59-b136-1719bf6161c4', '4edc62e9-e586-4dcf-89f9-0525ea8718f1', 'e70f92cd-4029-441f-82f3-037603527358', 'da2c1e0e-3908-4597-b8a2-b62883172b44', '6e26de85-8249-4067-9650-da657a9862af', '22d042a0-ac60-42df-ada8-f8ac5fffd246', '29a5dcd6-61f6-4f6e-8a65-54acdd93b6f0', '2210f74b-c398-4201-b3b7-222281d764b1'}
2025-11-04 12:59:14 [DEBUG] Executing dashboard base query with params: {'date_only': datetime.date(2025, 11, 4), 'date_only_ts': datetime.datetime(2025, 11, 4, 0, 0), 'business_id': '79581f88-5042-43d0-9594-ba81e70130b0', 'client_id': '', 'pet_id': ''}
2025-11-04 12:59:14 [DEBUG] Dashboard query returned 0 rows before filtering.
2025-11-04 12:59:14 [DEBUG] Filtered results: 0 remaining after exclusions.
2025-11-04 12:59:14 [DEBUG] Loaded 2 notifications for business 79581f88-5042-43d0-9594-ba81e70130b0
2025-11-04 12:59:14 [INFO] Dashboard info built successfully for user 81e78254-85dc-464c-8aa4-455f9d9d47eb
2025-11-04 12:59:15 [INFO] Dashboard info requested by user_id=81e78254-85dc-464c-8aa4-455f9d9d47eb
2025-11-04 12:59:15 [DEBUG] Incoming dashboard params: date_time=2025-11-04, client_id=, pet_id=
2025-11-04 12:59:16 [DEBUG] Business logo encoded successfully.
2025-11-04 12:59:16 [DEBUG] Excluded recurring IDs for date 2025-11-04: {'834d6450-75ea-4d3f-8d56-86b08d39a3b9', 'a0ec11fb-8a1c-4913-a58a-ed2661ccfba1', '486b2003-fdad-4009-9800-cb19d7295067', '49a2592e-ecd7-46da-9c03-866b96530b67', '1e33f7e8-00b4-4d9a-a70a-158f7e2ce5ee', '4e71592c-0d28-4fc0-91ab-058d7a105b91', '03c02d71-7095-49d4-adb1-acebe74ca411', 'cae05b39-fc37-4d59-b136-1719bf6161c4', '4edc62e9-e586-4dcf-89f9-0525ea8718f1', 'e70f92cd-4029-441f-82f3-037603527358', 'da2c1e0e-3908-4597-b8a2-b62883172b44', '6e26de85-8249-4067-9650-da657a9862af', '22d042a0-ac60-42df-ada8-f8ac5fffd246', '29a5dcd6-61f6-4f6e-8a65-54acdd93b6f0', '2210f74b-c398-4201-b3b7-222281d764b1'}
2025-11-04 12:59:16 [DEBUG] Executing dashboard base query with params: {'date_only': datetime.date(2025, 11, 4), 'date_only_ts': datetime.datetime(2025, 11, 4, 0, 0), 'business_id': '79581f88-5042-43d0-9594-ba81e70130b0', 'client_id': '', 'pet_id': ''}
2025-11-04 12:59:16 [DEBUG] Dashboard query returned 0 rows before filtering.
2025-11-04 12:59:16 [DEBUG] Filtered results: 0 remaining after exclusions.
2025-11-04 12:59:16 [DEBUG] Loaded 2 notifications for business 79581f88-5042-43d0-9594-ba81e70130b0
2025-11-04 12:59:16 [INFO] Dashboard info built successfully for user 81e78254-85dc-464c-8aa4-455f9d9d47eb
2025-11-04 12:59:17 [INFO] Dashboard info requested by user_id=81e78254-85dc-464c-8aa4-455f9d9d47eb
2025-11-04 12:59:17 [DEBUG] Incoming dashboard params: date_time=2025-11-08, client_id=, pet_id=
2025-11-04 12:59:19 [DEBUG] Business logo encoded successfully.
2025-11-04 12:59:19 [DEBUG] Excluded recurring IDs for date 2025-11-08: set()
2025-11-04 12:59:19 [DEBUG] Executing dashboard base query with params: {'date_only': datetime.date(2025, 11, 8), 'date_only_ts': datetime.datetime(2025, 11, 8, 0, 0), 'business_id': '79581f88-5042-43d0-9594-ba81e70130b0', 'client_id': '', 'pet_id': ''}
2025-11-04 12:59:19 [DEBUG] Dashboard query returned 0 rows before filtering.
2025-11-04 12:59:19 [DEBUG] Filtered results: 0 remaining after exclusions.
2025-11-04 12:59:19 [DEBUG] Loaded 2 notifications for business 79581f88-5042-43d0-9594-ba81e70130b0
2025-11-04 12:59:19 [INFO] Dashboard info built successfully for user 81e78254-85dc-464c-8aa4-455f9d9d47eb
2025-11-04 12:59:19 [INFO] Dashboard info requested by user_id=81e78254-85dc-464c-8aa4-455f9d9d47eb
2025-11-04 12:59:19 [DEBUG] Incoming dashboard params: date_time=2025-11-08, client_id=, pet_id=
2025-11-04 12:59:20 [DEBUG] Business logo encoded successfully.
2025-11-04 12:59:20 [DEBUG] Excluded recurring IDs for date 2025-11-08: set()
2025-11-04 12:59:20 [DEBUG] Executing dashboard base query with params: {'date_only': datetime.date(2025, 11, 8), 'date_only_ts': datetime.datetime(2025, 11, 8, 0, 0), 'business_id': '79581f88-5042-43d0-9594-ba81e70130b0', 'client_id': '', 'pet_id': ''}
2025-11-04 12:59:20 [DEBUG] Dashboard query returned 0 rows before filtering.
2025-11-04 12:59:20 [DEBUG] Filtered results: 0 remaining after exclusions.
2025-11-04 12:59:20 [DEBUG] Loaded 2 notifications for business 79581f88-5042-43d0-9594-ba81e70130b0
2025-11-04 12:59:20 [INFO] Dashboard info built successfully for user 81e78254-85dc-464c-8aa4-455f9d9d47eb
2025-11-04 12:59:20 [INFO] Dashboard info requested by user_id=81e78254-85dc-464c-8aa4-455f9d9d47eb
2025-11-04 12:59:20 [DEBUG] Incoming dashboard params: date_time=2025-11-04, client_id=, pet_id=
2025-11-04 12:59:21 [DEBUG] Business logo encoded successfully.
2025-11-04 12:59:22 [DEBUG] Excluded recurring IDs for date 2025-11-04: {'834d6450-75ea-4d3f-8d56-86b08d39a3b9', 'a0ec11fb-8a1c-4913-a58a-ed2661ccfba1', '486b2003-fdad-4009-9800-cb19d7295067', '49a2592e-ecd7-46da-9c03-866b96530b67', '1e33f7e8-00b4-4d9a-a70a-158f7e2ce5ee', '4e71592c-0d28-4fc0-91ab-058d7a105b91', '03c02d71-7095-49d4-adb1-acebe74ca411', 'cae05b39-fc37-4d59-b136-1719bf6161c4', '4edc62e9-e586-4dcf-89f9-0525ea8718f1', 'e70f92cd-4029-441f-82f3-037603527358', 'da2c1e0e-3908-4597-b8a2-b62883172b44', '6e26de85-8249-4067-9650-da657a9862af', '22d042a0-ac60-42df-ada8-f8ac5fffd246', '29a5dcd6-61f6-4f6e-8a65-54acdd93b6f0', '2210f74b-c398-4201-b3b7-222281d764b1'}
2025-11-04 12:59:22 [DEBUG] Executing dashboard base query with params: {'date_only': datetime.date(2025, 11, 4), 'date_only_ts': datetime.datetime(2025, 11, 4, 0, 0), 'business_id': '79581f88-5042-43d0-9594-ba81e70130b0', 'client_id': '', 'pet_id': ''}
2025-11-04 12:59:22 [DEBUG] Dashboard query returned 0 rows before filtering.
2025-11-04 12:59:22 [DEBUG] Filtered results: 0 remaining after exclusions.
2025-11-04 12:59:22 [DEBUG] Loaded 2 notifications for business 79581f88-5042-43d0-9594-ba81e70130b0
2025-11-04 12:59:22 [INFO] Dashboard info built successfully for user 81e78254-85dc-464c-8aa4-455f9d9d47eb
2025-11-04 13:01:08 [INFO] Dashboard info requested by user_id=81e78254-85dc-464c-8aa4-455f9d9d47eb
2025-11-04 13:01:08 [DEBUG] Incoming dashboard params: date_time=2025-11-08, client_id=, pet_id=
2025-11-04 13:01:09 [DEBUG] Business logo encoded successfully.
2025-11-04 13:01:09 [DEBUG] Excluded recurring IDs for date 2025-11-08: set()
2025-11-04 13:01:09 [DEBUG] Executing dashboard base query with params: {'date_only': datetime.date(2025, 11, 8), 'date_only_ts': datetime.datetime(2025, 11, 8, 0, 0), 'business_id': '79581f88-5042-43d0-9594-ba81e70130b0', 'client_id': '', 'pet_id': ''}
2025-11-04 13:01:09 [DEBUG] Dashboard query returned 1 rows before filtering.
2025-11-04 13:01:09 [DEBUG] Filtered results: 1 remaining after exclusions.
2025-11-04 13:01:09 [DEBUG] Loaded 0 notifications for business 79581f88-5042-43d0-9594-ba81e70130b0
2025-11-04 13:01:09 [INFO] Dashboard info built successfully for user 81e78254-85dc-464c-8aa4-455f9d9d47eb
2025-11-04 13:02:46 [INFO] Dashboard info requested by user_id=81e78254-85dc-464c-8aa4-455f9d9d47eb
2025-11-04 13:02:46 [DEBUG] Incoming dashboard params: date_time=2025-11-08, client_id=, pet_id=
2025-11-04 13:02:47 [DEBUG] Business logo encoded successfully.
2025-11-04 13:02:47 [DEBUG] Excluded recurring IDs for date 2025-11-08: set()
2025-11-04 13:02:47 [DEBUG] Executing dashboard base query with params: {'date_only': datetime.date(2025, 11, 8), 'date_only_ts': datetime.datetime(2025, 11, 8, 0, 0), 'business_id': '79581f88-5042-43d0-9594-ba81e70130b0', 'client_id': '', 'pet_id': ''}
2025-11-04 13:02:47 [DEBUG] Dashboard query returned 2 rows before filtering.
2025-11-04 13:02:47 [DEBUG] Filtered results: 2 remaining after exclusions.
2025-11-04 13:02:47 [DEBUG] Loaded 2 notifications for business 79581f88-5042-43d0-9594-ba81e70130b0
2025-11-04 13:02:47 [INFO] Dashboard info built successfully for user 81e78254-85dc-464c-8aa4-455f9d9d47eb
2025-11-04 13:02:56 [INFO] Dashboard info requested by user_id=81e78254-85dc-464c-8aa4-455f9d9d47eb
2025-11-04 13:02:56 [DEBUG] Incoming dashboard params: date_time=2025-11-15, client_id=, pet_id=
2025-11-04 13:02:57 [DEBUG] Business logo encoded successfully.
2025-11-04 13:02:57 [DEBUG] Excluded recurring IDs for date 2025-11-15: set()
2025-11-04 13:02:57 [DEBUG] Executing dashboard base query with params: {'date_only': datetime.date(2025, 11, 15), 'date_only_ts': datetime.datetime(2025, 11, 15, 0, 0), 'business_id': '79581f88-5042-43d0-9594-ba81e70130b0', 'client_id': '', 'pet_id': ''}
2025-11-04 13:02:57 [DEBUG] Dashboard query returned 0 rows before filtering.
2025-11-04 13:02:57 [DEBUG] Filtered results: 0 remaining after exclusions.
2025-11-04 13:02:57 [DEBUG] Loaded 2 notifications for business 79581f88-5042-43d0-9594-ba81e70130b0
2025-11-04 13:02:57 [INFO] Dashboard info built successfully for user 81e78254-85dc-464c-8aa4-455f9d9d47eb
2025-11-04 13:02:57 [INFO] Dashboard info requested by user_id=81e78254-85dc-464c-8aa4-455f9d9d47eb
2025-11-04 13:02:57 [DEBUG] Incoming dashboard params: date_time=2025-11-15, client_id=, pet_id=
2025-11-04 13:02:59 [DEBUG] Business logo encoded successfully.
2025-11-04 13:02:59 [DEBUG] Excluded recurring IDs for date 2025-11-15: set()
2025-11-04 13:02:59 [DEBUG] Executing dashboard base query with params: {'date_only': datetime.date(2025, 11, 15), 'date_only_ts': datetime.datetime(2025, 11, 15, 0, 0), 'business_id': '79581f88-5042-43d0-9594-ba81e70130b0', 'client_id': '', 'pet_id': ''}
2025-11-04 13:02:59 [DEBUG] Dashboard query returned 0 rows before filtering.
2025-11-04 13:02:59 [DEBUG] Filtered results: 0 remaining after exclusions.
2025-11-04 13:02:59 [DEBUG] Loaded 2 notifications for business 79581f88-5042-43d0-9594-ba81e70130b0
2025-11-04 13:02:59 [INFO] Dashboard info built successfully for user 81e78254-85dc-464c-8aa4-455f9d9d47eb
2025-11-04 13:03:06 [INFO] Dashboard info requested by user_id=81e78254-85dc-464c-8aa4-455f9d9d47eb
2025-11-04 13:03:06 [DEBUG] Incoming dashboard params: date_time=2025-11-15, client_id=, pet_id=
2025-11-04 13:03:07 [DEBUG] Business logo encoded successfully.
2025-11-04 13:03:07 [DEBUG] Excluded recurring IDs for date 2025-11-15: set()
2025-11-04 13:03:07 [DEBUG] Executing dashboard base query with params: {'date_only': datetime.date(2025, 11, 15), 'date_only_ts': datetime.datetime(2025, 11, 15, 0, 0), 'business_id': '79581f88-5042-43d0-9594-ba81e70130b0', 'client_id': '', 'pet_id': ''}
2025-11-04 13:03:07 [DEBUG] Dashboard query returned 0 rows before filtering.
2025-11-04 13:03:07 [DEBUG] Filtered results: 0 remaining after exclusions.
2025-11-04 13:03:07 [DEBUG] Loaded 2 notifications for business 79581f88-5042-43d0-9594-ba81e70130b0
2025-11-04 13:03:07 [INFO] Dashboard info built successfully for user 81e78254-85dc-464c-8aa4-455f9d9d47eb
2025-11-04 13:03:08 [INFO] Dashboard info requested by user_id=81e78254-85dc-464c-8aa4-455f9d9d47eb
2025-11-04 13:03:08 [DEBUG] Incoming dashboard params: date_time=2025-11-08, client_id=, pet_id=
2025-11-04 13:03:10 [DEBUG] Business logo encoded successfully.
2025-11-04 13:03:10 [DEBUG] Excluded recurring IDs for date 2025-11-08: set()
2025-11-04 13:03:10 [DEBUG] Executing dashboard base query with params: {'date_only': datetime.date(2025, 11, 8), 'date_only_ts': datetime.datetime(2025, 11, 8, 0, 0), 'business_id': '79581f88-5042-43d0-9594-ba81e70130b0', 'client_id': '', 'pet_id': ''}
2025-11-04 13:03:10 [DEBUG] Dashboard query returned 2 rows before filtering.
2025-11-04 13:03:10 [DEBUG] Filtered results: 2 remaining after exclusions.
2025-11-04 13:03:10 [DEBUG] Loaded 2 notifications for business 79581f88-5042-43d0-9594-ba81e70130b0
2025-11-04 13:03:10 [INFO] Dashboard info built successfully for user 81e78254-85dc-464c-8aa4-455f9d9d47eb
2025-11-04 13:04:06 [INFO] Dashboard info requested by user_id=81e78254-85dc-464c-8aa4-455f9d9d47eb
2025-11-04 13:04:06 [DEBUG] Incoming dashboard params: date_time=2025-11-08, client_id=, pet_id=
2025-11-04 13:04:07 [DEBUG] Business logo encoded successfully.
2025-11-04 13:04:07 [DEBUG] Excluded recurring IDs for date 2025-11-08: set()
2025-11-04 13:04:07 [DEBUG] Executing dashboard base query with params: {'date_only': datetime.date(2025, 11, 8), 'date_only_ts': datetime.datetime(2025, 11, 8, 0, 0), 'business_id': '79581f88-5042-43d0-9594-ba81e70130b0', 'client_id': '', 'pet_id': ''}
2025-11-04 13:04:07 [DEBUG] Dashboard query returned 2 rows before filtering.
2025-11-04 13:04:07 [DEBUG] Filtered results: 2 remaining after exclusions.
2025-11-04 13:04:07 [DEBUG] Loaded 4 notifications for business 79581f88-5042-43d0-9594-ba81e70130b0
2025-11-04 13:04:07 [INFO] Dashboard info built successfully for user 81e78254-85dc-464c-8aa4-455f9d9d47eb
2025-11-04 13:04:08 [INFO] Dashboard info requested by user_id=81e78254-85dc-464c-8aa4-455f9d9d47eb
2025-11-04 13:04:08 [DEBUG] Incoming dashboard params: date_time=2025-11-15, client_id=, pet_id=
2025-11-04 13:04:09 [DEBUG] Business logo encoded successfully.
2025-11-04 13:04:09 [DEBUG] Excluded recurring IDs for date 2025-11-15: set()
2025-11-04 13:04:09 [DEBUG] Executing dashboard base query with params: {'date_only': datetime.date(2025, 11, 15), 'date_only_ts': datetime.datetime(2025, 11, 15, 0, 0), 'business_id': '79581f88-5042-43d0-9594-ba81e70130b0', 'client_id': '', 'pet_id': ''}
2025-11-04 13:04:09 [DEBUG] Dashboard query returned 2 rows before filtering.
2025-11-04 13:04:09 [DEBUG] Filtered results: 2 remaining after exclusions.
2025-11-04 13:04:09 [DEBUG] Loaded 4 notifications for business 79581f88-5042-43d0-9594-ba81e70130b0
2025-11-04 13:04:09 [INFO] Dashboard info built successfully for user 81e78254-85dc-464c-8aa4-455f9d9d47eb
2025-11-04 13:04:17 [INFO] Dashboard info requested by user_id=81e78254-85dc-464c-8aa4-455f9d9d47eb
2025-11-04 13:04:17 [DEBUG] Incoming dashboard params: date_time=2025-11-15, client_id=, pet_id=
2025-11-04 13:04:19 [DEBUG] Business logo encoded successfully.
2025-11-04 13:04:19 [DEBUG] Excluded recurring IDs for date 2025-11-15: set()
2025-11-04 13:04:19 [DEBUG] Executing dashboard base query with params: {'date_only': datetime.date(2025, 11, 15), 'date_only_ts': datetime.datetime(2025, 11, 15, 0, 0), 'business_id': '79581f88-5042-43d0-9594-ba81e70130b0', 'client_id': '', 'pet_id': ''}
2025-11-04 13:04:19 [DEBUG] Dashboard query returned 2 rows before filtering.
2025-11-04 13:04:19 [DEBUG] Filtered results: 2 remaining after exclusions.
2025-11-04 13:04:19 [DEBUG] Loaded 4 notifications for business 79581f88-5042-43d0-9594-ba81e70130b0
2025-11-04 13:04:19 [INFO] Dashboard info built successfully for user 81e78254-85dc-464c-8aa4-455f9d9d47eb
2025-11-04 13:04:19 [INFO] Dashboard info requested by user_id=81e78254-85dc-464c-8aa4-455f9d9d47eb
2025-11-04 13:04:19 [DEBUG] Incoming dashboard params: date_time=2025-11-15, client_id=, pet_id=
2025-11-04 13:04:20 [DEBUG] Business logo encoded successfully.
2025-11-04 13:04:20 [DEBUG] Excluded recurring IDs for date 2025-11-15: set()
2025-11-04 13:04:20 [DEBUG] Executing dashboard base query with params: {'date_only': datetime.date(2025, 11, 15), 'date_only_ts': datetime.datetime(2025, 11, 15, 0, 0), 'business_id': '79581f88-5042-43d0-9594-ba81e70130b0', 'client_id': '', 'pet_id': ''}
2025-11-04 13:04:20 [DEBUG] Dashboard query returned 2 rows before filtering.
2025-11-04 13:04:20 [DEBUG] Filtered results: 2 remaining after exclusions.
2025-11-04 13:04:20 [DEBUG] Loaded 4 notifications for business 79581f88-5042-43d0-9594-ba81e70130b0
2025-11-04 13:04:20 [INFO] Dashboard info built successfully for user 81e78254-85dc-464c-8aa4-455f9d9d47eb
2025-11-04 13:04:25 [INFO] Dashboard info requested by user_id=81e78254-85dc-464c-8aa4-455f9d9d47eb
2025-11-04 13:04:25 [DEBUG] Incoming dashboard params: date_time=2025-11-15, client_id=, pet_id=
2025-11-04 13:04:26 [DEBUG] Business logo encoded successfully.
2025-11-04 13:04:26 [DEBUG] Excluded recurring IDs for date 2025-11-15: set()
2025-11-04 13:04:26 [DEBUG] Executing dashboard base query with params: {'date_only': datetime.date(2025, 11, 15), 'date_only_ts': datetime.datetime(2025, 11, 15, 0, 0), 'business_id': '79581f88-5042-43d0-9594-ba81e70130b0', 'client_id': '', 'pet_id': ''}
2025-11-04 13:04:26 [DEBUG] Dashboard query returned 1 rows before filtering.
2025-11-04 13:04:26 [DEBUG] Filtered results: 1 remaining after exclusions.
2025-11-04 13:04:26 [DEBUG] Loaded 4 notifications for business 79581f88-5042-43d0-9594-ba81e70130b0
2025-11-04 13:04:26 [INFO] Dashboard info built successfully for user 81e78254-85dc-464c-8aa4-455f9d9d47eb
2025-11-04 13:04:31 [INFO] Dashboard info requested by user_id=81e78254-85dc-464c-8aa4-455f9d9d47eb
2025-11-04 13:04:31 [DEBUG] Incoming dashboard params: date_time=2025-11-15, client_id=, pet_id=
2025-11-04 13:04:32 [DEBUG] Business logo encoded successfully.
2025-11-04 13:04:32 [DEBUG] Excluded recurring IDs for date 2025-11-15: set()
2025-11-04 13:04:32 [DEBUG] Executing dashboard base query with params: {'date_only': datetime.date(2025, 11, 15), 'date_only_ts': datetime.datetime(2025, 11, 15, 0, 0), 'business_id': '79581f88-5042-43d0-9594-ba81e70130b0', 'client_id': '', 'pet_id': ''}
2025-11-04 13:04:32 [DEBUG] Dashboard query returned 0 rows before filtering.
2025-11-04 13:04:32 [DEBUG] Filtered results: 0 remaining after exclusions.
2025-11-04 13:04:32 [DEBUG] Loaded 4 notifications for business 79581f88-5042-43d0-9594-ba81e70130b0
2025-11-04 13:04:32 [INFO] Dashboard info built successfully for user 81e78254-85dc-464c-8aa4-455f9d9d47eb
2025-11-04 13:04:41 [INFO] Dashboard info requested by user_id=81e78254-85dc-464c-8aa4-455f9d9d47eb
2025-11-04 13:04:41 [DEBUG] Incoming dashboard params: date_time=2025-11-17, client_id=, pet_id=
2025-11-04 13:04:42 [DEBUG] Business logo encoded successfully.
2025-11-04 13:04:42 [DEBUG] Excluded recurring IDs for date 2025-11-17: set()
2025-11-04 13:04:42 [DEBUG] Executing dashboard base query with params: {'date_only': datetime.date(2025, 11, 17), 'date_only_ts': datetime.datetime(2025, 11, 17, 0, 0), 'business_id': '79581f88-5042-43d0-9594-ba81e70130b0', 'client_id': '', 'pet_id': ''}
2025-11-04 13:04:42 [DEBUG] Dashboard query returned 2 rows before filtering.
2025-11-04 13:04:42 [DEBUG] Filtered results: 2 remaining after exclusions.
2025-11-04 13:04:42 [DEBUG] Loaded 4 notifications for business 79581f88-5042-43d0-9594-ba81e70130b0
2025-11-04 13:04:42 [INFO] Dashboard info built successfully for user 81e78254-85dc-464c-8aa4-455f9d9d47eb
2025-11-04 13:04:42 [INFO] Dashboard info requested by user_id=81e78254-85dc-464c-8aa4-455f9d9d47eb
2025-11-04 13:04:42 [DEBUG] Incoming dashboard params: date_time=2025-11-17, client_id=, pet_id=
2025-11-04 13:04:43 [DEBUG] Business logo encoded successfully.
2025-11-04 13:04:43 [DEBUG] Excluded recurring IDs for date 2025-11-17: set()
2025-11-04 13:04:43 [DEBUG] Executing dashboard base query with params: {'date_only': datetime.date(2025, 11, 17), 'date_only_ts': datetime.datetime(2025, 11, 17, 0, 0), 'business_id': '79581f88-5042-43d0-9594-ba81e70130b0', 'client_id': '', 'pet_id': ''}
2025-11-04 13:04:43 [DEBUG] Dashboard query returned 2 rows before filtering.
2025-11-04 13:04:43 [DEBUG] Filtered results: 2 remaining after exclusions.
2025-11-04 13:04:43 [DEBUG] Loaded 4 notifications for business 79581f88-5042-43d0-9594-ba81e70130b0
2025-11-04 13:04:43 [INFO] Dashboard info built successfully for user 81e78254-85dc-464c-8aa4-455f9d9d47eb
2025-11-04 13:04:47 [INFO] Dashboard info requested by user_id=81e78254-85dc-464c-8aa4-455f9d9d47eb
2025-11-04 13:04:47 [DEBUG] Incoming dashboard params: date_time=2025-11-17, client_id=, pet_id=
2025-11-04 13:04:48 [DEBUG] Business logo encoded successfully.
2025-11-04 13:04:48 [DEBUG] Excluded recurring IDs for date 2025-11-17: {'d57ada6a-d731-4426-a52c-6c28c1d2e552'}
2025-11-04 13:04:48 [DEBUG] Executing dashboard base query with params: {'date_only': datetime.date(2025, 11, 17), 'date_only_ts': datetime.datetime(2025, 11, 17, 0, 0), 'business_id': '79581f88-5042-43d0-9594-ba81e70130b0', 'client_id': '', 'pet_id': ''}
2025-11-04 13:04:48 [DEBUG] Dashboard query returned 2 rows before filtering.
2025-11-04 13:04:48 [DEBUG] Filtered results: 1 remaining after exclusions.
2025-11-04 13:04:48 [DEBUG] Loaded 4 notifications for business 79581f88-5042-43d0-9594-ba81e70130b0
2025-11-04 13:04:48 [INFO] Dashboard info built successfully for user 81e78254-85dc-464c-8aa4-455f9d9d47eb
2025-11-04 13:04:52 [INFO] Dashboard info requested by user_id=81e78254-85dc-464c-8aa4-455f9d9d47eb
2025-11-04 13:04:52 [DEBUG] Incoming dashboard params: date_time=2025-11-17, client_id=, pet_id=
2025-11-04 13:04:54 [DEBUG] Business logo encoded successfully.
2025-11-04 13:04:54 [DEBUG] Excluded recurring IDs for date 2025-11-17: {'2e7f7ccc-8763-4a43-afeb-9092880157df', 'd57ada6a-d731-4426-a52c-6c28c1d2e552'}
2025-11-04 13:04:54 [DEBUG] Executing dashboard base query with params: {'date_only': datetime.date(2025, 11, 17), 'date_only_ts': datetime.datetime(2025, 11, 17, 0, 0), 'business_id': '79581f88-5042-43d0-9594-ba81e70130b0', 'client_id': '', 'pet_id': ''}
2025-11-04 13:04:54 [DEBUG] Dashboard query returned 2 rows before filtering.
2025-11-04 13:04:54 [DEBUG] Filtered results: 0 remaining after exclusions.
2025-11-04 13:04:54 [DEBUG] Loaded 4 notifications for business 79581f88-5042-43d0-9594-ba81e70130b0
2025-11-04 13:04:54 [INFO] Dashboard info built successfully for user 81e78254-85dc-464c-8aa4-455f9d9d47eb
2025-11-04 13:05:33 [INFO] Dashboard info requested by user_id=81e78254-85dc-464c-8aa4-455f9d9d47eb
2025-11-04 13:05:33 [DEBUG] Incoming dashboard params: date_time=2025-11-17, client_id=, pet_id=
2025-11-04 13:05:34 [DEBUG] Business logo encoded successfully.
2025-11-04 13:05:34 [DEBUG] Excluded recurring IDs for date 2025-11-17: {'2e7f7ccc-8763-4a43-afeb-9092880157df', 'd57ada6a-d731-4426-a52c-6c28c1d2e552'}
2025-11-04 13:05:34 [DEBUG] Executing dashboard base query with params: {'date_only': datetime.date(2025, 11, 17), 'date_only_ts': datetime.datetime(2025, 11, 17, 0, 0), 'business_id': '79581f88-5042-43d0-9594-ba81e70130b0', 'client_id': '', 'pet_id': ''}
2025-11-04 13:05:34 [DEBUG] Dashboard query returned 2 rows before filtering.
2025-11-04 13:05:34 [DEBUG] Filtered results: 0 remaining after exclusions.
2025-11-04 13:05:34 [DEBUG] Loaded 4 notifications for business 79581f88-5042-43d0-9594-ba81e70130b0
2025-11-04 13:05:34 [INFO] Dashboard info built successfully for user 81e78254-85dc-464c-8aa4-455f9d9d47eb
2025-11-04 13:05:36 [INFO] Dashboard info requested by user_id=81e78254-85dc-464c-8aa4-455f9d9d47eb
2025-11-04 13:05:36 [DEBUG] Incoming dashboard params: date_time=2025-11-11, client_id=, pet_id=
2025-11-04 13:05:37 [DEBUG] Business logo encoded successfully.
2025-11-04 13:05:37 [DEBUG] Excluded recurring IDs for date 2025-11-11: set()
2025-11-04 13:05:37 [DEBUG] Executing dashboard base query with params: {'date_only': datetime.date(2025, 11, 11), 'date_only_ts': datetime.datetime(2025, 11, 11, 0, 0), 'business_id': '79581f88-5042-43d0-9594-ba81e70130b0', 'client_id': '', 'pet_id': ''}
2025-11-04 13:05:37 [DEBUG] Dashboard query returned 0 rows before filtering.
2025-11-04 13:05:37 [DEBUG] Filtered results: 0 remaining after exclusions.
2025-11-04 13:05:38 [DEBUG] Loaded 4 notifications for business 79581f88-5042-43d0-9594-ba81e70130b0
2025-11-04 13:05:38 [INFO] Dashboard info built successfully for user 81e78254-85dc-464c-8aa4-455f9d9d47eb
2025-11-04 13:05:38 [INFO] Dashboard info requested by user_id=81e78254-85dc-464c-8aa4-455f9d9d47eb
2025-11-04 13:05:38 [DEBUG] Incoming dashboard params: date_time=2025-11-11, client_id=, pet_id=
2025-11-04 13:05:39 [DEBUG] Business logo encoded successfully.
2025-11-04 13:05:39 [DEBUG] Excluded recurring IDs for date 2025-11-11: set()
2025-11-04 13:05:39 [DEBUG] Executing dashboard base query with params: {'date_only': datetime.date(2025, 11, 11), 'date_only_ts': datetime.datetime(2025, 11, 11, 0, 0), 'business_id': '79581f88-5042-43d0-9594-ba81e70130b0', 'client_id': '', 'pet_id': ''}
2025-11-04 13:05:39 [DEBUG] Dashboard query returned 0 rows before filtering.
2025-11-04 13:05:39 [DEBUG] Filtered results: 0 remaining after exclusions.
2025-11-04 13:05:39 [DEBUG] Loaded 4 notifications for business 79581f88-5042-43d0-9594-ba81e70130b0
2025-11-04 13:05:39 [INFO] Dashboard info built successfully for user 81e78254-85dc-464c-8aa4-455f9d9d47eb
2025-11-04 13:05:39 [INFO] Dashboard info requested by user_id=81e78254-85dc-464c-8aa4-455f9d9d47eb
2025-11-04 13:05:39 [DEBUG] Incoming dashboard params: date_time=2025-11-17, client_id=, pet_id=
2025-11-04 13:05:40 [DEBUG] Business logo encoded successfully.
2025-11-04 13:05:40 [DEBUG] Excluded recurring IDs for date 2025-11-17: {'2e7f7ccc-8763-4a43-afeb-9092880157df', 'd57ada6a-d731-4426-a52c-6c28c1d2e552'}
2025-11-04 13:05:40 [DEBUG] Executing dashboard base query with params: {'date_only': datetime.date(2025, 11, 17), 'date_only_ts': datetime.datetime(2025, 11, 17, 0, 0), 'business_id': '79581f88-5042-43d0-9594-ba81e70130b0', 'client_id': '', 'pet_id': ''}
2025-11-04 13:05:40 [DEBUG] Dashboard query returned 2 rows before filtering.
2025-11-04 13:05:40 [DEBUG] Filtered results: 0 remaining after exclusions.
2025-11-04 13:05:40 [DEBUG] Loaded 4 notifications for business 79581f88-5042-43d0-9594-ba81e70130b0
2025-11-04 13:05:40 [INFO] Dashboard info built successfully for user 81e78254-85dc-464c-8aa4-455f9d9d47eb
2025-11-04 13:05:41 [INFO] Dashboard info requested by user_id=81e78254-85dc-464c-8aa4-455f9d9d47eb
2025-11-04 13:05:41 [DEBUG] Incoming dashboard params: date_time=2025-11-17, client_id=, pet_id=
2025-11-04 13:05:41 [DEBUG] Business logo encoded successfully.
2025-11-04 13:05:42 [DEBUG] Excluded recurring IDs for date 2025-11-17: {'2e7f7ccc-8763-4a43-afeb-9092880157df', 'd57ada6a-d731-4426-a52c-6c28c1d2e552'}
2025-11-04 13:05:42 [DEBUG] Executing dashboard base query with params: {'date_only': datetime.date(2025, 11, 17), 'date_only_ts': datetime.datetime(2025, 11, 17, 0, 0), 'business_id': '79581f88-5042-43d0-9594-ba81e70130b0', 'client_id': '', 'pet_id': ''}
2025-11-04 13:05:42 [DEBUG] Dashboard query returned 2 rows before filtering.
2025-11-04 13:05:42 [DEBUG] Filtered results: 0 remaining after exclusions.
2025-11-04 13:05:42 [DEBUG] Loaded 4 notifications for business 79581f88-5042-43d0-9594-ba81e70130b0
2025-11-04 13:05:42 [INFO] Dashboard info built successfully for user 81e78254-85dc-464c-8aa4-455f9d9d47eb
2025-11-04 13:05:42 [INFO] Dashboard info requested by user_id=81e78254-85dc-464c-8aa4-455f9d9d47eb
2025-11-04 13:05:42 [DEBUG] Incoming dashboard params: date_time=2025-11-19, client_id=, pet_id=
2025-11-04 13:05:43 [DEBUG] Business logo encoded successfully.
2025-11-04 13:05:43 [DEBUG] Excluded recurring IDs for date 2025-11-19: set()
2025-11-04 13:05:43 [DEBUG] Executing dashboard base query with params: {'date_only': datetime.date(2025, 11, 19), 'date_only_ts': datetime.datetime(2025, 11, 19, 0, 0), 'business_id': '79581f88-5042-43d0-9594-ba81e70130b0', 'client_id': '', 'pet_id': ''}
2025-11-04 13:05:43 [DEBUG] Dashboard query returned 2 rows before filtering.
2025-11-04 13:05:43 [DEBUG] Filtered results: 2 remaining after exclusions.
2025-11-04 13:05:43 [DEBUG] Loaded 4 notifications for business 79581f88-5042-43d0-9594-ba81e70130b0
2025-11-04 13:05:43 [INFO] Dashboard info built successfully for user 81e78254-85dc-464c-8aa4-455f9d9d47eb
2025-11-04 13:05:43 [INFO] Dashboard info requested by user_id=81e78254-85dc-464c-8aa4-455f9d9d47eb
2025-11-04 13:05:43 [DEBUG] Incoming dashboard params: date_time=2025-11-19, client_id=, pet_id=
2025-11-04 13:05:45 [DEBUG] Business logo encoded successfully.
2025-11-04 13:05:45 [DEBUG] Excluded recurring IDs for date 2025-11-19: set()
2025-11-04 13:05:45 [DEBUG] Executing dashboard base query with params: {'date_only': datetime.date(2025, 11, 19), 'date_only_ts': datetime.datetime(2025, 11, 19, 0, 0), 'business_id': '79581f88-5042-43d0-9594-ba81e70130b0', 'client_id': '', 'pet_id': ''}
2025-11-04 13:05:45 [DEBUG] Dashboard query returned 2 rows before filtering.
2025-11-04 13:05:45 [DEBUG] Filtered results: 2 remaining after exclusions.
2025-11-04 13:05:45 [DEBUG] Loaded 4 notifications for business 79581f88-5042-43d0-9594-ba81e70130b0
2025-11-04 13:05:45 [INFO] Dashboard info built successfully for user 81e78254-85dc-464c-8aa4-455f9d9d47eb
2025-11-04 13:05:45 [INFO] Dashboard info requested by user_id=81e78254-85dc-464c-8aa4-455f9d9d47eb
2025-11-04 13:05:45 [DEBUG] Incoming dashboard params: date_time=2025-11-20, client_id=, pet_id=
2025-11-04 13:05:46 [DEBUG] Business logo encoded successfully.
2025-11-04 13:05:46 [DEBUG] Excluded recurring IDs for date 2025-11-20: set()
2025-11-04 13:05:46 [DEBUG] Executing dashboard base query with params: {'date_only': datetime.date(2025, 11, 20), 'date_only_ts': datetime.datetime(2025, 11, 20, 0, 0), 'business_id': '79581f88-5042-43d0-9594-ba81e70130b0', 'client_id': '', 'pet_id': ''}
2025-11-04 13:05:46 [DEBUG] Dashboard query returned 2 rows before filtering.
2025-11-04 13:05:46 [DEBUG] Filtered results: 2 remaining after exclusions.
2025-11-04 13:05:46 [DEBUG] Loaded 4 notifications for business 79581f88-5042-43d0-9594-ba81e70130b0
2025-11-04 13:05:46 [INFO] Dashboard info built successfully for user 81e78254-85dc-464c-8aa4-455f9d9d47eb
2025-11-04 13:05:46 [INFO] Dashboard info requested by user_id=81e78254-85dc-464c-8aa4-455f9d9d47eb
2025-11-04 13:05:46 [DEBUG] Incoming dashboard params: date_time=2025-11-20, client_id=, pet_id=
2025-11-04 13:05:48 [DEBUG] Business logo encoded successfully.
2025-11-04 13:05:48 [DEBUG] Excluded recurring IDs for date 2025-11-20: set()
2025-11-04 13:05:48 [DEBUG] Executing dashboard base query with params: {'date_only': datetime.date(2025, 11, 20), 'date_only_ts': datetime.datetime(2025, 11, 20, 0, 0), 'business_id': '79581f88-5042-43d0-9594-ba81e70130b0', 'client_id': '', 'pet_id': ''}
2025-11-04 13:05:48 [DEBUG] Dashboard query returned 2 rows before filtering.
2025-11-04 13:05:48 [DEBUG] Filtered results: 2 remaining after exclusions.
2025-11-04 13:05:48 [DEBUG] Loaded 4 notifications for business 79581f88-5042-43d0-9594-ba81e70130b0
2025-11-04 13:05:48 [INFO] Dashboard info built successfully for user 81e78254-85dc-464c-8aa4-455f9d9d47eb
2025-11-04 13:05:48 [INFO] Dashboard info requested by user_id=81e78254-85dc-464c-8aa4-455f9d9d47eb
2025-11-04 13:05:48 [DEBUG] Incoming dashboard params: date_time=2025-11-17, client_id=, pet_id=
2025-11-04 13:05:49 [DEBUG] Business logo encoded successfully.
2025-11-04 13:05:49 [DEBUG] Excluded recurring IDs for date 2025-11-17: {'2e7f7ccc-8763-4a43-afeb-9092880157df', 'd57ada6a-d731-4426-a52c-6c28c1d2e552'}
2025-11-04 13:05:49 [DEBUG] Executing dashboard base query with params: {'date_only': datetime.date(2025, 11, 17), 'date_only_ts': datetime.datetime(2025, 11, 17, 0, 0), 'business_id': '79581f88-5042-43d0-9594-ba81e70130b0', 'client_id': '', 'pet_id': ''}
2025-11-04 13:05:49 [DEBUG] Dashboard query returned 2 rows before filtering.
2025-11-04 13:05:49 [DEBUG] Filtered results: 0 remaining after exclusions.
2025-11-04 13:05:49 [DEBUG] Loaded 4 notifications for business 79581f88-5042-43d0-9594-ba81e70130b0
2025-11-04 13:05:49 [INFO] Dashboard info built successfully for user 81e78254-85dc-464c-8aa4-455f9d9d47eb
2025-11-04 13:05:49 [INFO] Dashboard info requested by user_id=81e78254-85dc-464c-8aa4-455f9d9d47eb
2025-11-04 13:05:49 [DEBUG] Incoming dashboard params: date_time=2025-11-17, client_id=, pet_id=
2025-11-04 13:05:51 [DEBUG] Business logo encoded successfully.
2025-11-04 13:05:51 [DEBUG] Excluded recurring IDs for date 2025-11-17: {'2e7f7ccc-8763-4a43-afeb-9092880157df', 'd57ada6a-d731-4426-a52c-6c28c1d2e552'}
2025-11-04 13:05:51 [DEBUG] Executing dashboard base query with params: {'date_only': datetime.date(2025, 11, 17), 'date_only_ts': datetime.datetime(2025, 11, 17, 0, 0), 'business_id': '79581f88-5042-43d0-9594-ba81e70130b0', 'client_id': '', 'pet_id': ''}
2025-11-04 13:05:51 [DEBUG] Dashboard query returned 2 rows before filtering.
2025-11-04 13:05:51 [DEBUG] Filtered results: 0 remaining after exclusions.
2025-11-04 13:05:51 [DEBUG] Loaded 4 notifications for business 79581f88-5042-43d0-9594-ba81e70130b0
2025-11-04 13:05:51 [INFO] Dashboard info built successfully for user 81e78254-85dc-464c-8aa4-455f9d9d47eb
2025-11-04 13:07:31 [INFO] Dashboard info requested by user_id=81e78254-85dc-464c-8aa4-455f9d9d47eb
2025-11-04 13:07:31 [DEBUG] Incoming dashboard params: date_time=2025-11-17, client_id=, pet_id=
2025-11-04 13:07:32 [DEBUG] Business logo encoded successfully.
2025-11-04 13:07:32 [DEBUG] Excluded recurring IDs for date 2025-11-17: {'2e7f7ccc-8763-4a43-afeb-9092880157df', 'd57ada6a-d731-4426-a52c-6c28c1d2e552'}
2025-11-04 13:07:32 [DEBUG] Executing dashboard base query with params: {'date_only': datetime.date(2025, 11, 17), 'date_only_ts': datetime.datetime(2025, 11, 17, 0, 0), 'business_id': '79581f88-5042-43d0-9594-ba81e70130b0', 'client_id': '', 'pet_id': ''}
2025-11-04 13:07:32 [DEBUG] Dashboard query returned 2 rows before filtering.
2025-11-04 13:07:32 [DEBUG] Filtered results: 0 remaining after exclusions.
2025-11-04 13:07:32 [DEBUG] Loaded 4 notifications for business 79581f88-5042-43d0-9594-ba81e70130b0
2025-11-04 13:07:32 [INFO] Dashboard info built successfully for user 81e78254-85dc-464c-8aa4-455f9d9d47eb
2025-11-04 13:07:38 [INFO] Dashboard info requested by user_id=81e78254-85dc-464c-8aa4-455f9d9d47eb
2025-11-04 13:07:38 [DEBUG] Incoming dashboard params: date_time=2025-11-17, client_id=, pet_id=
2025-11-04 13:07:40 [DEBUG] Business logo encoded successfully.
2025-11-04 13:07:40 [DEBUG] Excluded recurring IDs for date 2025-11-17: {'2e7f7ccc-8763-4a43-afeb-9092880157df', 'd57ada6a-d731-4426-a52c-6c28c1d2e552'}
2025-11-04 13:07:40 [DEBUG] Executing dashboard base query with params: {'date_only': datetime.date(2025, 11, 17), 'date_only_ts': datetime.datetime(2025, 11, 17, 0, 0), 'business_id': '79581f88-5042-43d0-9594-ba81e70130b0', 'client_id': '', 'pet_id': ''}
2025-11-04 13:07:40 [DEBUG] Dashboard query returned 2 rows before filtering.
2025-11-04 13:07:40 [DEBUG] Filtered results: 0 remaining after exclusions.
2025-11-04 13:07:40 [DEBUG] Loaded 4 notifications for business 79581f88-5042-43d0-9594-ba81e70130b0
2025-11-04 13:07:40 [INFO] Dashboard info built successfully for user 81e78254-85dc-464c-8aa4-455f9d9d47eb
2025-11-04 13:07:46 [INFO] Dashboard info requested by user_id=81e78254-85dc-464c-8aa4-455f9d9d47eb
2025-11-04 13:07:46 [DEBUG] Incoming dashboard params: date_time=2025-11-08, client_id=, pet_id=
2025-11-04 13:07:47 [DEBUG] Business logo encoded successfully.
2025-11-04 13:07:47 [DEBUG] Excluded recurring IDs for date 2025-11-08: set()
2025-11-04 13:07:47 [DEBUG] Executing dashboard base query with params: {'date_only': datetime.date(2025, 11, 8), 'date_only_ts': datetime.datetime(2025, 11, 8, 0, 0), 'business_id': '79581f88-5042-43d0-9594-ba81e70130b0', 'client_id': '', 'pet_id': ''}
2025-11-04 13:07:47 [DEBUG] Dashboard query returned 2 rows before filtering.
2025-11-04 13:07:47 [DEBUG] Filtered results: 2 remaining after exclusions.
2025-11-04 13:07:47 [DEBUG] Loaded 4 notifications for business 79581f88-5042-43d0-9594-ba81e70130b0
2025-11-04 13:07:47 [INFO] Dashboard info built successfully for user 81e78254-85dc-464c-8aa4-455f9d9d47eb
2025-11-04 13:07:56 [INFO] Dashboard info requested by user_id=81e78254-85dc-464c-8aa4-455f9d9d47eb
2025-11-04 13:07:56 [DEBUG] Incoming dashboard params: date_time=2025-11-17, client_id=, pet_id=
2025-11-04 13:07:58 [DEBUG] Business logo encoded successfully.
2025-11-04 13:07:58 [DEBUG] Excluded recurring IDs for date 2025-11-17: {'2e7f7ccc-8763-4a43-afeb-9092880157df', 'd57ada6a-d731-4426-a52c-6c28c1d2e552'}
2025-11-04 13:07:58 [DEBUG] Executing dashboard base query with params: {'date_only': datetime.date(2025, 11, 17), 'date_only_ts': datetime.datetime(2025, 11, 17, 0, 0), 'business_id': '79581f88-5042-43d0-9594-ba81e70130b0', 'client_id': '', 'pet_id': ''}
2025-11-04 13:07:58 [DEBUG] Dashboard query returned 2 rows before filtering.
2025-11-04 13:07:58 [DEBUG] Filtered results: 0 remaining after exclusions.
2025-11-04 13:07:58 [DEBUG] Loaded 3 notifications for business 79581f88-5042-43d0-9594-ba81e70130b0
2025-11-04 13:07:58 [INFO] Dashboard info built successfully for user 81e78254-85dc-464c-8aa4-455f9d9d47eb
2025-11-04 13:08:00 [INFO] Dashboard info requested by user_id=81e78254-85dc-464c-8aa4-455f9d9d47eb
2025-11-04 13:08:00 [INFO] Dashboard info requested by user_id=81e78254-85dc-464c-8aa4-455f9d9d47eb
2025-11-04 13:08:00 [DEBUG] Incoming dashboard params: date_time=2025-11-19, client_id=, pet_id=
2025-11-04 13:08:02 [DEBUG] Business logo encoded successfully.
2025-11-04 13:08:02 [DEBUG] Excluded recurring IDs for date 2025-11-19: set()
2025-11-04 13:08:02 [DEBUG] Executing dashboard base query with params: {'date_only': datetime.date(2025, 11, 19), 'date_only_ts': datetime.datetime(2025, 11, 19, 0, 0), 'business_id': '79581f88-5042-43d0-9594-ba81e70130b0', 'client_id': '', 'pet_id': ''}
2025-11-04 13:08:02 [DEBUG] Dashboard query returned 2 rows before filtering.
2025-11-04 13:08:02 [DEBUG] Filtered results: 2 remaining after exclusions.
2025-11-04 13:08:02 [DEBUG] Loaded 3 notifications for business 79581f88-5042-43d0-9594-ba81e70130b0
2025-11-04 13:08:02 [INFO] Dashboard info built successfully for user 81e78254-85dc-464c-8aa4-455f9d9d47eb
2025-11-04 13:08:02 [DEBUG] Incoming dashboard params: date_time=2025-11-19, client_id=, pet_id=
2025-11-04 13:08:03 [DEBUG] Business logo encoded successfully.
2025-11-04 13:08:03 [DEBUG] Excluded recurring IDs for date 2025-11-19: set()
2025-11-04 13:08:03 [DEBUG] Executing dashboard base query with params: {'date_only': datetime.date(2025, 11, 19), 'date_only_ts': datetime.datetime(2025, 11, 19, 0, 0), 'business_id': '79581f88-5042-43d0-9594-ba81e70130b0', 'client_id': '', 'pet_id': ''}
2025-11-04 13:08:03 [DEBUG] Dashboard query returned 2 rows before filtering.
2025-11-04 13:08:03 [DEBUG] Filtered results: 2 remaining after exclusions.
2025-11-04 13:08:03 [DEBUG] Loaded 3 notifications for business 79581f88-5042-43d0-9594-ba81e70130b0
2025-11-04 13:08:03 [INFO] Dashboard info built successfully for user 81e78254-85dc-464c-8aa4-455f9d9d47eb
2025-11-04 13:08:16 [INFO] Dashboard info requested by user_id=81e78254-85dc-464c-8aa4-455f9d9d47eb
2025-11-04 13:08:16 [DEBUG] Incoming dashboard params: date_time=2025-11-19, client_id=, pet_id=
2025-11-04 13:08:18 [DEBUG] Business logo encoded successfully.
2025-11-04 13:08:18 [DEBUG] Excluded recurring IDs for date 2025-11-19: set()
2025-11-04 13:08:18 [DEBUG] Executing dashboard base query with params: {'date_only': datetime.date(2025, 11, 19), 'date_only_ts': datetime.datetime(2025, 11, 19, 0, 0), 'business_id': '79581f88-5042-43d0-9594-ba81e70130b0', 'client_id': '', 'pet_id': ''}
2025-11-04 13:08:18 [DEBUG] Dashboard query returned 2 rows before filtering.
2025-11-04 13:08:18 [DEBUG] Filtered results: 2 remaining after exclusions.
2025-11-04 13:08:18 [DEBUG] Loaded 3 notifications for business 79581f88-5042-43d0-9594-ba81e70130b0
2025-11-04 13:08:18 [INFO] Dashboard info built successfully for user 81e78254-85dc-464c-8aa4-455f9d9d47eb
2025-11-04 13:08:22 [INFO] Dashboard info requested by user_id=81e78254-85dc-464c-8aa4-455f9d9d47eb
2025-11-04 13:08:22 [DEBUG] Incoming dashboard params: date_time=2025-11-19, client_id=, pet_id=
2025-11-04 13:08:24 [DEBUG] Business logo encoded successfully.
2025-11-04 13:08:24 [DEBUG] Excluded recurring IDs for date 2025-11-19: {'d57ada6a-d731-4426-a52c-6c28c1d2e552'}
2025-11-04 13:08:24 [DEBUG] Executing dashboard base query with params: {'date_only': datetime.date(2025, 11, 19), 'date_only_ts': datetime.datetime(2025, 11, 19, 0, 0), 'business_id': '79581f88-5042-43d0-9594-ba81e70130b0', 'client_id': '', 'pet_id': ''}
2025-11-04 13:08:24 [DEBUG] Dashboard query returned 2 rows before filtering.
2025-11-04 13:08:24 [DEBUG] Filtered results: 1 remaining after exclusions.
2025-11-04 13:08:24 [DEBUG] Loaded 3 notifications for business 79581f88-5042-43d0-9594-ba81e70130b0
2025-11-04 13:08:24 [INFO] Dashboard info built successfully for user 81e78254-85dc-464c-8aa4-455f9d9d47eb
2025-11-04 13:08:26 [INFO] Dashboard info requested by user_id=81e78254-85dc-464c-8aa4-455f9d9d47eb
2025-11-04 13:08:26 [DEBUG] Incoming dashboard params: date_time=2025-11-20, client_id=, pet_id=
2025-11-04 13:08:27 [DEBUG] Business logo encoded successfully.
2025-11-04 13:08:27 [DEBUG] Excluded recurring IDs for date 2025-11-20: set()
2025-11-04 13:08:27 [DEBUG] Executing dashboard base query with params: {'date_only': datetime.date(2025, 11, 20), 'date_only_ts': datetime.datetime(2025, 11, 20, 0, 0), 'business_id': '79581f88-5042-43d0-9594-ba81e70130b0', 'client_id': '', 'pet_id': ''}
2025-11-04 13:08:28 [DEBUG] Dashboard query returned 2 rows before filtering.
2025-11-04 13:08:28 [DEBUG] Filtered results: 2 remaining after exclusions.
2025-11-04 13:08:28 [DEBUG] Loaded 3 notifications for business 79581f88-5042-43d0-9594-ba81e70130b0
2025-11-04 13:08:28 [INFO] Dashboard info built successfully for user 81e78254-85dc-464c-8aa4-455f9d9d47eb
2025-11-04 13:08:28 [INFO] Dashboard info requested by user_id=81e78254-85dc-464c-8aa4-455f9d9d47eb
2025-11-04 13:08:28 [DEBUG] Incoming dashboard params: date_time=2025-11-20, client_id=, pet_id=
2025-11-04 13:08:28 [DEBUG] Business logo encoded successfully.
2025-11-04 13:08:28 [DEBUG] Excluded recurring IDs for date 2025-11-20: set()
2025-11-04 13:08:28 [DEBUG] Executing dashboard base query with params: {'date_only': datetime.date(2025, 11, 20), 'date_only_ts': datetime.datetime(2025, 11, 20, 0, 0), 'business_id': '79581f88-5042-43d0-9594-ba81e70130b0', 'client_id': '', 'pet_id': ''}
2025-11-04 13:08:29 [DEBUG] Dashboard query returned 2 rows before filtering.
2025-11-04 13:08:29 [DEBUG] Filtered results: 2 remaining after exclusions.
2025-11-04 13:08:29 [DEBUG] Loaded 3 notifications for business 79581f88-5042-43d0-9594-ba81e70130b0
2025-11-04 13:08:29 [INFO] Dashboard info built successfully for user 81e78254-85dc-464c-8aa4-455f9d9d47eb
2025-11-04 13:08:29 [INFO] Dashboard info requested by user_id=81e78254-85dc-464c-8aa4-455f9d9d47eb
2025-11-04 13:08:29 [DEBUG] Incoming dashboard params: date_time=2025-11-19, client_id=, pet_id=
2025-11-04 13:08:30 [DEBUG] Business logo encoded successfully.
2025-11-04 13:08:30 [DEBUG] Excluded recurring IDs for date 2025-11-19: {'2e7f7ccc-8763-4a43-afeb-9092880157df', 'd57ada6a-d731-4426-a52c-6c28c1d2e552'}
2025-11-04 13:08:30 [DEBUG] Executing dashboard base query with params: {'date_only': datetime.date(2025, 11, 19), 'date_only_ts': datetime.datetime(2025, 11, 19, 0, 0), 'business_id': '79581f88-5042-43d0-9594-ba81e70130b0', 'client_id': '', 'pet_id': ''}
2025-11-04 13:08:30 [DEBUG] Dashboard query returned 2 rows before filtering.
2025-11-04 13:08:30 [DEBUG] Filtered results: 0 remaining after exclusions.
2025-11-04 13:08:30 [DEBUG] Loaded 3 notifications for business 79581f88-5042-43d0-9594-ba81e70130b0
2025-11-04 13:08:30 [INFO] Dashboard info built successfully for user 81e78254-85dc-464c-8aa4-455f9d9d47eb
2025-11-04 13:08:31 [INFO] Dashboard info requested by user_id=81e78254-85dc-464c-8aa4-455f9d9d47eb
2025-11-04 13:08:31 [DEBUG] Incoming dashboard params: date_time=2025-11-20, client_id=, pet_id=
2025-11-04 13:08:32 [DEBUG] Business logo encoded successfully.
2025-11-04 13:08:32 [DEBUG] Excluded recurring IDs for date 2025-11-20: {'d57ada6a-d731-4426-a52c-6c28c1d2e552'}
2025-11-04 13:08:32 [DEBUG] Executing dashboard base query with params: {'date_only': datetime.date(2025, 11, 20), 'date_only_ts': datetime.datetime(2025, 11, 20, 0, 0), 'business_id': '79581f88-5042-43d0-9594-ba81e70130b0', 'client_id': '', 'pet_id': ''}
2025-11-04 13:08:32 [DEBUG] Dashboard query returned 2 rows before filtering.
2025-11-04 13:08:32 [DEBUG] Filtered results: 1 remaining after exclusions.
2025-11-04 13:08:32 [DEBUG] Loaded 3 notifications for business 79581f88-5042-43d0-9594-ba81e70130b0
2025-11-04 13:08:32 [INFO] Dashboard info built successfully for user 81e78254-85dc-464c-8aa4-455f9d9d47eb
2025-11-04 13:08:37 [INFO] Dashboard info requested by user_id=81e78254-85dc-464c-8aa4-455f9d9d47eb
2025-11-04 13:08:37 [DEBUG] Incoming dashboard params: date_time=2025-11-20, client_id=, pet_id=
2025-11-04 13:08:37 [DEBUG] Business logo encoded successfully.
2025-11-04 13:08:37 [DEBUG] Excluded recurring IDs for date 2025-11-20: {'2e7f7ccc-8763-4a43-afeb-9092880157df', 'd57ada6a-d731-4426-a52c-6c28c1d2e552'}
2025-11-04 13:08:37 [DEBUG] Executing dashboard base query with params: {'date_only': datetime.date(2025, 11, 20), 'date_only_ts': datetime.datetime(2025, 11, 20, 0, 0), 'business_id': '79581f88-5042-43d0-9594-ba81e70130b0', 'client_id': '', 'pet_id': ''}
2025-11-04 13:08:37 [DEBUG] Dashboard query returned 2 rows before filtering.
2025-11-04 13:08:37 [DEBUG] Filtered results: 0 remaining after exclusions.
2025-11-04 13:08:37 [DEBUG] Loaded 3 notifications for business 79581f88-5042-43d0-9594-ba81e70130b0
2025-11-04 13:08:37 [INFO] Dashboard info built successfully for user 81e78254-85dc-464c-8aa4-455f9d9d47eb
2025-11-05 10:37:24 [INFO] Dashboard info requested by user_id=81e78254-85dc-464c-8aa4-455f9d9d47eb
2025-11-05 10:37:24 [DEBUG] Incoming dashboard params: date_time=2025-11-05, client_id=, pet_id=
2025-11-05 10:37:25 [ERROR] RevenueCat validation failed.
Traceback (most recent call last):
  File "/Users/edward.bayliss/Developer/Pawtul/pawtul-fastapi-backend/app/routes/dashboard.py", line 86, in load_dashboard_info
    valid_request(db, current_user.id)
    ~~~~~~~~~~~~~^^^^^^^^^^^^^^^^^^^^^
  File "/Users/edward.bayliss/Developer/Pawtul/pawtul-fastapi-backend/app/utils/reveunuecat.py", line 106, in valid_request
    raise HTTPException(status_code=402, detail='No Subscription')
fastapi.exceptions.HTTPException: 402: No Subscription
2025-11-05 10:38:04 [INFO] Dashboard info requested by user_id=81e78254-85dc-464c-8aa4-455f9d9d47eb
2025-11-05 10:38:04 [DEBUG] Incoming dashboard params: date_time=2025-11-05, client_id=, pet_id=
2025-11-05 10:38:06 [DEBUG] Business logo encoded successfully.
2025-11-05 10:38:06 [DEBUG] Excluded recurring IDs for date 2025-11-05: {'2cea8242-4dbe-423a-9470-f015dfc8bb9e', 'e70f92cd-4029-441f-82f3-037603527358', '1e33f7e8-00b4-4d9a-a70a-158f7e2ce5ee', '38d8e890-b5b1-4f03-8e59-edbcc41c46cf', 'c35275be-e01a-4f1d-bfdd-1ff4d46d8b3e', '4372c33b-c99c-46ae-b644-5e4c9165fdfe', '35fd4f4f-0e9d-4f82-9e9f-6c137cd3b14c', '4a5d1dab-2d57-4849-8c3b-323e66dd0f2f', '22d042a0-ac60-42df-ada8-f8ac5fffd246', 'c3b53d48-4933-4e90-a619-ce4312610629', '8530d249-4916-4d8a-ba6b-210a52890413'}
2025-11-05 10:38:06 [DEBUG] Executing dashboard base query with params: {'date_only': datetime.date(2025, 11, 5), 'date_only_ts': datetime.datetime(2025, 11, 5, 0, 0), 'business_id': '9f15ae94-fd65-41f6-99d9-2d3831f4221a', 'client_id': '', 'pet_id': ''}
2025-11-05 10:38:06 [DEBUG] Dashboard query returned 74 rows before filtering.
2025-11-05 10:38:06 [DEBUG] Filtered results: 74 remaining after exclusions.
2025-11-05 10:38:06 [DEBUG] Loaded 20 notifications for business 9f15ae94-fd65-41f6-99d9-2d3831f4221a
2025-11-05 10:38:06 [INFO] Dashboard info built successfully for user 81e78254-85dc-464c-8aa4-455f9d9d47eb
2025-11-05 10:38:08 [INFO] Dashboard info requested by user_id=81e78254-85dc-464c-8aa4-455f9d9d47eb
2025-11-05 10:38:08 [DEBUG] Incoming dashboard params: date_time=2025-11-05, client_id=, pet_id=
2025-11-05 10:38:10 [DEBUG] Business logo encoded successfully.
2025-11-05 10:38:10 [DEBUG] Excluded recurring IDs for date 2025-11-05: {'2cea8242-4dbe-423a-9470-f015dfc8bb9e', 'e70f92cd-4029-441f-82f3-037603527358', '1e33f7e8-00b4-4d9a-a70a-158f7e2ce5ee', '38d8e890-b5b1-4f03-8e59-edbcc41c46cf', 'c35275be-e01a-4f1d-bfdd-1ff4d46d8b3e', '4372c33b-c99c-46ae-b644-5e4c9165fdfe', '35fd4f4f-0e9d-4f82-9e9f-6c137cd3b14c', '4a5d1dab-2d57-4849-8c3b-323e66dd0f2f', '22d042a0-ac60-42df-ada8-f8ac5fffd246', 'c3b53d48-4933-4e90-a619-ce4312610629', '8530d249-4916-4d8a-ba6b-210a52890413'}
2025-11-05 10:38:10 [DEBUG] Executing dashboard base query with params: {'date_only': datetime.date(2025, 11, 5), 'date_only_ts': datetime.datetime(2025, 11, 5, 0, 0), 'business_id': '9f15ae94-fd65-41f6-99d9-2d3831f4221a', 'client_id': '', 'pet_id': ''}
2025-11-05 10:38:10 [DEBUG] Dashboard query returned 74 rows before filtering.
2025-11-05 10:38:10 [DEBUG] Filtered results: 74 remaining after exclusions.
2025-11-05 10:38:10 [DEBUG] Loaded 20 notifications for business 9f15ae94-fd65-41f6-99d9-2d3831f4221a
2025-11-05 10:38:10 [INFO] Dashboard info built successfully for user 81e78254-85dc-464c-8aa4-455f9d9d47eb
2025-11-05 10:38:16 [INFO] Dashboard info requested by user_id=81e78254-85dc-464c-8aa4-455f9d9d47eb
2025-11-05 10:38:16 [DEBUG] Incoming dashboard params: date_time=2025-11-05, client_id=, pet_id=
2025-11-05 10:38:17 [DEBUG] Business logo encoded successfully.
2025-11-05 10:38:17 [DEBUG] Excluded recurring IDs for date 2025-11-05: {'2cea8242-4dbe-423a-9470-f015dfc8bb9e', 'e70f92cd-4029-441f-82f3-037603527358', '1e33f7e8-00b4-4d9a-a70a-158f7e2ce5ee', '38d8e890-b5b1-4f03-8e59-edbcc41c46cf', 'c35275be-e01a-4f1d-bfdd-1ff4d46d8b3e', '4372c33b-c99c-46ae-b644-5e4c9165fdfe', '35fd4f4f-0e9d-4f82-9e9f-6c137cd3b14c', '4a5d1dab-2d57-4849-8c3b-323e66dd0f2f', '22d042a0-ac60-42df-ada8-f8ac5fffd246', 'c3b53d48-4933-4e90-a619-ce4312610629', '8530d249-4916-4d8a-ba6b-210a52890413'}
2025-11-05 10:38:17 [DEBUG] Executing dashboard base query with params: {'date_only': datetime.date(2025, 11, 5), 'date_only_ts': datetime.datetime(2025, 11, 5, 0, 0), 'business_id': '9f15ae94-fd65-41f6-99d9-2d3831f4221a', 'client_id': '', 'pet_id': ''}
2025-11-05 10:38:17 [DEBUG] Dashboard query returned 74 rows before filtering.
2025-11-05 10:38:17 [DEBUG] Filtered results: 74 remaining after exclusions.
2025-11-05 10:38:17 [DEBUG] Loaded 20 notifications for business 9f15ae94-fd65-41f6-99d9-2d3831f4221a
2025-11-05 10:38:17 [INFO] Dashboard info built successfully for user 81e78254-85dc-464c-8aa4-455f9d9d47eb
2025-11-05 10:44:31 [INFO] Dashboard info requested by user_id=81e78254-85dc-464c-8aa4-455f9d9d47eb
2025-11-05 10:44:31 [DEBUG] Incoming dashboard params: date_time=2025-11-05, client_id=, pet_id=
2025-11-05 10:44:32 [DEBUG] Business logo encoded successfully.
2025-11-05 10:44:32 [DEBUG] Excluded recurring IDs for date 2025-11-05: {'2cea8242-4dbe-423a-9470-f015dfc8bb9e', 'e70f92cd-4029-441f-82f3-037603527358', '1e33f7e8-00b4-4d9a-a70a-158f7e2ce5ee', '38d8e890-b5b1-4f03-8e59-edbcc41c46cf', 'c35275be-e01a-4f1d-bfdd-1ff4d46d8b3e', '4372c33b-c99c-46ae-b644-5e4c9165fdfe', '35fd4f4f-0e9d-4f82-9e9f-6c137cd3b14c', '4a5d1dab-2d57-4849-8c3b-323e66dd0f2f', '22d042a0-ac60-42df-ada8-f8ac5fffd246', 'c3b53d48-4933-4e90-a619-ce4312610629', '8530d249-4916-4d8a-ba6b-210a52890413'}
2025-11-05 10:44:32 [DEBUG] Executing dashboard base query with params: {'date_only': datetime.date(2025, 11, 5), 'date_only_ts': datetime.datetime(2025, 11, 5, 0, 0), 'business_id': '9f15ae94-fd65-41f6-99d9-2d3831f4221a', 'client_id': '', 'pet_id': ''}
2025-11-05 10:44:32 [DEBUG] Dashboard query returned 74 rows before filtering.
2025-11-05 10:44:32 [DEBUG] Filtered results: 74 remaining after exclusions.
2025-11-05 10:44:32 [DEBUG] Loaded 20 notifications for business 9f15ae94-fd65-41f6-99d9-2d3831f4221a
2025-11-05 10:44:32 [INFO] Dashboard info built successfully for user 81e78254-85dc-464c-8aa4-455f9d9d47eb
2025-11-05 10:44:34 [INFO] Dashboard info requested by user_id=81e78254-85dc-464c-8aa4-455f9d9d47eb
2025-11-05 10:44:34 [DEBUG] Incoming dashboard params: date_time=2025-11-05, client_id=, pet_id=
2025-11-05 10:44:37 [DEBUG] Business logo encoded successfully.
2025-11-05 10:44:37 [DEBUG] Excluded recurring IDs for date 2025-11-05: {'2cea8242-4dbe-423a-9470-f015dfc8bb9e', 'e70f92cd-4029-441f-82f3-037603527358', '1e33f7e8-00b4-4d9a-a70a-158f7e2ce5ee', '38d8e890-b5b1-4f03-8e59-edbcc41c46cf', 'c35275be-e01a-4f1d-bfdd-1ff4d46d8b3e', '4372c33b-c99c-46ae-b644-5e4c9165fdfe', '35fd4f4f-0e9d-4f82-9e9f-6c137cd3b14c', '4a5d1dab-2d57-4849-8c3b-323e66dd0f2f', '22d042a0-ac60-42df-ada8-f8ac5fffd246', 'c3b53d48-4933-4e90-a619-ce4312610629', '8530d249-4916-4d8a-ba6b-210a52890413'}
2025-11-05 10:44:37 [DEBUG] Executing dashboard base query with params: {'date_only': datetime.date(2025, 11, 5), 'date_only_ts': datetime.datetime(2025, 11, 5, 0, 0), 'business_id': '9f15ae94-fd65-41f6-99d9-2d3831f4221a', 'client_id': '', 'pet_id': ''}
2025-11-05 10:44:38 [DEBUG] Dashboard query returned 74 rows before filtering.
2025-11-05 10:44:38 [DEBUG] Filtered results: 74 remaining after exclusions.
2025-11-05 10:44:38 [DEBUG] Loaded 20 notifications for business 9f15ae94-fd65-41f6-99d9-2d3831f4221a
2025-11-05 10:44:38 [INFO] Dashboard info built successfully for user 81e78254-85dc-464c-8aa4-455f9d9d47eb
2025-11-05 10:45:13 [INFO] Dashboard info requested by user_id=81e78254-85dc-464c-8aa4-455f9d9d47eb
2025-11-05 10:45:13 [DEBUG] Incoming dashboard params: date_time=2025-11-05, client_id=, pet_id=
2025-11-05 10:45:13 [DEBUG] Business logo encoded successfully.
2025-11-05 10:45:14 [DEBUG] Excluded recurring IDs for date 2025-11-05: {'2cea8242-4dbe-423a-9470-f015dfc8bb9e', 'e70f92cd-4029-441f-82f3-037603527358', '1e33f7e8-00b4-4d9a-a70a-158f7e2ce5ee', '38d8e890-b5b1-4f03-8e59-edbcc41c46cf', 'c35275be-e01a-4f1d-bfdd-1ff4d46d8b3e', '4372c33b-c99c-46ae-b644-5e4c9165fdfe', '35fd4f4f-0e9d-4f82-9e9f-6c137cd3b14c', '4a5d1dab-2d57-4849-8c3b-323e66dd0f2f', '22d042a0-ac60-42df-ada8-f8ac5fffd246', 'c3b53d48-4933-4e90-a619-ce4312610629', '8530d249-4916-4d8a-ba6b-210a52890413'}
2025-11-05 10:45:14 [DEBUG] Executing dashboard base query with params: {'date_only': datetime.date(2025, 11, 5), 'date_only_ts': datetime.datetime(2025, 11, 5, 0, 0), 'business_id': '9f15ae94-fd65-41f6-99d9-2d3831f4221a', 'client_id': '', 'pet_id': ''}
2025-11-05 10:45:14 [DEBUG] Dashboard query returned 74 rows before filtering.
2025-11-05 10:45:14 [DEBUG] Filtered results: 74 remaining after exclusions.
2025-11-05 10:45:14 [DEBUG] Loaded 20 notifications for business 9f15ae94-fd65-41f6-99d9-2d3831f4221a
2025-11-05 10:45:14 [INFO] Dashboard info built successfully for user 81e78254-85dc-464c-8aa4-455f9d9d47eb
2025-11-05 10:45:43 [INFO] Dashboard info requested by user_id=81e78254-85dc-464c-8aa4-455f9d9d47eb
2025-11-05 10:45:43 [DEBUG] Incoming dashboard params: date_time=2025-11-05, client_id=, pet_id=
2025-11-05 10:45:46 [DEBUG] Business logo encoded successfully.
2025-11-05 10:45:46 [DEBUG] Excluded recurring IDs for date 2025-11-05: {'2cea8242-4dbe-423a-9470-f015dfc8bb9e', 'e70f92cd-4029-441f-82f3-037603527358', '1e33f7e8-00b4-4d9a-a70a-158f7e2ce5ee', '38d8e890-b5b1-4f03-8e59-edbcc41c46cf', 'c35275be-e01a-4f1d-bfdd-1ff4d46d8b3e', '4372c33b-c99c-46ae-b644-5e4c9165fdfe', '35fd4f4f-0e9d-4f82-9e9f-6c137cd3b14c', '4a5d1dab-2d57-4849-8c3b-323e66dd0f2f', '22d042a0-ac60-42df-ada8-f8ac5fffd246', 'c3b53d48-4933-4e90-a619-ce4312610629', '8530d249-4916-4d8a-ba6b-210a52890413'}
2025-11-05 10:45:46 [DEBUG] Executing dashboard base query with params: {'date_only': datetime.date(2025, 11, 5), 'date_only_ts': datetime.datetime(2025, 11, 5, 0, 0), 'business_id': '9f15ae94-fd65-41f6-99d9-2d3831f4221a', 'client_id': '', 'pet_id': ''}
2025-11-05 10:45:46 [DEBUG] Dashboard query returned 74 rows before filtering.
2025-11-05 10:45:46 [DEBUG] Filtered results: 74 remaining after exclusions.
2025-11-05 10:45:46 [DEBUG] Loaded 20 notifications for business 9f15ae94-fd65-41f6-99d9-2d3831f4221a
2025-11-05 10:45:46 [INFO] Dashboard info built successfully for user 81e78254-85dc-464c-8aa4-455f9d9d47eb
2025-11-05 10:46:20 [INFO] Dashboard info requested by user_id=81e78254-85dc-464c-8aa4-455f9d9d47eb
2025-11-05 10:46:20 [DEBUG] Incoming dashboard params: date_time=2025-11-05, client_id=, pet_id=
2025-11-05 10:46:23 [DEBUG] Business logo encoded successfully.
2025-11-05 10:46:23 [DEBUG] Excluded recurring IDs for date 2025-11-05: {'2cea8242-4dbe-423a-9470-f015dfc8bb9e', 'e70f92cd-4029-441f-82f3-037603527358', '1e33f7e8-00b4-4d9a-a70a-158f7e2ce5ee', '38d8e890-b5b1-4f03-8e59-edbcc41c46cf', 'c35275be-e01a-4f1d-bfdd-1ff4d46d8b3e', '4372c33b-c99c-46ae-b644-5e4c9165fdfe', '35fd4f4f-0e9d-4f82-9e9f-6c137cd3b14c', '4a5d1dab-2d57-4849-8c3b-323e66dd0f2f', '22d042a0-ac60-42df-ada8-f8ac5fffd246', 'c3b53d48-4933-4e90-a619-ce4312610629', '8530d249-4916-4d8a-ba6b-210a52890413'}
2025-11-05 10:46:23 [DEBUG] Executing dashboard base query with params: {'date_only': datetime.date(2025, 11, 5), 'date_only_ts': datetime.datetime(2025, 11, 5, 0, 0), 'business_id': '9f15ae94-fd65-41f6-99d9-2d3831f4221a', 'client_id': '', 'pet_id': ''}
2025-11-05 10:46:23 [DEBUG] Dashboard query returned 74 rows before filtering.
2025-11-05 10:46:23 [DEBUG] Filtered results: 74 remaining after exclusions.
2025-11-05 10:46:23 [DEBUG] Loaded 20 notifications for business 9f15ae94-fd65-41f6-99d9-2d3831f4221a
2025-11-05 10:46:23 [INFO] Dashboard info built successfully for user 81e78254-85dc-464c-8aa4-455f9d9d47eb
2025-11-05 10:46:24 [INFO] Dashboard info requested by user_id=81e78254-85dc-464c-8aa4-455f9d9d47eb
2025-11-05 10:46:24 [INFO] Dashboard info requested by user_id=81e78254-85dc-464c-8aa4-455f9d9d47eb
2025-11-05 10:46:24 [DEBUG] Incoming dashboard params: date_time=2025-11-05, client_id=, pet_id=
2025-11-05 10:46:25 [DEBUG] Business logo encoded successfully.
2025-11-05 10:46:25 [DEBUG] Excluded recurring IDs for date 2025-11-05: {'2cea8242-4dbe-423a-9470-f015dfc8bb9e', 'e70f92cd-4029-441f-82f3-037603527358', '1e33f7e8-00b4-4d9a-a70a-158f7e2ce5ee', '38d8e890-b5b1-4f03-8e59-edbcc41c46cf', 'c35275be-e01a-4f1d-bfdd-1ff4d46d8b3e', '4372c33b-c99c-46ae-b644-5e4c9165fdfe', '35fd4f4f-0e9d-4f82-9e9f-6c137cd3b14c', '4a5d1dab-2d57-4849-8c3b-323e66dd0f2f', '22d042a0-ac60-42df-ada8-f8ac5fffd246', 'c3b53d48-4933-4e90-a619-ce4312610629', '8530d249-4916-4d8a-ba6b-210a52890413'}
2025-11-05 10:46:25 [DEBUG] Executing dashboard base query with params: {'date_only': datetime.date(2025, 11, 5), 'date_only_ts': datetime.datetime(2025, 11, 5, 0, 0), 'business_id': '9f15ae94-fd65-41f6-99d9-2d3831f4221a', 'client_id': '', 'pet_id': ''}
2025-11-05 10:46:25 [DEBUG] Dashboard query returned 74 rows before filtering.
2025-11-05 10:46:25 [DEBUG] Filtered results: 74 remaining after exclusions.
2025-11-05 10:46:25 [DEBUG] Loaded 20 notifications for business 9f15ae94-fd65-41f6-99d9-2d3831f4221a
2025-11-05 10:46:25 [INFO] Dashboard info built successfully for user 81e78254-85dc-464c-8aa4-455f9d9d47eb
2025-11-05 10:46:25 [DEBUG] Incoming dashboard params: date_time=2025-11-05, client_id=, pet_id=
2025-11-05 10:46:26 [DEBUG] Business logo encoded successfully.
2025-11-05 10:46:26 [DEBUG] Excluded recurring IDs for date 2025-11-05: {'2cea8242-4dbe-423a-9470-f015dfc8bb9e', 'e70f92cd-4029-441f-82f3-037603527358', '1e33f7e8-00b4-4d9a-a70a-158f7e2ce5ee', '38d8e890-b5b1-4f03-8e59-edbcc41c46cf', 'c35275be-e01a-4f1d-bfdd-1ff4d46d8b3e', '4372c33b-c99c-46ae-b644-5e4c9165fdfe', '35fd4f4f-0e9d-4f82-9e9f-6c137cd3b14c', '4a5d1dab-2d57-4849-8c3b-323e66dd0f2f', '22d042a0-ac60-42df-ada8-f8ac5fffd246', 'c3b53d48-4933-4e90-a619-ce4312610629', '8530d249-4916-4d8a-ba6b-210a52890413'}
2025-11-05 10:46:26 [DEBUG] Executing dashboard base query with params: {'date_only': datetime.date(2025, 11, 5), 'date_only_ts': datetime.datetime(2025, 11, 5, 0, 0), 'business_id': '9f15ae94-fd65-41f6-99d9-2d3831f4221a', 'client_id': '', 'pet_id': ''}
2025-11-05 10:46:26 [DEBUG] Dashboard query returned 74 rows before filtering.
2025-11-05 10:46:26 [DEBUG] Filtered results: 74 remaining after exclusions.
2025-11-05 10:46:26 [DEBUG] Loaded 20 notifications for business 9f15ae94-fd65-41f6-99d9-2d3831f4221a
2025-11-05 10:46:26 [INFO] Dashboard info built successfully for user 81e78254-85dc-464c-8aa4-455f9d9d47eb
2025-11-05 10:46:39 [INFO] Dashboard info requested by user_id=81e78254-85dc-464c-8aa4-455f9d9d47eb
2025-11-05 10:46:39 [DEBUG] Incoming dashboard params: date_time=2025-11-05, client_id=, pet_id=
2025-11-05 10:46:39 [DEBUG] Business logo encoded successfully.
2025-11-05 10:46:39 [DEBUG] Excluded recurring IDs for date 2025-11-05: {'2cea8242-4dbe-423a-9470-f015dfc8bb9e', 'e70f92cd-4029-441f-82f3-037603527358', '1e33f7e8-00b4-4d9a-a70a-158f7e2ce5ee', '38d8e890-b5b1-4f03-8e59-edbcc41c46cf', 'c35275be-e01a-4f1d-bfdd-1ff4d46d8b3e', '4372c33b-c99c-46ae-b644-5e4c9165fdfe', '35fd4f4f-0e9d-4f82-9e9f-6c137cd3b14c', '4a5d1dab-2d57-4849-8c3b-323e66dd0f2f', '22d042a0-ac60-42df-ada8-f8ac5fffd246', 'c3b53d48-4933-4e90-a619-ce4312610629', '8530d249-4916-4d8a-ba6b-210a52890413'}
2025-11-05 10:46:39 [DEBUG] Executing dashboard base query with params: {'date_only': datetime.date(2025, 11, 5), 'date_only_ts': datetime.datetime(2025, 11, 5, 0, 0), 'business_id': '9f15ae94-fd65-41f6-99d9-2d3831f4221a', 'client_id': '', 'pet_id': ''}
2025-11-05 10:46:40 [DEBUG] Dashboard query returned 74 rows before filtering.
2025-11-05 10:46:40 [DEBUG] Filtered results: 74 remaining after exclusions.
2025-11-05 10:46:40 [DEBUG] Loaded 20 notifications for business 9f15ae94-fd65-41f6-99d9-2d3831f4221a
2025-11-05 10:46:40 [INFO] Dashboard info built successfully for user 81e78254-85dc-464c-8aa4-455f9d9d47eb
2025-11-05 10:46:43 [INFO] Dashboard info requested by user_id=81e78254-85dc-464c-8aa4-455f9d9d47eb
2025-11-05 10:46:43 [DEBUG] Incoming dashboard params: date_time=2025-11-05, client_id=, pet_id=
2025-11-05 10:46:43 [DEBUG] Business logo encoded successfully.
2025-11-05 10:46:43 [DEBUG] Excluded recurring IDs for date 2025-11-05: {'2cea8242-4dbe-423a-9470-f015dfc8bb9e', 'e70f92cd-4029-441f-82f3-037603527358', '1e33f7e8-00b4-4d9a-a70a-158f7e2ce5ee', '38d8e890-b5b1-4f03-8e59-edbcc41c46cf', 'c35275be-e01a-4f1d-bfdd-1ff4d46d8b3e', '4372c33b-c99c-46ae-b644-5e4c9165fdfe', '35fd4f4f-0e9d-4f82-9e9f-6c137cd3b14c', '4a5d1dab-2d57-4849-8c3b-323e66dd0f2f', '22d042a0-ac60-42df-ada8-f8ac5fffd246', 'c3b53d48-4933-4e90-a619-ce4312610629', '8530d249-4916-4d8a-ba6b-210a52890413'}
2025-11-05 10:46:43 [DEBUG] Executing dashboard base query with params: {'date_only': datetime.date(2025, 11, 5), 'date_only_ts': datetime.datetime(2025, 11, 5, 0, 0), 'business_id': '9f15ae94-fd65-41f6-99d9-2d3831f4221a', 'client_id': '', 'pet_id': ''}
2025-11-05 10:46:43 [DEBUG] Dashboard query returned 74 rows before filtering.
2025-11-05 10:46:43 [DEBUG] Filtered results: 74 remaining after exclusions.
2025-11-05 10:46:43 [DEBUG] Loaded 20 notifications for business 9f15ae94-fd65-41f6-99d9-2d3831f4221a
2025-11-05 10:46:43 [INFO] Dashboard info built successfully for user 81e78254-85dc-464c-8aa4-455f9d9d47eb
2025-11-05 10:46:50 [INFO] Dashboard info requested by user_id=81e78254-85dc-464c-8aa4-455f9d9d47eb
2025-11-05 10:46:50 [DEBUG] Incoming dashboard params: date_time=2025-11-05, client_id=, pet_id=
2025-11-05 10:46:51 [DEBUG] Business logo encoded successfully.
2025-11-05 10:46:51 [DEBUG] Excluded recurring IDs for date 2025-11-05: {'2cea8242-4dbe-423a-9470-f015dfc8bb9e', 'e70f92cd-4029-441f-82f3-037603527358', '1e33f7e8-00b4-4d9a-a70a-158f7e2ce5ee', '38d8e890-b5b1-4f03-8e59-edbcc41c46cf', 'c35275be-e01a-4f1d-bfdd-1ff4d46d8b3e', '4372c33b-c99c-46ae-b644-5e4c9165fdfe', '35fd4f4f-0e9d-4f82-9e9f-6c137cd3b14c', '4a5d1dab-2d57-4849-8c3b-323e66dd0f2f', '22d042a0-ac60-42df-ada8-f8ac5fffd246', 'c3b53d48-4933-4e90-a619-ce4312610629', '8530d249-4916-4d8a-ba6b-210a52890413'}
2025-11-05 10:46:51 [DEBUG] Executing dashboard base query with params: {'date_only': datetime.date(2025, 11, 5), 'date_only_ts': datetime.datetime(2025, 11, 5, 0, 0), 'business_id': '9f15ae94-fd65-41f6-99d9-2d3831f4221a', 'client_id': '', 'pet_id': ''}
2025-11-05 10:46:51 [DEBUG] Dashboard query returned 74 rows before filtering.
2025-11-05 10:46:51 [DEBUG] Filtered results: 74 remaining after exclusions.
2025-11-05 10:46:51 [DEBUG] Loaded 20 notifications for business 9f15ae94-fd65-41f6-99d9-2d3831f4221a
2025-11-05 10:46:51 [INFO] Dashboard info built successfully for user 81e78254-85dc-464c-8aa4-455f9d9d47eb
2025-11-05 10:46:55 [INFO] Dashboard info requested by user_id=81e78254-85dc-464c-8aa4-455f9d9d47eb
2025-11-05 10:46:55 [DEBUG] Incoming dashboard params: date_time=2025-11-05, client_id=, pet_id=
2025-11-05 10:46:56 [DEBUG] Business logo encoded successfully.
2025-11-05 10:46:56 [DEBUG] Excluded recurring IDs for date 2025-11-05: {'2cea8242-4dbe-423a-9470-f015dfc8bb9e', 'e70f92cd-4029-441f-82f3-037603527358', '1e33f7e8-00b4-4d9a-a70a-158f7e2ce5ee', '38d8e890-b5b1-4f03-8e59-edbcc41c46cf', 'c35275be-e01a-4f1d-bfdd-1ff4d46d8b3e', '4372c33b-c99c-46ae-b644-5e4c9165fdfe', '35fd4f4f-0e9d-4f82-9e9f-6c137cd3b14c', '4a5d1dab-2d57-4849-8c3b-323e66dd0f2f', '22d042a0-ac60-42df-ada8-f8ac5fffd246', 'c3b53d48-4933-4e90-a619-ce4312610629', '8530d249-4916-4d8a-ba6b-210a52890413'}
2025-11-05 10:46:56 [DEBUG] Executing dashboard base query with params: {'date_only': datetime.date(2025, 11, 5), 'date_only_ts': datetime.datetime(2025, 11, 5, 0, 0), 'business_id': '9f15ae94-fd65-41f6-99d9-2d3831f4221a', 'client_id': '', 'pet_id': ''}
2025-11-05 10:46:56 [DEBUG] Dashboard query returned 74 rows before filtering.
2025-11-05 10:46:56 [DEBUG] Filtered results: 74 remaining after exclusions.
2025-11-05 10:46:56 [DEBUG] Loaded 20 notifications for business 9f15ae94-fd65-41f6-99d9-2d3831f4221a
2025-11-05 10:46:56 [INFO] Dashboard info built successfully for user 81e78254-85dc-464c-8aa4-455f9d9d47eb
2025-11-05 10:47:10 [INFO] Dashboard info requested by user_id=81e78254-85dc-464c-8aa4-455f9d9d47eb
2025-11-05 10:47:10 [DEBUG] Incoming dashboard params: date_time=2025-11-08, client_id=, pet_id=
2025-11-05 10:47:11 [DEBUG] Business logo encoded successfully.
2025-11-05 10:47:11 [DEBUG] Excluded recurring IDs for date 2025-11-08: set()
2025-11-05 10:47:11 [DEBUG] Executing dashboard base query with params: {'date_only': datetime.date(2025, 11, 8), 'date_only_ts': datetime.datetime(2025, 11, 8, 0, 0), 'business_id': '9f15ae94-fd65-41f6-99d9-2d3831f4221a', 'client_id': '', 'pet_id': ''}
2025-11-05 10:47:11 [DEBUG] Dashboard query returned 0 rows before filtering.
2025-11-05 10:47:11 [DEBUG] Filtered results: 0 remaining after exclusions.
2025-11-05 10:47:11 [DEBUG] Loaded 20 notifications for business 9f15ae94-fd65-41f6-99d9-2d3831f4221a
2025-11-05 10:47:11 [INFO] Dashboard info built successfully for user 81e78254-85dc-464c-8aa4-455f9d9d47eb
2025-11-05 10:47:11 [INFO] Dashboard info requested by user_id=81e78254-85dc-464c-8aa4-455f9d9d47eb
2025-11-05 10:47:11 [DEBUG] Incoming dashboard params: date_time=2025-11-08, client_id=, pet_id=
2025-11-05 10:47:12 [DEBUG] Business logo encoded successfully.
2025-11-05 10:47:12 [DEBUG] Excluded recurring IDs for date 2025-11-08: set()
2025-11-05 10:47:12 [DEBUG] Executing dashboard base query with params: {'date_only': datetime.date(2025, 11, 8), 'date_only_ts': datetime.datetime(2025, 11, 8, 0, 0), 'business_id': '9f15ae94-fd65-41f6-99d9-2d3831f4221a', 'client_id': '', 'pet_id': ''}
2025-11-05 10:47:12 [DEBUG] Dashboard query returned 0 rows before filtering.
2025-11-05 10:47:12 [DEBUG] Filtered results: 0 remaining after exclusions.
2025-11-05 10:47:12 [DEBUG] Loaded 20 notifications for business 9f15ae94-fd65-41f6-99d9-2d3831f4221a
2025-11-05 10:47:12 [INFO] Dashboard info built successfully for user 81e78254-85dc-464c-8aa4-455f9d9d47eb
2025-11-05 10:47:19 [INFO] Dashboard info requested by user_id=81e78254-85dc-464c-8aa4-455f9d9d47eb
2025-11-05 10:47:19 [DEBUG] Incoming dashboard params: date_time=2025-11-07, client_id=, pet_id=
2025-11-05 10:47:21 [DEBUG] Business logo encoded successfully.
2025-11-05 10:47:21 [DEBUG] Excluded recurring IDs for date 2025-11-07: {'2cea8242-4dbe-423a-9470-f015dfc8bb9e', '2e1c1714-2cc3-405c-ae06-7bf1d9407615', '22d042a0-ac60-42df-ada8-f8ac5fffd246'}
2025-11-05 10:47:21 [DEBUG] Executing dashboard base query with params: {'date_only': datetime.date(2025, 11, 7), 'date_only_ts': datetime.datetime(2025, 11, 7, 0, 0), 'business_id': '9f15ae94-fd65-41f6-99d9-2d3831f4221a', 'client_id': '', 'pet_id': ''}
2025-11-05 10:47:21 [DEBUG] Dashboard query returned 23 rows before filtering.
2025-11-05 10:47:21 [DEBUG] Filtered results: 23 remaining after exclusions.
2025-11-05 10:47:21 [DEBUG] Loaded 20 notifications for business 9f15ae94-fd65-41f6-99d9-2d3831f4221a
2025-11-05 10:47:21 [INFO] Dashboard info built successfully for user 81e78254-85dc-464c-8aa4-455f9d9d47eb
2025-11-05 10:47:22 [INFO] Dashboard info requested by user_id=81e78254-85dc-464c-8aa4-455f9d9d47eb
2025-11-05 10:47:22 [DEBUG] Incoming dashboard params: date_time=2025-11-07, client_id=, pet_id=
2025-11-05 10:47:22 [DEBUG] Business logo encoded successfully.
2025-11-05 10:47:22 [DEBUG] Excluded recurring IDs for date 2025-11-07: {'2cea8242-4dbe-423a-9470-f015dfc8bb9e', '2e1c1714-2cc3-405c-ae06-7bf1d9407615', '22d042a0-ac60-42df-ada8-f8ac5fffd246'}
2025-11-05 10:47:22 [DEBUG] Executing dashboard base query with params: {'date_only': datetime.date(2025, 11, 7), 'date_only_ts': datetime.datetime(2025, 11, 7, 0, 0), 'business_id': '9f15ae94-fd65-41f6-99d9-2d3831f4221a', 'client_id': '', 'pet_id': ''}
2025-11-05 10:47:22 [DEBUG] Dashboard query returned 23 rows before filtering.
2025-11-05 10:47:22 [DEBUG] Filtered results: 23 remaining after exclusions.
2025-11-05 10:47:22 [DEBUG] Loaded 20 notifications for business 9f15ae94-fd65-41f6-99d9-2d3831f4221a
2025-11-05 10:47:22 [INFO] Dashboard info built successfully for user 81e78254-85dc-464c-8aa4-455f9d9d47eb
2025-11-05 10:47:54 [INFO] Dashboard info requested by user_id=81e78254-85dc-464c-8aa4-455f9d9d47eb
2025-11-05 10:47:54 [DEBUG] Incoming dashboard params: date_time=2025-11-07, client_id=, pet_id=
2025-11-05 10:47:54 [DEBUG] Business logo encoded successfully.
2025-11-05 10:47:54 [DEBUG] Excluded recurring IDs for date 2025-11-07: {'2cea8242-4dbe-423a-9470-f015dfc8bb9e', '2e1c1714-2cc3-405c-ae06-7bf1d9407615', '22d042a0-ac60-42df-ada8-f8ac5fffd246'}
2025-11-05 10:47:54 [DEBUG] Executing dashboard base query with params: {'date_only': datetime.date(2025, 11, 7), 'date_only_ts': datetime.datetime(2025, 11, 7, 0, 0), 'business_id': '9f15ae94-fd65-41f6-99d9-2d3831f4221a', 'client_id': '', 'pet_id': ''}
2025-11-05 10:47:54 [DEBUG] Dashboard query returned 23 rows before filtering.
2025-11-05 10:47:54 [DEBUG] Filtered results: 23 remaining after exclusions.
2025-11-05 10:47:54 [DEBUG] Loaded 20 notifications for business 9f15ae94-fd65-41f6-99d9-2d3831f4221a
2025-11-05 10:47:54 [INFO] Dashboard info built successfully for user 81e78254-85dc-464c-8aa4-455f9d9d47eb
2025-11-05 10:47:59 [INFO] Dashboard info requested by user_id=81e78254-85dc-464c-8aa4-455f9d9d47eb
2025-11-05 10:47:59 [DEBUG] Incoming dashboard params: date_time=2025-11-05, client_id=, pet_id=
2025-11-05 10:48:01 [DEBUG] Business logo encoded successfully.
2025-11-05 10:48:01 [DEBUG] Excluded recurring IDs for date 2025-11-05: {'2cea8242-4dbe-423a-9470-f015dfc8bb9e', 'e70f92cd-4029-441f-82f3-037603527358', '1e33f7e8-00b4-4d9a-a70a-158f7e2ce5ee', '38d8e890-b5b1-4f03-8e59-edbcc41c46cf', 'c35275be-e01a-4f1d-bfdd-1ff4d46d8b3e', '4372c33b-c99c-46ae-b644-5e4c9165fdfe', '35fd4f4f-0e9d-4f82-9e9f-6c137cd3b14c', '4a5d1dab-2d57-4849-8c3b-323e66dd0f2f', '22d042a0-ac60-42df-ada8-f8ac5fffd246', 'c3b53d48-4933-4e90-a619-ce4312610629', '8530d249-4916-4d8a-ba6b-210a52890413'}
2025-11-05 10:48:01 [DEBUG] Executing dashboard base query with params: {'date_only': datetime.date(2025, 11, 5), 'date_only_ts': datetime.datetime(2025, 11, 5, 0, 0), 'business_id': '9f15ae94-fd65-41f6-99d9-2d3831f4221a', 'client_id': '', 'pet_id': ''}
2025-11-05 10:48:01 [DEBUG] Dashboard query returned 74 rows before filtering.
2025-11-05 10:48:01 [DEBUG] Filtered results: 74 remaining after exclusions.
2025-11-05 10:48:02 [DEBUG] Loaded 20 notifications for business 9f15ae94-fd65-41f6-99d9-2d3831f4221a
2025-11-05 10:48:02 [INFO] Dashboard info built successfully for user 81e78254-85dc-464c-8aa4-455f9d9d47eb
2025-11-05 10:48:56 [INFO] Dashboard info requested by user_id=81e78254-85dc-464c-8aa4-455f9d9d47eb
2025-11-05 10:48:56 [DEBUG] Incoming dashboard params: date_time=2025-11-05, client_id=, pet_id=
2025-11-05 10:48:58 [DEBUG] Business logo encoded successfully.
2025-11-05 10:48:58 [DEBUG] Excluded recurring IDs for date 2025-11-05: {'2cea8242-4dbe-423a-9470-f015dfc8bb9e', 'e70f92cd-4029-441f-82f3-037603527358', '1e33f7e8-00b4-4d9a-a70a-158f7e2ce5ee', '38d8e890-b5b1-4f03-8e59-edbcc41c46cf', 'c35275be-e01a-4f1d-bfdd-1ff4d46d8b3e', '4372c33b-c99c-46ae-b644-5e4c9165fdfe', '35fd4f4f-0e9d-4f82-9e9f-6c137cd3b14c', '4a5d1dab-2d57-4849-8c3b-323e66dd0f2f', '22d042a0-ac60-42df-ada8-f8ac5fffd246', 'c3b53d48-4933-4e90-a619-ce4312610629', '8530d249-4916-4d8a-ba6b-210a52890413'}
2025-11-05 10:48:58 [DEBUG] Executing dashboard base query with params: {'date_only': datetime.date(2025, 11, 5), 'date_only_ts': datetime.datetime(2025, 11, 5, 0, 0), 'business_id': '9f15ae94-fd65-41f6-99d9-2d3831f4221a', 'client_id': '', 'pet_id': ''}
2025-11-05 10:48:58 [DEBUG] Dashboard query returned 74 rows before filtering.
2025-11-05 10:48:58 [DEBUG] Filtered results: 74 remaining after exclusions.
2025-11-05 10:48:58 [DEBUG] Loaded 20 notifications for business 9f15ae94-fd65-41f6-99d9-2d3831f4221a
2025-11-05 10:48:58 [INFO] Dashboard info built successfully for user 81e78254-85dc-464c-8aa4-455f9d9d47eb
2025-11-05 10:49:20 [INFO] Dashboard info requested by user_id=471e9752-bcd7-4b95-9391-e890a0b2e1e8
2025-11-05 10:49:20 [DEBUG] Incoming dashboard params: date_time=2025-11-05, client_id=, pet_id=
2025-11-05 10:49:21 [DEBUG] Business logo encoded successfully.
2025-11-05 10:49:21 [DEBUG] Excluded recurring IDs for date 2025-11-05: {'2cea8242-4dbe-423a-9470-f015dfc8bb9e', 'e70f92cd-4029-441f-82f3-037603527358', '1e33f7e8-00b4-4d9a-a70a-158f7e2ce5ee', '38d8e890-b5b1-4f03-8e59-edbcc41c46cf', 'c35275be-e01a-4f1d-bfdd-1ff4d46d8b3e', '4372c33b-c99c-46ae-b644-5e4c9165fdfe', '35fd4f4f-0e9d-4f82-9e9f-6c137cd3b14c', '4a5d1dab-2d57-4849-8c3b-323e66dd0f2f', '22d042a0-ac60-42df-ada8-f8ac5fffd246', 'c3b53d48-4933-4e90-a619-ce4312610629', '8530d249-4916-4d8a-ba6b-210a52890413'}
2025-11-05 10:49:21 [DEBUG] Executing dashboard base query with params: {'date_only': datetime.date(2025, 11, 5), 'date_only_ts': datetime.datetime(2025, 11, 5, 0, 0), 'business_id': '642300d3-ac2d-48e3-9916-3c2908990745', 'client_id': '', 'pet_id': ''}
2025-11-05 10:49:22 [DEBUG] Dashboard query returned 18 rows before filtering.
2025-11-05 10:49:22 [DEBUG] Filtered results: 16 remaining after exclusions.
2025-11-05 10:49:22 [DEBUG] Loaded 0 notifications for business 642300d3-ac2d-48e3-9916-3c2908990745
2025-11-05 10:49:22 [INFO] Dashboard info built successfully for user 471e9752-bcd7-4b95-9391-e890a0b2e1e8
2025-11-05 10:50:14 [INFO] Dashboard info requested by user_id=471e9752-bcd7-4b95-9391-e890a0b2e1e8
2025-11-05 10:50:14 [DEBUG] Incoming dashboard params: date_time=2025-11-05, client_id=, pet_id=
2025-11-05 10:50:15 [DEBUG] Business logo encoded successfully.
2025-11-05 10:50:15 [DEBUG] Excluded recurring IDs for date 2025-11-05: {'2cea8242-4dbe-423a-9470-f015dfc8bb9e', 'e70f92cd-4029-441f-82f3-037603527358', '1e33f7e8-00b4-4d9a-a70a-158f7e2ce5ee', '38d8e890-b5b1-4f03-8e59-edbcc41c46cf', 'c35275be-e01a-4f1d-bfdd-1ff4d46d8b3e', '4372c33b-c99c-46ae-b644-5e4c9165fdfe', '35fd4f4f-0e9d-4f82-9e9f-6c137cd3b14c', '4a5d1dab-2d57-4849-8c3b-323e66dd0f2f', '22d042a0-ac60-42df-ada8-f8ac5fffd246', 'c3b53d48-4933-4e90-a619-ce4312610629', '8530d249-4916-4d8a-ba6b-210a52890413'}
2025-11-05 10:50:15 [DEBUG] Executing dashboard base query with params: {'date_only': datetime.date(2025, 11, 5), 'date_only_ts': datetime.datetime(2025, 11, 5, 0, 0), 'business_id': '642300d3-ac2d-48e3-9916-3c2908990745', 'client_id': '', 'pet_id': ''}
2025-11-05 10:50:15 [DEBUG] Dashboard query returned 18 rows before filtering.
2025-11-05 10:50:15 [DEBUG] Filtered results: 16 remaining after exclusions.
2025-11-05 10:50:15 [DEBUG] Loaded 0 notifications for business 642300d3-ac2d-48e3-9916-3c2908990745
2025-11-05 10:50:15 [INFO] Dashboard info built successfully for user 471e9752-bcd7-4b95-9391-e890a0b2e1e8
2025-11-05 10:50:15 [INFO] Dashboard info requested by user_id=471e9752-bcd7-4b95-9391-e890a0b2e1e8
2025-11-05 10:50:15 [DEBUG] Incoming dashboard params: date_time=2025-11-05, client_id=, pet_id=
2025-11-05 10:50:16 [DEBUG] Business logo encoded successfully.
2025-11-05 10:50:16 [DEBUG] Excluded recurring IDs for date 2025-11-05: {'2cea8242-4dbe-423a-9470-f015dfc8bb9e', 'e70f92cd-4029-441f-82f3-037603527358', '1e33f7e8-00b4-4d9a-a70a-158f7e2ce5ee', '38d8e890-b5b1-4f03-8e59-edbcc41c46cf', 'c35275be-e01a-4f1d-bfdd-1ff4d46d8b3e', '4372c33b-c99c-46ae-b644-5e4c9165fdfe', '35fd4f4f-0e9d-4f82-9e9f-6c137cd3b14c', '4a5d1dab-2d57-4849-8c3b-323e66dd0f2f', '22d042a0-ac60-42df-ada8-f8ac5fffd246', 'c3b53d48-4933-4e90-a619-ce4312610629', '8530d249-4916-4d8a-ba6b-210a52890413'}
2025-11-05 10:50:16 [DEBUG] Executing dashboard base query with params: {'date_only': datetime.date(2025, 11, 5), 'date_only_ts': datetime.datetime(2025, 11, 5, 0, 0), 'business_id': '642300d3-ac2d-48e3-9916-3c2908990745', 'client_id': '', 'pet_id': ''}
2025-11-05 10:50:16 [DEBUG] Dashboard query returned 18 rows before filtering.
2025-11-05 10:50:16 [DEBUG] Filtered results: 16 remaining after exclusions.
2025-11-05 10:50:16 [DEBUG] Loaded 0 notifications for business 642300d3-ac2d-48e3-9916-3c2908990745
2025-11-05 10:50:16 [INFO] Dashboard info built successfully for user 471e9752-bcd7-4b95-9391-e890a0b2e1e8
2025-11-05 10:50:41 [INFO] Dashboard info requested by user_id=471e9752-bcd7-4b95-9391-e890a0b2e1e8
2025-11-05 10:50:41 [DEBUG] Incoming dashboard params: date_time=2025-11-05, client_id=, pet_id=
2025-11-05 10:50:45 [DEBUG] Business logo encoded successfully.
2025-11-05 10:50:45 [DEBUG] Excluded recurring IDs for date 2025-11-05: {'2cea8242-4dbe-423a-9470-f015dfc8bb9e', 'e70f92cd-4029-441f-82f3-037603527358', '1e33f7e8-00b4-4d9a-a70a-158f7e2ce5ee', '38d8e890-b5b1-4f03-8e59-edbcc41c46cf', 'c35275be-e01a-4f1d-bfdd-1ff4d46d8b3e', '4372c33b-c99c-46ae-b644-5e4c9165fdfe', '35fd4f4f-0e9d-4f82-9e9f-6c137cd3b14c', '4a5d1dab-2d57-4849-8c3b-323e66dd0f2f', '22d042a0-ac60-42df-ada8-f8ac5fffd246', 'c3b53d48-4933-4e90-a619-ce4312610629', '8530d249-4916-4d8a-ba6b-210a52890413'}
2025-11-05 10:50:45 [DEBUG] Executing dashboard base query with params: {'date_only': datetime.date(2025, 11, 5), 'date_only_ts': datetime.datetime(2025, 11, 5, 0, 0), 'business_id': '642300d3-ac2d-48e3-9916-3c2908990745', 'client_id': '', 'pet_id': ''}
2025-11-05 10:50:45 [DEBUG] Dashboard query returned 18 rows before filtering.
2025-11-05 10:50:45 [DEBUG] Filtered results: 16 remaining after exclusions.
2025-11-05 10:50:45 [DEBUG] Loaded 0 notifications for business 642300d3-ac2d-48e3-9916-3c2908990745
2025-11-05 10:50:45 [INFO] Dashboard info built successfully for user 471e9752-bcd7-4b95-9391-e890a0b2e1e8
2025-11-05 10:50:53 [INFO] Dashboard info requested by user_id=471e9752-bcd7-4b95-9391-e890a0b2e1e8
2025-11-05 10:50:53 [DEBUG] Incoming dashboard params: date_time=2025-11-05, client_id=, pet_id=
2025-11-05 10:50:56 [DEBUG] Business logo encoded successfully.
2025-11-05 10:50:56 [DEBUG] Excluded recurring IDs for date 2025-11-05: {'2cea8242-4dbe-423a-9470-f015dfc8bb9e', 'e70f92cd-4029-441f-82f3-037603527358', '1e33f7e8-00b4-4d9a-a70a-158f7e2ce5ee', '38d8e890-b5b1-4f03-8e59-edbcc41c46cf', 'c35275be-e01a-4f1d-bfdd-1ff4d46d8b3e', '4372c33b-c99c-46ae-b644-5e4c9165fdfe', '35fd4f4f-0e9d-4f82-9e9f-6c137cd3b14c', '4a5d1dab-2d57-4849-8c3b-323e66dd0f2f', '22d042a0-ac60-42df-ada8-f8ac5fffd246', 'c3b53d48-4933-4e90-a619-ce4312610629', '8530d249-4916-4d8a-ba6b-210a52890413'}
2025-11-05 10:50:56 [DEBUG] Executing dashboard base query with params: {'date_only': datetime.date(2025, 11, 5), 'date_only_ts': datetime.datetime(2025, 11, 5, 0, 0), 'business_id': '642300d3-ac2d-48e3-9916-3c2908990745', 'client_id': '', 'pet_id': ''}
2025-11-05 10:50:56 [DEBUG] Dashboard query returned 18 rows before filtering.
2025-11-05 10:50:56 [DEBUG] Filtered results: 16 remaining after exclusions.
2025-11-05 10:50:56 [DEBUG] Loaded 0 notifications for business 642300d3-ac2d-48e3-9916-3c2908990745
2025-11-05 10:50:56 [INFO] Dashboard info built successfully for user 471e9752-bcd7-4b95-9391-e890a0b2e1e8
2025-11-05 10:51:22 [INFO] Dashboard info requested by user_id=471e9752-bcd7-4b95-9391-e890a0b2e1e8
2025-11-05 10:51:22 [DEBUG] Incoming dashboard params: date_time=2025-11-05, client_id=, pet_id=
2025-11-05 10:51:23 [DEBUG] Business logo encoded successfully.
2025-11-05 10:51:23 [DEBUG] Excluded recurring IDs for date 2025-11-05: {'2cea8242-4dbe-423a-9470-f015dfc8bb9e', 'e70f92cd-4029-441f-82f3-037603527358', '1e33f7e8-00b4-4d9a-a70a-158f7e2ce5ee', '38d8e890-b5b1-4f03-8e59-edbcc41c46cf', 'c35275be-e01a-4f1d-bfdd-1ff4d46d8b3e', '4372c33b-c99c-46ae-b644-5e4c9165fdfe', '35fd4f4f-0e9d-4f82-9e9f-6c137cd3b14c', '4a5d1dab-2d57-4849-8c3b-323e66dd0f2f', '22d042a0-ac60-42df-ada8-f8ac5fffd246', 'c3b53d48-4933-4e90-a619-ce4312610629', '8530d249-4916-4d8a-ba6b-210a52890413'}
2025-11-05 10:51:23 [DEBUG] Executing dashboard base query with params: {'date_only': datetime.date(2025, 11, 5), 'date_only_ts': datetime.datetime(2025, 11, 5, 0, 0), 'business_id': '642300d3-ac2d-48e3-9916-3c2908990745', 'client_id': '', 'pet_id': ''}
2025-11-05 10:51:23 [DEBUG] Dashboard query returned 18 rows before filtering.
2025-11-05 10:51:23 [DEBUG] Filtered results: 16 remaining after exclusions.
2025-11-05 10:51:23 [DEBUG] Loaded 0 notifications for business 642300d3-ac2d-48e3-9916-3c2908990745
2025-11-05 10:51:23 [INFO] Dashboard info built successfully for user 471e9752-bcd7-4b95-9391-e890a0b2e1e8
2025-11-05 10:54:09 [INFO] Dashboard info requested by user_id=471e9752-bcd7-4b95-9391-e890a0b2e1e8
2025-11-05 10:54:09 [DEBUG] Incoming dashboard params: date_time=2025-11-05, client_id=, pet_id=
2025-11-05 10:54:10 [ERROR] RevenueCat validation failed.
Traceback (most recent call last):
  File "/Users/edward.bayliss/Developer/Pawtul/pawtul-fastapi-backend/app/routes/dashboard.py", line 86, in load_dashboard_info
    valid_request(db, current_user.id)
    ~~~~~~~~~~~~~^^^^^^^^^^^^^^^^^^^^^
  File "/Users/edward.bayliss/Developer/Pawtul/pawtul-fastapi-backend/app/utils/reveunuecat.py", line 106, in valid_request
    raise HTTPException(status_code=402, detail='No Subscription')
fastapi.exceptions.HTTPException: 402: No Subscription
2025-11-05 10:54:31 [INFO] Dashboard info requested by user_id=471e9752-bcd7-4b95-9391-e890a0b2e1e8
2025-11-05 10:54:31 [DEBUG] Incoming dashboard params: date_time=2025-11-05, client_id=, pet_id=
2025-11-05 10:54:32 [ERROR] RevenueCat validation failed.
Traceback (most recent call last):
  File "/Users/edward.bayliss/Developer/Pawtul/pawtul-fastapi-backend/app/routes/dashboard.py", line 86, in load_dashboard_info
    valid_request(db, current_user.id)
    ~~~~~~~~~~~~~^^^^^^^^^^^^^^^^^^^^^
  File "/Users/edward.bayliss/Developer/Pawtul/pawtul-fastapi-backend/app/utils/reveunuecat.py", line 106, in valid_request
    raise HTTPException(status_code=402, detail='No Subscription')
fastapi.exceptions.HTTPException: 402: No Subscription
2025-11-05 17:08:13 [INFO] Dashboard info requested by user_id=81e78254-85dc-464c-8aa4-455f9d9d47eb
2025-11-05 17:08:13 [DEBUG] Incoming dashboard params: date_time=2025-11-05, client_id=, pet_id=
2025-11-05 17:08:15 [DEBUG] Business logo encoded successfully.
2025-11-05 17:08:15 [DEBUG] Excluded recurring IDs for date 2025-11-05: {'c9a1a900-a85b-44df-b2a2-e8a9a8c84a30', 'aa123aec-7703-4486-8a3e-a2641aa488b6', '834d6450-75ea-4d3f-8d56-86b08d39a3b9', '8530d249-4916-4d8a-ba6b-210a52890413', '4edc62e9-e586-4dcf-89f9-0525ea8718f1', 'aa9875ac-88f6-473c-9ac2-f8c3a1302c05', 'c35275be-e01a-4f1d-bfdd-1ff4d46d8b3e', '2210f74b-c398-4201-b3b7-222281d764b1', 'e70f92cd-4029-441f-82f3-037603527358', '35fd4f4f-0e9d-4f82-9e9f-6c137cd3b14c', 'ce91d597-9ad4-414d-a26c-1a06d56d8fdf', '1e33f7e8-00b4-4d9a-a70a-158f7e2ce5ee', '4a5d1dab-2d57-4849-8c3b-323e66dd0f2f', 'd3f5c19e-acd0-4c98-9bef-e05984d999a5', '49a2592e-ecd7-46da-9c03-866b96530b67', '2cea8242-4dbe-423a-9470-f015dfc8bb9e', '22d042a0-ac60-42df-ada8-f8ac5fffd246', '30f14564-3f37-4bd9-b0bb-19cfe5b9a223', '38d8e890-b5b1-4f03-8e59-edbcc41c46cf', 'c3b53d48-4933-4e90-a619-ce4312610629', 'f3462193-7325-4d3c-a18b-004d16e7de85', 'f2cfad2b-e0f8-4ea9-b2e3-82abd7fabc36', 'c7407a2a-fd82-4a0c-9cf1-a65e9617a3b4', '805b75b7-cd7a-4ead-90e6-56629885d917', 'da2c1e0e-3908-4597-b8a2-b62883172b44', '2b47f2ce-cbce-4bd2-8bd0-da05bbb46c3e', '4372c33b-c99c-46ae-b644-5e4c9165fdfe', 'cdfe3d64-61a5-4bd3-8466-8cfb3916bb3a'}
2025-11-05 17:08:15 [DEBUG] Executing dashboard base query with params: {'date_only': datetime.date(2025, 11, 5), 'date_only_ts': datetime.datetime(2025, 11, 5, 0, 0), 'business_id': '642300d3-ac2d-48e3-9916-3c2908990745', 'client_id': '', 'pet_id': ''}
2025-11-05 17:08:15 [DEBUG] Dashboard query returned 18 rows before filtering.
2025-11-05 17:08:15 [DEBUG] Filtered results: 16 remaining after exclusions.
2025-11-05 17:08:15 [DEBUG] Loaded 0 notifications for business 642300d3-ac2d-48e3-9916-3c2908990745
2025-11-05 17:08:15 [INFO] Dashboard info built successfully for user 81e78254-85dc-464c-8aa4-455f9d9d47eb
2025-11-05 17:09:24 [INFO] Dashboard info requested by user_id=81e78254-85dc-464c-8aa4-455f9d9d47eb
2025-11-05 17:09:24 [DEBUG] Incoming dashboard params: date_time=2025-11-04, client_id=, pet_id=
2025-11-05 17:09:27 [DEBUG] Business logo encoded successfully.
2025-11-05 17:09:27 [DEBUG] Excluded recurring IDs for date 2025-11-04: {'1e33f7e8-00b4-4d9a-a70a-158f7e2ce5ee', '03c02d71-7095-49d4-adb1-acebe74ca411', '6e26de85-8249-4067-9650-da657a9862af', 'cae05b39-fc37-4d59-b136-1719bf6161c4', '486b2003-fdad-4009-9800-cb19d7295067', '2210f74b-c398-4201-b3b7-222281d764b1', 'e70f92cd-4029-441f-82f3-037603527358', '29a5dcd6-61f6-4f6e-8a65-54acdd93b6f0', '49a2592e-ecd7-46da-9c03-866b96530b67', '4e71592c-0d28-4fc0-91ab-058d7a105b91', 'da2c1e0e-3908-4597-b8a2-b62883172b44', '834d6450-75ea-4d3f-8d56-86b08d39a3b9', '4edc62e9-e586-4dcf-89f9-0525ea8718f1', '22d042a0-ac60-42df-ada8-f8ac5fffd246', 'a0ec11fb-8a1c-4913-a58a-ed2661ccfba1'}
2025-11-05 17:09:27 [DEBUG] Executing dashboard base query with params: {'date_only': datetime.date(2025, 11, 4), 'date_only_ts': datetime.datetime(2025, 11, 4, 0, 0), 'business_id': '79581f88-5042-43d0-9594-ba81e70130b0', 'client_id': '', 'pet_id': ''}
2025-11-05 17:09:27 [DEBUG] Dashboard query returned 0 rows before filtering.
2025-11-05 17:09:27 [DEBUG] Filtered results: 0 remaining after exclusions.
2025-11-05 17:09:27 [DEBUG] Loaded 0 notifications for business 79581f88-5042-43d0-9594-ba81e70130b0
2025-11-05 17:09:27 [INFO] Dashboard info built successfully for user 81e78254-85dc-464c-8aa4-455f9d9d47eb
2025-11-05 17:09:27 [INFO] Dashboard info requested by user_id=81e78254-85dc-464c-8aa4-455f9d9d47eb
2025-11-05 17:09:27 [DEBUG] Incoming dashboard params: date_time=2025-11-05, client_id=, pet_id=
2025-11-05 17:09:29 [DEBUG] Business logo encoded successfully.
2025-11-05 17:09:29 [DEBUG] Excluded recurring IDs for date 2025-11-05: {'c9a1a900-a85b-44df-b2a2-e8a9a8c84a30', 'aa123aec-7703-4486-8a3e-a2641aa488b6', '834d6450-75ea-4d3f-8d56-86b08d39a3b9', '8530d249-4916-4d8a-ba6b-210a52890413', '4edc62e9-e586-4dcf-89f9-0525ea8718f1', 'aa9875ac-88f6-473c-9ac2-f8c3a1302c05', 'c35275be-e01a-4f1d-bfdd-1ff4d46d8b3e', '2210f74b-c398-4201-b3b7-222281d764b1', 'e70f92cd-4029-441f-82f3-037603527358', '35fd4f4f-0e9d-4f82-9e9f-6c137cd3b14c', 'ce91d597-9ad4-414d-a26c-1a06d56d8fdf', '1e33f7e8-00b4-4d9a-a70a-158f7e2ce5ee', '4a5d1dab-2d57-4849-8c3b-323e66dd0f2f', 'd3f5c19e-acd0-4c98-9bef-e05984d999a5', '49a2592e-ecd7-46da-9c03-866b96530b67', '2cea8242-4dbe-423a-9470-f015dfc8bb9e', '22d042a0-ac60-42df-ada8-f8ac5fffd246', '30f14564-3f37-4bd9-b0bb-19cfe5b9a223', '38d8e890-b5b1-4f03-8e59-edbcc41c46cf', 'c3b53d48-4933-4e90-a619-ce4312610629', 'f3462193-7325-4d3c-a18b-004d16e7de85', 'f2cfad2b-e0f8-4ea9-b2e3-82abd7fabc36', 'c7407a2a-fd82-4a0c-9cf1-a65e9617a3b4', '805b75b7-cd7a-4ead-90e6-56629885d917', 'da2c1e0e-3908-4597-b8a2-b62883172b44', '2b47f2ce-cbce-4bd2-8bd0-da05bbb46c3e', '4372c33b-c99c-46ae-b644-5e4c9165fdfe', 'cdfe3d64-61a5-4bd3-8466-8cfb3916bb3a'}
2025-11-05 17:09:29 [DEBUG] Executing dashboard base query with params: {'date_only': datetime.date(2025, 11, 5), 'date_only_ts': datetime.datetime(2025, 11, 5, 0, 0), 'business_id': '79581f88-5042-43d0-9594-ba81e70130b0', 'client_id': '', 'pet_id': ''}
2025-11-05 17:09:29 [DEBUG] Dashboard query returned 2 rows before filtering.
2025-11-05 17:09:29 [DEBUG] Filtered results: 2 remaining after exclusions.
2025-11-05 17:09:29 [DEBUG] Loaded 0 notifications for business 79581f88-5042-43d0-9594-ba81e70130b0
2025-11-05 17:09:29 [INFO] Dashboard info built successfully for user 81e78254-85dc-464c-8aa4-455f9d9d47eb
2025-11-05 17:16:18 [INFO] Dashboard info requested by user_id=81e78254-85dc-464c-8aa4-455f9d9d47eb
2025-11-05 17:16:18 [DEBUG] Incoming dashboard params: date_time=2025-11-06, client_id=, pet_id=
2025-11-05 17:16:20 [DEBUG] Business logo encoded successfully.
2025-11-05 17:16:20 [DEBUG] Excluded recurring IDs for date 2025-11-06: {'0510befe-e14f-4513-80cc-1b991d69c27d', '1e33f7e8-00b4-4d9a-a70a-158f7e2ce5ee', '83f4ae67-04d3-459e-b6f6-3ee7c8c954a3', '486b2003-fdad-4009-9800-cb19d7295067', 'e70f92cd-4029-441f-82f3-037603527358', '2cea8242-4dbe-423a-9470-f015dfc8bb9e', '22d042a0-ac60-42df-ada8-f8ac5fffd246', '2cda888d-df9b-42bd-bef3-adaa776e5fc6'}
2025-11-05 17:16:20 [DEBUG] Executing dashboard base query with params: {'date_only': datetime.date(2025, 11, 6), 'date_only_ts': datetime.datetime(2025, 11, 6, 0, 0), 'business_id': '79581f88-5042-43d0-9594-ba81e70130b0', 'client_id': '', 'pet_id': ''}
2025-11-05 17:16:20 [DEBUG] Dashboard query returned 2 rows before filtering.
2025-11-05 17:16:20 [DEBUG] Filtered results: 2 remaining after exclusions.
2025-11-05 17:16:20 [DEBUG] Loaded 0 notifications for business 79581f88-5042-43d0-9594-ba81e70130b0
2025-11-05 17:16:20 [INFO] Dashboard info built successfully for user 81e78254-85dc-464c-8aa4-455f9d9d47eb
2025-11-05 17:16:20 [INFO] Dashboard info requested by user_id=81e78254-85dc-464c-8aa4-455f9d9d47eb
2025-11-05 17:16:20 [DEBUG] Incoming dashboard params: date_time=2025-11-05, client_id=, pet_id=
2025-11-05 17:16:22 [DEBUG] Business logo encoded successfully.
2025-11-05 17:16:22 [DEBUG] Excluded recurring IDs for date 2025-11-05: {'c9a1a900-a85b-44df-b2a2-e8a9a8c84a30', 'aa123aec-7703-4486-8a3e-a2641aa488b6', '834d6450-75ea-4d3f-8d56-86b08d39a3b9', '8530d249-4916-4d8a-ba6b-210a52890413', '4edc62e9-e586-4dcf-89f9-0525ea8718f1', 'aa9875ac-88f6-473c-9ac2-f8c3a1302c05', 'c35275be-e01a-4f1d-bfdd-1ff4d46d8b3e', '2210f74b-c398-4201-b3b7-222281d764b1', 'e70f92cd-4029-441f-82f3-037603527358', '35fd4f4f-0e9d-4f82-9e9f-6c137cd3b14c', 'ce91d597-9ad4-414d-a26c-1a06d56d8fdf', '1e33f7e8-00b4-4d9a-a70a-158f7e2ce5ee', '4a5d1dab-2d57-4849-8c3b-323e66dd0f2f', 'd3f5c19e-acd0-4c98-9bef-e05984d999a5', '49a2592e-ecd7-46da-9c03-866b96530b67', '2cea8242-4dbe-423a-9470-f015dfc8bb9e', '22d042a0-ac60-42df-ada8-f8ac5fffd246', '30f14564-3f37-4bd9-b0bb-19cfe5b9a223', '38d8e890-b5b1-4f03-8e59-edbcc41c46cf', 'c3b53d48-4933-4e90-a619-ce4312610629', 'f3462193-7325-4d3c-a18b-004d16e7de85', 'f2cfad2b-e0f8-4ea9-b2e3-82abd7fabc36', 'c7407a2a-fd82-4a0c-9cf1-a65e9617a3b4', '805b75b7-cd7a-4ead-90e6-56629885d917', 'da2c1e0e-3908-4597-b8a2-b62883172b44', '2b47f2ce-cbce-4bd2-8bd0-da05bbb46c3e', '4372c33b-c99c-46ae-b644-5e4c9165fdfe', 'cdfe3d64-61a5-4bd3-8466-8cfb3916bb3a'}
2025-11-05 17:16:22 [DEBUG] Executing dashboard base query with params: {'date_only': datetime.date(2025, 11, 5), 'date_only_ts': datetime.datetime(2025, 11, 5, 0, 0), 'business_id': '79581f88-5042-43d0-9594-ba81e70130b0', 'client_id': '', 'pet_id': ''}
2025-11-05 17:16:22 [DEBUG] Dashboard query returned 2 rows before filtering.
2025-11-05 17:16:22 [DEBUG] Filtered results: 2 remaining after exclusions.
2025-11-05 17:16:22 [DEBUG] Loaded 0 notifications for business 79581f88-5042-43d0-9594-ba81e70130b0
2025-11-05 17:16:22 [INFO] Dashboard info built successfully for user 81e78254-85dc-464c-8aa4-455f9d9d47eb
2025-11-05 17:16:23 [INFO] Dashboard info requested by user_id=81e78254-85dc-464c-8aa4-455f9d9d47eb
2025-11-05 17:16:23 [DEBUG] Incoming dashboard params: date_time=2025-11-05, client_id=, pet_id=
2025-11-05 17:16:25 [DEBUG] Business logo encoded successfully.
2025-11-05 17:16:25 [DEBUG] Excluded recurring IDs for date 2025-11-05: {'c9a1a900-a85b-44df-b2a2-e8a9a8c84a30', 'aa123aec-7703-4486-8a3e-a2641aa488b6', '834d6450-75ea-4d3f-8d56-86b08d39a3b9', '8530d249-4916-4d8a-ba6b-210a52890413', '4edc62e9-e586-4dcf-89f9-0525ea8718f1', 'aa9875ac-88f6-473c-9ac2-f8c3a1302c05', 'c35275be-e01a-4f1d-bfdd-1ff4d46d8b3e', '2210f74b-c398-4201-b3b7-222281d764b1', 'e70f92cd-4029-441f-82f3-037603527358', '35fd4f4f-0e9d-4f82-9e9f-6c137cd3b14c', 'ce91d597-9ad4-414d-a26c-1a06d56d8fdf', '1e33f7e8-00b4-4d9a-a70a-158f7e2ce5ee', '4a5d1dab-2d57-4849-8c3b-323e66dd0f2f', 'd3f5c19e-acd0-4c98-9bef-e05984d999a5', '49a2592e-ecd7-46da-9c03-866b96530b67', '2cea8242-4dbe-423a-9470-f015dfc8bb9e', '22d042a0-ac60-42df-ada8-f8ac5fffd246', '30f14564-3f37-4bd9-b0bb-19cfe5b9a223', '38d8e890-b5b1-4f03-8e59-edbcc41c46cf', 'c3b53d48-4933-4e90-a619-ce4312610629', 'f3462193-7325-4d3c-a18b-004d16e7de85', 'f2cfad2b-e0f8-4ea9-b2e3-82abd7fabc36', 'c7407a2a-fd82-4a0c-9cf1-a65e9617a3b4', '805b75b7-cd7a-4ead-90e6-56629885d917', 'da2c1e0e-3908-4597-b8a2-b62883172b44', '2b47f2ce-cbce-4bd2-8bd0-da05bbb46c3e', '4372c33b-c99c-46ae-b644-5e4c9165fdfe', 'cdfe3d64-61a5-4bd3-8466-8cfb3916bb3a'}
2025-11-05 17:16:25 [DEBUG] Executing dashboard base query with params: {'date_only': datetime.date(2025, 11, 5), 'date_only_ts': datetime.datetime(2025, 11, 5, 0, 0), 'business_id': '79581f88-5042-43d0-9594-ba81e70130b0', 'client_id': '', 'pet_id': ''}
2025-11-05 17:16:25 [DEBUG] Dashboard query returned 2 rows before filtering.
2025-11-05 17:16:25 [DEBUG] Filtered results: 2 remaining after exclusions.
2025-11-05 17:16:25 [DEBUG] Loaded 0 notifications for business 79581f88-5042-43d0-9594-ba81e70130b0
2025-11-05 17:16:25 [INFO] Dashboard info built successfully for user 81e78254-85dc-464c-8aa4-455f9d9d47eb
2025-11-05 17:16:32 [INFO] Dashboard info requested by user_id=81e78254-85dc-464c-8aa4-455f9d9d47eb
2025-11-05 17:16:32 [DEBUG] Incoming dashboard params: date_time=2025-11-05, client_id=, pet_id=
2025-11-05 17:16:36 [DEBUG] Business logo encoded successfully.
2025-11-05 17:16:36 [DEBUG] Excluded recurring IDs for date 2025-11-05: {'c9a1a900-a85b-44df-b2a2-e8a9a8c84a30', 'aa123aec-7703-4486-8a3e-a2641aa488b6', '834d6450-75ea-4d3f-8d56-86b08d39a3b9', '8530d249-4916-4d8a-ba6b-210a52890413', '4edc62e9-e586-4dcf-89f9-0525ea8718f1', 'aa9875ac-88f6-473c-9ac2-f8c3a1302c05', 'c35275be-e01a-4f1d-bfdd-1ff4d46d8b3e', '2210f74b-c398-4201-b3b7-222281d764b1', 'e70f92cd-4029-441f-82f3-037603527358', '35fd4f4f-0e9d-4f82-9e9f-6c137cd3b14c', 'ce91d597-9ad4-414d-a26c-1a06d56d8fdf', '1e33f7e8-00b4-4d9a-a70a-158f7e2ce5ee', '4a5d1dab-2d57-4849-8c3b-323e66dd0f2f', 'd3f5c19e-acd0-4c98-9bef-e05984d999a5', '49a2592e-ecd7-46da-9c03-866b96530b67', '2cea8242-4dbe-423a-9470-f015dfc8bb9e', '22d042a0-ac60-42df-ada8-f8ac5fffd246', '30f14564-3f37-4bd9-b0bb-19cfe5b9a223', '38d8e890-b5b1-4f03-8e59-edbcc41c46cf', 'c3b53d48-4933-4e90-a619-ce4312610629', 'f3462193-7325-4d3c-a18b-004d16e7de85', 'f2cfad2b-e0f8-4ea9-b2e3-82abd7fabc36', 'c7407a2a-fd82-4a0c-9cf1-a65e9617a3b4', '805b75b7-cd7a-4ead-90e6-56629885d917', 'da2c1e0e-3908-4597-b8a2-b62883172b44', '2b47f2ce-cbce-4bd2-8bd0-da05bbb46c3e', '4372c33b-c99c-46ae-b644-5e4c9165fdfe', 'cdfe3d64-61a5-4bd3-8466-8cfb3916bb3a'}
2025-11-05 17:16:36 [DEBUG] Executing dashboard base query with params: {'date_only': datetime.date(2025, 11, 5), 'date_only_ts': datetime.datetime(2025, 11, 5, 0, 0), 'business_id': '79581f88-5042-43d0-9594-ba81e70130b0', 'client_id': '', 'pet_id': ''}
2025-11-05 17:16:36 [DEBUG] Dashboard query returned 2 rows before filtering.
2025-11-05 17:16:36 [DEBUG] Filtered results: 2 remaining after exclusions.
2025-11-05 17:16:36 [DEBUG] Loaded 0 notifications for business 79581f88-5042-43d0-9594-ba81e70130b0
2025-11-05 17:16:36 [INFO] Dashboard info built successfully for user 81e78254-85dc-464c-8aa4-455f9d9d47eb
2025-11-05 17:16:37 [INFO] Dashboard info requested by user_id=81e78254-85dc-464c-8aa4-455f9d9d47eb
2025-11-05 17:16:37 [DEBUG] Incoming dashboard params: date_time=2025-11-06, client_id=, pet_id=
2025-11-05 17:16:39 [DEBUG] Business logo encoded successfully.
2025-11-05 17:16:39 [DEBUG] Excluded recurring IDs for date 2025-11-06: {'0510befe-e14f-4513-80cc-1b991d69c27d', '1e33f7e8-00b4-4d9a-a70a-158f7e2ce5ee', '83f4ae67-04d3-459e-b6f6-3ee7c8c954a3', '486b2003-fdad-4009-9800-cb19d7295067', 'e70f92cd-4029-441f-82f3-037603527358', '2cea8242-4dbe-423a-9470-f015dfc8bb9e', '22d042a0-ac60-42df-ada8-f8ac5fffd246', '2cda888d-df9b-42bd-bef3-adaa776e5fc6'}
2025-11-05 17:16:39 [DEBUG] Executing dashboard base query with params: {'date_only': datetime.date(2025, 11, 6), 'date_only_ts': datetime.datetime(2025, 11, 6, 0, 0), 'business_id': '79581f88-5042-43d0-9594-ba81e70130b0', 'client_id': '', 'pet_id': ''}
2025-11-05 17:16:39 [DEBUG] Dashboard query returned 2 rows before filtering.
2025-11-05 17:16:39 [DEBUG] Filtered results: 2 remaining after exclusions.
2025-11-05 17:16:39 [DEBUG] Loaded 0 notifications for business 79581f88-5042-43d0-9594-ba81e70130b0
2025-11-05 17:16:39 [INFO] Dashboard info built successfully for user 81e78254-85dc-464c-8aa4-455f9d9d47eb
2025-11-05 17:16:39 [INFO] Dashboard info requested by user_id=81e78254-85dc-464c-8aa4-455f9d9d47eb
2025-11-05 17:16:39 [DEBUG] Incoming dashboard params: date_time=2025-11-06, client_id=, pet_id=
2025-11-05 17:16:40 [DEBUG] Business logo encoded successfully.
2025-11-05 17:16:40 [DEBUG] Excluded recurring IDs for date 2025-11-06: {'0510befe-e14f-4513-80cc-1b991d69c27d', '1e33f7e8-00b4-4d9a-a70a-158f7e2ce5ee', '83f4ae67-04d3-459e-b6f6-3ee7c8c954a3', '486b2003-fdad-4009-9800-cb19d7295067', 'e70f92cd-4029-441f-82f3-037603527358', '2cea8242-4dbe-423a-9470-f015dfc8bb9e', '22d042a0-ac60-42df-ada8-f8ac5fffd246', '2cda888d-df9b-42bd-bef3-adaa776e5fc6'}
2025-11-05 17:16:40 [DEBUG] Executing dashboard base query with params: {'date_only': datetime.date(2025, 11, 6), 'date_only_ts': datetime.datetime(2025, 11, 6, 0, 0), 'business_id': '79581f88-5042-43d0-9594-ba81e70130b0', 'client_id': '', 'pet_id': ''}
2025-11-05 17:16:40 [DEBUG] Dashboard query returned 2 rows before filtering.
2025-11-05 17:16:40 [DEBUG] Filtered results: 2 remaining after exclusions.
2025-11-05 17:16:40 [DEBUG] Loaded 0 notifications for business 79581f88-5042-43d0-9594-ba81e70130b0
2025-11-05 17:16:40 [INFO] Dashboard info built successfully for user 81e78254-85dc-464c-8aa4-455f9d9d47eb
2025-11-05 17:19:31 [INFO] Dashboard info requested by user_id=81e78254-85dc-464c-8aa4-455f9d9d47eb
2025-11-05 17:19:31 [DEBUG] Incoming dashboard params: date_time=2025-11-05, client_id=, pet_id=
2025-11-05 17:19:32 [DEBUG] Business logo encoded successfully.
2025-11-05 17:19:32 [DEBUG] Excluded recurring IDs for date 2025-11-05: {'c9a1a900-a85b-44df-b2a2-e8a9a8c84a30', 'aa123aec-7703-4486-8a3e-a2641aa488b6', '834d6450-75ea-4d3f-8d56-86b08d39a3b9', '8530d249-4916-4d8a-ba6b-210a52890413', '4edc62e9-e586-4dcf-89f9-0525ea8718f1', 'aa9875ac-88f6-473c-9ac2-f8c3a1302c05', 'c35275be-e01a-4f1d-bfdd-1ff4d46d8b3e', '2210f74b-c398-4201-b3b7-222281d764b1', 'e70f92cd-4029-441f-82f3-037603527358', '35fd4f4f-0e9d-4f82-9e9f-6c137cd3b14c', 'ce91d597-9ad4-414d-a26c-1a06d56d8fdf', '1e33f7e8-00b4-4d9a-a70a-158f7e2ce5ee', '4a5d1dab-2d57-4849-8c3b-323e66dd0f2f', 'd3f5c19e-acd0-4c98-9bef-e05984d999a5', '49a2592e-ecd7-46da-9c03-866b96530b67', '2cea8242-4dbe-423a-9470-f015dfc8bb9e', '22d042a0-ac60-42df-ada8-f8ac5fffd246', '30f14564-3f37-4bd9-b0bb-19cfe5b9a223', '38d8e890-b5b1-4f03-8e59-edbcc41c46cf', 'c3b53d48-4933-4e90-a619-ce4312610629', 'f3462193-7325-4d3c-a18b-004d16e7de85', 'f2cfad2b-e0f8-4ea9-b2e3-82abd7fabc36', 'c7407a2a-fd82-4a0c-9cf1-a65e9617a3b4', '805b75b7-cd7a-4ead-90e6-56629885d917', 'da2c1e0e-3908-4597-b8a2-b62883172b44', '2b47f2ce-cbce-4bd2-8bd0-da05bbb46c3e', '4372c33b-c99c-46ae-b644-5e4c9165fdfe', 'cdfe3d64-61a5-4bd3-8466-8cfb3916bb3a'}
2025-11-05 17:19:32 [DEBUG] Executing dashboard base query with params: {'date_only': datetime.date(2025, 11, 5), 'date_only_ts': datetime.datetime(2025, 11, 5, 0, 0), 'business_id': '79581f88-5042-43d0-9594-ba81e70130b0', 'client_id': '', 'pet_id': ''}
2025-11-05 17:19:32 [DEBUG] Dashboard query returned 2 rows before filtering.
2025-11-05 17:19:32 [DEBUG] Filtered results: 2 remaining after exclusions.
2025-11-05 17:19:32 [DEBUG] Loaded 0 notifications for business 79581f88-5042-43d0-9594-ba81e70130b0
2025-11-05 17:19:32 [INFO] Dashboard info built successfully for user 81e78254-85dc-464c-8aa4-455f9d9d47eb
2025-11-05 17:19:33 [INFO] Dashboard info requested by user_id=81e78254-85dc-464c-8aa4-455f9d9d47eb
2025-11-05 17:19:33 [DEBUG] Incoming dashboard params: date_time=2025-11-05, client_id=, pet_id=
2025-11-05 17:19:35 [DEBUG] Business logo encoded successfully.
2025-11-05 17:19:35 [DEBUG] Excluded recurring IDs for date 2025-11-05: {'c9a1a900-a85b-44df-b2a2-e8a9a8c84a30', 'aa123aec-7703-4486-8a3e-a2641aa488b6', '834d6450-75ea-4d3f-8d56-86b08d39a3b9', '8530d249-4916-4d8a-ba6b-210a52890413', '4edc62e9-e586-4dcf-89f9-0525ea8718f1', 'aa9875ac-88f6-473c-9ac2-f8c3a1302c05', 'c35275be-e01a-4f1d-bfdd-1ff4d46d8b3e', '2210f74b-c398-4201-b3b7-222281d764b1', 'e70f92cd-4029-441f-82f3-037603527358', '35fd4f4f-0e9d-4f82-9e9f-6c137cd3b14c', 'ce91d597-9ad4-414d-a26c-1a06d56d8fdf', '1e33f7e8-00b4-4d9a-a70a-158f7e2ce5ee', '4a5d1dab-2d57-4849-8c3b-323e66dd0f2f', 'd3f5c19e-acd0-4c98-9bef-e05984d999a5', '49a2592e-ecd7-46da-9c03-866b96530b67', '2cea8242-4dbe-423a-9470-f015dfc8bb9e', '22d042a0-ac60-42df-ada8-f8ac5fffd246', '30f14564-3f37-4bd9-b0bb-19cfe5b9a223', '38d8e890-b5b1-4f03-8e59-edbcc41c46cf', 'c3b53d48-4933-4e90-a619-ce4312610629', 'f3462193-7325-4d3c-a18b-004d16e7de85', 'f2cfad2b-e0f8-4ea9-b2e3-82abd7fabc36', 'c7407a2a-fd82-4a0c-9cf1-a65e9617a3b4', '805b75b7-cd7a-4ead-90e6-56629885d917', 'da2c1e0e-3908-4597-b8a2-b62883172b44', '2b47f2ce-cbce-4bd2-8bd0-da05bbb46c3e', '4372c33b-c99c-46ae-b644-5e4c9165fdfe', 'cdfe3d64-61a5-4bd3-8466-8cfb3916bb3a'}
2025-11-05 17:19:35 [DEBUG] Executing dashboard base query with params: {'date_only': datetime.date(2025, 11, 5), 'date_only_ts': datetime.datetime(2025, 11, 5, 0, 0), 'business_id': '79581f88-5042-43d0-9594-ba81e70130b0', 'client_id': '', 'pet_id': ''}
2025-11-05 17:19:35 [DEBUG] Dashboard query returned 2 rows before filtering.
2025-11-05 17:19:35 [DEBUG] Filtered results: 2 remaining after exclusions.
2025-11-05 17:19:35 [DEBUG] Loaded 0 notifications for business 79581f88-5042-43d0-9594-ba81e70130b0
2025-11-05 17:19:35 [INFO] Dashboard info built successfully for user 81e78254-85dc-464c-8aa4-455f9d9d47eb
2025-11-05 17:19:35 [INFO] Dashboard info requested by user_id=81e78254-85dc-464c-8aa4-455f9d9d47eb
2025-11-05 17:19:35 [DEBUG] Incoming dashboard params: date_time=2025-11-06, client_id=, pet_id=
2025-11-05 17:19:36 [DEBUG] Business logo encoded successfully.
2025-11-05 17:19:36 [DEBUG] Excluded recurring IDs for date 2025-11-06: {'0510befe-e14f-4513-80cc-1b991d69c27d', '1e33f7e8-00b4-4d9a-a70a-158f7e2ce5ee', '83f4ae67-04d3-459e-b6f6-3ee7c8c954a3', '486b2003-fdad-4009-9800-cb19d7295067', 'e70f92cd-4029-441f-82f3-037603527358', '2cea8242-4dbe-423a-9470-f015dfc8bb9e', '22d042a0-ac60-42df-ada8-f8ac5fffd246', '2cda888d-df9b-42bd-bef3-adaa776e5fc6'}
2025-11-05 17:19:36 [DEBUG] Executing dashboard base query with params: {'date_only': datetime.date(2025, 11, 6), 'date_only_ts': datetime.datetime(2025, 11, 6, 0, 0), 'business_id': '79581f88-5042-43d0-9594-ba81e70130b0', 'client_id': '', 'pet_id': ''}
2025-11-05 17:19:36 [DEBUG] Dashboard query returned 2 rows before filtering.
2025-11-05 17:19:36 [DEBUG] Filtered results: 2 remaining after exclusions.
2025-11-05 17:19:36 [DEBUG] Loaded 0 notifications for business 79581f88-5042-43d0-9594-ba81e70130b0
2025-11-05 17:19:36 [INFO] Dashboard info built successfully for user 81e78254-85dc-464c-8aa4-455f9d9d47eb
2025-11-05 17:19:36 [INFO] Dashboard info requested by user_id=81e78254-85dc-464c-8aa4-455f9d9d47eb
2025-11-05 17:19:36 [DEBUG] Incoming dashboard params: date_time=2025-11-06, client_id=, pet_id=
2025-11-05 17:19:37 [DEBUG] Business logo encoded successfully.
2025-11-05 17:19:37 [DEBUG] Excluded recurring IDs for date 2025-11-06: {'0510befe-e14f-4513-80cc-1b991d69c27d', '1e33f7e8-00b4-4d9a-a70a-158f7e2ce5ee', '83f4ae67-04d3-459e-b6f6-3ee7c8c954a3', '486b2003-fdad-4009-9800-cb19d7295067', 'e70f92cd-4029-441f-82f3-037603527358', '2cea8242-4dbe-423a-9470-f015dfc8bb9e', '22d042a0-ac60-42df-ada8-f8ac5fffd246', '2cda888d-df9b-42bd-bef3-adaa776e5fc6'}
2025-11-05 17:19:37 [DEBUG] Executing dashboard base query with params: {'date_only': datetime.date(2025, 11, 6), 'date_only_ts': datetime.datetime(2025, 11, 6, 0, 0), 'business_id': '79581f88-5042-43d0-9594-ba81e70130b0', 'client_id': '', 'pet_id': ''}
2025-11-05 17:19:37 [DEBUG] Dashboard query returned 2 rows before filtering.
2025-11-05 17:19:37 [DEBUG] Filtered results: 2 remaining after exclusions.
2025-11-05 17:19:37 [DEBUG] Loaded 0 notifications for business 79581f88-5042-43d0-9594-ba81e70130b0
2025-11-05 17:19:37 [INFO] Dashboard info built successfully for user 81e78254-85dc-464c-8aa4-455f9d9d47eb
2025-11-05 17:19:43 [INFO] Dashboard info requested by user_id=81e78254-85dc-464c-8aa4-455f9d9d47eb
2025-11-05 17:19:43 [DEBUG] Incoming dashboard params: date_time=2025-11-06, client_id=, pet_id=
2025-11-05 17:19:44 [DEBUG] Business logo encoded successfully.
2025-11-05 17:19:44 [DEBUG] Excluded recurring IDs for date 2025-11-06: {'0510befe-e14f-4513-80cc-1b991d69c27d', '1e33f7e8-00b4-4d9a-a70a-158f7e2ce5ee', 'd57ada6a-d731-4426-a52c-6c28c1d2e552', '83f4ae67-04d3-459e-b6f6-3ee7c8c954a3', '486b2003-fdad-4009-9800-cb19d7295067', 'e70f92cd-4029-441f-82f3-037603527358', '2cea8242-4dbe-423a-9470-f015dfc8bb9e', '22d042a0-ac60-42df-ada8-f8ac5fffd246', '2cda888d-df9b-42bd-bef3-adaa776e5fc6'}
2025-11-05 17:19:44 [DEBUG] Executing dashboard base query with params: {'date_only': datetime.date(2025, 11, 6), 'date_only_ts': datetime.datetime(2025, 11, 6, 0, 0), 'business_id': '79581f88-5042-43d0-9594-ba81e70130b0', 'client_id': '', 'pet_id': ''}
2025-11-05 17:19:45 [DEBUG] Dashboard query returned 3 rows before filtering.
2025-11-05 17:19:45 [DEBUG] Filtered results: 2 remaining after exclusions.
2025-11-05 17:19:45 [DEBUG] Loaded 0 notifications for business 79581f88-5042-43d0-9594-ba81e70130b0
2025-11-05 17:19:45 [INFO] Dashboard info built successfully for user 81e78254-85dc-464c-8aa4-455f9d9d47eb
2025-11-05 17:19:47 [INFO] Dashboard info requested by user_id=81e78254-85dc-464c-8aa4-455f9d9d47eb
2025-11-05 17:19:47 [DEBUG] Incoming dashboard params: date_time=2025-11-06, client_id=, pet_id=
2025-11-05 17:19:50 [DEBUG] Business logo encoded successfully.
2025-11-05 17:19:50 [DEBUG] Excluded recurring IDs for date 2025-11-06: {'0510befe-e14f-4513-80cc-1b991d69c27d', '1e33f7e8-00b4-4d9a-a70a-158f7e2ce5ee', 'd57ada6a-d731-4426-a52c-6c28c1d2e552', '83f4ae67-04d3-459e-b6f6-3ee7c8c954a3', '486b2003-fdad-4009-9800-cb19d7295067', 'e70f92cd-4029-441f-82f3-037603527358', '2cea8242-4dbe-423a-9470-f015dfc8bb9e', '22d042a0-ac60-42df-ada8-f8ac5fffd246', '2cda888d-df9b-42bd-bef3-adaa776e5fc6'}
2025-11-05 17:19:50 [DEBUG] Executing dashboard base query with params: {'date_only': datetime.date(2025, 11, 6), 'date_only_ts': datetime.datetime(2025, 11, 6, 0, 0), 'business_id': '79581f88-5042-43d0-9594-ba81e70130b0', 'client_id': '', 'pet_id': ''}
2025-11-05 17:19:50 [DEBUG] Dashboard query returned 3 rows before filtering.
2025-11-05 17:19:50 [DEBUG] Filtered results: 2 remaining after exclusions.
2025-11-05 17:19:50 [DEBUG] Loaded 0 notifications for business 79581f88-5042-43d0-9594-ba81e70130b0
2025-11-05 17:19:50 [INFO] Dashboard info built successfully for user 81e78254-85dc-464c-8aa4-455f9d9d47eb
2025-11-05 18:50:58 [INFO] Dashboard info requested by user_id=81e78254-85dc-464c-8aa4-455f9d9d47eb
2025-11-05 18:50:58 [DEBUG] Incoming dashboard params: date_time=2025-11-05, client_id=, pet_id=
2025-11-05 18:50:59 [DEBUG] Business logo encoded successfully.
2025-11-05 18:50:59 [DEBUG] Excluded recurring IDs for date 2025-11-05: {'4a5d1dab-2d57-4849-8c3b-323e66dd0f2f', '22d042a0-ac60-42df-ada8-f8ac5fffd246', 'c7407a2a-fd82-4a0c-9cf1-a65e9617a3b4', '4edc62e9-e586-4dcf-89f9-0525ea8718f1', '49a2592e-ecd7-46da-9c03-866b96530b67', 'd3f5c19e-acd0-4c98-9bef-e05984d999a5', 'c3b53d48-4933-4e90-a619-ce4312610629', '4372c33b-c99c-46ae-b644-5e4c9165fdfe', 'c9a1a900-a85b-44df-b2a2-e8a9a8c84a30', 'da2c1e0e-3908-4597-b8a2-b62883172b44', 'cdfe3d64-61a5-4bd3-8466-8cfb3916bb3a', '834d6450-75ea-4d3f-8d56-86b08d39a3b9', '35fd4f4f-0e9d-4f82-9e9f-6c137cd3b14c', 'e70f92cd-4029-441f-82f3-037603527358', '8530d249-4916-4d8a-ba6b-210a52890413', '1e33f7e8-00b4-4d9a-a70a-158f7e2ce5ee', 'aa123aec-7703-4486-8a3e-a2641aa488b6', '2b47f2ce-cbce-4bd2-8bd0-da05bbb46c3e', '2cea8242-4dbe-423a-9470-f015dfc8bb9e', '30f14564-3f37-4bd9-b0bb-19cfe5b9a223', 'c35275be-e01a-4f1d-bfdd-1ff4d46d8b3e', 'ce91d597-9ad4-414d-a26c-1a06d56d8fdf', '805b75b7-cd7a-4ead-90e6-56629885d917', '2210f74b-c398-4201-b3b7-222281d764b1', 'f3462193-7325-4d3c-a18b-004d16e7de85', 'aa9875ac-88f6-473c-9ac2-f8c3a1302c05', '38d8e890-b5b1-4f03-8e59-edbcc41c46cf', 'f2cfad2b-e0f8-4ea9-b2e3-82abd7fabc36'}
2025-11-05 18:50:59 [DEBUG] Executing dashboard base query with params: {'date_only': datetime.date(2025, 11, 5), 'date_only_ts': datetime.datetime(2025, 11, 5, 0, 0), 'business_id': '79581f88-5042-43d0-9594-ba81e70130b0', 'client_id': '', 'pet_id': ''}
2025-11-05 18:50:59 [DEBUG] Dashboard query returned 2 rows before filtering.
2025-11-05 18:50:59 [DEBUG] Filtered results: 2 remaining after exclusions.
2025-11-05 18:50:59 [DEBUG] Loaded 0 notifications for business 79581f88-5042-43d0-9594-ba81e70130b0
2025-11-05 18:50:59 [INFO] Dashboard info built successfully for user 81e78254-85dc-464c-8aa4-455f9d9d47eb
2025-11-06 08:07:34 [INFO] Dashboard info requested by user_id=81e78254-85dc-464c-8aa4-455f9d9d47eb
2025-11-06 08:07:34 [DEBUG] Incoming dashboard params: date_time=2025-11-03, client_id=, pet_id=
2025-11-06 08:07:35 [DEBUG] Business logo encoded successfully.
2025-11-06 08:07:35 [DEBUG] Excluded recurring IDs for date 2025-11-03: {'d9108df2-84f3-4c79-af6a-982ac124f8dc', 'd728b49a-ad6d-4b07-bb7b-f095a3b6abe4', 'da2c1e0e-3908-4597-b8a2-b62883172b44', '834d6450-75ea-4d3f-8d56-86b08d39a3b9', '2cea8242-4dbe-423a-9470-f015dfc8bb9e', 'ae7b018e-c334-4991-a3cf-b95b248be3f7', 'ad878b08-2eff-41ee-858b-b28f1173850f', '22d042a0-ac60-42df-ada8-f8ac5fffd246', 'c08d0ce0-472c-46d6-9560-cc4ad37b0cec', '76966fa2-b01b-429f-9272-640860f37986', '278edfd1-1609-4c52-9cc4-2c6902a9062c', 'd660ddca-4a97-4d23-8cf7-be737fc83ddd', '38d8e890-b5b1-4f03-8e59-edbcc41c46cf', '49a2592e-ecd7-46da-9c03-866b96530b67', '5a5a1b0d-d719-4909-9c32-44d66dbd3b01', '6cc41668-59df-4d79-9e5a-b0cec2d44f40'}
2025-11-06 08:07:35 [DEBUG] Executing dashboard base query with params: {'date_only': datetime.date(2025, 11, 3), 'date_only_ts': datetime.datetime(2025, 11, 3, 0, 0), 'business_id': '79581f88-5042-43d0-9594-ba81e70130b0', 'client_id': '', 'pet_id': ''}
2025-11-06 08:07:35 [DEBUG] Dashboard query returned 2 rows before filtering.
2025-11-06 08:07:35 [DEBUG] Filtered results: 2 remaining after exclusions.
2025-11-06 08:07:35 [DEBUG] Loaded 0 notifications for business 79581f88-5042-43d0-9594-ba81e70130b0
2025-11-06 08:07:35 [INFO] Dashboard info built successfully for user 81e78254-85dc-464c-8aa4-455f9d9d47eb
2025-11-06 08:07:36 [INFO] Dashboard info requested by user_id=81e78254-85dc-464c-8aa4-455f9d9d47eb
2025-11-06 08:07:36 [DEBUG] Incoming dashboard params: date_time=2025-10-27, client_id=, pet_id=
2025-11-06 08:07:37 [DEBUG] Business logo encoded successfully.
2025-11-06 08:07:37 [DEBUG] Excluded recurring IDs for date 2025-10-27: {'4a5d1dab-2d57-4849-8c3b-323e66dd0f2f', 'd9108df2-84f3-4c79-af6a-982ac124f8dc', 'd728b49a-ad6d-4b07-bb7b-f095a3b6abe4', 'da2c1e0e-3908-4597-b8a2-b62883172b44', '834d6450-75ea-4d3f-8d56-86b08d39a3b9', 'ae7b018e-c334-4991-a3cf-b95b248be3f7', '22d042a0-ac60-42df-ada8-f8ac5fffd246', 'ad878b08-2eff-41ee-858b-b28f1173850f', '76966fa2-b01b-429f-9272-640860f37986', '278edfd1-1609-4c52-9cc4-2c6902a9062c', 'd660ddca-4a97-4d23-8cf7-be737fc83ddd', '38d8e890-b5b1-4f03-8e59-edbcc41c46cf', '49a2592e-ecd7-46da-9c03-866b96530b67', '6cc41668-59df-4d79-9e5a-b0cec2d44f40'}
2025-11-06 08:07:37 [DEBUG] Executing dashboard base query with params: {'date_only': datetime.date(2025, 10, 27), 'date_only_ts': datetime.datetime(2025, 10, 27, 0, 0), 'business_id': '79581f88-5042-43d0-9594-ba81e70130b0', 'client_id': '', 'pet_id': ''}
2025-11-06 08:07:37 [DEBUG] Dashboard query returned 2 rows before filtering.
2025-11-06 08:07:37 [DEBUG] Filtered results: 2 remaining after exclusions.
2025-11-06 08:07:37 [DEBUG] Loaded 0 notifications for business 79581f88-5042-43d0-9594-ba81e70130b0
2025-11-06 08:07:37 [INFO] Dashboard info built successfully for user 81e78254-85dc-464c-8aa4-455f9d9d47eb
2025-11-06 08:07:38 [INFO] Dashboard info requested by user_id=81e78254-85dc-464c-8aa4-455f9d9d47eb
2025-11-06 08:07:38 [DEBUG] Incoming dashboard params: date_time=2025-10-22, client_id=, pet_id=
2025-11-06 08:07:40 [DEBUG] Business logo encoded successfully.
2025-11-06 08:07:40 [DEBUG] Excluded recurring IDs for date 2025-10-22: {'4372c33b-c99c-46ae-b644-5e4c9165fdfe', '4a5d1dab-2d57-4849-8c3b-323e66dd0f2f', 'c35275be-e01a-4f1d-bfdd-1ff4d46d8b3e', 'e70f92cd-4029-441f-82f3-037603527358', 'b63bc563-f097-496c-9eba-709f7bb84766', '1e33f7e8-00b4-4d9a-a70a-158f7e2ce5ee', 'c3b53d48-4933-4e90-a619-ce4312610629'}
2025-11-06 08:07:40 [DEBUG] Executing dashboard base query with params: {'date_only': datetime.date(2025, 10, 22), 'date_only_ts': datetime.datetime(2025, 10, 22, 0, 0), 'business_id': '79581f88-5042-43d0-9594-ba81e70130b0', 'client_id': '', 'pet_id': ''}
2025-11-06 08:07:40 [DEBUG] Dashboard query returned 2 rows before filtering.
2025-11-06 08:07:40 [DEBUG] Filtered results: 2 remaining after exclusions.
2025-11-06 08:07:40 [DEBUG] Loaded 0 notifications for business 79581f88-5042-43d0-9594-ba81e70130b0
2025-11-06 08:07:40 [INFO] Dashboard info built successfully for user 81e78254-85dc-464c-8aa4-455f9d9d47eb
2025-11-06 08:07:43 [INFO] Dashboard info requested by user_id=81e78254-85dc-464c-8aa4-455f9d9d47eb
2025-11-06 08:07:43 [DEBUG] Incoming dashboard params: date_time=2025-10-22, client_id=, pet_id=
2025-11-06 08:07:44 [DEBUG] Business logo encoded successfully.
2025-11-06 08:07:44 [DEBUG] Excluded recurring IDs for date 2025-10-22: {'4372c33b-c99c-46ae-b644-5e4c9165fdfe', '4a5d1dab-2d57-4849-8c3b-323e66dd0f2f', 'c35275be-e01a-4f1d-bfdd-1ff4d46d8b3e', 'e70f92cd-4029-441f-82f3-037603527358', 'b63bc563-f097-496c-9eba-709f7bb84766', '1e33f7e8-00b4-4d9a-a70a-158f7e2ce5ee', 'c3b53d48-4933-4e90-a619-ce4312610629'}
2025-11-06 08:07:44 [DEBUG] Executing dashboard base query with params: {'date_only': datetime.date(2025, 10, 22), 'date_only_ts': datetime.datetime(2025, 10, 22, 0, 0), 'business_id': '79581f88-5042-43d0-9594-ba81e70130b0', 'client_id': '', 'pet_id': ''}
2025-11-06 08:07:44 [DEBUG] Dashboard query returned 1 rows before filtering.
2025-11-06 08:07:44 [DEBUG] Filtered results: 1 remaining after exclusions.
2025-11-06 08:07:44 [DEBUG] Loaded 0 notifications for business 79581f88-5042-43d0-9594-ba81e70130b0
2025-11-06 08:07:44 [INFO] Dashboard info built successfully for user 81e78254-85dc-464c-8aa4-455f9d9d47eb
2025-11-06 08:07:47 [INFO] Dashboard info requested by user_id=81e78254-85dc-464c-8aa4-455f9d9d47eb
2025-11-06 08:07:47 [DEBUG] Incoming dashboard params: date_time=2025-10-29, client_id=, pet_id=
2025-11-06 08:07:48 [DEBUG] Business logo encoded successfully.
2025-11-06 08:07:48 [DEBUG] Excluded recurring IDs for date 2025-10-29: {'4372c33b-c99c-46ae-b644-5e4c9165fdfe', 'c35275be-e01a-4f1d-bfdd-1ff4d46d8b3e', 'e70f92cd-4029-441f-82f3-037603527358', '8530d249-4916-4d8a-ba6b-210a52890413', '1e33f7e8-00b4-4d9a-a70a-158f7e2ce5ee', 'c3b53d48-4933-4e90-a619-ce4312610629'}
2025-11-06 08:07:48 [DEBUG] Executing dashboard base query with params: {'date_only': datetime.date(2025, 10, 29), 'date_only_ts': datetime.datetime(2025, 10, 29, 0, 0), 'business_id': '79581f88-5042-43d0-9594-ba81e70130b0', 'client_id': '', 'pet_id': ''}
2025-11-06 08:07:48 [DEBUG] Dashboard query returned 1 rows before filtering.
2025-11-06 08:07:48 [DEBUG] Filtered results: 1 remaining after exclusions.
2025-11-06 08:07:48 [DEBUG] Loaded 0 notifications for business 79581f88-5042-43d0-9594-ba81e70130b0
2025-11-06 08:07:48 [INFO] Dashboard info built successfully for user 81e78254-85dc-464c-8aa4-455f9d9d47eb
2025-11-06 08:07:52 [INFO] Dashboard info requested by user_id=81e78254-85dc-464c-8aa4-455f9d9d47eb
2025-11-06 08:07:52 [DEBUG] Incoming dashboard params: date_time=2025-10-29, client_id=, pet_id=
2025-11-06 08:07:53 [DEBUG] Business logo encoded successfully.
2025-11-06 08:07:53 [DEBUG] Excluded recurring IDs for date 2025-10-29: {'4372c33b-c99c-46ae-b644-5e4c9165fdfe', 'c35275be-e01a-4f1d-bfdd-1ff4d46d8b3e', 'e70f92cd-4029-441f-82f3-037603527358', '8530d249-4916-4d8a-ba6b-210a52890413', '1e33f7e8-00b4-4d9a-a70a-158f7e2ce5ee', 'c3b53d48-4933-4e90-a619-ce4312610629'}
2025-11-06 08:07:53 [DEBUG] Executing dashboard base query with params: {'date_only': datetime.date(2025, 10, 29), 'date_only_ts': datetime.datetime(2025, 10, 29, 0, 0), 'business_id': '79581f88-5042-43d0-9594-ba81e70130b0', 'client_id': '', 'pet_id': ''}
2025-11-06 08:07:53 [DEBUG] Dashboard query returned 1 rows before filtering.
2025-11-06 08:07:53 [DEBUG] Filtered results: 1 remaining after exclusions.
2025-11-06 08:07:53 [DEBUG] Loaded 0 notifications for business 79581f88-5042-43d0-9594-ba81e70130b0
2025-11-06 08:07:53 [INFO] Dashboard info built successfully for user 81e78254-85dc-464c-8aa4-455f9d9d47eb
2025-11-06 08:07:54 [INFO] Dashboard info requested by user_id=81e78254-85dc-464c-8aa4-455f9d9d47eb
2025-11-06 08:07:54 [DEBUG] Incoming dashboard params: date_time=2025-10-22, client_id=, pet_id=
2025-11-06 08:07:55 [DEBUG] Business logo encoded successfully.
2025-11-06 08:07:55 [DEBUG] Excluded recurring IDs for date 2025-10-22: {'4372c33b-c99c-46ae-b644-5e4c9165fdfe', '4a5d1dab-2d57-4849-8c3b-323e66dd0f2f', 'c35275be-e01a-4f1d-bfdd-1ff4d46d8b3e', 'e70f92cd-4029-441f-82f3-037603527358', 'b63bc563-f097-496c-9eba-709f7bb84766', '1e33f7e8-00b4-4d9a-a70a-158f7e2ce5ee', 'c3b53d48-4933-4e90-a619-ce4312610629'}
2025-11-06 08:07:55 [DEBUG] Executing dashboard base query with params: {'date_only': datetime.date(2025, 10, 22), 'date_only_ts': datetime.datetime(2025, 10, 22, 0, 0), 'business_id': '79581f88-5042-43d0-9594-ba81e70130b0', 'client_id': '', 'pet_id': ''}
2025-11-06 08:07:55 [DEBUG] Dashboard query returned 1 rows before filtering.
2025-11-06 08:07:55 [DEBUG] Filtered results: 1 remaining after exclusions.
2025-11-06 08:07:55 [DEBUG] Loaded 0 notifications for business 79581f88-5042-43d0-9594-ba81e70130b0
2025-11-06 08:07:55 [INFO] Dashboard info built successfully for user 81e78254-85dc-464c-8aa4-455f9d9d47eb
2025-11-06 08:07:59 [INFO] Dashboard info requested by user_id=81e78254-85dc-464c-8aa4-455f9d9d47eb
2025-11-06 08:07:59 [DEBUG] Incoming dashboard params: date_time=2025-10-22, client_id=, pet_id=
2025-11-06 08:08:00 [DEBUG] Business logo encoded successfully.
2025-11-06 08:08:00 [DEBUG] Excluded recurring IDs for date 2025-10-22: {'4372c33b-c99c-46ae-b644-5e4c9165fdfe', '4a5d1dab-2d57-4849-8c3b-323e66dd0f2f', 'c35275be-e01a-4f1d-bfdd-1ff4d46d8b3e', 'e70f92cd-4029-441f-82f3-037603527358', 'b63bc563-f097-496c-9eba-709f7bb84766', '1e33f7e8-00b4-4d9a-a70a-158f7e2ce5ee', 'c3b53d48-4933-4e90-a619-ce4312610629'}
2025-11-06 08:08:00 [DEBUG] Executing dashboard base query with params: {'date_only': datetime.date(2025, 10, 22), 'date_only_ts': datetime.datetime(2025, 10, 22, 0, 0), 'business_id': '79581f88-5042-43d0-9594-ba81e70130b0', 'client_id': '', 'pet_id': ''}
2025-11-06 08:08:00 [DEBUG] Dashboard query returned 0 rows before filtering.
2025-11-06 08:08:00 [DEBUG] Filtered results: 0 remaining after exclusions.
2025-11-06 08:08:00 [DEBUG] Loaded 0 notifications for business 79581f88-5042-43d0-9594-ba81e70130b0
2025-11-06 08:08:00 [INFO] Dashboard info built successfully for user 81e78254-85dc-464c-8aa4-455f9d9d47eb
2025-11-06 08:08:05 [INFO] Dashboard info requested by user_id=81e78254-85dc-464c-8aa4-455f9d9d47eb
2025-11-06 08:08:05 [DEBUG] Incoming dashboard params: date_time=2025-11-06, client_id=, pet_id=
2025-11-06 08:08:06 [DEBUG] Business logo encoded successfully.
2025-11-06 08:08:06 [DEBUG] Excluded recurring IDs for date 2025-11-06: {'83f4ae67-04d3-459e-b6f6-3ee7c8c954a3', '2cea8242-4dbe-423a-9470-f015dfc8bb9e', '0510befe-e14f-4513-80cc-1b991d69c27d', '2cda888d-df9b-42bd-bef3-adaa776e5fc6', '486b2003-fdad-4009-9800-cb19d7295067', '22d042a0-ac60-42df-ada8-f8ac5fffd246', 'e70f92cd-4029-441f-82f3-037603527358', 'b63bc563-f097-496c-9eba-709f7bb84766', 'a0664f90-3920-495e-bd70-89fa6b0b903e', '1e33f7e8-00b4-4d9a-a70a-158f7e2ce5ee'}
2025-11-06 08:08:06 [DEBUG] Executing dashboard base query with params: {'date_only': datetime.date(2025, 11, 6), 'date_only_ts': datetime.datetime(2025, 11, 6, 0, 0), 'business_id': '79581f88-5042-43d0-9594-ba81e70130b0', 'client_id': '', 'pet_id': ''}
2025-11-06 08:08:06 [DEBUG] Dashboard query returned 1 rows before filtering.
2025-11-06 08:08:06 [DEBUG] Filtered results: 1 remaining after exclusions.
2025-11-06 08:08:06 [DEBUG] Loaded 0 notifications for business 79581f88-5042-43d0-9594-ba81e70130b0
2025-11-06 08:08:06 [INFO] Dashboard info built successfully for user 81e78254-85dc-464c-8aa4-455f9d9d47eb
2025-11-06 08:08:10 [INFO] Dashboard info requested by user_id=81e78254-85dc-464c-8aa4-455f9d9d47eb
2025-11-06 08:08:10 [DEBUG] Incoming dashboard params: date_time=2025-11-06, client_id=, pet_id=
2025-11-06 08:08:11 [DEBUG] Business logo encoded successfully.
2025-11-06 08:08:11 [DEBUG] Excluded recurring IDs for date 2025-11-06: {'83f4ae67-04d3-459e-b6f6-3ee7c8c954a3', '2cea8242-4dbe-423a-9470-f015dfc8bb9e', '0510befe-e14f-4513-80cc-1b991d69c27d', '2cda888d-df9b-42bd-bef3-adaa776e5fc6', '486b2003-fdad-4009-9800-cb19d7295067', '22d042a0-ac60-42df-ada8-f8ac5fffd246', 'e70f92cd-4029-441f-82f3-037603527358', 'b63bc563-f097-496c-9eba-709f7bb84766', 'a0664f90-3920-495e-bd70-89fa6b0b903e', '1e33f7e8-00b4-4d9a-a70a-158f7e2ce5ee'}
2025-11-06 08:08:11 [DEBUG] Executing dashboard base query with params: {'date_only': datetime.date(2025, 11, 6), 'date_only_ts': datetime.datetime(2025, 11, 6, 0, 0), 'business_id': '79581f88-5042-43d0-9594-ba81e70130b0', 'client_id': '', 'pet_id': ''}
2025-11-06 08:08:11 [DEBUG] Dashboard query returned 0 rows before filtering.
2025-11-06 08:08:11 [DEBUG] Filtered results: 0 remaining after exclusions.
2025-11-06 08:08:11 [DEBUG] Loaded 0 notifications for business 79581f88-5042-43d0-9594-ba81e70130b0
2025-11-06 08:08:11 [INFO] Dashboard info built successfully for user 81e78254-85dc-464c-8aa4-455f9d9d47eb
2025-11-06 08:08:11 [INFO] Dashboard info requested by user_id=81e78254-85dc-464c-8aa4-455f9d9d47eb
2025-11-06 08:08:11 [DEBUG] Incoming dashboard params: date_time=2025-11-08, client_id=, pet_id=
2025-11-06 08:08:12 [DEBUG] Business logo encoded successfully.
2025-11-06 08:08:12 [DEBUG] Excluded recurring IDs for date 2025-11-08: set()
2025-11-06 08:08:12 [DEBUG] Executing dashboard base query with params: {'date_only': datetime.date(2025, 11, 8), 'date_only_ts': datetime.datetime(2025, 11, 8, 0, 0), 'business_id': '79581f88-5042-43d0-9594-ba81e70130b0', 'client_id': '', 'pet_id': ''}
2025-11-06 08:08:12 [DEBUG] Dashboard query returned 1 rows before filtering.
2025-11-06 08:08:12 [DEBUG] Filtered results: 1 remaining after exclusions.
2025-11-06 08:08:12 [DEBUG] Loaded 0 notifications for business 79581f88-5042-43d0-9594-ba81e70130b0
2025-11-06 08:08:12 [INFO] Dashboard info built successfully for user 81e78254-85dc-464c-8aa4-455f9d9d47eb
2025-11-06 08:08:13 [INFO] Dashboard info requested by user_id=81e78254-85dc-464c-8aa4-455f9d9d47eb
2025-11-06 08:08:13 [DEBUG] Incoming dashboard params: date_time=2025-11-09, client_id=, pet_id=
2025-11-06 08:08:14 [DEBUG] Business logo encoded successfully.
2025-11-06 08:08:14 [DEBUG] Excluded recurring IDs for date 2025-11-09: set()
2025-11-06 08:08:14 [DEBUG] Executing dashboard base query with params: {'date_only': datetime.date(2025, 11, 9), 'date_only_ts': datetime.datetime(2025, 11, 9, 0, 0), 'business_id': '79581f88-5042-43d0-9594-ba81e70130b0', 'client_id': '', 'pet_id': ''}
2025-11-06 08:08:14 [DEBUG] Dashboard query returned 2 rows before filtering.
2025-11-06 08:08:14 [DEBUG] Filtered results: 2 remaining after exclusions.
2025-11-06 08:08:14 [DEBUG] Loaded 0 notifications for business 79581f88-5042-43d0-9594-ba81e70130b0
2025-11-06 08:08:14 [INFO] Dashboard info built successfully for user 81e78254-85dc-464c-8aa4-455f9d9d47eb
2025-11-06 08:08:18 [INFO] Dashboard info requested by user_id=81e78254-85dc-464c-8aa4-455f9d9d47eb
2025-11-06 08:08:18 [DEBUG] Incoming dashboard params: date_time=2025-11-08, client_id=, pet_id=
2025-11-06 08:08:20 [DEBUG] Business logo encoded successfully.
2025-11-06 08:08:20 [DEBUG] Excluded recurring IDs for date 2025-11-08: set()
2025-11-06 08:08:20 [DEBUG] Executing dashboard base query with params: {'date_only': datetime.date(2025, 11, 8), 'date_only_ts': datetime.datetime(2025, 11, 8, 0, 0), 'business_id': '79581f88-5042-43d0-9594-ba81e70130b0', 'client_id': '', 'pet_id': ''}
2025-11-06 08:08:20 [DEBUG] Dashboard query returned 1 rows before filtering.
2025-11-06 08:08:20 [DEBUG] Filtered results: 1 remaining after exclusions.
2025-11-06 08:08:20 [DEBUG] Loaded 0 notifications for business 79581f88-5042-43d0-9594-ba81e70130b0
2025-11-06 08:08:20 [INFO] Dashboard info built successfully for user 81e78254-85dc-464c-8aa4-455f9d9d47eb
2025-11-06 08:08:20 [INFO] Dashboard info requested by user_id=81e78254-85dc-464c-8aa4-455f9d9d47eb
2025-11-06 08:08:20 [DEBUG] Incoming dashboard params: date_time=2025-11-09, client_id=, pet_id=
2025-11-06 08:08:21 [DEBUG] Business logo encoded successfully.
2025-11-06 08:08:21 [DEBUG] Excluded recurring IDs for date 2025-11-09: set()
2025-11-06 08:08:21 [DEBUG] Executing dashboard base query with params: {'date_only': datetime.date(2025, 11, 9), 'date_only_ts': datetime.datetime(2025, 11, 9, 0, 0), 'business_id': '79581f88-5042-43d0-9594-ba81e70130b0', 'client_id': '', 'pet_id': ''}
2025-11-06 08:08:21 [DEBUG] Dashboard query returned 1 rows before filtering.
2025-11-06 08:08:21 [DEBUG] Filtered results: 1 remaining after exclusions.
2025-11-06 08:08:21 [DEBUG] Loaded 0 notifications for business 79581f88-5042-43d0-9594-ba81e70130b0
2025-11-06 08:08:21 [INFO] Dashboard info built successfully for user 81e78254-85dc-464c-8aa4-455f9d9d47eb
2025-11-06 08:08:22 [INFO] Dashboard info requested by user_id=81e78254-85dc-464c-8aa4-455f9d9d47eb
2025-11-06 08:08:22 [DEBUG] Incoming dashboard params: date_time=2025-11-09, client_id=, pet_id=
2025-11-06 08:08:23 [DEBUG] Business logo encoded successfully.
2025-11-06 08:08:23 [DEBUG] Excluded recurring IDs for date 2025-11-09: set()
2025-11-06 08:08:23 [DEBUG] Executing dashboard base query with params: {'date_only': datetime.date(2025, 11, 9), 'date_only_ts': datetime.datetime(2025, 11, 9, 0, 0), 'business_id': '79581f88-5042-43d0-9594-ba81e70130b0', 'client_id': '', 'pet_id': ''}
2025-11-06 08:08:23 [DEBUG] Dashboard query returned 1 rows before filtering.
2025-11-06 08:08:23 [DEBUG] Filtered results: 1 remaining after exclusions.
2025-11-06 08:08:23 [DEBUG] Loaded 0 notifications for business 79581f88-5042-43d0-9594-ba81e70130b0
2025-11-06 08:08:23 [INFO] Dashboard info built successfully for user 81e78254-85dc-464c-8aa4-455f9d9d47eb
2025-11-06 08:08:27 [INFO] Dashboard info requested by user_id=81e78254-85dc-464c-8aa4-455f9d9d47eb
2025-11-06 08:08:27 [DEBUG] Incoming dashboard params: date_time=2025-11-08, client_id=, pet_id=
2025-11-06 08:08:28 [DEBUG] Business logo encoded successfully.
2025-11-06 08:08:28 [DEBUG] Excluded recurring IDs for date 2025-11-08: set()
2025-11-06 08:08:28 [DEBUG] Executing dashboard base query with params: {'date_only': datetime.date(2025, 11, 8), 'date_only_ts': datetime.datetime(2025, 11, 8, 0, 0), 'business_id': '79581f88-5042-43d0-9594-ba81e70130b0', 'client_id': '', 'pet_id': ''}
2025-11-06 08:08:28 [DEBUG] Dashboard query returned 1 rows before filtering.
2025-11-06 08:08:28 [DEBUG] Filtered results: 1 remaining after exclusions.
2025-11-06 08:08:28 [DEBUG] Loaded 0 notifications for business 79581f88-5042-43d0-9594-ba81e70130b0
2025-11-06 08:08:28 [INFO] Dashboard info built successfully for user 81e78254-85dc-464c-8aa4-455f9d9d47eb
2025-11-06 08:08:28 [INFO] Dashboard info requested by user_id=81e78254-85dc-464c-8aa4-455f9d9d47eb
2025-11-06 08:08:28 [DEBUG] Incoming dashboard params: date_time=2025-11-09, client_id=, pet_id=
2025-11-06 08:08:29 [DEBUG] Business logo encoded successfully.
2025-11-06 08:08:29 [DEBUG] Excluded recurring IDs for date 2025-11-09: set()
2025-11-06 08:08:29 [DEBUG] Executing dashboard base query with params: {'date_only': datetime.date(2025, 11, 9), 'date_only_ts': datetime.datetime(2025, 11, 9, 0, 0), 'business_id': '79581f88-5042-43d0-9594-ba81e70130b0', 'client_id': '', 'pet_id': ''}
2025-11-06 08:08:29 [DEBUG] Dashboard query returned 0 rows before filtering.
2025-11-06 08:08:29 [DEBUG] Filtered results: 0 remaining after exclusions.
2025-11-06 08:08:29 [DEBUG] Loaded 0 notifications for business 79581f88-5042-43d0-9594-ba81e70130b0
2025-11-06 08:08:29 [INFO] Dashboard info built successfully for user 81e78254-85dc-464c-8aa4-455f9d9d47eb
2025-11-06 08:08:32 [INFO] Dashboard info requested by user_id=81e78254-85dc-464c-8aa4-455f9d9d47eb
2025-11-06 08:08:32 [DEBUG] Incoming dashboard params: date_time=2025-11-09, client_id=, pet_id=
2025-11-06 08:08:33 [DEBUG] Business logo encoded successfully.
2025-11-06 08:08:33 [DEBUG] Excluded recurring IDs for date 2025-11-09: set()
2025-11-06 08:08:33 [DEBUG] Executing dashboard base query with params: {'date_only': datetime.date(2025, 11, 9), 'date_only_ts': datetime.datetime(2025, 11, 9, 0, 0), 'business_id': '79581f88-5042-43d0-9594-ba81e70130b0', 'client_id': '', 'pet_id': ''}
2025-11-06 08:08:33 [DEBUG] Dashboard query returned 0 rows before filtering.
2025-11-06 08:08:33 [DEBUG] Filtered results: 0 remaining after exclusions.
2025-11-06 08:08:33 [DEBUG] Loaded 0 notifications for business 79581f88-5042-43d0-9594-ba81e70130b0
2025-11-06 08:08:33 [INFO] Dashboard info built successfully for user 81e78254-85dc-464c-8aa4-455f9d9d47eb
2025-11-06 08:08:33 [INFO] Dashboard info requested by user_id=81e78254-85dc-464c-8aa4-455f9d9d47eb
2025-11-06 08:08:33 [DEBUG] Incoming dashboard params: date_time=2025-11-08, client_id=, pet_id=
2025-11-06 08:08:34 [DEBUG] Business logo encoded successfully.
2025-11-06 08:08:34 [DEBUG] Excluded recurring IDs for date 2025-11-08: set()
2025-11-06 08:08:34 [DEBUG] Executing dashboard base query with params: {'date_only': datetime.date(2025, 11, 8), 'date_only_ts': datetime.datetime(2025, 11, 8, 0, 0), 'business_id': '79581f88-5042-43d0-9594-ba81e70130b0', 'client_id': '', 'pet_id': ''}
2025-11-06 08:08:34 [DEBUG] Dashboard query returned 1 rows before filtering.
2025-11-06 08:08:34 [DEBUG] Filtered results: 1 remaining after exclusions.
2025-11-06 08:08:34 [DEBUG] Loaded 0 notifications for business 79581f88-5042-43d0-9594-ba81e70130b0
2025-11-06 08:08:34 [INFO] Dashboard info built successfully for user 81e78254-85dc-464c-8aa4-455f9d9d47eb
2025-11-06 08:08:37 [INFO] Dashboard info requested by user_id=81e78254-85dc-464c-8aa4-455f9d9d47eb
2025-11-06 08:08:37 [DEBUG] Incoming dashboard params: date_time=2025-11-08, client_id=, pet_id=
2025-11-06 08:08:39 [DEBUG] Business logo encoded successfully.
2025-11-06 08:08:39 [DEBUG] Excluded recurring IDs for date 2025-11-08: set()
2025-11-06 08:08:39 [DEBUG] Executing dashboard base query with params: {'date_only': datetime.date(2025, 11, 8), 'date_only_ts': datetime.datetime(2025, 11, 8, 0, 0), 'business_id': '79581f88-5042-43d0-9594-ba81e70130b0', 'client_id': '', 'pet_id': ''}
2025-11-06 08:08:39 [DEBUG] Dashboard query returned 0 rows before filtering.
2025-11-06 08:08:39 [DEBUG] Filtered results: 0 remaining after exclusions.
2025-11-06 08:08:39 [DEBUG] Loaded 0 notifications for business 79581f88-5042-43d0-9594-ba81e70130b0
2025-11-06 08:08:39 [INFO] Dashboard info built successfully for user 81e78254-85dc-464c-8aa4-455f9d9d47eb
2025-11-06 08:08:47 [INFO] Dashboard info requested by user_id=81e78254-85dc-464c-8aa4-455f9d9d47eb
2025-11-06 08:08:47 [DEBUG] Incoming dashboard params: date_time=2025-11-14, client_id=, pet_id=
2025-11-06 08:08:48 [DEBUG] Business logo encoded successfully.
2025-11-06 08:08:48 [DEBUG] Excluded recurring IDs for date 2025-11-14: set()
2025-11-06 08:08:48 [DEBUG] Executing dashboard base query with params: {'date_only': datetime.date(2025, 11, 14), 'date_only_ts': datetime.datetime(2025, 11, 14, 0, 0), 'business_id': '79581f88-5042-43d0-9594-ba81e70130b0', 'client_id': '', 'pet_id': ''}
2025-11-06 08:08:48 [DEBUG] Dashboard query returned 0 rows before filtering.
2025-11-06 08:08:48 [DEBUG] Filtered results: 0 remaining after exclusions.
2025-11-06 08:08:48 [DEBUG] Loaded 0 notifications for business 79581f88-5042-43d0-9594-ba81e70130b0
2025-11-06 08:08:48 [INFO] Dashboard info built successfully for user 81e78254-85dc-464c-8aa4-455f9d9d47eb
2025-11-06 08:08:50 [INFO] Dashboard info requested by user_id=81e78254-85dc-464c-8aa4-455f9d9d47eb
2025-11-06 08:08:50 [DEBUG] Incoming dashboard params: date_time=2025-11-14, client_id=, pet_id=
2025-11-06 08:08:51 [DEBUG] Business logo encoded successfully.
2025-11-06 08:08:51 [DEBUG] Excluded recurring IDs for date 2025-11-14: set()
2025-11-06 08:08:51 [DEBUG] Executing dashboard base query with params: {'date_only': datetime.date(2025, 11, 14), 'date_only_ts': datetime.datetime(2025, 11, 14, 0, 0), 'business_id': '79581f88-5042-43d0-9594-ba81e70130b0', 'client_id': '', 'pet_id': ''}
2025-11-06 08:08:51 [DEBUG] Dashboard query returned 0 rows before filtering.
2025-11-06 08:08:51 [DEBUG] Filtered results: 0 remaining after exclusions.
2025-11-06 08:08:51 [DEBUG] Loaded 0 notifications for business 79581f88-5042-43d0-9594-ba81e70130b0
2025-11-06 08:08:51 [INFO] Dashboard info built successfully for user 81e78254-85dc-464c-8aa4-455f9d9d47eb
2025-11-06 08:17:14 [INFO] Dashboard info requested by user_id=81e78254-85dc-464c-8aa4-455f9d9d47eb
2025-11-06 08:17:14 [DEBUG] Incoming dashboard params: date_time=2025-11-14, client_id=, pet_id=
2025-11-06 08:17:15 [DEBUG] Business logo encoded successfully.
2025-11-06 08:17:15 [DEBUG] Excluded recurring IDs for date 2025-11-14: set()
2025-11-06 08:17:15 [DEBUG] Executing dashboard base query with params: {'date_only': datetime.date(2025, 11, 14), 'date_only_ts': datetime.datetime(2025, 11, 14, 0, 0), 'business_id': '79581f88-5042-43d0-9594-ba81e70130b0', 'client_id': '', 'pet_id': ''}
2025-11-06 08:17:15 [DEBUG] Dashboard query returned 0 rows before filtering.
2025-11-06 08:17:15 [DEBUG] Filtered results: 0 remaining after exclusions.
2025-11-06 08:17:15 [DEBUG] Loaded 2 notifications for business 79581f88-5042-43d0-9594-ba81e70130b0
2025-11-06 08:17:15 [INFO] Dashboard info built successfully for user 81e78254-85dc-464c-8aa4-455f9d9d47eb
2025-11-06 08:17:32 [INFO] Dashboard info requested by user_id=81e78254-85dc-464c-8aa4-455f9d9d47eb
2025-11-06 08:17:32 [DEBUG] Incoming dashboard params: date_time=2025-11-07, client_id=, pet_id=
2025-11-06 08:17:33 [DEBUG] Business logo encoded successfully.
2025-11-06 08:17:33 [DEBUG] Excluded recurring IDs for date 2025-11-07: {'22d042a0-ac60-42df-ada8-f8ac5fffd246', '2e1c1714-2cc3-405c-ae06-7bf1d9407615', '2cea8242-4dbe-423a-9470-f015dfc8bb9e'}
2025-11-06 08:17:33 [DEBUG] Executing dashboard base query with params: {'date_only': datetime.date(2025, 11, 7), 'date_only_ts': datetime.datetime(2025, 11, 7, 0, 0), 'business_id': '79581f88-5042-43d0-9594-ba81e70130b0', 'client_id': '', 'pet_id': ''}
2025-11-06 08:17:33 [DEBUG] Dashboard query returned 2 rows before filtering.
2025-11-06 08:17:33 [DEBUG] Filtered results: 2 remaining after exclusions.
2025-11-06 08:17:33 [DEBUG] Loaded 2 notifications for business 79581f88-5042-43d0-9594-ba81e70130b0
2025-11-06 08:17:33 [INFO] Dashboard info built successfully for user 81e78254-85dc-464c-8aa4-455f9d9d47eb
2025-11-06 08:20:36 [INFO] Dashboard info requested by user_id=81e78254-85dc-464c-8aa4-455f9d9d47eb
2025-11-06 08:20:36 [DEBUG] Incoming dashboard params: date_time=2025-11-06, client_id=, pet_id=
2025-11-06 08:20:37 [DEBUG] Business logo encoded successfully.
2025-11-06 08:20:37 [DEBUG] Excluded recurring IDs for date 2025-11-06: {'83f4ae67-04d3-459e-b6f6-3ee7c8c954a3', 'd728b49a-ad6d-4b07-bb7b-f095a3b6abe4', '2cea8242-4dbe-423a-9470-f015dfc8bb9e', '0510befe-e14f-4513-80cc-1b991d69c27d', '2cda888d-df9b-42bd-bef3-adaa776e5fc6', '486b2003-fdad-4009-9800-cb19d7295067', '22d042a0-ac60-42df-ada8-f8ac5fffd246', 'e70f92cd-4029-441f-82f3-037603527358', 'b63bc563-f097-496c-9eba-709f7bb84766', '49a2592e-ecd7-46da-9c03-866b96530b67', 'a0664f90-3920-495e-bd70-89fa6b0b903e', '1e33f7e8-00b4-4d9a-a70a-158f7e2ce5ee'}
2025-11-06 08:20:37 [DEBUG] Executing dashboard base query with params: {'date_only': datetime.date(2025, 11, 6), 'date_only_ts': datetime.datetime(2025, 11, 6, 0, 0), 'business_id': '79581f88-5042-43d0-9594-ba81e70130b0', 'client_id': '', 'pet_id': ''}
2025-11-06 08:20:37 [DEBUG] Dashboard query returned 0 rows before filtering.
2025-11-06 08:20:37 [DEBUG] Filtered results: 0 remaining after exclusions.
2025-11-06 08:20:37 [DEBUG] Loaded 2 notifications for business 79581f88-5042-43d0-9594-ba81e70130b0
2025-11-06 08:20:37 [INFO] Dashboard info built successfully for user 81e78254-85dc-464c-8aa4-455f9d9d47eb
2025-11-06 08:20:38 [INFO] Dashboard info requested by user_id=81e78254-85dc-464c-8aa4-455f9d9d47eb
2025-11-06 08:20:38 [DEBUG] Incoming dashboard params: date_time=2025-11-06, client_id=, pet_id=
2025-11-06 08:20:39 [DEBUG] Business logo encoded successfully.
2025-11-06 08:20:39 [DEBUG] Excluded recurring IDs for date 2025-11-06: {'83f4ae67-04d3-459e-b6f6-3ee7c8c954a3', 'd728b49a-ad6d-4b07-bb7b-f095a3b6abe4', '2cea8242-4dbe-423a-9470-f015dfc8bb9e', '0510befe-e14f-4513-80cc-1b991d69c27d', '2cda888d-df9b-42bd-bef3-adaa776e5fc6', '486b2003-fdad-4009-9800-cb19d7295067', '22d042a0-ac60-42df-ada8-f8ac5fffd246', 'e70f92cd-4029-441f-82f3-037603527358', 'b63bc563-f097-496c-9eba-709f7bb84766', '49a2592e-ecd7-46da-9c03-866b96530b67', 'a0664f90-3920-495e-bd70-89fa6b0b903e', '1e33f7e8-00b4-4d9a-a70a-158f7e2ce5ee'}
2025-11-06 08:20:39 [DEBUG] Executing dashboard base query with params: {'date_only': datetime.date(2025, 11, 6), 'date_only_ts': datetime.datetime(2025, 11, 6, 0, 0), 'business_id': '79581f88-5042-43d0-9594-ba81e70130b0', 'client_id': '', 'pet_id': ''}
2025-11-06 08:20:39 [DEBUG] Dashboard query returned 0 rows before filtering.
2025-11-06 08:20:39 [DEBUG] Filtered results: 0 remaining after exclusions.
2025-11-06 08:20:39 [DEBUG] Loaded 2 notifications for business 79581f88-5042-43d0-9594-ba81e70130b0
2025-11-06 08:20:39 [INFO] Dashboard info built successfully for user 81e78254-85dc-464c-8aa4-455f9d9d47eb
2025-11-06 08:20:53 [INFO] Dashboard info requested by user_id=81e78254-85dc-464c-8aa4-455f9d9d47eb
2025-11-06 08:20:53 [DEBUG] Incoming dashboard params: date_time=2025-11-07, client_id=, pet_id=
2025-11-06 08:20:54 [DEBUG] Business logo encoded successfully.
2025-11-06 08:20:54 [DEBUG] Excluded recurring IDs for date 2025-11-07: {'22d042a0-ac60-42df-ada8-f8ac5fffd246', '2e1c1714-2cc3-405c-ae06-7bf1d9407615', '2cea8242-4dbe-423a-9470-f015dfc8bb9e'}
2025-11-06 08:20:54 [DEBUG] Executing dashboard base query with params: {'date_only': datetime.date(2025, 11, 7), 'date_only_ts': datetime.datetime(2025, 11, 7, 0, 0), 'business_id': '79581f88-5042-43d0-9594-ba81e70130b0', 'client_id': '', 'pet_id': ''}
2025-11-06 08:20:54 [DEBUG] Dashboard query returned 2 rows before filtering.
2025-11-06 08:20:54 [DEBUG] Filtered results: 2 remaining after exclusions.
2025-11-06 08:20:54 [DEBUG] Loaded 2 notifications for business 79581f88-5042-43d0-9594-ba81e70130b0
2025-11-06 08:20:54 [INFO] Dashboard info built successfully for user 81e78254-85dc-464c-8aa4-455f9d9d47eb
2025-11-06 08:20:54 [INFO] Dashboard info requested by user_id=81e78254-85dc-464c-8aa4-455f9d9d47eb
2025-11-06 08:20:54 [DEBUG] Incoming dashboard params: date_time=2025-11-07, client_id=, pet_id=
2025-11-06 08:20:55 [DEBUG] Business logo encoded successfully.
2025-11-06 08:20:55 [DEBUG] Excluded recurring IDs for date 2025-11-07: {'22d042a0-ac60-42df-ada8-f8ac5fffd246', '2e1c1714-2cc3-405c-ae06-7bf1d9407615', '2cea8242-4dbe-423a-9470-f015dfc8bb9e'}
2025-11-06 08:20:55 [DEBUG] Executing dashboard base query with params: {'date_only': datetime.date(2025, 11, 7), 'date_only_ts': datetime.datetime(2025, 11, 7, 0, 0), 'business_id': '79581f88-5042-43d0-9594-ba81e70130b0', 'client_id': '', 'pet_id': ''}
2025-11-06 08:20:55 [DEBUG] Dashboard query returned 2 rows before filtering.
2025-11-06 08:20:55 [DEBUG] Filtered results: 2 remaining after exclusions.
2025-11-06 08:20:55 [DEBUG] Loaded 2 notifications for business 79581f88-5042-43d0-9594-ba81e70130b0
2025-11-06 08:20:55 [INFO] Dashboard info built successfully for user 81e78254-85dc-464c-8aa4-455f9d9d47eb
2025-11-06 08:21:57 [INFO] Dashboard info requested by user_id=81e78254-85dc-464c-8aa4-455f9d9d47eb
2025-11-06 08:21:57 [DEBUG] Incoming dashboard params: date_time=2025-11-07, client_id=, pet_id=
2025-11-06 08:21:59 [DEBUG] Business logo encoded successfully.
2025-11-06 08:21:59 [DEBUG] Excluded recurring IDs for date 2025-11-07: {'22d042a0-ac60-42df-ada8-f8ac5fffd246', '2e1c1714-2cc3-405c-ae06-7bf1d9407615', '2cea8242-4dbe-423a-9470-f015dfc8bb9e'}
2025-11-06 08:21:59 [DEBUG] Executing dashboard base query with params: {'date_only': datetime.date(2025, 11, 7), 'date_only_ts': datetime.datetime(2025, 11, 7, 0, 0), 'business_id': '79581f88-5042-43d0-9594-ba81e70130b0', 'client_id': '', 'pet_id': ''}
2025-11-06 08:21:59 [DEBUG] Dashboard query returned 2 rows before filtering.
2025-11-06 08:21:59 [DEBUG] Filtered results: 2 remaining after exclusions.
2025-11-06 08:21:59 [DEBUG] Loaded 2 notifications for business 79581f88-5042-43d0-9594-ba81e70130b0
2025-11-06 08:21:59 [INFO] Dashboard info built successfully for user 81e78254-85dc-464c-8aa4-455f9d9d47eb
2025-11-06 08:22:08 [INFO] Dashboard info requested by user_id=81e78254-85dc-464c-8aa4-455f9d9d47eb
2025-11-06 08:22:08 [DEBUG] Incoming dashboard params: date_time=2025-11-07, client_id=, pet_id=
2025-11-06 08:22:09 [DEBUG] Business logo encoded successfully.
2025-11-06 08:22:09 [DEBUG] Excluded recurring IDs for date 2025-11-07: {'22d042a0-ac60-42df-ada8-f8ac5fffd246', '2e1c1714-2cc3-405c-ae06-7bf1d9407615', '2cea8242-4dbe-423a-9470-f015dfc8bb9e'}
2025-11-06 08:22:09 [DEBUG] Executing dashboard base query with params: {'date_only': datetime.date(2025, 11, 7), 'date_only_ts': datetime.datetime(2025, 11, 7, 0, 0), 'business_id': '79581f88-5042-43d0-9594-ba81e70130b0', 'client_id': '', 'pet_id': ''}
2025-11-06 08:22:09 [DEBUG] Dashboard query returned 2 rows before filtering.
2025-11-06 08:22:09 [DEBUG] Filtered results: 2 remaining after exclusions.
2025-11-06 08:22:09 [DEBUG] Loaded 0 notifications for business 79581f88-5042-43d0-9594-ba81e70130b0
2025-11-06 08:22:09 [INFO] Dashboard info built successfully for user 81e78254-85dc-464c-8aa4-455f9d9d47eb
2025-11-06 08:34:46 [INFO] Dashboard info requested by user_id=81e78254-85dc-464c-8aa4-455f9d9d47eb
2025-11-06 08:34:46 [DEBUG] Incoming dashboard params: date_time=2025-11-07, client_id=, pet_id=
2025-11-06 08:34:48 [DEBUG] Business logo encoded successfully.
2025-11-06 08:34:48 [DEBUG] Excluded recurring IDs for date 2025-11-07: {'2e1c1714-2cc3-405c-ae06-7bf1d9407615', '22d042a0-ac60-42df-ada8-f8ac5fffd246', '2cea8242-4dbe-423a-9470-f015dfc8bb9e'}
2025-11-06 08:34:48 [DEBUG] Executing dashboard base query with params: {'date_only': datetime.date(2025, 11, 7), 'date_only_ts': datetime.datetime(2025, 11, 7, 0, 0), 'business_id': '79581f88-5042-43d0-9594-ba81e70130b0', 'client_id': '', 'pet_id': ''}
2025-11-06 08:34:48 [DEBUG] Dashboard query returned 2 rows before filtering.
2025-11-06 08:34:48 [DEBUG] Filtered results: 2 remaining after exclusions.
2025-11-06 08:34:49 [DEBUG] Loaded 0 notifications for business 79581f88-5042-43d0-9594-ba81e70130b0
2025-11-06 08:34:49 [INFO] Dashboard info built successfully for user 81e78254-85dc-464c-8aa4-455f9d9d47eb
2025-11-06 08:34:52 [INFO] Dashboard info requested by user_id=81e78254-85dc-464c-8aa4-455f9d9d47eb
2025-11-06 08:34:52 [DEBUG] Incoming dashboard params: date_time=2025-11-07, client_id=, pet_id=
2025-11-06 08:34:53 [DEBUG] Business logo encoded successfully.
2025-11-06 08:34:53 [DEBUG] Excluded recurring IDs for date 2025-11-07: {'2e1c1714-2cc3-405c-ae06-7bf1d9407615', '22d042a0-ac60-42df-ada8-f8ac5fffd246', '2cea8242-4dbe-423a-9470-f015dfc8bb9e'}
2025-11-06 08:34:53 [DEBUG] Executing dashboard base query with params: {'date_only': datetime.date(2025, 11, 7), 'date_only_ts': datetime.datetime(2025, 11, 7, 0, 0), 'business_id': '79581f88-5042-43d0-9594-ba81e70130b0', 'client_id': '', 'pet_id': ''}
2025-11-06 08:34:53 [DEBUG] Dashboard query returned 2 rows before filtering.
2025-11-06 08:34:53 [DEBUG] Filtered results: 2 remaining after exclusions.
2025-11-06 08:34:53 [DEBUG] Loaded 0 notifications for business 79581f88-5042-43d0-9594-ba81e70130b0
2025-11-06 08:34:53 [INFO] Dashboard info built successfully for user 81e78254-85dc-464c-8aa4-455f9d9d47eb
2025-11-06 08:34:53 [INFO] Dashboard info requested by user_id=81e78254-85dc-464c-8aa4-455f9d9d47eb
2025-11-06 08:34:53 [DEBUG] Incoming dashboard params: date_time=2025-11-07, client_id=, pet_id=
2025-11-06 08:34:54 [DEBUG] Business logo encoded successfully.
2025-11-06 08:34:54 [DEBUG] Excluded recurring IDs for date 2025-11-07: {'2e1c1714-2cc3-405c-ae06-7bf1d9407615', '22d042a0-ac60-42df-ada8-f8ac5fffd246', '2cea8242-4dbe-423a-9470-f015dfc8bb9e'}
2025-11-06 08:34:54 [DEBUG] Executing dashboard base query with params: {'date_only': datetime.date(2025, 11, 7), 'date_only_ts': datetime.datetime(2025, 11, 7, 0, 0), 'business_id': '79581f88-5042-43d0-9594-ba81e70130b0', 'client_id': '', 'pet_id': ''}
2025-11-06 08:34:54 [DEBUG] Dashboard query returned 2 rows before filtering.
2025-11-06 08:34:54 [DEBUG] Filtered results: 2 remaining after exclusions.
2025-11-06 08:34:54 [DEBUG] Loaded 0 notifications for business 79581f88-5042-43d0-9594-ba81e70130b0
2025-11-06 08:34:54 [INFO] Dashboard info built successfully for user 81e78254-85dc-464c-8aa4-455f9d9d47eb
2025-11-06 08:34:58 [INFO] Dashboard info requested by user_id=81e78254-85dc-464c-8aa4-455f9d9d47eb
2025-11-06 08:34:58 [DEBUG] Incoming dashboard params: date_time=2025-11-07, client_id=, pet_id=
2025-11-06 08:34:59 [DEBUG] Business logo encoded successfully.
2025-11-06 08:34:59 [DEBUG] Excluded recurring IDs for date 2025-11-07: {'2e1c1714-2cc3-405c-ae06-7bf1d9407615', '22d042a0-ac60-42df-ada8-f8ac5fffd246', '2cea8242-4dbe-423a-9470-f015dfc8bb9e'}
2025-11-06 08:34:59 [DEBUG] Executing dashboard base query with params: {'date_only': datetime.date(2025, 11, 7), 'date_only_ts': datetime.datetime(2025, 11, 7, 0, 0), 'business_id': '79581f88-5042-43d0-9594-ba81e70130b0', 'client_id': '', 'pet_id': ''}
2025-11-06 08:34:59 [DEBUG] Dashboard query returned 1 rows before filtering.
2025-11-06 08:34:59 [DEBUG] Filtered results: 1 remaining after exclusions.
2025-11-06 08:34:59 [DEBUG] Loaded 0 notifications for business 79581f88-5042-43d0-9594-ba81e70130b0
2025-11-06 08:34:59 [INFO] Dashboard info built successfully for user 81e78254-85dc-464c-8aa4-455f9d9d47eb
2025-11-06 08:35:06 [INFO] Dashboard info requested by user_id=81e78254-85dc-464c-8aa4-455f9d9d47eb
2025-11-06 08:35:06 [DEBUG] Incoming dashboard params: date_time=2025-11-07, client_id=, pet_id=
2025-11-06 08:35:08 [DEBUG] Business logo encoded successfully.
2025-11-06 08:35:08 [DEBUG] Excluded recurring IDs for date 2025-11-07: {'2e1c1714-2cc3-405c-ae06-7bf1d9407615', '22d042a0-ac60-42df-ada8-f8ac5fffd246', '2cea8242-4dbe-423a-9470-f015dfc8bb9e'}
2025-11-06 08:35:08 [DEBUG] Executing dashboard base query with params: {'date_only': datetime.date(2025, 11, 7), 'date_only_ts': datetime.datetime(2025, 11, 7, 0, 0), 'business_id': '79581f88-5042-43d0-9594-ba81e70130b0', 'client_id': '', 'pet_id': ''}
2025-11-06 08:35:08 [DEBUG] Dashboard query returned 0 rows before filtering.
2025-11-06 08:35:08 [DEBUG] Filtered results: 0 remaining after exclusions.
2025-11-06 08:35:08 [DEBUG] Loaded 0 notifications for business 79581f88-5042-43d0-9594-ba81e70130b0
2025-11-06 08:35:08 [INFO] Dashboard info built successfully for user 81e78254-85dc-464c-8aa4-455f9d9d47eb
2025-11-06 08:58:53 [INFO] Dashboard info requested by user_id=81e78254-85dc-464c-8aa4-455f9d9d47eb
2025-11-06 08:58:53 [DEBUG] Incoming dashboard params: date_time=2025-11-06, client_id=, pet_id=
2025-11-06 08:58:54 [DEBUG] Business logo encoded successfully.
2025-11-06 08:58:54 [DEBUG] Excluded recurring IDs for date 2025-11-06: {'4e71592c-0d28-4fc0-91ab-058d7a105b91', '0510befe-e14f-4513-80cc-1b991d69c27d', '49a2592e-ecd7-46da-9c03-866b96530b67', '486b2003-fdad-4009-9800-cb19d7295067', '30f14564-3f37-4bd9-b0bb-19cfe5b9a223', 'e70f92cd-4029-441f-82f3-037603527358', '2cda888d-df9b-42bd-bef3-adaa776e5fc6', 'a0664f90-3920-495e-bd70-89fa6b0b903e', '9fd5169c-df7f-4c45-a211-d2a8f9fc204a', '834d6450-75ea-4d3f-8d56-86b08d39a3b9', '1e33f7e8-00b4-4d9a-a70a-158f7e2ce5ee', 'b63bc563-f097-496c-9eba-709f7bb84766', 'd728b49a-ad6d-4b07-bb7b-f095a3b6abe4', '83f4ae67-04d3-459e-b6f6-3ee7c8c954a3', '2cea8242-4dbe-423a-9470-f015dfc8bb9e', '22d042a0-ac60-42df-ada8-f8ac5fffd246'}
2025-11-06 08:58:54 [DEBUG] Executing dashboard base query with params: {'date_only': datetime.date(2025, 11, 6), 'date_only_ts': datetime.datetime(2025, 11, 6, 0, 0), 'business_id': '79581f88-5042-43d0-9594-ba81e70130b0', 'client_id': '', 'pet_id': ''}
2025-11-06 08:58:54 [DEBUG] Dashboard query returned 0 rows before filtering.
2025-11-06 08:58:54 [DEBUG] Filtered results: 0 remaining after exclusions.
2025-11-06 08:58:54 [DEBUG] Loaded 4 notifications for business 79581f88-5042-43d0-9594-ba81e70130b0
2025-11-06 08:58:54 [INFO] Dashboard info built successfully for user 81e78254-85dc-464c-8aa4-455f9d9d47eb
2025-11-06 08:59:05 [INFO] Dashboard info requested by user_id=81e78254-85dc-464c-8aa4-455f9d9d47eb
2025-11-06 08:59:05 [DEBUG] Incoming dashboard params: date_time=2025-11-07, client_id=, pet_id=
2025-11-06 08:59:06 [DEBUG] Business logo encoded successfully.
2025-11-06 08:59:07 [DEBUG] Excluded recurring IDs for date 2025-11-07: {'2e1c1714-2cc3-405c-ae06-7bf1d9407615', '2cea8242-4dbe-423a-9470-f015dfc8bb9e', '22d042a0-ac60-42df-ada8-f8ac5fffd246'}
2025-11-06 08:59:07 [DEBUG] Executing dashboard base query with params: {'date_only': datetime.date(2025, 11, 7), 'date_only_ts': datetime.datetime(2025, 11, 7, 0, 0), 'business_id': '79581f88-5042-43d0-9594-ba81e70130b0', 'client_id': '', 'pet_id': ''}
2025-11-06 08:59:07 [DEBUG] Dashboard query returned 2 rows before filtering.
2025-11-06 08:59:07 [DEBUG] Filtered results: 2 remaining after exclusions.
2025-11-06 08:59:07 [DEBUG] Loaded 4 notifications for business 79581f88-5042-43d0-9594-ba81e70130b0
2025-11-06 08:59:07 [INFO] Dashboard info built successfully for user 81e78254-85dc-464c-8aa4-455f9d9d47eb
2025-11-06 08:59:07 [INFO] Dashboard info requested by user_id=81e78254-85dc-464c-8aa4-455f9d9d47eb
2025-11-06 08:59:07 [DEBUG] Incoming dashboard params: date_time=2025-11-08, client_id=, pet_id=
2025-11-06 08:59:08 [DEBUG] Business logo encoded successfully.
2025-11-06 08:59:08 [DEBUG] Excluded recurring IDs for date 2025-11-08: set()
2025-11-06 08:59:08 [DEBUG] Executing dashboard base query with params: {'date_only': datetime.date(2025, 11, 8), 'date_only_ts': datetime.datetime(2025, 11, 8, 0, 0), 'business_id': '79581f88-5042-43d0-9594-ba81e70130b0', 'client_id': '', 'pet_id': ''}
2025-11-06 08:59:08 [DEBUG] Dashboard query returned 2 rows before filtering.
2025-11-06 08:59:08 [DEBUG] Filtered results: 2 remaining after exclusions.
2025-11-06 08:59:08 [DEBUG] Loaded 4 notifications for business 79581f88-5042-43d0-9594-ba81e70130b0
2025-11-06 08:59:08 [INFO] Dashboard info built successfully for user 81e78254-85dc-464c-8aa4-455f9d9d47eb
2025-11-06 08:59:08 [INFO] Dashboard info requested by user_id=81e78254-85dc-464c-8aa4-455f9d9d47eb
2025-11-06 08:59:08 [DEBUG] Incoming dashboard params: date_time=2025-11-06, client_id=, pet_id=
2025-11-06 08:59:09 [DEBUG] Business logo encoded successfully.
2025-11-06 08:59:09 [DEBUG] Excluded recurring IDs for date 2025-11-06: {'4e71592c-0d28-4fc0-91ab-058d7a105b91', '0510befe-e14f-4513-80cc-1b991d69c27d', '49a2592e-ecd7-46da-9c03-866b96530b67', '486b2003-fdad-4009-9800-cb19d7295067', '30f14564-3f37-4bd9-b0bb-19cfe5b9a223', 'e70f92cd-4029-441f-82f3-037603527358', '2cda888d-df9b-42bd-bef3-adaa776e5fc6', 'a0664f90-3920-495e-bd70-89fa6b0b903e', '9fd5169c-df7f-4c45-a211-d2a8f9fc204a', '834d6450-75ea-4d3f-8d56-86b08d39a3b9', '1e33f7e8-00b4-4d9a-a70a-158f7e2ce5ee', 'b63bc563-f097-496c-9eba-709f7bb84766', 'd728b49a-ad6d-4b07-bb7b-f095a3b6abe4', '83f4ae67-04d3-459e-b6f6-3ee7c8c954a3', '2cea8242-4dbe-423a-9470-f015dfc8bb9e', '22d042a0-ac60-42df-ada8-f8ac5fffd246'}
2025-11-06 08:59:09 [DEBUG] Executing dashboard base query with params: {'date_only': datetime.date(2025, 11, 6), 'date_only_ts': datetime.datetime(2025, 11, 6, 0, 0), 'business_id': '79581f88-5042-43d0-9594-ba81e70130b0', 'client_id': '', 'pet_id': ''}
2025-11-06 08:59:09 [DEBUG] Dashboard query returned 0 rows before filtering.
2025-11-06 08:59:09 [DEBUG] Filtered results: 0 remaining after exclusions.
2025-11-06 08:59:09 [DEBUG] Loaded 4 notifications for business 79581f88-5042-43d0-9594-ba81e70130b0
2025-11-06 08:59:09 [INFO] Dashboard info built successfully for user 81e78254-85dc-464c-8aa4-455f9d9d47eb
2025-11-06 08:59:10 [INFO] Dashboard info requested by user_id=81e78254-85dc-464c-8aa4-455f9d9d47eb
2025-11-06 08:59:10 [DEBUG] Incoming dashboard params: date_time=2025-11-06, client_id=, pet_id=
2025-11-06 08:59:11 [DEBUG] Business logo encoded successfully.
2025-11-06 08:59:11 [DEBUG] Excluded recurring IDs for date 2025-11-06: {'4e71592c-0d28-4fc0-91ab-058d7a105b91', '0510befe-e14f-4513-80cc-1b991d69c27d', '49a2592e-ecd7-46da-9c03-866b96530b67', '486b2003-fdad-4009-9800-cb19d7295067', '30f14564-3f37-4bd9-b0bb-19cfe5b9a223', 'e70f92cd-4029-441f-82f3-037603527358', '2cda888d-df9b-42bd-bef3-adaa776e5fc6', 'a0664f90-3920-495e-bd70-89fa6b0b903e', '9fd5169c-df7f-4c45-a211-d2a8f9fc204a', '834d6450-75ea-4d3f-8d56-86b08d39a3b9', '1e33f7e8-00b4-4d9a-a70a-158f7e2ce5ee', 'b63bc563-f097-496c-9eba-709f7bb84766', 'd728b49a-ad6d-4b07-bb7b-f095a3b6abe4', '83f4ae67-04d3-459e-b6f6-3ee7c8c954a3', '2cea8242-4dbe-423a-9470-f015dfc8bb9e', '22d042a0-ac60-42df-ada8-f8ac5fffd246'}
2025-11-06 08:59:11 [DEBUG] Executing dashboard base query with params: {'date_only': datetime.date(2025, 11, 6), 'date_only_ts': datetime.datetime(2025, 11, 6, 0, 0), 'business_id': '79581f88-5042-43d0-9594-ba81e70130b0', 'client_id': '', 'pet_id': ''}
2025-11-06 08:59:11 [DEBUG] Dashboard query returned 0 rows before filtering.
2025-11-06 08:59:11 [DEBUG] Filtered results: 0 remaining after exclusions.
2025-11-06 08:59:11 [DEBUG] Loaded 4 notifications for business 79581f88-5042-43d0-9594-ba81e70130b0
2025-11-06 08:59:11 [INFO] Dashboard info built successfully for user 81e78254-85dc-464c-8aa4-455f9d9d47eb
2025-11-06 08:59:12 [INFO] Dashboard info requested by user_id=81e78254-85dc-464c-8aa4-455f9d9d47eb
2025-11-06 08:59:12 [DEBUG] Incoming dashboard params: date_time=2025-11-06, client_id=, pet_id=
2025-11-06 08:59:12 [DEBUG] Business logo encoded successfully.
2025-11-06 08:59:12 [DEBUG] Excluded recurring IDs for date 2025-11-06: {'4e71592c-0d28-4fc0-91ab-058d7a105b91', '0510befe-e14f-4513-80cc-1b991d69c27d', '49a2592e-ecd7-46da-9c03-866b96530b67', '486b2003-fdad-4009-9800-cb19d7295067', '30f14564-3f37-4bd9-b0bb-19cfe5b9a223', 'e70f92cd-4029-441f-82f3-037603527358', '2cda888d-df9b-42bd-bef3-adaa776e5fc6', 'a0664f90-3920-495e-bd70-89fa6b0b903e', '9fd5169c-df7f-4c45-a211-d2a8f9fc204a', '834d6450-75ea-4d3f-8d56-86b08d39a3b9', '1e33f7e8-00b4-4d9a-a70a-158f7e2ce5ee', 'b63bc563-f097-496c-9eba-709f7bb84766', 'd728b49a-ad6d-4b07-bb7b-f095a3b6abe4', '83f4ae67-04d3-459e-b6f6-3ee7c8c954a3', '2cea8242-4dbe-423a-9470-f015dfc8bb9e', '22d042a0-ac60-42df-ada8-f8ac5fffd246'}
2025-11-06 08:59:12 [DEBUG] Executing dashboard base query with params: {'date_only': datetime.date(2025, 11, 6), 'date_only_ts': datetime.datetime(2025, 11, 6, 0, 0), 'business_id': '79581f88-5042-43d0-9594-ba81e70130b0', 'client_id': '', 'pet_id': ''}
2025-11-06 08:59:12 [DEBUG] Dashboard query returned 0 rows before filtering.
2025-11-06 08:59:12 [DEBUG] Filtered results: 0 remaining after exclusions.
2025-11-06 08:59:12 [DEBUG] Loaded 4 notifications for business 79581f88-5042-43d0-9594-ba81e70130b0
2025-11-06 08:59:12 [INFO] Dashboard info built successfully for user 81e78254-85dc-464c-8aa4-455f9d9d47eb
2025-11-06 08:59:13 [INFO] Dashboard info requested by user_id=81e78254-85dc-464c-8aa4-455f9d9d47eb
2025-11-06 08:59:13 [DEBUG] Incoming dashboard params: date_time=2025-11-07, client_id=, pet_id=
2025-11-06 08:59:14 [DEBUG] Business logo encoded successfully.
2025-11-06 08:59:14 [DEBUG] Excluded recurring IDs for date 2025-11-07: {'2e1c1714-2cc3-405c-ae06-7bf1d9407615', '2cea8242-4dbe-423a-9470-f015dfc8bb9e', '22d042a0-ac60-42df-ada8-f8ac5fffd246'}
2025-11-06 08:59:14 [DEBUG] Executing dashboard base query with params: {'date_only': datetime.date(2025, 11, 7), 'date_only_ts': datetime.datetime(2025, 11, 7, 0, 0), 'business_id': '79581f88-5042-43d0-9594-ba81e70130b0', 'client_id': '', 'pet_id': ''}
2025-11-06 08:59:14 [DEBUG] Dashboard query returned 2 rows before filtering.
2025-11-06 08:59:14 [DEBUG] Filtered results: 2 remaining after exclusions.
2025-11-06 08:59:14 [DEBUG] Loaded 4 notifications for business 79581f88-5042-43d0-9594-ba81e70130b0
2025-11-06 08:59:14 [INFO] Dashboard info built successfully for user 81e78254-85dc-464c-8aa4-455f9d9d47eb
2025-11-06 08:59:14 [INFO] Dashboard info requested by user_id=81e78254-85dc-464c-8aa4-455f9d9d47eb
2025-11-06 08:59:14 [DEBUG] Incoming dashboard params: date_time=2025-11-07, client_id=, pet_id=
2025-11-06 08:59:16 [DEBUG] Business logo encoded successfully.
2025-11-06 08:59:16 [DEBUG] Excluded recurring IDs for date 2025-11-07: {'2e1c1714-2cc3-405c-ae06-7bf1d9407615', '2cea8242-4dbe-423a-9470-f015dfc8bb9e', '22d042a0-ac60-42df-ada8-f8ac5fffd246'}
2025-11-06 08:59:16 [DEBUG] Executing dashboard base query with params: {'date_only': datetime.date(2025, 11, 7), 'date_only_ts': datetime.datetime(2025, 11, 7, 0, 0), 'business_id': '79581f88-5042-43d0-9594-ba81e70130b0', 'client_id': '', 'pet_id': ''}
2025-11-06 08:59:16 [DEBUG] Dashboard query returned 2 rows before filtering.
2025-11-06 08:59:16 [DEBUG] Filtered results: 2 remaining after exclusions.
2025-11-06 08:59:16 [DEBUG] Loaded 4 notifications for business 79581f88-5042-43d0-9594-ba81e70130b0
2025-11-06 08:59:16 [INFO] Dashboard info built successfully for user 81e78254-85dc-464c-8aa4-455f9d9d47eb
2025-11-06 08:59:18 [INFO] Dashboard info requested by user_id=81e78254-85dc-464c-8aa4-455f9d9d47eb
2025-11-06 08:59:18 [DEBUG] Incoming dashboard params: date_time=2025-11-08, client_id=, pet_id=
2025-11-06 08:59:19 [DEBUG] Business logo encoded successfully.
2025-11-06 08:59:19 [DEBUG] Excluded recurring IDs for date 2025-11-08: set()
2025-11-06 08:59:19 [DEBUG] Executing dashboard base query with params: {'date_only': datetime.date(2025, 11, 8), 'date_only_ts': datetime.datetime(2025, 11, 8, 0, 0), 'business_id': '79581f88-5042-43d0-9594-ba81e70130b0', 'client_id': '', 'pet_id': ''}
2025-11-06 08:59:19 [DEBUG] Dashboard query returned 2 rows before filtering.
2025-11-06 08:59:19 [DEBUG] Filtered results: 2 remaining after exclusions.
2025-11-06 08:59:19 [DEBUG] Loaded 4 notifications for business 79581f88-5042-43d0-9594-ba81e70130b0
2025-11-06 08:59:19 [INFO] Dashboard info built successfully for user 81e78254-85dc-464c-8aa4-455f9d9d47eb
2025-11-06 08:59:19 [INFO] Dashboard info requested by user_id=81e78254-85dc-464c-8aa4-455f9d9d47eb
2025-11-06 08:59:19 [DEBUG] Incoming dashboard params: date_time=2025-11-08, client_id=, pet_id=
2025-11-06 08:59:20 [DEBUG] Business logo encoded successfully.
2025-11-06 08:59:20 [DEBUG] Excluded recurring IDs for date 2025-11-08: set()
2025-11-06 08:59:20 [DEBUG] Executing dashboard base query with params: {'date_only': datetime.date(2025, 11, 8), 'date_only_ts': datetime.datetime(2025, 11, 8, 0, 0), 'business_id': '79581f88-5042-43d0-9594-ba81e70130b0', 'client_id': '', 'pet_id': ''}
2025-11-06 08:59:20 [DEBUG] Dashboard query returned 2 rows before filtering.
2025-11-06 08:59:20 [DEBUG] Filtered results: 2 remaining after exclusions.
2025-11-06 08:59:20 [DEBUG] Loaded 4 notifications for business 79581f88-5042-43d0-9594-ba81e70130b0
2025-11-06 08:59:20 [INFO] Dashboard info built successfully for user 81e78254-85dc-464c-8aa4-455f9d9d47eb
2025-11-06 08:59:24 [INFO] Dashboard info requested by user_id=81e78254-85dc-464c-8aa4-455f9d9d47eb
2025-11-06 08:59:24 [DEBUG] Incoming dashboard params: date_time=2025-11-08, client_id=, pet_id=
2025-11-06 08:59:24 [DEBUG] Business logo encoded successfully.
2025-11-06 08:59:24 [DEBUG] Excluded recurring IDs for date 2025-11-08: set()
2025-11-06 08:59:24 [DEBUG] Executing dashboard base query with params: {'date_only': datetime.date(2025, 11, 8), 'date_only_ts': datetime.datetime(2025, 11, 8, 0, 0), 'business_id': '79581f88-5042-43d0-9594-ba81e70130b0', 'client_id': '', 'pet_id': ''}
2025-11-06 08:59:24 [DEBUG] Dashboard query returned 1 rows before filtering.
2025-11-06 08:59:24 [DEBUG] Filtered results: 1 remaining after exclusions.
2025-11-06 08:59:24 [DEBUG] Loaded 4 notifications for business 79581f88-5042-43d0-9594-ba81e70130b0
2025-11-06 08:59:24 [INFO] Dashboard info built successfully for user 81e78254-85dc-464c-8aa4-455f9d9d47eb
2025-11-06 08:59:28 [INFO] Dashboard info requested by user_id=81e78254-85dc-464c-8aa4-455f9d9d47eb
2025-11-06 08:59:28 [DEBUG] Incoming dashboard params: date_time=2025-11-08, client_id=, pet_id=
2025-11-06 08:59:29 [DEBUG] Business logo encoded successfully.
2025-11-06 08:59:29 [DEBUG] Excluded recurring IDs for date 2025-11-08: set()
2025-11-06 08:59:29 [DEBUG] Executing dashboard base query with params: {'date_only': datetime.date(2025, 11, 8), 'date_only_ts': datetime.datetime(2025, 11, 8, 0, 0), 'business_id': '79581f88-5042-43d0-9594-ba81e70130b0', 'client_id': '', 'pet_id': ''}
2025-11-06 08:59:29 [DEBUG] Dashboard query returned 0 rows before filtering.
2025-11-06 08:59:29 [DEBUG] Filtered results: 0 remaining after exclusions.
2025-11-06 08:59:29 [DEBUG] Loaded 4 notifications for business 79581f88-5042-43d0-9594-ba81e70130b0
2025-11-06 08:59:29 [INFO] Dashboard info built successfully for user 81e78254-85dc-464c-8aa4-455f9d9d47eb
2025-11-06 09:00:19 [INFO] Dashboard info requested by user_id=81e78254-85dc-464c-8aa4-455f9d9d47eb
2025-11-06 09:00:19 [DEBUG] Incoming dashboard params: date_time=2025-11-06, client_id=, pet_id=
2025-11-06 09:00:22 [DEBUG] Business logo encoded successfully.
2025-11-06 09:00:22 [DEBUG] Excluded recurring IDs for date 2025-11-06: {'4e71592c-0d28-4fc0-91ab-058d7a105b91', '0510befe-e14f-4513-80cc-1b991d69c27d', '49a2592e-ecd7-46da-9c03-866b96530b67', '486b2003-fdad-4009-9800-cb19d7295067', '30f14564-3f37-4bd9-b0bb-19cfe5b9a223', 'e70f92cd-4029-441f-82f3-037603527358', '2cda888d-df9b-42bd-bef3-adaa776e5fc6', 'a0664f90-3920-495e-bd70-89fa6b0b903e', '9fd5169c-df7f-4c45-a211-d2a8f9fc204a', '834d6450-75ea-4d3f-8d56-86b08d39a3b9', '1e33f7e8-00b4-4d9a-a70a-158f7e2ce5ee', 'b63bc563-f097-496c-9eba-709f7bb84766', 'd728b49a-ad6d-4b07-bb7b-f095a3b6abe4', '83f4ae67-04d3-459e-b6f6-3ee7c8c954a3', '2cea8242-4dbe-423a-9470-f015dfc8bb9e', '22d042a0-ac60-42df-ada8-f8ac5fffd246'}
2025-11-06 09:00:22 [DEBUG] Executing dashboard base query with params: {'date_only': datetime.date(2025, 11, 6), 'date_only_ts': datetime.datetime(2025, 11, 6, 0, 0), 'business_id': '79581f88-5042-43d0-9594-ba81e70130b0', 'client_id': '', 'pet_id': ''}
2025-11-06 09:00:22 [DEBUG] Dashboard query returned 0 rows before filtering.
2025-11-06 09:00:22 [DEBUG] Filtered results: 0 remaining after exclusions.
2025-11-06 09:00:22 [DEBUG] Loaded 4 notifications for business 79581f88-5042-43d0-9594-ba81e70130b0
2025-11-06 09:00:22 [INFO] Dashboard info built successfully for user 81e78254-85dc-464c-8aa4-455f9d9d47eb
2025-11-06 09:00:23 [INFO] Dashboard info requested by user_id=81e78254-85dc-464c-8aa4-455f9d9d47eb
2025-11-06 09:00:23 [DEBUG] Incoming dashboard params: date_time=2025-11-06, client_id=, pet_id=
2025-11-06 09:00:25 [DEBUG] Business logo encoded successfully.
2025-11-06 09:00:25 [DEBUG] Excluded recurring IDs for date 2025-11-06: {'4e71592c-0d28-4fc0-91ab-058d7a105b91', '0510befe-e14f-4513-80cc-1b991d69c27d', '49a2592e-ecd7-46da-9c03-866b96530b67', '486b2003-fdad-4009-9800-cb19d7295067', '30f14564-3f37-4bd9-b0bb-19cfe5b9a223', 'e70f92cd-4029-441f-82f3-037603527358', '2cda888d-df9b-42bd-bef3-adaa776e5fc6', 'a0664f90-3920-495e-bd70-89fa6b0b903e', '9fd5169c-df7f-4c45-a211-d2a8f9fc204a', '834d6450-75ea-4d3f-8d56-86b08d39a3b9', '1e33f7e8-00b4-4d9a-a70a-158f7e2ce5ee', 'b63bc563-f097-496c-9eba-709f7bb84766', 'd728b49a-ad6d-4b07-bb7b-f095a3b6abe4', '83f4ae67-04d3-459e-b6f6-3ee7c8c954a3', '2cea8242-4dbe-423a-9470-f015dfc8bb9e', '22d042a0-ac60-42df-ada8-f8ac5fffd246'}
2025-11-06 09:00:25 [DEBUG] Executing dashboard base query with params: {'date_only': datetime.date(2025, 11, 6), 'date_only_ts': datetime.datetime(2025, 11, 6, 0, 0), 'business_id': '79581f88-5042-43d0-9594-ba81e70130b0', 'client_id': '', 'pet_id': ''}
2025-11-06 09:00:25 [DEBUG] Dashboard query returned 0 rows before filtering.
2025-11-06 09:00:25 [DEBUG] Filtered results: 0 remaining after exclusions.
2025-11-06 09:00:25 [DEBUG] Loaded 4 notifications for business 79581f88-5042-43d0-9594-ba81e70130b0
2025-11-06 09:00:25 [INFO] Dashboard info built successfully for user 81e78254-85dc-464c-8aa4-455f9d9d47eb
2025-11-06 09:00:27 [INFO] Dashboard info requested by user_id=81e78254-85dc-464c-8aa4-455f9d9d47eb
2025-11-06 09:00:27 [DEBUG] Incoming dashboard params: date_time=2025-11-06, client_id=, pet_id=
2025-11-06 09:00:31 [DEBUG] Business logo encoded successfully.
2025-11-06 09:00:31 [DEBUG] Excluded recurring IDs for date 2025-11-06: {'4e71592c-0d28-4fc0-91ab-058d7a105b91', '0510befe-e14f-4513-80cc-1b991d69c27d', '49a2592e-ecd7-46da-9c03-866b96530b67', '486b2003-fdad-4009-9800-cb19d7295067', '30f14564-3f37-4bd9-b0bb-19cfe5b9a223', 'e70f92cd-4029-441f-82f3-037603527358', '2cda888d-df9b-42bd-bef3-adaa776e5fc6', 'a0664f90-3920-495e-bd70-89fa6b0b903e', '9fd5169c-df7f-4c45-a211-d2a8f9fc204a', '834d6450-75ea-4d3f-8d56-86b08d39a3b9', '1e33f7e8-00b4-4d9a-a70a-158f7e2ce5ee', 'b63bc563-f097-496c-9eba-709f7bb84766', 'd728b49a-ad6d-4b07-bb7b-f095a3b6abe4', '83f4ae67-04d3-459e-b6f6-3ee7c8c954a3', '2cea8242-4dbe-423a-9470-f015dfc8bb9e', '22d042a0-ac60-42df-ada8-f8ac5fffd246'}
2025-11-06 09:00:31 [DEBUG] Executing dashboard base query with params: {'date_only': datetime.date(2025, 11, 6), 'date_only_ts': datetime.datetime(2025, 11, 6, 0, 0), 'business_id': '79581f88-5042-43d0-9594-ba81e70130b0', 'client_id': '', 'pet_id': ''}
2025-11-06 09:00:31 [DEBUG] Dashboard query returned 0 rows before filtering.
2025-11-06 09:00:31 [DEBUG] Filtered results: 0 remaining after exclusions.
2025-11-06 09:00:31 [DEBUG] Loaded 4 notifications for business 79581f88-5042-43d0-9594-ba81e70130b0
2025-11-06 09:00:31 [INFO] Dashboard info built successfully for user 81e78254-85dc-464c-8aa4-455f9d9d47eb
2025-11-06 09:00:34 [INFO] Dashboard info requested by user_id=81e78254-85dc-464c-8aa4-455f9d9d47eb
2025-11-06 09:00:34 [DEBUG] Incoming dashboard params: date_time=2025-11-06, client_id=, pet_id=
2025-11-06 09:00:37 [DEBUG] Business logo encoded successfully.
2025-11-06 09:00:37 [DEBUG] Excluded recurring IDs for date 2025-11-06: {'4e71592c-0d28-4fc0-91ab-058d7a105b91', '0510befe-e14f-4513-80cc-1b991d69c27d', '49a2592e-ecd7-46da-9c03-866b96530b67', '486b2003-fdad-4009-9800-cb19d7295067', '30f14564-3f37-4bd9-b0bb-19cfe5b9a223', 'e70f92cd-4029-441f-82f3-037603527358', '2cda888d-df9b-42bd-bef3-adaa776e5fc6', 'a0664f90-3920-495e-bd70-89fa6b0b903e', '9fd5169c-df7f-4c45-a211-d2a8f9fc204a', '834d6450-75ea-4d3f-8d56-86b08d39a3b9', '1e33f7e8-00b4-4d9a-a70a-158f7e2ce5ee', 'b63bc563-f097-496c-9eba-709f7bb84766', 'd728b49a-ad6d-4b07-bb7b-f095a3b6abe4', '83f4ae67-04d3-459e-b6f6-3ee7c8c954a3', '2cea8242-4dbe-423a-9470-f015dfc8bb9e', '22d042a0-ac60-42df-ada8-f8ac5fffd246'}
2025-11-06 09:00:37 [DEBUG] Executing dashboard base query with params: {'date_only': datetime.date(2025, 11, 6), 'date_only_ts': datetime.datetime(2025, 11, 6, 0, 0), 'business_id': '79581f88-5042-43d0-9594-ba81e70130b0', 'client_id': '', 'pet_id': ''}
2025-11-06 09:00:37 [DEBUG] Dashboard query returned 0 rows before filtering.
2025-11-06 09:00:37 [DEBUG] Filtered results: 0 remaining after exclusions.
2025-11-06 09:00:37 [DEBUG] Loaded 4 notifications for business 79581f88-5042-43d0-9594-ba81e70130b0
2025-11-06 09:00:37 [INFO] Dashboard info built successfully for user 81e78254-85dc-464c-8aa4-455f9d9d47eb
2025-11-06 09:00:40 [INFO] Dashboard info requested by user_id=81e78254-85dc-464c-8aa4-455f9d9d47eb
2025-11-06 09:00:40 [DEBUG] Incoming dashboard params: date_time=2025-11-07, client_id=, pet_id=
2025-11-06 09:00:41 [DEBUG] Business logo encoded successfully.
2025-11-06 09:00:41 [DEBUG] Excluded recurring IDs for date 2025-11-07: {'2e1c1714-2cc3-405c-ae06-7bf1d9407615', '2cea8242-4dbe-423a-9470-f015dfc8bb9e', '22d042a0-ac60-42df-ada8-f8ac5fffd246'}
2025-11-06 09:00:41 [DEBUG] Executing dashboard base query with params: {'date_only': datetime.date(2025, 11, 7), 'date_only_ts': datetime.datetime(2025, 11, 7, 0, 0), 'business_id': '79581f88-5042-43d0-9594-ba81e70130b0', 'client_id': '', 'pet_id': ''}
2025-11-06 09:00:41 [DEBUG] Dashboard query returned 2 rows before filtering.
2025-11-06 09:00:41 [DEBUG] Filtered results: 2 remaining after exclusions.
2025-11-06 09:00:41 [DEBUG] Loaded 4 notifications for business 79581f88-5042-43d0-9594-ba81e70130b0
2025-11-06 09:00:41 [INFO] Dashboard info built successfully for user 81e78254-85dc-464c-8aa4-455f9d9d47eb
2025-11-06 09:00:42 [INFO] Dashboard info requested by user_id=81e78254-85dc-464c-8aa4-455f9d9d47eb
2025-11-06 09:00:42 [DEBUG] Incoming dashboard params: date_time=2025-11-07, client_id=, pet_id=
2025-11-06 09:00:43 [DEBUG] Business logo encoded successfully.
2025-11-06 09:00:43 [DEBUG] Excluded recurring IDs for date 2025-11-07: {'2e1c1714-2cc3-405c-ae06-7bf1d9407615', '2cea8242-4dbe-423a-9470-f015dfc8bb9e', '22d042a0-ac60-42df-ada8-f8ac5fffd246'}
2025-11-06 09:00:43 [DEBUG] Executing dashboard base query with params: {'date_only': datetime.date(2025, 11, 7), 'date_only_ts': datetime.datetime(2025, 11, 7, 0, 0), 'business_id': '79581f88-5042-43d0-9594-ba81e70130b0', 'client_id': '', 'pet_id': ''}
2025-11-06 09:00:43 [DEBUG] Dashboard query returned 2 rows before filtering.
2025-11-06 09:00:43 [DEBUG] Filtered results: 2 remaining after exclusions.
2025-11-06 09:00:43 [DEBUG] Loaded 4 notifications for business 79581f88-5042-43d0-9594-ba81e70130b0
2025-11-06 09:00:43 [INFO] Dashboard info built successfully for user 81e78254-85dc-464c-8aa4-455f9d9d47eb
2025-11-06 09:18:14 [INFO] Dashboard info requested by user_id=81e78254-85dc-464c-8aa4-455f9d9d47eb
2025-11-06 09:18:14 [DEBUG] Incoming dashboard params: date_time=2025-11-06, client_id=, pet_id=
2025-11-06 09:18:17 [DEBUG] Business logo encoded successfully.
2025-11-06 09:18:17 [DEBUG] Excluded recurring IDs for date 2025-11-06: {'1e33f7e8-00b4-4d9a-a70a-158f7e2ce5ee', '0510befe-e14f-4513-80cc-1b991d69c27d', 'b63bc563-f097-496c-9eba-709f7bb84766', 'd728b49a-ad6d-4b07-bb7b-f095a3b6abe4', '2cea8242-4dbe-423a-9470-f015dfc8bb9e', 'a0664f90-3920-495e-bd70-89fa6b0b903e', '4e71592c-0d28-4fc0-91ab-058d7a105b91', '30f14564-3f37-4bd9-b0bb-19cfe5b9a223', '2cda888d-df9b-42bd-bef3-adaa776e5fc6', '834d6450-75ea-4d3f-8d56-86b08d39a3b9', '9fd5169c-df7f-4c45-a211-d2a8f9fc204a', '22d042a0-ac60-42df-ada8-f8ac5fffd246', '49a2592e-ecd7-46da-9c03-866b96530b67', 'e70f92cd-4029-441f-82f3-037603527358', '486b2003-fdad-4009-9800-cb19d7295067', '83f4ae67-04d3-459e-b6f6-3ee7c8c954a3'}
2025-11-06 09:18:17 [DEBUG] Executing dashboard base query with params: {'date_only': datetime.date(2025, 11, 6), 'date_only_ts': datetime.datetime(2025, 11, 6, 0, 0), 'business_id': '79581f88-5042-43d0-9594-ba81e70130b0', 'client_id': '', 'pet_id': ''}
2025-11-06 09:18:17 [DEBUG] Dashboard query returned 0 rows before filtering.
2025-11-06 09:18:17 [DEBUG] Filtered results: 0 remaining after exclusions.
2025-11-06 09:18:17 [DEBUG] Loaded 4 notifications for business 79581f88-5042-43d0-9594-ba81e70130b0
2025-11-06 09:18:17 [INFO] Dashboard info built successfully for user 81e78254-85dc-464c-8aa4-455f9d9d47eb
2025-11-06 09:21:22 [INFO] Dashboard info requested by user_id=81e78254-85dc-464c-8aa4-455f9d9d47eb
2025-11-06 09:21:22 [DEBUG] Incoming dashboard params: date_time=2025-11-07, client_id=, pet_id=
2025-11-06 09:21:23 [DEBUG] Business logo encoded successfully.
2025-11-06 09:21:23 [DEBUG] Excluded recurring IDs for date 2025-11-07: {'2e1c1714-2cc3-405c-ae06-7bf1d9407615', '22d042a0-ac60-42df-ada8-f8ac5fffd246', '2cea8242-4dbe-423a-9470-f015dfc8bb9e'}
2025-11-06 09:21:23 [DEBUG] Executing dashboard base query with params: {'date_only': datetime.date(2025, 11, 7), 'date_only_ts': datetime.datetime(2025, 11, 7, 0, 0), 'business_id': '79581f88-5042-43d0-9594-ba81e70130b0', 'client_id': '', 'pet_id': ''}
2025-11-06 09:21:23 [DEBUG] Dashboard query returned 2 rows before filtering.
2025-11-06 09:21:23 [DEBUG] Filtered results: 2 remaining after exclusions.
2025-11-06 09:21:23 [DEBUG] Loaded 6 notifications for business 79581f88-5042-43d0-9594-ba81e70130b0
2025-11-06 09:21:23 [INFO] Dashboard info built successfully for user 81e78254-85dc-464c-8aa4-455f9d9d47eb
2025-11-06 09:21:27 [INFO] Dashboard info requested by user_id=81e78254-85dc-464c-8aa4-455f9d9d47eb
2025-11-06 09:21:27 [DEBUG] Incoming dashboard params: date_time=2025-11-06, client_id=, pet_id=
2025-11-06 09:21:28 [DEBUG] Business logo encoded successfully.
2025-11-06 09:21:28 [DEBUG] Excluded recurring IDs for date 2025-11-06: {'83f4ae67-04d3-459e-b6f6-3ee7c8c954a3', '4e71592c-0d28-4fc0-91ab-058d7a105b91', '9fd5169c-df7f-4c45-a211-d2a8f9fc204a', '49a2592e-ecd7-46da-9c03-866b96530b67', '2cda888d-df9b-42bd-bef3-adaa776e5fc6', 'e70f92cd-4029-441f-82f3-037603527358', 'a0664f90-3920-495e-bd70-89fa6b0b903e', '0510befe-e14f-4513-80cc-1b991d69c27d', '1e33f7e8-00b4-4d9a-a70a-158f7e2ce5ee', '834d6450-75ea-4d3f-8d56-86b08d39a3b9', '30f14564-3f37-4bd9-b0bb-19cfe5b9a223', '22d042a0-ac60-42df-ada8-f8ac5fffd246', '2cea8242-4dbe-423a-9470-f015dfc8bb9e', '486b2003-fdad-4009-9800-cb19d7295067', 'd728b49a-ad6d-4b07-bb7b-f095a3b6abe4', 'b63bc563-f097-496c-9eba-709f7bb84766'}
2025-11-06 09:21:28 [DEBUG] Executing dashboard base query with params: {'date_only': datetime.date(2025, 11, 6), 'date_only_ts': datetime.datetime(2025, 11, 6, 0, 0), 'business_id': '79581f88-5042-43d0-9594-ba81e70130b0', 'client_id': '', 'pet_id': ''}
2025-11-06 09:21:28 [DEBUG] Dashboard query returned 0 rows before filtering.
2025-11-06 09:21:28 [DEBUG] Filtered results: 0 remaining after exclusions.
2025-11-06 09:21:28 [DEBUG] Loaded 6 notifications for business 79581f88-5042-43d0-9594-ba81e70130b0
2025-11-06 09:21:28 [INFO] Dashboard info built successfully for user 81e78254-85dc-464c-8aa4-455f9d9d47eb
2025-11-06 09:21:29 [INFO] Dashboard info requested by user_id=81e78254-85dc-464c-8aa4-455f9d9d47eb
2025-11-06 09:21:29 [DEBUG] Incoming dashboard params: date_time=2025-11-06, client_id=, pet_id=
2025-11-06 09:21:30 [DEBUG] Business logo encoded successfully.
2025-11-06 09:21:30 [DEBUG] Excluded recurring IDs for date 2025-11-06: {'83f4ae67-04d3-459e-b6f6-3ee7c8c954a3', '4e71592c-0d28-4fc0-91ab-058d7a105b91', '9fd5169c-df7f-4c45-a211-d2a8f9fc204a', '49a2592e-ecd7-46da-9c03-866b96530b67', '2cda888d-df9b-42bd-bef3-adaa776e5fc6', 'e70f92cd-4029-441f-82f3-037603527358', 'a0664f90-3920-495e-bd70-89fa6b0b903e', '0510befe-e14f-4513-80cc-1b991d69c27d', '1e33f7e8-00b4-4d9a-a70a-158f7e2ce5ee', '834d6450-75ea-4d3f-8d56-86b08d39a3b9', '30f14564-3f37-4bd9-b0bb-19cfe5b9a223', '22d042a0-ac60-42df-ada8-f8ac5fffd246', '2cea8242-4dbe-423a-9470-f015dfc8bb9e', '486b2003-fdad-4009-9800-cb19d7295067', 'd728b49a-ad6d-4b07-bb7b-f095a3b6abe4', 'b63bc563-f097-496c-9eba-709f7bb84766'}
2025-11-06 09:21:30 [DEBUG] Executing dashboard base query with params: {'date_only': datetime.date(2025, 11, 6), 'date_only_ts': datetime.datetime(2025, 11, 6, 0, 0), 'business_id': '79581f88-5042-43d0-9594-ba81e70130b0', 'client_id': '', 'pet_id': ''}
2025-11-06 09:21:30 [DEBUG] Dashboard query returned 0 rows before filtering.
2025-11-06 09:21:30 [DEBUG] Filtered results: 0 remaining after exclusions.
2025-11-06 09:21:30 [DEBUG] Loaded 6 notifications for business 79581f88-5042-43d0-9594-ba81e70130b0
2025-11-06 09:21:30 [INFO] Dashboard info built successfully for user 81e78254-85dc-464c-8aa4-455f9d9d47eb
2025-11-06 09:21:31 [INFO] Dashboard info requested by user_id=81e78254-85dc-464c-8aa4-455f9d9d47eb
2025-11-06 09:21:31 [DEBUG] Incoming dashboard params: date_time=2025-11-07, client_id=, pet_id=
2025-11-06 09:21:31 [DEBUG] Business logo encoded successfully.
2025-11-06 09:21:32 [DEBUG] Excluded recurring IDs for date 2025-11-07: {'2e1c1714-2cc3-405c-ae06-7bf1d9407615', '22d042a0-ac60-42df-ada8-f8ac5fffd246', '2cea8242-4dbe-423a-9470-f015dfc8bb9e'}
2025-11-06 09:21:32 [DEBUG] Executing dashboard base query with params: {'date_only': datetime.date(2025, 11, 7), 'date_only_ts': datetime.datetime(2025, 11, 7, 0, 0), 'business_id': '79581f88-5042-43d0-9594-ba81e70130b0', 'client_id': '', 'pet_id': ''}
2025-11-06 09:21:32 [DEBUG] Dashboard query returned 2 rows before filtering.
2025-11-06 09:21:32 [DEBUG] Filtered results: 2 remaining after exclusions.
2025-11-06 09:21:32 [DEBUG] Loaded 6 notifications for business 79581f88-5042-43d0-9594-ba81e70130b0
2025-11-06 09:21:32 [INFO] Dashboard info built successfully for user 81e78254-85dc-464c-8aa4-455f9d9d47eb
2025-11-06 09:21:32 [INFO] Dashboard info requested by user_id=81e78254-85dc-464c-8aa4-455f9d9d47eb
2025-11-06 09:21:32 [DEBUG] Incoming dashboard params: date_time=2025-11-07, client_id=, pet_id=
2025-11-06 09:21:33 [DEBUG] Business logo encoded successfully.
2025-11-06 09:21:33 [DEBUG] Excluded recurring IDs for date 2025-11-07: {'2e1c1714-2cc3-405c-ae06-7bf1d9407615', '22d042a0-ac60-42df-ada8-f8ac5fffd246', '2cea8242-4dbe-423a-9470-f015dfc8bb9e'}
2025-11-06 09:21:33 [DEBUG] Executing dashboard base query with params: {'date_only': datetime.date(2025, 11, 7), 'date_only_ts': datetime.datetime(2025, 11, 7, 0, 0), 'business_id': '79581f88-5042-43d0-9594-ba81e70130b0', 'client_id': '', 'pet_id': ''}
2025-11-06 09:21:33 [DEBUG] Dashboard query returned 2 rows before filtering.
2025-11-06 09:21:33 [DEBUG] Filtered results: 2 remaining after exclusions.
2025-11-06 09:21:33 [DEBUG] Loaded 6 notifications for business 79581f88-5042-43d0-9594-ba81e70130b0
2025-11-06 09:21:33 [INFO] Dashboard info built successfully for user 81e78254-85dc-464c-8aa4-455f9d9d47eb
2025-11-06 09:52:38 [INFO] Dashboard info requested by user_id=81e78254-85dc-464c-8aa4-455f9d9d47eb
2025-11-06 09:52:38 [DEBUG] Incoming dashboard params: date_time=2025-11-06, client_id=, pet_id=
2025-11-06 09:52:39 [DEBUG] Business logo encoded successfully.
2025-11-06 09:52:39 [DEBUG] Excluded recurring IDs for date 2025-11-06: {'834d6450-75ea-4d3f-8d56-86b08d39a3b9', '83f4ae67-04d3-459e-b6f6-3ee7c8c954a3', '9fd5169c-df7f-4c45-a211-d2a8f9fc204a', '4e71592c-0d28-4fc0-91ab-058d7a105b91', '2cea8242-4dbe-423a-9470-f015dfc8bb9e', '22d042a0-ac60-42df-ada8-f8ac5fffd246', 'e70f92cd-4029-441f-82f3-037603527358', '2cda888d-df9b-42bd-bef3-adaa776e5fc6', '486b2003-fdad-4009-9800-cb19d7295067', '1e33f7e8-00b4-4d9a-a70a-158f7e2ce5ee', 'd728b49a-ad6d-4b07-bb7b-f095a3b6abe4', '49a2592e-ecd7-46da-9c03-866b96530b67', 'b63bc563-f097-496c-9eba-709f7bb84766', 'a0664f90-3920-495e-bd70-89fa6b0b903e', '30f14564-3f37-4bd9-b0bb-19cfe5b9a223', '0510befe-e14f-4513-80cc-1b991d69c27d'}
2025-11-06 09:52:39 [DEBUG] Executing dashboard base query with params: {'date_only': datetime.date(2025, 11, 6), 'date_only_ts': datetime.datetime(2025, 11, 6, 0, 0), 'business_id': '79581f88-5042-43d0-9594-ba81e70130b0', 'client_id': '', 'pet_id': ''}
2025-11-06 09:52:39 [DEBUG] Dashboard query returned 0 rows before filtering.
2025-11-06 09:52:39 [DEBUG] Filtered results: 0 remaining after exclusions.
2025-11-06 09:52:39 [DEBUG] Loaded 6 notifications for business 79581f88-5042-43d0-9594-ba81e70130b0
2025-11-06 09:52:39 [INFO] Dashboard info built successfully for user 81e78254-85dc-464c-8aa4-455f9d9d47eb
2025-11-06 09:54:25 [INFO] Dashboard info requested by user_id=81e78254-85dc-464c-8aa4-455f9d9d47eb
2025-11-06 09:54:25 [DEBUG] Incoming dashboard params: date_time=2025-11-07, client_id=, pet_id=
2025-11-06 09:54:26 [DEBUG] Business logo encoded successfully.
2025-11-06 09:54:26 [DEBUG] Excluded recurring IDs for date 2025-11-07: {'2e1c1714-2cc3-405c-ae06-7bf1d9407615', '2cea8242-4dbe-423a-9470-f015dfc8bb9e', '22d042a0-ac60-42df-ada8-f8ac5fffd246'}
2025-11-06 09:54:26 [DEBUG] Executing dashboard base query with params: {'date_only': datetime.date(2025, 11, 7), 'date_only_ts': datetime.datetime(2025, 11, 7, 0, 0), 'business_id': '79581f88-5042-43d0-9594-ba81e70130b0', 'client_id': '', 'pet_id': ''}
2025-11-06 09:54:26 [DEBUG] Dashboard query returned 2 rows before filtering.
2025-11-06 09:54:26 [DEBUG] Filtered results: 2 remaining after exclusions.
2025-11-06 09:54:26 [DEBUG] Loaded 6 notifications for business 79581f88-5042-43d0-9594-ba81e70130b0
2025-11-06 09:54:26 [INFO] Dashboard info built successfully for user 81e78254-85dc-464c-8aa4-455f9d9d47eb
2025-11-06 09:54:26 [INFO] Dashboard info requested by user_id=81e78254-85dc-464c-8aa4-455f9d9d47eb
2025-11-06 09:54:26 [DEBUG] Incoming dashboard params: date_time=2025-11-06, client_id=, pet_id=
2025-11-06 09:54:28 [DEBUG] Business logo encoded successfully.
2025-11-06 09:54:28 [DEBUG] Excluded recurring IDs for date 2025-11-06: {'834d6450-75ea-4d3f-8d56-86b08d39a3b9', '83f4ae67-04d3-459e-b6f6-3ee7c8c954a3', '9fd5169c-df7f-4c45-a211-d2a8f9fc204a', '4e71592c-0d28-4fc0-91ab-058d7a105b91', '2cea8242-4dbe-423a-9470-f015dfc8bb9e', '22d042a0-ac60-42df-ada8-f8ac5fffd246', 'e70f92cd-4029-441f-82f3-037603527358', '2cda888d-df9b-42bd-bef3-adaa776e5fc6', '486b2003-fdad-4009-9800-cb19d7295067', '1e33f7e8-00b4-4d9a-a70a-158f7e2ce5ee', 'd728b49a-ad6d-4b07-bb7b-f095a3b6abe4', '49a2592e-ecd7-46da-9c03-866b96530b67', 'b63bc563-f097-496c-9eba-709f7bb84766', 'a0664f90-3920-495e-bd70-89fa6b0b903e', '30f14564-3f37-4bd9-b0bb-19cfe5b9a223', '0510befe-e14f-4513-80cc-1b991d69c27d'}
2025-11-06 09:54:28 [DEBUG] Executing dashboard base query with params: {'date_only': datetime.date(2025, 11, 6), 'date_only_ts': datetime.datetime(2025, 11, 6, 0, 0), 'business_id': '79581f88-5042-43d0-9594-ba81e70130b0', 'client_id': '', 'pet_id': ''}
2025-11-06 09:54:28 [DEBUG] Dashboard query returned 0 rows before filtering.
2025-11-06 09:54:28 [DEBUG] Filtered results: 0 remaining after exclusions.
2025-11-06 09:54:28 [DEBUG] Loaded 6 notifications for business 79581f88-5042-43d0-9594-ba81e70130b0
2025-11-06 09:54:28 [INFO] Dashboard info built successfully for user 81e78254-85dc-464c-8aa4-455f9d9d47eb
2025-11-06 09:54:29 [INFO] Dashboard info requested by user_id=81e78254-85dc-464c-8aa4-455f9d9d47eb
2025-11-06 09:54:29 [DEBUG] Incoming dashboard params: date_time=2025-11-06, client_id=, pet_id=
2025-11-06 09:54:30 [DEBUG] Business logo encoded successfully.
2025-11-06 09:54:30 [DEBUG] Excluded recurring IDs for date 2025-11-06: {'834d6450-75ea-4d3f-8d56-86b08d39a3b9', '83f4ae67-04d3-459e-b6f6-3ee7c8c954a3', '9fd5169c-df7f-4c45-a211-d2a8f9fc204a', '4e71592c-0d28-4fc0-91ab-058d7a105b91', '2cea8242-4dbe-423a-9470-f015dfc8bb9e', '22d042a0-ac60-42df-ada8-f8ac5fffd246', 'e70f92cd-4029-441f-82f3-037603527358', '2cda888d-df9b-42bd-bef3-adaa776e5fc6', '486b2003-fdad-4009-9800-cb19d7295067', '1e33f7e8-00b4-4d9a-a70a-158f7e2ce5ee', 'd728b49a-ad6d-4b07-bb7b-f095a3b6abe4', '49a2592e-ecd7-46da-9c03-866b96530b67', 'b63bc563-f097-496c-9eba-709f7bb84766', 'a0664f90-3920-495e-bd70-89fa6b0b903e', '30f14564-3f37-4bd9-b0bb-19cfe5b9a223', '0510befe-e14f-4513-80cc-1b991d69c27d'}
2025-11-06 09:54:30 [DEBUG] Executing dashboard base query with params: {'date_only': datetime.date(2025, 11, 6), 'date_only_ts': datetime.datetime(2025, 11, 6, 0, 0), 'business_id': '79581f88-5042-43d0-9594-ba81e70130b0', 'client_id': '', 'pet_id': ''}
2025-11-06 09:54:30 [DEBUG] Dashboard query returned 0 rows before filtering.
2025-11-06 09:54:30 [DEBUG] Filtered results: 0 remaining after exclusions.
2025-11-06 09:54:30 [DEBUG] Loaded 6 notifications for business 79581f88-5042-43d0-9594-ba81e70130b0
2025-11-06 09:54:30 [INFO] Dashboard info built successfully for user 81e78254-85dc-464c-8aa4-455f9d9d47eb
2025-11-06 09:54:30 [INFO] Dashboard info requested by user_id=81e78254-85dc-464c-8aa4-455f9d9d47eb
2025-11-06 09:54:30 [DEBUG] Incoming dashboard params: date_time=2025-11-06, client_id=, pet_id=
2025-11-06 09:54:31 [DEBUG] Business logo encoded successfully.
2025-11-06 09:54:31 [DEBUG] Excluded recurring IDs for date 2025-11-06: {'834d6450-75ea-4d3f-8d56-86b08d39a3b9', '83f4ae67-04d3-459e-b6f6-3ee7c8c954a3', '9fd5169c-df7f-4c45-a211-d2a8f9fc204a', '4e71592c-0d28-4fc0-91ab-058d7a105b91', '2cea8242-4dbe-423a-9470-f015dfc8bb9e', '22d042a0-ac60-42df-ada8-f8ac5fffd246', 'e70f92cd-4029-441f-82f3-037603527358', '2cda888d-df9b-42bd-bef3-adaa776e5fc6', '486b2003-fdad-4009-9800-cb19d7295067', '1e33f7e8-00b4-4d9a-a70a-158f7e2ce5ee', 'd728b49a-ad6d-4b07-bb7b-f095a3b6abe4', '49a2592e-ecd7-46da-9c03-866b96530b67', 'b63bc563-f097-496c-9eba-709f7bb84766', 'a0664f90-3920-495e-bd70-89fa6b0b903e', '30f14564-3f37-4bd9-b0bb-19cfe5b9a223', '0510befe-e14f-4513-80cc-1b991d69c27d'}
2025-11-06 09:54:31 [DEBUG] Executing dashboard base query with params: {'date_only': datetime.date(2025, 11, 6), 'date_only_ts': datetime.datetime(2025, 11, 6, 0, 0), 'business_id': '79581f88-5042-43d0-9594-ba81e70130b0', 'client_id': '', 'pet_id': ''}
2025-11-06 09:54:31 [DEBUG] Dashboard query returned 0 rows before filtering.
2025-11-06 09:54:31 [DEBUG] Filtered results: 0 remaining after exclusions.
2025-11-06 09:54:31 [DEBUG] Loaded 6 notifications for business 79581f88-5042-43d0-9594-ba81e70130b0
2025-11-06 09:54:31 [INFO] Dashboard info built successfully for user 81e78254-85dc-464c-8aa4-455f9d9d47eb
2025-11-06 09:54:33 [INFO] Dashboard info requested by user_id=81e78254-85dc-464c-8aa4-455f9d9d47eb
2025-11-06 09:54:33 [DEBUG] Incoming dashboard params: date_time=2025-11-07, client_id=, pet_id=
2025-11-06 09:54:34 [DEBUG] Business logo encoded successfully.
2025-11-06 09:54:34 [DEBUG] Excluded recurring IDs for date 2025-11-07: {'2e1c1714-2cc3-405c-ae06-7bf1d9407615', '2cea8242-4dbe-423a-9470-f015dfc8bb9e', '22d042a0-ac60-42df-ada8-f8ac5fffd246'}
2025-11-06 09:54:34 [DEBUG] Executing dashboard base query with params: {'date_only': datetime.date(2025, 11, 7), 'date_only_ts': datetime.datetime(2025, 11, 7, 0, 0), 'business_id': '79581f88-5042-43d0-9594-ba81e70130b0', 'client_id': '', 'pet_id': ''}
2025-11-06 09:54:34 [DEBUG] Dashboard query returned 2 rows before filtering.
2025-11-06 09:54:34 [DEBUG] Filtered results: 2 remaining after exclusions.
2025-11-06 09:54:34 [DEBUG] Loaded 6 notifications for business 79581f88-5042-43d0-9594-ba81e70130b0
2025-11-06 09:54:34 [INFO] Dashboard info built successfully for user 81e78254-85dc-464c-8aa4-455f9d9d47eb
2025-11-06 09:54:34 [INFO] Dashboard info requested by user_id=81e78254-85dc-464c-8aa4-455f9d9d47eb
2025-11-06 09:54:34 [DEBUG] Incoming dashboard params: date_time=2025-11-07, client_id=, pet_id=
2025-11-06 09:54:36 [DEBUG] Business logo encoded successfully.
2025-11-06 09:54:36 [DEBUG] Excluded recurring IDs for date 2025-11-07: {'2e1c1714-2cc3-405c-ae06-7bf1d9407615', '2cea8242-4dbe-423a-9470-f015dfc8bb9e', '22d042a0-ac60-42df-ada8-f8ac5fffd246'}
2025-11-06 09:54:36 [DEBUG] Executing dashboard base query with params: {'date_only': datetime.date(2025, 11, 7), 'date_only_ts': datetime.datetime(2025, 11, 7, 0, 0), 'business_id': '79581f88-5042-43d0-9594-ba81e70130b0', 'client_id': '', 'pet_id': ''}
2025-11-06 09:54:36 [DEBUG] Dashboard query returned 2 rows before filtering.
2025-11-06 09:54:36 [DEBUG] Filtered results: 2 remaining after exclusions.
2025-11-06 09:54:36 [DEBUG] Loaded 6 notifications for business 79581f88-5042-43d0-9594-ba81e70130b0
2025-11-06 09:54:36 [INFO] Dashboard info built successfully for user 81e78254-85dc-464c-8aa4-455f9d9d47eb
2025-11-06 09:54:36 [INFO] Dashboard info requested by user_id=81e78254-85dc-464c-8aa4-455f9d9d47eb
2025-11-06 09:54:36 [DEBUG] Incoming dashboard params: date_time=2025-11-07, client_id=, pet_id=
2025-11-06 09:54:37 [DEBUG] Business logo encoded successfully.
2025-11-06 09:54:37 [DEBUG] Excluded recurring IDs for date 2025-11-07: {'2e1c1714-2cc3-405c-ae06-7bf1d9407615', '2cea8242-4dbe-423a-9470-f015dfc8bb9e', '22d042a0-ac60-42df-ada8-f8ac5fffd246'}
2025-11-06 09:54:37 [DEBUG] Executing dashboard base query with params: {'date_only': datetime.date(2025, 11, 7), 'date_only_ts': datetime.datetime(2025, 11, 7, 0, 0), 'business_id': '79581f88-5042-43d0-9594-ba81e70130b0', 'client_id': '', 'pet_id': ''}
2025-11-06 09:54:37 [DEBUG] Dashboard query returned 2 rows before filtering.
2025-11-06 09:54:37 [DEBUG] Filtered results: 2 remaining after exclusions.
2025-11-06 09:54:37 [DEBUG] Loaded 6 notifications for business 79581f88-5042-43d0-9594-ba81e70130b0
2025-11-06 09:54:37 [INFO] Dashboard info built successfully for user 81e78254-85dc-464c-8aa4-455f9d9d47eb
2025-11-06 09:54:38 [INFO] Dashboard info requested by user_id=81e78254-85dc-464c-8aa4-455f9d9d47eb
2025-11-06 09:54:38 [DEBUG] Incoming dashboard params: date_time=2025-11-07, client_id=, pet_id=
2025-11-06 09:54:39 [DEBUG] Business logo encoded successfully.
2025-11-06 09:54:39 [DEBUG] Excluded recurring IDs for date 2025-11-07: {'2e1c1714-2cc3-405c-ae06-7bf1d9407615', '2cea8242-4dbe-423a-9470-f015dfc8bb9e', '22d042a0-ac60-42df-ada8-f8ac5fffd246'}
2025-11-06 09:54:39 [DEBUG] Executing dashboard base query with params: {'date_only': datetime.date(2025, 11, 7), 'date_only_ts': datetime.datetime(2025, 11, 7, 0, 0), 'business_id': '79581f88-5042-43d0-9594-ba81e70130b0', 'client_id': '', 'pet_id': ''}
2025-11-06 09:54:39 [DEBUG] Dashboard query returned 2 rows before filtering.
2025-11-06 09:54:39 [DEBUG] Filtered results: 2 remaining after exclusions.
2025-11-06 09:54:39 [DEBUG] Loaded 6 notifications for business 79581f88-5042-43d0-9594-ba81e70130b0
2025-11-06 09:54:39 [INFO] Dashboard info built successfully for user 81e78254-85dc-464c-8aa4-455f9d9d47eb
2025-11-06 09:54:40 [INFO] Dashboard info requested by user_id=81e78254-85dc-464c-8aa4-455f9d9d47eb
2025-11-06 09:54:40 [DEBUG] Incoming dashboard params: date_time=2025-11-07, client_id=, pet_id=
2025-11-06 09:54:40 [DEBUG] Business logo encoded successfully.
2025-11-06 09:54:40 [DEBUG] Excluded recurring IDs for date 2025-11-07: {'2e1c1714-2cc3-405c-ae06-7bf1d9407615', '2cea8242-4dbe-423a-9470-f015dfc8bb9e', '22d042a0-ac60-42df-ada8-f8ac5fffd246'}
2025-11-06 09:54:40 [DEBUG] Executing dashboard base query with params: {'date_only': datetime.date(2025, 11, 7), 'date_only_ts': datetime.datetime(2025, 11, 7, 0, 0), 'business_id': '79581f88-5042-43d0-9594-ba81e70130b0', 'client_id': '', 'pet_id': ''}
2025-11-06 09:54:41 [DEBUG] Dashboard query returned 1 rows before filtering.
2025-11-06 09:54:41 [DEBUG] Filtered results: 1 remaining after exclusions.
2025-11-06 09:54:41 [DEBUG] Loaded 6 notifications for business 79581f88-5042-43d0-9594-ba81e70130b0
2025-11-06 09:54:41 [INFO] Dashboard info built successfully for user 81e78254-85dc-464c-8aa4-455f9d9d47eb
2025-11-06 09:54:45 [INFO] Dashboard info requested by user_id=81e78254-85dc-464c-8aa4-455f9d9d47eb
2025-11-06 09:54:45 [DEBUG] Incoming dashboard params: date_time=2025-11-07, client_id=, pet_id=
2025-11-06 09:54:45 [DEBUG] Business logo encoded successfully.
2025-11-06 09:54:45 [DEBUG] Excluded recurring IDs for date 2025-11-07: {'2e1c1714-2cc3-405c-ae06-7bf1d9407615', '2cea8242-4dbe-423a-9470-f015dfc8bb9e', '22d042a0-ac60-42df-ada8-f8ac5fffd246'}
2025-11-06 09:54:45 [DEBUG] Executing dashboard base query with params: {'date_only': datetime.date(2025, 11, 7), 'date_only_ts': datetime.datetime(2025, 11, 7, 0, 0), 'business_id': '79581f88-5042-43d0-9594-ba81e70130b0', 'client_id': '', 'pet_id': ''}
2025-11-06 09:54:45 [DEBUG] Dashboard query returned 0 rows before filtering.
2025-11-06 09:54:45 [DEBUG] Filtered results: 0 remaining after exclusions.
2025-11-06 09:54:46 [DEBUG] Loaded 6 notifications for business 79581f88-5042-43d0-9594-ba81e70130b0
2025-11-06 09:54:46 [INFO] Dashboard info built successfully for user 81e78254-85dc-464c-8aa4-455f9d9d47eb
2025-11-06 09:54:50 [INFO] Dashboard info requested by user_id=81e78254-85dc-464c-8aa4-455f9d9d47eb
2025-11-06 09:54:50 [DEBUG] Incoming dashboard params: date_time=2025-11-08, client_id=, pet_id=
2025-11-06 09:54:51 [DEBUG] Business logo encoded successfully.
2025-11-06 09:54:51 [DEBUG] Excluded recurring IDs for date 2025-11-08: set()
2025-11-06 09:54:51 [DEBUG] Executing dashboard base query with params: {'date_only': datetime.date(2025, 11, 8), 'date_only_ts': datetime.datetime(2025, 11, 8, 0, 0), 'business_id': '79581f88-5042-43d0-9594-ba81e70130b0', 'client_id': '', 'pet_id': ''}
2025-11-06 09:54:51 [DEBUG] Dashboard query returned 2 rows before filtering.
2025-11-06 09:54:51 [DEBUG] Filtered results: 2 remaining after exclusions.
2025-11-06 09:54:51 [DEBUG] Loaded 6 notifications for business 79581f88-5042-43d0-9594-ba81e70130b0
2025-11-06 09:54:51 [INFO] Dashboard info built successfully for user 81e78254-85dc-464c-8aa4-455f9d9d47eb
2025-11-06 09:54:51 [INFO] Dashboard info requested by user_id=81e78254-85dc-464c-8aa4-455f9d9d47eb
2025-11-06 09:54:51 [DEBUG] Incoming dashboard params: date_time=2025-11-08, client_id=, pet_id=
2025-11-06 09:54:52 [DEBUG] Business logo encoded successfully.
2025-11-06 09:54:52 [DEBUG] Excluded recurring IDs for date 2025-11-08: set()
2025-11-06 09:54:52 [DEBUG] Executing dashboard base query with params: {'date_only': datetime.date(2025, 11, 8), 'date_only_ts': datetime.datetime(2025, 11, 8, 0, 0), 'business_id': '79581f88-5042-43d0-9594-ba81e70130b0', 'client_id': '', 'pet_id': ''}
2025-11-06 09:54:52 [DEBUG] Dashboard query returned 2 rows before filtering.
2025-11-06 09:54:52 [DEBUG] Filtered results: 2 remaining after exclusions.
2025-11-06 09:54:52 [DEBUG] Loaded 6 notifications for business 79581f88-5042-43d0-9594-ba81e70130b0
2025-11-06 09:54:52 [INFO] Dashboard info built successfully for user 81e78254-85dc-464c-8aa4-455f9d9d47eb
2025-11-06 09:54:55 [INFO] Dashboard info requested by user_id=81e78254-85dc-464c-8aa4-455f9d9d47eb
2025-11-06 09:54:55 [DEBUG] Incoming dashboard params: date_time=2025-11-08, client_id=, pet_id=
2025-11-06 09:54:57 [DEBUG] Business logo encoded successfully.
2025-11-06 09:54:57 [DEBUG] Excluded recurring IDs for date 2025-11-08: set()
2025-11-06 09:54:57 [DEBUG] Executing dashboard base query with params: {'date_only': datetime.date(2025, 11, 8), 'date_only_ts': datetime.datetime(2025, 11, 8, 0, 0), 'business_id': '79581f88-5042-43d0-9594-ba81e70130b0', 'client_id': '', 'pet_id': ''}
2025-11-06 09:54:57 [DEBUG] Dashboard query returned 1 rows before filtering.
2025-11-06 09:54:57 [DEBUG] Filtered results: 1 remaining after exclusions.
2025-11-06 09:54:57 [DEBUG] Loaded 6 notifications for business 79581f88-5042-43d0-9594-ba81e70130b0
2025-11-06 09:54:57 [INFO] Dashboard info built successfully for user 81e78254-85dc-464c-8aa4-455f9d9d47eb
2025-11-06 09:55:00 [INFO] Dashboard info requested by user_id=81e78254-85dc-464c-8aa4-455f9d9d47eb
2025-11-06 09:55:00 [DEBUG] Incoming dashboard params: date_time=2025-11-08, client_id=, pet_id=
2025-11-06 09:55:01 [DEBUG] Business logo encoded successfully.
2025-11-06 09:55:01 [DEBUG] Excluded recurring IDs for date 2025-11-08: set()
2025-11-06 09:55:01 [DEBUG] Executing dashboard base query with params: {'date_only': datetime.date(2025, 11, 8), 'date_only_ts': datetime.datetime(2025, 11, 8, 0, 0), 'business_id': '79581f88-5042-43d0-9594-ba81e70130b0', 'client_id': '', 'pet_id': ''}
2025-11-06 09:55:01 [DEBUG] Dashboard query returned 0 rows before filtering.
2025-11-06 09:55:01 [DEBUG] Filtered results: 0 remaining after exclusions.
2025-11-06 09:55:01 [DEBUG] Loaded 6 notifications for business 79581f88-5042-43d0-9594-ba81e70130b0
2025-11-06 09:55:01 [INFO] Dashboard info built successfully for user 81e78254-85dc-464c-8aa4-455f9d9d47eb
2025-11-06 09:56:25 [INFO] Dashboard info requested by user_id=81e78254-85dc-464c-8aa4-455f9d9d47eb
2025-11-06 09:56:25 [DEBUG] Incoming dashboard params: date_time=2025-11-07, client_id=, pet_id=
2025-11-06 09:56:26 [DEBUG] Business logo encoded successfully.
2025-11-06 09:56:26 [DEBUG] Excluded recurring IDs for date 2025-11-07: {'2e1c1714-2cc3-405c-ae06-7bf1d9407615', '2cea8242-4dbe-423a-9470-f015dfc8bb9e', '22d042a0-ac60-42df-ada8-f8ac5fffd246'}
2025-11-06 09:56:26 [DEBUG] Executing dashboard base query with params: {'date_only': datetime.date(2025, 11, 7), 'date_only_ts': datetime.datetime(2025, 11, 7, 0, 0), 'business_id': '79581f88-5042-43d0-9594-ba81e70130b0', 'client_id': '', 'pet_id': ''}
2025-11-06 09:56:26 [DEBUG] Dashboard query returned 4 rows before filtering.
2025-11-06 09:56:26 [DEBUG] Filtered results: 4 remaining after exclusions.
2025-11-06 09:56:26 [DEBUG] Loaded 10 notifications for business 79581f88-5042-43d0-9594-ba81e70130b0
2025-11-06 09:56:26 [INFO] Dashboard info built successfully for user 81e78254-85dc-464c-8aa4-455f9d9d47eb
2025-11-06 09:56:27 [INFO] Dashboard info requested by user_id=81e78254-85dc-464c-8aa4-455f9d9d47eb
2025-11-06 09:56:27 [DEBUG] Incoming dashboard params: date_time=2025-11-07, client_id=, pet_id=
2025-11-06 09:56:27 [DEBUG] Business logo encoded successfully.
2025-11-06 09:56:27 [DEBUG] Excluded recurring IDs for date 2025-11-07: {'2e1c1714-2cc3-405c-ae06-7bf1d9407615', '2cea8242-4dbe-423a-9470-f015dfc8bb9e', '22d042a0-ac60-42df-ada8-f8ac5fffd246'}
2025-11-06 09:56:27 [DEBUG] Executing dashboard base query with params: {'date_only': datetime.date(2025, 11, 7), 'date_only_ts': datetime.datetime(2025, 11, 7, 0, 0), 'business_id': '79581f88-5042-43d0-9594-ba81e70130b0', 'client_id': '', 'pet_id': ''}
2025-11-06 09:56:28 [DEBUG] Dashboard query returned 4 rows before filtering.
2025-11-06 09:56:28 [DEBUG] Filtered results: 4 remaining after exclusions.
2025-11-06 09:56:28 [DEBUG] Loaded 10 notifications for business 79581f88-5042-43d0-9594-ba81e70130b0
2025-11-06 09:56:28 [INFO] Dashboard info built successfully for user 81e78254-85dc-464c-8aa4-455f9d9d47eb
2025-11-06 09:56:28 [INFO] Dashboard info requested by user_id=81e78254-85dc-464c-8aa4-455f9d9d47eb
2025-11-06 09:56:28 [DEBUG] Incoming dashboard params: date_time=2025-11-08, client_id=, pet_id=
2025-11-06 09:56:29 [DEBUG] Business logo encoded successfully.
2025-11-06 09:56:29 [DEBUG] Excluded recurring IDs for date 2025-11-08: set()
2025-11-06 09:56:29 [DEBUG] Executing dashboard base query with params: {'date_only': datetime.date(2025, 11, 8), 'date_only_ts': datetime.datetime(2025, 11, 8, 0, 0), 'business_id': '79581f88-5042-43d0-9594-ba81e70130b0', 'client_id': '', 'pet_id': ''}
2025-11-06 09:56:29 [DEBUG] Dashboard query returned 4 rows before filtering.
2025-11-06 09:56:29 [DEBUG] Filtered results: 4 remaining after exclusions.
2025-11-06 09:56:29 [DEBUG] Loaded 10 notifications for business 79581f88-5042-43d0-9594-ba81e70130b0
2025-11-06 09:56:29 [INFO] Dashboard info built successfully for user 81e78254-85dc-464c-8aa4-455f9d9d47eb
2025-11-06 09:56:30 [INFO] Dashboard info requested by user_id=81e78254-85dc-464c-8aa4-455f9d9d47eb
2025-11-06 09:56:30 [DEBUG] Incoming dashboard params: date_time=2025-11-08, client_id=, pet_id=
2025-11-06 09:56:31 [DEBUG] Business logo encoded successfully.
2025-11-06 09:56:31 [DEBUG] Excluded recurring IDs for date 2025-11-08: set()
2025-11-06 09:56:31 [DEBUG] Executing dashboard base query with params: {'date_only': datetime.date(2025, 11, 8), 'date_only_ts': datetime.datetime(2025, 11, 8, 0, 0), 'business_id': '79581f88-5042-43d0-9594-ba81e70130b0', 'client_id': '', 'pet_id': ''}
2025-11-06 09:56:31 [DEBUG] Dashboard query returned 4 rows before filtering.
2025-11-06 09:56:31 [DEBUG] Filtered results: 4 remaining after exclusions.
2025-11-06 09:56:31 [DEBUG] Loaded 10 notifications for business 79581f88-5042-43d0-9594-ba81e70130b0
2025-11-06 09:56:31 [INFO] Dashboard info built successfully for user 81e78254-85dc-464c-8aa4-455f9d9d47eb
2025-11-06 10:04:12 [INFO] Dashboard info requested by user_id=81e78254-85dc-464c-8aa4-455f9d9d47eb
2025-11-06 10:04:12 [DEBUG] Incoming dashboard params: date_time=2025-11-08, client_id=, pet_id=
2025-11-06 10:04:14 [DEBUG] Business logo encoded successfully.
2025-11-06 10:04:14 [DEBUG] Excluded recurring IDs for date 2025-11-08: set()
2025-11-06 10:04:14 [DEBUG] Executing dashboard base query with params: {'date_only': datetime.date(2025, 11, 8), 'date_only_ts': datetime.datetime(2025, 11, 8, 0, 0), 'business_id': '79581f88-5042-43d0-9594-ba81e70130b0', 'client_id': '', 'pet_id': ''}
2025-11-06 10:04:14 [DEBUG] Dashboard query returned 3 rows before filtering.
2025-11-06 10:04:14 [DEBUG] Filtered results: 3 remaining after exclusions.
2025-11-06 10:04:14 [DEBUG] Loaded 10 notifications for business 79581f88-5042-43d0-9594-ba81e70130b0
2025-11-06 10:04:14 [INFO] Dashboard info built successfully for user 81e78254-85dc-464c-8aa4-455f9d9d47eb
2025-11-06 10:05:01 [INFO] Dashboard info requested by user_id=81e78254-85dc-464c-8aa4-455f9d9d47eb
2025-11-06 10:05:01 [DEBUG] Incoming dashboard params: date_time=2025-11-08, client_id=, pet_id=
2025-11-06 10:05:02 [DEBUG] Business logo encoded successfully.
2025-11-06 10:05:02 [DEBUG] Excluded recurring IDs for date 2025-11-08: set()
2025-11-06 10:05:02 [DEBUG] Executing dashboard base query with params: {'date_only': datetime.date(2025, 11, 8), 'date_only_ts': datetime.datetime(2025, 11, 8, 0, 0), 'business_id': '79581f88-5042-43d0-9594-ba81e70130b0', 'client_id': '', 'pet_id': ''}
2025-11-06 10:05:02 [DEBUG] Dashboard query returned 2 rows before filtering.
2025-11-06 10:05:02 [DEBUG] Filtered results: 2 remaining after exclusions.
2025-11-06 10:05:02 [DEBUG] Loaded 10 notifications for business 79581f88-5042-43d0-9594-ba81e70130b0
2025-11-06 10:05:02 [INFO] Dashboard info built successfully for user 81e78254-85dc-464c-8aa4-455f9d9d47eb
2025-11-06 10:05:08 [INFO] Dashboard info requested by user_id=81e78254-85dc-464c-8aa4-455f9d9d47eb
2025-11-06 10:05:08 [DEBUG] Incoming dashboard params: date_time=2025-11-08, client_id=, pet_id=
2025-11-06 10:05:09 [DEBUG] Business logo encoded successfully.
2025-11-06 10:05:09 [DEBUG] Excluded recurring IDs for date 2025-11-08: set()
2025-11-06 10:05:09 [DEBUG] Executing dashboard base query with params: {'date_only': datetime.date(2025, 11, 8), 'date_only_ts': datetime.datetime(2025, 11, 8, 0, 0), 'business_id': '79581f88-5042-43d0-9594-ba81e70130b0', 'client_id': '', 'pet_id': ''}
2025-11-06 10:05:09 [DEBUG] Dashboard query returned 1 rows before filtering.
2025-11-06 10:05:09 [DEBUG] Filtered results: 1 remaining after exclusions.
2025-11-06 10:05:09 [DEBUG] Loaded 10 notifications for business 79581f88-5042-43d0-9594-ba81e70130b0
2025-11-06 10:05:09 [INFO] Dashboard info built successfully for user 81e78254-85dc-464c-8aa4-455f9d9d47eb
2025-11-06 10:05:10 [INFO] Dashboard info requested by user_id=81e78254-85dc-464c-8aa4-455f9d9d47eb
2025-11-06 10:05:10 [DEBUG] Incoming dashboard params: date_time=2025-11-08, client_id=, pet_id=
2025-11-06 10:05:12 [DEBUG] Business logo encoded successfully.
2025-11-06 10:05:12 [DEBUG] Excluded recurring IDs for date 2025-11-08: set()
2025-11-06 10:05:12 [DEBUG] Executing dashboard base query with params: {'date_only': datetime.date(2025, 11, 8), 'date_only_ts': datetime.datetime(2025, 11, 8, 0, 0), 'business_id': '79581f88-5042-43d0-9594-ba81e70130b0', 'client_id': '', 'pet_id': ''}
2025-11-06 10:05:12 [DEBUG] Dashboard query returned 0 rows before filtering.
2025-11-06 10:05:12 [DEBUG] Filtered results: 0 remaining after exclusions.
2025-11-06 10:05:12 [DEBUG] Loaded 10 notifications for business 79581f88-5042-43d0-9594-ba81e70130b0
2025-11-06 10:05:12 [INFO] Dashboard info built successfully for user 81e78254-85dc-464c-8aa4-455f9d9d47eb
2025-11-06 10:22:43 [INFO] Dashboard info requested by user_id=81e78254-85dc-464c-8aa4-455f9d9d47eb
2025-11-06 10:22:43 [DEBUG] Incoming dashboard params: date_time=2025-11-06, client_id=, pet_id=
2025-11-06 10:22:44 [DEBUG] Business logo encoded successfully.
2025-11-06 10:22:45 [DEBUG] Excluded recurring IDs for date 2025-11-06: {'22d042a0-ac60-42df-ada8-f8ac5fffd246', '0510befe-e14f-4513-80cc-1b991d69c27d', 'a0664f90-3920-495e-bd70-89fa6b0b903e', '834d6450-75ea-4d3f-8d56-86b08d39a3b9', 'd728b49a-ad6d-4b07-bb7b-f095a3b6abe4', '4e71592c-0d28-4fc0-91ab-058d7a105b91', '2cea8242-4dbe-423a-9470-f015dfc8bb9e', '486b2003-fdad-4009-9800-cb19d7295067', 'e70f92cd-4029-441f-82f3-037603527358', '1e33f7e8-00b4-4d9a-a70a-158f7e2ce5ee', '30f14564-3f37-4bd9-b0bb-19cfe5b9a223', 'b63bc563-f097-496c-9eba-709f7bb84766', '83f4ae67-04d3-459e-b6f6-3ee7c8c954a3', '9fd5169c-df7f-4c45-a211-d2a8f9fc204a', '2cda888d-df9b-42bd-bef3-adaa776e5fc6', '49a2592e-ecd7-46da-9c03-866b96530b67'}
2025-11-06 10:22:45 [DEBUG] Executing dashboard base query with params: {'date_only': datetime.date(2025, 11, 6), 'date_only_ts': datetime.datetime(2025, 11, 6, 0, 0), 'business_id': '79581f88-5042-43d0-9594-ba81e70130b0', 'client_id': '', 'pet_id': ''}
2025-11-06 10:22:45 [DEBUG] Dashboard query returned 0 rows before filtering.
2025-11-06 10:22:45 [DEBUG] Filtered results: 0 remaining after exclusions.
2025-11-06 10:22:45 [DEBUG] Loaded 0 notifications for business 79581f88-5042-43d0-9594-ba81e70130b0
2025-11-06 10:22:45 [INFO] Dashboard info built successfully for user 81e78254-85dc-464c-8aa4-455f9d9d47eb
2025-11-06 10:25:07 [INFO] Dashboard info requested by user_id=81e78254-85dc-464c-8aa4-455f9d9d47eb
2025-11-06 10:25:07 [DEBUG] Incoming dashboard params: date_time=2025-11-07, client_id=, pet_id=
2025-11-06 10:25:08 [DEBUG] Business logo encoded successfully.
2025-11-06 10:25:08 [DEBUG] Excluded recurring IDs for date 2025-11-07: {'2e1c1714-2cc3-405c-ae06-7bf1d9407615', '2cea8242-4dbe-423a-9470-f015dfc8bb9e', '22d042a0-ac60-42df-ada8-f8ac5fffd246'}
2025-11-06 10:25:08 [DEBUG] Executing dashboard base query with params: {'date_only': datetime.date(2025, 11, 7), 'date_only_ts': datetime.datetime(2025, 11, 7, 0, 0), 'business_id': '79581f88-5042-43d0-9594-ba81e70130b0', 'client_id': '', 'pet_id': ''}
2025-11-06 10:25:08 [DEBUG] Dashboard query returned 0 rows before filtering.
2025-11-06 10:25:08 [DEBUG] Filtered results: 0 remaining after exclusions.
2025-11-06 10:25:08 [DEBUG] Loaded 0 notifications for business 79581f88-5042-43d0-9594-ba81e70130b0
2025-11-06 10:25:08 [INFO] Dashboard info built successfully for user 81e78254-85dc-464c-8aa4-455f9d9d47eb
2025-11-06 10:25:11 [INFO] Dashboard info requested by user_id=81e78254-85dc-464c-8aa4-455f9d9d47eb
2025-11-06 10:25:11 [DEBUG] Incoming dashboard params: date_time=2025-11-06, client_id=, pet_id=
2025-11-06 10:25:12 [DEBUG] Business logo encoded successfully.
2025-11-06 10:25:12 [DEBUG] Excluded recurring IDs for date 2025-11-06: {'22d042a0-ac60-42df-ada8-f8ac5fffd246', '0510befe-e14f-4513-80cc-1b991d69c27d', 'a0664f90-3920-495e-bd70-89fa6b0b903e', '834d6450-75ea-4d3f-8d56-86b08d39a3b9', 'd728b49a-ad6d-4b07-bb7b-f095a3b6abe4', '4e71592c-0d28-4fc0-91ab-058d7a105b91', '2cea8242-4dbe-423a-9470-f015dfc8bb9e', '486b2003-fdad-4009-9800-cb19d7295067', 'e70f92cd-4029-441f-82f3-037603527358', '1e33f7e8-00b4-4d9a-a70a-158f7e2ce5ee', '30f14564-3f37-4bd9-b0bb-19cfe5b9a223', 'b63bc563-f097-496c-9eba-709f7bb84766', '83f4ae67-04d3-459e-b6f6-3ee7c8c954a3', '9fd5169c-df7f-4c45-a211-d2a8f9fc204a', '2cda888d-df9b-42bd-bef3-adaa776e5fc6', '49a2592e-ecd7-46da-9c03-866b96530b67'}
2025-11-06 10:25:12 [DEBUG] Executing dashboard base query with params: {'date_only': datetime.date(2025, 11, 6), 'date_only_ts': datetime.datetime(2025, 11, 6, 0, 0), 'business_id': '79581f88-5042-43d0-9594-ba81e70130b0', 'client_id': '', 'pet_id': ''}
2025-11-06 10:25:12 [DEBUG] Dashboard query returned 0 rows before filtering.
2025-11-06 10:25:12 [DEBUG] Filtered results: 0 remaining after exclusions.
2025-11-06 10:25:12 [DEBUG] Loaded 0 notifications for business 79581f88-5042-43d0-9594-ba81e70130b0
2025-11-06 10:25:12 [INFO] Dashboard info built successfully for user 81e78254-85dc-464c-8aa4-455f9d9d47eb
2025-11-06 10:25:13 [INFO] Dashboard info requested by user_id=81e78254-85dc-464c-8aa4-455f9d9d47eb
2025-11-06 10:25:13 [DEBUG] Incoming dashboard params: date_time=2025-11-06, client_id=, pet_id=
2025-11-06 10:25:14 [DEBUG] Business logo encoded successfully.
2025-11-06 10:25:14 [DEBUG] Excluded recurring IDs for date 2025-11-06: {'22d042a0-ac60-42df-ada8-f8ac5fffd246', '0510befe-e14f-4513-80cc-1b991d69c27d', 'a0664f90-3920-495e-bd70-89fa6b0b903e', '834d6450-75ea-4d3f-8d56-86b08d39a3b9', 'd728b49a-ad6d-4b07-bb7b-f095a3b6abe4', '4e71592c-0d28-4fc0-91ab-058d7a105b91', '2cea8242-4dbe-423a-9470-f015dfc8bb9e', '486b2003-fdad-4009-9800-cb19d7295067', 'e70f92cd-4029-441f-82f3-037603527358', '1e33f7e8-00b4-4d9a-a70a-158f7e2ce5ee', '30f14564-3f37-4bd9-b0bb-19cfe5b9a223', 'b63bc563-f097-496c-9eba-709f7bb84766', '83f4ae67-04d3-459e-b6f6-3ee7c8c954a3', '9fd5169c-df7f-4c45-a211-d2a8f9fc204a', '2cda888d-df9b-42bd-bef3-adaa776e5fc6', '49a2592e-ecd7-46da-9c03-866b96530b67'}
2025-11-06 10:25:14 [DEBUG] Executing dashboard base query with params: {'date_only': datetime.date(2025, 11, 6), 'date_only_ts': datetime.datetime(2025, 11, 6, 0, 0), 'business_id': '79581f88-5042-43d0-9594-ba81e70130b0', 'client_id': '', 'pet_id': ''}
2025-11-06 10:25:14 [DEBUG] Dashboard query returned 0 rows before filtering.
2025-11-06 10:25:14 [DEBUG] Filtered results: 0 remaining after exclusions.
2025-11-06 10:25:14 [DEBUG] Loaded 0 notifications for business 79581f88-5042-43d0-9594-ba81e70130b0
2025-11-06 10:25:14 [INFO] Dashboard info built successfully for user 81e78254-85dc-464c-8aa4-455f9d9d47eb
2025-11-06 10:25:14 [INFO] Dashboard info requested by user_id=81e78254-85dc-464c-8aa4-455f9d9d47eb
2025-11-06 10:25:14 [DEBUG] Incoming dashboard params: date_time=2025-11-07, client_id=, pet_id=
2025-11-06 10:25:15 [DEBUG] Business logo encoded successfully.
2025-11-06 10:25:15 [DEBUG] Excluded recurring IDs for date 2025-11-07: {'2e1c1714-2cc3-405c-ae06-7bf1d9407615', '2cea8242-4dbe-423a-9470-f015dfc8bb9e', '22d042a0-ac60-42df-ada8-f8ac5fffd246'}
2025-11-06 10:25:15 [DEBUG] Executing dashboard base query with params: {'date_only': datetime.date(2025, 11, 7), 'date_only_ts': datetime.datetime(2025, 11, 7, 0, 0), 'business_id': '79581f88-5042-43d0-9594-ba81e70130b0', 'client_id': '', 'pet_id': ''}
2025-11-06 10:25:15 [DEBUG] Dashboard query returned 0 rows before filtering.
2025-11-06 10:25:15 [DEBUG] Filtered results: 0 remaining after exclusions.
2025-11-06 10:25:15 [DEBUG] Loaded 0 notifications for business 79581f88-5042-43d0-9594-ba81e70130b0
2025-11-06 10:25:15 [INFO] Dashboard info built successfully for user 81e78254-85dc-464c-8aa4-455f9d9d47eb
2025-11-06 10:25:16 [INFO] Dashboard info requested by user_id=81e78254-85dc-464c-8aa4-455f9d9d47eb
2025-11-06 10:25:16 [DEBUG] Incoming dashboard params: date_time=2025-11-07, client_id=, pet_id=
2025-11-06 10:25:17 [DEBUG] Business logo encoded successfully.
2025-11-06 10:25:17 [DEBUG] Excluded recurring IDs for date 2025-11-07: {'2e1c1714-2cc3-405c-ae06-7bf1d9407615', '2cea8242-4dbe-423a-9470-f015dfc8bb9e', '22d042a0-ac60-42df-ada8-f8ac5fffd246'}
2025-11-06 10:25:17 [DEBUG] Executing dashboard base query with params: {'date_only': datetime.date(2025, 11, 7), 'date_only_ts': datetime.datetime(2025, 11, 7, 0, 0), 'business_id': '79581f88-5042-43d0-9594-ba81e70130b0', 'client_id': '', 'pet_id': ''}
2025-11-06 10:25:17 [DEBUG] Dashboard query returned 0 rows before filtering.
2025-11-06 10:25:17 [DEBUG] Filtered results: 0 remaining after exclusions.
2025-11-06 10:25:17 [DEBUG] Loaded 0 notifications for business 79581f88-5042-43d0-9594-ba81e70130b0
2025-11-06 10:25:17 [INFO] Dashboard info built successfully for user 81e78254-85dc-464c-8aa4-455f9d9d47eb
2025-11-06 10:25:38 [INFO] Dashboard info requested by user_id=81e78254-85dc-464c-8aa4-455f9d9d47eb
2025-11-06 10:25:38 [DEBUG] Incoming dashboard params: date_time=2025-11-06, client_id=, pet_id=
2025-11-06 10:25:39 [DEBUG] Business logo encoded successfully.
2025-11-06 10:25:39 [DEBUG] Excluded recurring IDs for date 2025-11-06: {'22d042a0-ac60-42df-ada8-f8ac5fffd246', '0510befe-e14f-4513-80cc-1b991d69c27d', 'a0664f90-3920-495e-bd70-89fa6b0b903e', '834d6450-75ea-4d3f-8d56-86b08d39a3b9', 'd728b49a-ad6d-4b07-bb7b-f095a3b6abe4', '4e71592c-0d28-4fc0-91ab-058d7a105b91', '2cea8242-4dbe-423a-9470-f015dfc8bb9e', '486b2003-fdad-4009-9800-cb19d7295067', 'e70f92cd-4029-441f-82f3-037603527358', '1e33f7e8-00b4-4d9a-a70a-158f7e2ce5ee', '30f14564-3f37-4bd9-b0bb-19cfe5b9a223', 'b63bc563-f097-496c-9eba-709f7bb84766', '83f4ae67-04d3-459e-b6f6-3ee7c8c954a3', '9fd5169c-df7f-4c45-a211-d2a8f9fc204a', '2cda888d-df9b-42bd-bef3-adaa776e5fc6', '49a2592e-ecd7-46da-9c03-866b96530b67'}
2025-11-06 10:25:39 [DEBUG] Executing dashboard base query with params: {'date_only': datetime.date(2025, 11, 6), 'date_only_ts': datetime.datetime(2025, 11, 6, 0, 0), 'business_id': '79581f88-5042-43d0-9594-ba81e70130b0', 'client_id': '', 'pet_id': ''}
2025-11-06 10:25:39 [DEBUG] Dashboard query returned 0 rows before filtering.
2025-11-06 10:25:39 [DEBUG] Filtered results: 0 remaining after exclusions.
2025-11-06 10:25:39 [DEBUG] Loaded 0 notifications for business 79581f88-5042-43d0-9594-ba81e70130b0
2025-11-06 10:25:39 [INFO] Dashboard info built successfully for user 81e78254-85dc-464c-8aa4-455f9d9d47eb
2025-11-06 10:25:41 [INFO] Dashboard info requested by user_id=81e78254-85dc-464c-8aa4-455f9d9d47eb
2025-11-06 10:25:41 [INFO] Dashboard info requested by user_id=81e78254-85dc-464c-8aa4-455f9d9d47eb
2025-11-06 10:25:41 [DEBUG] Incoming dashboard params: date_time=2025-11-06, client_id=, pet_id=
2025-11-06 10:25:42 [DEBUG] Business logo encoded successfully.
2025-11-06 10:25:42 [DEBUG] Excluded recurring IDs for date 2025-11-06: {'22d042a0-ac60-42df-ada8-f8ac5fffd246', '0510befe-e14f-4513-80cc-1b991d69c27d', 'a0664f90-3920-495e-bd70-89fa6b0b903e', '834d6450-75ea-4d3f-8d56-86b08d39a3b9', 'd728b49a-ad6d-4b07-bb7b-f095a3b6abe4', '4e71592c-0d28-4fc0-91ab-058d7a105b91', '2cea8242-4dbe-423a-9470-f015dfc8bb9e', '486b2003-fdad-4009-9800-cb19d7295067', 'e70f92cd-4029-441f-82f3-037603527358', '1e33f7e8-00b4-4d9a-a70a-158f7e2ce5ee', '30f14564-3f37-4bd9-b0bb-19cfe5b9a223', 'b63bc563-f097-496c-9eba-709f7bb84766', '83f4ae67-04d3-459e-b6f6-3ee7c8c954a3', '9fd5169c-df7f-4c45-a211-d2a8f9fc204a', '2cda888d-df9b-42bd-bef3-adaa776e5fc6', '49a2592e-ecd7-46da-9c03-866b96530b67'}
2025-11-06 10:25:42 [DEBUG] Executing dashboard base query with params: {'date_only': datetime.date(2025, 11, 6), 'date_only_ts': datetime.datetime(2025, 11, 6, 0, 0), 'business_id': '79581f88-5042-43d0-9594-ba81e70130b0', 'client_id': '', 'pet_id': ''}
2025-11-06 10:25:42 [DEBUG] Dashboard query returned 0 rows before filtering.
2025-11-06 10:25:42 [DEBUG] Filtered results: 0 remaining after exclusions.
2025-11-06 10:25:42 [DEBUG] Loaded 0 notifications for business 79581f88-5042-43d0-9594-ba81e70130b0
2025-11-06 10:25:42 [INFO] Dashboard info built successfully for user 81e78254-85dc-464c-8aa4-455f9d9d47eb
2025-11-06 10:25:42 [DEBUG] Incoming dashboard params: date_time=2025-11-06, client_id=, pet_id=
2025-11-06 10:25:43 [DEBUG] Business logo encoded successfully.
2025-11-06 10:25:43 [DEBUG] Excluded recurring IDs for date 2025-11-06: {'22d042a0-ac60-42df-ada8-f8ac5fffd246', '0510befe-e14f-4513-80cc-1b991d69c27d', 'a0664f90-3920-495e-bd70-89fa6b0b903e', '834d6450-75ea-4d3f-8d56-86b08d39a3b9', 'd728b49a-ad6d-4b07-bb7b-f095a3b6abe4', '4e71592c-0d28-4fc0-91ab-058d7a105b91', '2cea8242-4dbe-423a-9470-f015dfc8bb9e', '486b2003-fdad-4009-9800-cb19d7295067', 'e70f92cd-4029-441f-82f3-037603527358', '1e33f7e8-00b4-4d9a-a70a-158f7e2ce5ee', '30f14564-3f37-4bd9-b0bb-19cfe5b9a223', 'b63bc563-f097-496c-9eba-709f7bb84766', '83f4ae67-04d3-459e-b6f6-3ee7c8c954a3', '9fd5169c-df7f-4c45-a211-d2a8f9fc204a', '2cda888d-df9b-42bd-bef3-adaa776e5fc6', '49a2592e-ecd7-46da-9c03-866b96530b67'}
2025-11-06 10:25:43 [DEBUG] Executing dashboard base query with params: {'date_only': datetime.date(2025, 11, 6), 'date_only_ts': datetime.datetime(2025, 11, 6, 0, 0), 'business_id': '79581f88-5042-43d0-9594-ba81e70130b0', 'client_id': '', 'pet_id': ''}
2025-11-06 10:25:43 [DEBUG] Dashboard query returned 0 rows before filtering.
2025-11-06 10:25:43 [DEBUG] Filtered results: 0 remaining after exclusions.
2025-11-06 10:25:43 [DEBUG] Loaded 0 notifications for business 79581f88-5042-43d0-9594-ba81e70130b0
2025-11-06 10:25:43 [INFO] Dashboard info built successfully for user 81e78254-85dc-464c-8aa4-455f9d9d47eb
2025-11-06 10:30:10 [INFO] Dashboard info requested by user_id=81e78254-85dc-464c-8aa4-455f9d9d47eb
2025-11-06 10:30:10 [DEBUG] Incoming dashboard params: date_time=2025-11-06, client_id=, pet_id=
2025-11-06 10:30:11 [DEBUG] Business logo encoded successfully.
2025-11-06 10:30:11 [DEBUG] Excluded recurring IDs for date 2025-11-06: {'22d042a0-ac60-42df-ada8-f8ac5fffd246', '0510befe-e14f-4513-80cc-1b991d69c27d', 'a0664f90-3920-495e-bd70-89fa6b0b903e', '834d6450-75ea-4d3f-8d56-86b08d39a3b9', 'd728b49a-ad6d-4b07-bb7b-f095a3b6abe4', '4e71592c-0d28-4fc0-91ab-058d7a105b91', '2cea8242-4dbe-423a-9470-f015dfc8bb9e', '486b2003-fdad-4009-9800-cb19d7295067', 'e70f92cd-4029-441f-82f3-037603527358', '1e33f7e8-00b4-4d9a-a70a-158f7e2ce5ee', '30f14564-3f37-4bd9-b0bb-19cfe5b9a223', 'b63bc563-f097-496c-9eba-709f7bb84766', '83f4ae67-04d3-459e-b6f6-3ee7c8c954a3', '9fd5169c-df7f-4c45-a211-d2a8f9fc204a', '2cda888d-df9b-42bd-bef3-adaa776e5fc6', '49a2592e-ecd7-46da-9c03-866b96530b67'}
2025-11-06 10:30:11 [DEBUG] Executing dashboard base query with params: {'date_only': datetime.date(2025, 11, 6), 'date_only_ts': datetime.datetime(2025, 11, 6, 0, 0), 'business_id': '79581f88-5042-43d0-9594-ba81e70130b0', 'client_id': '', 'pet_id': ''}
2025-11-06 10:30:11 [DEBUG] Dashboard query returned 0 rows before filtering.
2025-11-06 10:30:11 [DEBUG] Filtered results: 0 remaining after exclusions.
2025-11-06 10:30:11 [DEBUG] Loaded 0 notifications for business 79581f88-5042-43d0-9594-ba81e70130b0
2025-11-06 10:30:11 [INFO] Dashboard info built successfully for user 81e78254-85dc-464c-8aa4-455f9d9d47eb
2025-11-06 10:30:12 [INFO] Dashboard info requested by user_id=81e78254-85dc-464c-8aa4-455f9d9d47eb
2025-11-06 10:30:12 [DEBUG] Incoming dashboard params: date_time=2025-11-06, client_id=, pet_id=
2025-11-06 10:30:13 [DEBUG] Business logo encoded successfully.
2025-11-06 10:30:13 [DEBUG] Excluded recurring IDs for date 2025-11-06: {'22d042a0-ac60-42df-ada8-f8ac5fffd246', '0510befe-e14f-4513-80cc-1b991d69c27d', 'a0664f90-3920-495e-bd70-89fa6b0b903e', '834d6450-75ea-4d3f-8d56-86b08d39a3b9', 'd728b49a-ad6d-4b07-bb7b-f095a3b6abe4', '4e71592c-0d28-4fc0-91ab-058d7a105b91', '2cea8242-4dbe-423a-9470-f015dfc8bb9e', '486b2003-fdad-4009-9800-cb19d7295067', 'e70f92cd-4029-441f-82f3-037603527358', '1e33f7e8-00b4-4d9a-a70a-158f7e2ce5ee', '30f14564-3f37-4bd9-b0bb-19cfe5b9a223', 'b63bc563-f097-496c-9eba-709f7bb84766', '83f4ae67-04d3-459e-b6f6-3ee7c8c954a3', '9fd5169c-df7f-4c45-a211-d2a8f9fc204a', '2cda888d-df9b-42bd-bef3-adaa776e5fc6', '49a2592e-ecd7-46da-9c03-866b96530b67'}
2025-11-06 10:30:13 [DEBUG] Executing dashboard base query with params: {'date_only': datetime.date(2025, 11, 6), 'date_only_ts': datetime.datetime(2025, 11, 6, 0, 0), 'business_id': '79581f88-5042-43d0-9594-ba81e70130b0', 'client_id': '', 'pet_id': ''}
2025-11-06 10:30:13 [DEBUG] Dashboard query returned 0 rows before filtering.
2025-11-06 10:30:13 [DEBUG] Filtered results: 0 remaining after exclusions.
2025-11-06 10:30:13 [DEBUG] Loaded 0 notifications for business 79581f88-5042-43d0-9594-ba81e70130b0
2025-11-06 10:30:13 [INFO] Dashboard info built successfully for user 81e78254-85dc-464c-8aa4-455f9d9d47eb
2025-11-06 10:30:13 [INFO] Dashboard info requested by user_id=81e78254-85dc-464c-8aa4-455f9d9d47eb
2025-11-06 10:30:13 [DEBUG] Incoming dashboard params: date_time=2025-11-06, client_id=, pet_id=
2025-11-06 10:30:15 [DEBUG] Business logo encoded successfully.
2025-11-06 10:30:15 [DEBUG] Excluded recurring IDs for date 2025-11-06: {'22d042a0-ac60-42df-ada8-f8ac5fffd246', '0510befe-e14f-4513-80cc-1b991d69c27d', 'a0664f90-3920-495e-bd70-89fa6b0b903e', '834d6450-75ea-4d3f-8d56-86b08d39a3b9', 'd728b49a-ad6d-4b07-bb7b-f095a3b6abe4', '4e71592c-0d28-4fc0-91ab-058d7a105b91', '2cea8242-4dbe-423a-9470-f015dfc8bb9e', '486b2003-fdad-4009-9800-cb19d7295067', 'e70f92cd-4029-441f-82f3-037603527358', '1e33f7e8-00b4-4d9a-a70a-158f7e2ce5ee', '30f14564-3f37-4bd9-b0bb-19cfe5b9a223', 'b63bc563-f097-496c-9eba-709f7bb84766', '83f4ae67-04d3-459e-b6f6-3ee7c8c954a3', '9fd5169c-df7f-4c45-a211-d2a8f9fc204a', '2cda888d-df9b-42bd-bef3-adaa776e5fc6', '49a2592e-ecd7-46da-9c03-866b96530b67'}
2025-11-06 10:30:15 [DEBUG] Executing dashboard base query with params: {'date_only': datetime.date(2025, 11, 6), 'date_only_ts': datetime.datetime(2025, 11, 6, 0, 0), 'business_id': '79581f88-5042-43d0-9594-ba81e70130b0', 'client_id': '', 'pet_id': ''}
2025-11-06 10:30:15 [DEBUG] Dashboard query returned 0 rows before filtering.
2025-11-06 10:30:15 [DEBUG] Filtered results: 0 remaining after exclusions.
2025-11-06 10:30:15 [DEBUG] Loaded 0 notifications for business 79581f88-5042-43d0-9594-ba81e70130b0
2025-11-06 10:30:15 [INFO] Dashboard info built successfully for user 81e78254-85dc-464c-8aa4-455f9d9d47eb
2025-11-06 10:35:57 [INFO] Dashboard info requested by user_id=81e78254-85dc-464c-8aa4-455f9d9d47eb
2025-11-06 10:35:57 [DEBUG] Incoming dashboard params: date_time=2025-11-06, client_id=, pet_id=
2025-11-06 10:35:58 [DEBUG] Business logo encoded successfully.
2025-11-06 10:35:58 [DEBUG] Excluded recurring IDs for date 2025-11-06: {'2cda888d-df9b-42bd-bef3-adaa776e5fc6', '30f14564-3f37-4bd9-b0bb-19cfe5b9a223', '49a2592e-ecd7-46da-9c03-866b96530b67', 'a0664f90-3920-495e-bd70-89fa6b0b903e', '9fd5169c-df7f-4c45-a211-d2a8f9fc204a', '834d6450-75ea-4d3f-8d56-86b08d39a3b9', 'e70f92cd-4029-441f-82f3-037603527358', 'b63bc563-f097-496c-9eba-709f7bb84766', '486b2003-fdad-4009-9800-cb19d7295067', 'd728b49a-ad6d-4b07-bb7b-f095a3b6abe4', '1e33f7e8-00b4-4d9a-a70a-158f7e2ce5ee', '4e71592c-0d28-4fc0-91ab-058d7a105b91', '22d042a0-ac60-42df-ada8-f8ac5fffd246', '2cea8242-4dbe-423a-9470-f015dfc8bb9e', '0510befe-e14f-4513-80cc-1b991d69c27d', '83f4ae67-04d3-459e-b6f6-3ee7c8c954a3'}
2025-11-06 10:35:58 [DEBUG] Executing dashboard base query with params: {'date_only': datetime.date(2025, 11, 6), 'date_only_ts': datetime.datetime(2025, 11, 6, 0, 0), 'business_id': '79581f88-5042-43d0-9594-ba81e70130b0', 'client_id': '', 'pet_id': ''}
2025-11-06 10:35:58 [DEBUG] Dashboard query returned 0 rows before filtering.
2025-11-06 10:35:58 [DEBUG] Filtered results: 0 remaining after exclusions.
2025-11-06 10:35:58 [DEBUG] Loaded 0 notifications for business 79581f88-5042-43d0-9594-ba81e70130b0
2025-11-06 10:35:58 [INFO] Dashboard info built successfully for user 81e78254-85dc-464c-8aa4-455f9d9d47eb
2025-11-06 10:36:01 [INFO] Dashboard info requested by user_id=81e78254-85dc-464c-8aa4-455f9d9d47eb
2025-11-06 10:36:01 [DEBUG] Incoming dashboard params: date_time=2025-11-06, client_id=, pet_id=
2025-11-06 10:36:02 [DEBUG] Business logo encoded successfully.
2025-11-06 10:36:02 [DEBUG] Excluded recurring IDs for date 2025-11-06: {'2cda888d-df9b-42bd-bef3-adaa776e5fc6', '30f14564-3f37-4bd9-b0bb-19cfe5b9a223', '49a2592e-ecd7-46da-9c03-866b96530b67', 'a0664f90-3920-495e-bd70-89fa6b0b903e', '9fd5169c-df7f-4c45-a211-d2a8f9fc204a', '834d6450-75ea-4d3f-8d56-86b08d39a3b9', 'e70f92cd-4029-441f-82f3-037603527358', 'b63bc563-f097-496c-9eba-709f7bb84766', '486b2003-fdad-4009-9800-cb19d7295067', 'd728b49a-ad6d-4b07-bb7b-f095a3b6abe4', '1e33f7e8-00b4-4d9a-a70a-158f7e2ce5ee', '4e71592c-0d28-4fc0-91ab-058d7a105b91', '22d042a0-ac60-42df-ada8-f8ac5fffd246', '2cea8242-4dbe-423a-9470-f015dfc8bb9e', '0510befe-e14f-4513-80cc-1b991d69c27d', '83f4ae67-04d3-459e-b6f6-3ee7c8c954a3'}
2025-11-06 10:36:02 [DEBUG] Executing dashboard base query with params: {'date_only': datetime.date(2025, 11, 6), 'date_only_ts': datetime.datetime(2025, 11, 6, 0, 0), 'business_id': '79581f88-5042-43d0-9594-ba81e70130b0', 'client_id': '', 'pet_id': ''}
2025-11-06 10:36:02 [DEBUG] Dashboard query returned 0 rows before filtering.
2025-11-06 10:36:02 [DEBUG] Filtered results: 0 remaining after exclusions.
2025-11-06 10:36:02 [DEBUG] Loaded 0 notifications for business 79581f88-5042-43d0-9594-ba81e70130b0
2025-11-06 10:36:02 [INFO] Dashboard info built successfully for user 81e78254-85dc-464c-8aa4-455f9d9d47eb
2025-11-06 10:36:02 [INFO] Dashboard info requested by user_id=81e78254-85dc-464c-8aa4-455f9d9d47eb
2025-11-06 10:36:02 [DEBUG] Incoming dashboard params: date_time=2025-11-06, client_id=, pet_id=
2025-11-06 10:36:03 [DEBUG] Business logo encoded successfully.
2025-11-06 10:36:03 [DEBUG] Excluded recurring IDs for date 2025-11-06: {'2cda888d-df9b-42bd-bef3-adaa776e5fc6', '30f14564-3f37-4bd9-b0bb-19cfe5b9a223', '49a2592e-ecd7-46da-9c03-866b96530b67', 'a0664f90-3920-495e-bd70-89fa6b0b903e', '9fd5169c-df7f-4c45-a211-d2a8f9fc204a', '834d6450-75ea-4d3f-8d56-86b08d39a3b9', 'e70f92cd-4029-441f-82f3-037603527358', 'b63bc563-f097-496c-9eba-709f7bb84766', '486b2003-fdad-4009-9800-cb19d7295067', 'd728b49a-ad6d-4b07-bb7b-f095a3b6abe4', '1e33f7e8-00b4-4d9a-a70a-158f7e2ce5ee', '4e71592c-0d28-4fc0-91ab-058d7a105b91', '22d042a0-ac60-42df-ada8-f8ac5fffd246', '2cea8242-4dbe-423a-9470-f015dfc8bb9e', '0510befe-e14f-4513-80cc-1b991d69c27d', '83f4ae67-04d3-459e-b6f6-3ee7c8c954a3'}
2025-11-06 10:36:03 [DEBUG] Executing dashboard base query with params: {'date_only': datetime.date(2025, 11, 6), 'date_only_ts': datetime.datetime(2025, 11, 6, 0, 0), 'business_id': '79581f88-5042-43d0-9594-ba81e70130b0', 'client_id': '', 'pet_id': ''}
2025-11-06 10:36:03 [DEBUG] Dashboard query returned 0 rows before filtering.
2025-11-06 10:36:03 [DEBUG] Filtered results: 0 remaining after exclusions.
2025-11-06 10:36:03 [DEBUG] Loaded 0 notifications for business 79581f88-5042-43d0-9594-ba81e70130b0
2025-11-06 10:36:03 [INFO] Dashboard info built successfully for user 81e78254-85dc-464c-8aa4-455f9d9d47eb
2025-11-06 10:47:49 [INFO] Dashboard info requested by user_id=81e78254-85dc-464c-8aa4-455f9d9d47eb
2025-11-06 10:47:49 [DEBUG] Incoming dashboard params: date_time=2025-11-06, client_id=, pet_id=
2025-11-06 10:47:50 [DEBUG] Business logo encoded successfully.
2025-11-06 10:47:50 [DEBUG] Excluded recurring IDs for date 2025-11-06: {'0510befe-e14f-4513-80cc-1b991d69c27d', 'b63bc563-f097-496c-9eba-709f7bb84766', '1e33f7e8-00b4-4d9a-a70a-158f7e2ce5ee', '22d042a0-ac60-42df-ada8-f8ac5fffd246', 'd728b49a-ad6d-4b07-bb7b-f095a3b6abe4', '9fd5169c-df7f-4c45-a211-d2a8f9fc204a', '834d6450-75ea-4d3f-8d56-86b08d39a3b9', '4e71592c-0d28-4fc0-91ab-058d7a105b91', '83f4ae67-04d3-459e-b6f6-3ee7c8c954a3', '30f14564-3f37-4bd9-b0bb-19cfe5b9a223', 'e70f92cd-4029-441f-82f3-037603527358', '486b2003-fdad-4009-9800-cb19d7295067', 'a0664f90-3920-495e-bd70-89fa6b0b903e', '2cea8242-4dbe-423a-9470-f015dfc8bb9e', '49a2592e-ecd7-46da-9c03-866b96530b67', '2cda888d-df9b-42bd-bef3-adaa776e5fc6'}
2025-11-06 10:47:50 [DEBUG] Executing dashboard base query with params: {'date_only': datetime.date(2025, 11, 6), 'date_only_ts': datetime.datetime(2025, 11, 6, 0, 0), 'business_id': '79581f88-5042-43d0-9594-ba81e70130b0', 'client_id': '', 'pet_id': ''}
2025-11-06 10:47:50 [DEBUG] Dashboard query returned 0 rows before filtering.
2025-11-06 10:47:50 [DEBUG] Filtered results: 0 remaining after exclusions.
2025-11-06 10:47:50 [DEBUG] Loaded 0 notifications for business 79581f88-5042-43d0-9594-ba81e70130b0
2025-11-06 10:47:50 [INFO] Dashboard info built successfully for user 81e78254-85dc-464c-8aa4-455f9d9d47eb
2025-11-06 10:50:12 [INFO] Dashboard info requested by user_id=81e78254-85dc-464c-8aa4-455f9d9d47eb
2025-11-06 10:50:12 [DEBUG] Incoming dashboard params: date_time=2025-11-06, client_id=, pet_id=
2025-11-06 10:50:14 [DEBUG] Business logo encoded successfully.
2025-11-06 10:50:14 [DEBUG] Excluded recurring IDs for date 2025-11-06: {'d728b49a-ad6d-4b07-bb7b-f095a3b6abe4', '9fd5169c-df7f-4c45-a211-d2a8f9fc204a', '49a2592e-ecd7-46da-9c03-866b96530b67', '4e71592c-0d28-4fc0-91ab-058d7a105b91', 'a0664f90-3920-495e-bd70-89fa6b0b903e', '2cea8242-4dbe-423a-9470-f015dfc8bb9e', '30f14564-3f37-4bd9-b0bb-19cfe5b9a223', 'b63bc563-f097-496c-9eba-709f7bb84766', '83f4ae67-04d3-459e-b6f6-3ee7c8c954a3', '0510befe-e14f-4513-80cc-1b991d69c27d', 'e70f92cd-4029-441f-82f3-037603527358', '22d042a0-ac60-42df-ada8-f8ac5fffd246', '1e33f7e8-00b4-4d9a-a70a-158f7e2ce5ee', '486b2003-fdad-4009-9800-cb19d7295067', '834d6450-75ea-4d3f-8d56-86b08d39a3b9', '2cda888d-df9b-42bd-bef3-adaa776e5fc6'}
2025-11-06 10:50:14 [DEBUG] Executing dashboard base query with params: {'date_only': datetime.date(2025, 11, 6), 'date_only_ts': datetime.datetime(2025, 11, 6, 0, 0), 'business_id': '79581f88-5042-43d0-9594-ba81e70130b0', 'client_id': '', 'pet_id': ''}
2025-11-06 10:50:14 [DEBUG] Dashboard query returned 0 rows before filtering.
2025-11-06 10:50:14 [DEBUG] Filtered results: 0 remaining after exclusions.
2025-11-06 10:50:14 [DEBUG] Loaded 0 notifications for business 79581f88-5042-43d0-9594-ba81e70130b0
2025-11-06 10:50:14 [INFO] Dashboard info built successfully for user 81e78254-85dc-464c-8aa4-455f9d9d47eb
2025-11-06 11:14:09 [INFO] Dashboard info requested by user_id=81e78254-85dc-464c-8aa4-455f9d9d47eb
2025-11-06 11:14:09 [DEBUG] Incoming dashboard params: date_time=2025-11-06, client_id=, pet_id=
2025-11-06 11:14:10 [DEBUG] Business logo encoded successfully.
2025-11-06 11:14:10 [DEBUG] Excluded recurring IDs for date 2025-11-06: {'a0664f90-3920-495e-bd70-89fa6b0b903e', '2cea8242-4dbe-423a-9470-f015dfc8bb9e', '2cda888d-df9b-42bd-bef3-adaa776e5fc6', 'd728b49a-ad6d-4b07-bb7b-f095a3b6abe4', '30f14564-3f37-4bd9-b0bb-19cfe5b9a223', '1e33f7e8-00b4-4d9a-a70a-158f7e2ce5ee', '9fd5169c-df7f-4c45-a211-d2a8f9fc204a', '22d042a0-ac60-42df-ada8-f8ac5fffd246', '4e71592c-0d28-4fc0-91ab-058d7a105b91', '0510befe-e14f-4513-80cc-1b991d69c27d', '486b2003-fdad-4009-9800-cb19d7295067', 'b63bc563-f097-496c-9eba-709f7bb84766', '49a2592e-ecd7-46da-9c03-866b96530b67', '83f4ae67-04d3-459e-b6f6-3ee7c8c954a3', 'e70f92cd-4029-441f-82f3-037603527358', '834d6450-75ea-4d3f-8d56-86b08d39a3b9'}
2025-11-06 11:14:10 [DEBUG] Executing dashboard base query with params: {'date_only': datetime.date(2025, 11, 6), 'date_only_ts': datetime.datetime(2025, 11, 6, 0, 0), 'business_id': '79581f88-5042-43d0-9594-ba81e70130b0', 'client_id': '', 'pet_id': ''}
2025-11-06 11:14:10 [DEBUG] Dashboard query returned 0 rows before filtering.
2025-11-06 11:14:10 [DEBUG] Filtered results: 0 remaining after exclusions.
2025-11-06 11:14:10 [DEBUG] Loaded 0 notifications for business 79581f88-5042-43d0-9594-ba81e70130b0
2025-11-06 11:14:10 [INFO] Dashboard info built successfully for user 81e78254-85dc-464c-8aa4-455f9d9d47eb
2025-11-06 11:14:11 [INFO] Dashboard info requested by user_id=81e78254-85dc-464c-8aa4-455f9d9d47eb
2025-11-06 11:14:11 [DEBUG] Incoming dashboard params: date_time=2025-11-06, client_id=, pet_id=
2025-11-06 11:14:12 [DEBUG] Business logo encoded successfully.
2025-11-06 11:14:12 [DEBUG] Excluded recurring IDs for date 2025-11-06: {'a0664f90-3920-495e-bd70-89fa6b0b903e', '2cea8242-4dbe-423a-9470-f015dfc8bb9e', '2cda888d-df9b-42bd-bef3-adaa776e5fc6', 'd728b49a-ad6d-4b07-bb7b-f095a3b6abe4', '30f14564-3f37-4bd9-b0bb-19cfe5b9a223', '1e33f7e8-00b4-4d9a-a70a-158f7e2ce5ee', '9fd5169c-df7f-4c45-a211-d2a8f9fc204a', '22d042a0-ac60-42df-ada8-f8ac5fffd246', '4e71592c-0d28-4fc0-91ab-058d7a105b91', '0510befe-e14f-4513-80cc-1b991d69c27d', '486b2003-fdad-4009-9800-cb19d7295067', 'b63bc563-f097-496c-9eba-709f7bb84766', '49a2592e-ecd7-46da-9c03-866b96530b67', '83f4ae67-04d3-459e-b6f6-3ee7c8c954a3', 'e70f92cd-4029-441f-82f3-037603527358', '834d6450-75ea-4d3f-8d56-86b08d39a3b9'}
2025-11-06 11:14:12 [DEBUG] Executing dashboard base query with params: {'date_only': datetime.date(2025, 11, 6), 'date_only_ts': datetime.datetime(2025, 11, 6, 0, 0), 'business_id': '79581f88-5042-43d0-9594-ba81e70130b0', 'client_id': '', 'pet_id': ''}
2025-11-06 11:14:12 [DEBUG] Dashboard query returned 0 rows before filtering.
2025-11-06 11:14:12 [DEBUG] Filtered results: 0 remaining after exclusions.
2025-11-06 11:14:12 [DEBUG] Loaded 0 notifications for business 79581f88-5042-43d0-9594-ba81e70130b0
2025-11-06 11:14:12 [INFO] Dashboard info built successfully for user 81e78254-85dc-464c-8aa4-455f9d9d47eb
2025-11-06 11:14:12 [INFO] Dashboard info requested by user_id=81e78254-85dc-464c-8aa4-455f9d9d47eb
2025-11-06 11:14:12 [DEBUG] Incoming dashboard params: date_time=2025-11-07, client_id=, pet_id=
2025-11-06 11:14:13 [DEBUG] Business logo encoded successfully.
2025-11-06 11:14:13 [DEBUG] Excluded recurring IDs for date 2025-11-07: {'2cea8242-4dbe-423a-9470-f015dfc8bb9e', '2e1c1714-2cc3-405c-ae06-7bf1d9407615', '22d042a0-ac60-42df-ada8-f8ac5fffd246'}
2025-11-06 11:14:13 [DEBUG] Executing dashboard base query with params: {'date_only': datetime.date(2025, 11, 7), 'date_only_ts': datetime.datetime(2025, 11, 7, 0, 0), 'business_id': '79581f88-5042-43d0-9594-ba81e70130b0', 'client_id': '', 'pet_id': ''}
2025-11-06 11:14:13 [DEBUG] Dashboard query returned 0 rows before filtering.
2025-11-06 11:14:13 [DEBUG] Filtered results: 0 remaining after exclusions.
2025-11-06 11:14:13 [DEBUG] Loaded 0 notifications for business 79581f88-5042-43d0-9594-ba81e70130b0
2025-11-06 11:14:13 [INFO] Dashboard info built successfully for user 81e78254-85dc-464c-8aa4-455f9d9d47eb
2025-11-06 11:14:13 [INFO] Dashboard info requested by user_id=81e78254-85dc-464c-8aa4-455f9d9d47eb
2025-11-06 11:14:13 [DEBUG] Incoming dashboard params: date_time=2025-11-07, client_id=, pet_id=
2025-11-06 11:14:15 [DEBUG] Business logo encoded successfully.
2025-11-06 11:14:15 [DEBUG] Excluded recurring IDs for date 2025-11-07: {'2cea8242-4dbe-423a-9470-f015dfc8bb9e', '2e1c1714-2cc3-405c-ae06-7bf1d9407615', '22d042a0-ac60-42df-ada8-f8ac5fffd246'}
2025-11-06 11:14:15 [DEBUG] Executing dashboard base query with params: {'date_only': datetime.date(2025, 11, 7), 'date_only_ts': datetime.datetime(2025, 11, 7, 0, 0), 'business_id': '79581f88-5042-43d0-9594-ba81e70130b0', 'client_id': '', 'pet_id': ''}
2025-11-06 11:14:15 [DEBUG] Dashboard query returned 0 rows before filtering.
2025-11-06 11:14:15 [DEBUG] Filtered results: 0 remaining after exclusions.
2025-11-06 11:14:15 [DEBUG] Loaded 0 notifications for business 79581f88-5042-43d0-9594-ba81e70130b0
2025-11-06 11:14:15 [INFO] Dashboard info built successfully for user 81e78254-85dc-464c-8aa4-455f9d9d47eb
2025-11-06 11:14:49 [INFO] Dashboard info requested by user_id=81e78254-85dc-464c-8aa4-455f9d9d47eb
2025-11-06 11:14:49 [DEBUG] Incoming dashboard params: date_time=2025-11-07, client_id=, pet_id=
2025-11-06 11:14:49 [DEBUG] Business logo encoded successfully.
2025-11-06 11:14:49 [DEBUG] Excluded recurring IDs for date 2025-11-07: {'2cea8242-4dbe-423a-9470-f015dfc8bb9e', '2e1c1714-2cc3-405c-ae06-7bf1d9407615', '22d042a0-ac60-42df-ada8-f8ac5fffd246'}
2025-11-06 11:14:49 [DEBUG] Executing dashboard base query with params: {'date_only': datetime.date(2025, 11, 7), 'date_only_ts': datetime.datetime(2025, 11, 7, 0, 0), 'business_id': '79581f88-5042-43d0-9594-ba81e70130b0', 'client_id': '', 'pet_id': ''}
2025-11-06 11:14:49 [DEBUG] Dashboard query returned 1 rows before filtering.
2025-11-06 11:14:49 [DEBUG] Filtered results: 1 remaining after exclusions.
2025-11-06 11:14:50 [DEBUG] Loaded 0 notifications for business 79581f88-5042-43d0-9594-ba81e70130b0
2025-11-06 11:14:50 [INFO] Dashboard info built successfully for user 81e78254-85dc-464c-8aa4-455f9d9d47eb
2025-11-06 11:15:41 [INFO] Dashboard info requested by user_id=81e78254-85dc-464c-8aa4-455f9d9d47eb
2025-11-06 11:15:41 [DEBUG] Incoming dashboard params: date_time=2025-11-07, client_id=, pet_id=
2025-11-06 11:15:42 [DEBUG] Business logo encoded successfully.
2025-11-06 11:15:42 [DEBUG] Excluded recurring IDs for date 2025-11-07: {'2cea8242-4dbe-423a-9470-f015dfc8bb9e', '2e1c1714-2cc3-405c-ae06-7bf1d9407615', '22d042a0-ac60-42df-ada8-f8ac5fffd246'}
2025-11-06 11:15:42 [DEBUG] Executing dashboard base query with params: {'date_only': datetime.date(2025, 11, 7), 'date_only_ts': datetime.datetime(2025, 11, 7, 0, 0), 'business_id': '79581f88-5042-43d0-9594-ba81e70130b0', 'client_id': '', 'pet_id': ''}
2025-11-06 11:15:42 [DEBUG] Dashboard query returned 1 rows before filtering.
2025-11-06 11:15:42 [DEBUG] Filtered results: 1 remaining after exclusions.
2025-11-06 11:15:42 [DEBUG] Loaded 0 notifications for business 79581f88-5042-43d0-9594-ba81e70130b0
2025-11-06 11:15:42 [INFO] Dashboard info built successfully for user 81e78254-85dc-464c-8aa4-455f9d9d47eb
2025-11-06 11:15:45 [INFO] Dashboard info requested by user_id=81e78254-85dc-464c-8aa4-455f9d9d47eb
2025-11-06 11:15:45 [DEBUG] Incoming dashboard params: date_time=2025-11-07, client_id=, pet_id=
2025-11-06 11:15:46 [DEBUG] Business logo encoded successfully.
2025-11-06 11:15:46 [DEBUG] Excluded recurring IDs for date 2025-11-07: {'2cea8242-4dbe-423a-9470-f015dfc8bb9e', '2e1c1714-2cc3-405c-ae06-7bf1d9407615', '22d042a0-ac60-42df-ada8-f8ac5fffd246'}
2025-11-06 11:15:46 [DEBUG] Executing dashboard base query with params: {'date_only': datetime.date(2025, 11, 7), 'date_only_ts': datetime.datetime(2025, 11, 7, 0, 0), 'business_id': '79581f88-5042-43d0-9594-ba81e70130b0', 'client_id': '', 'pet_id': ''}
2025-11-06 11:15:46 [DEBUG] Dashboard query returned 0 rows before filtering.
2025-11-06 11:15:46 [DEBUG] Filtered results: 0 remaining after exclusions.
2025-11-06 11:15:46 [DEBUG] Loaded 0 notifications for business 79581f88-5042-43d0-9594-ba81e70130b0
2025-11-06 11:15:46 [INFO] Dashboard info built successfully for user 81e78254-85dc-464c-8aa4-455f9d9d47eb
2025-11-06 11:15:56 [INFO] Dashboard info requested by user_id=81e78254-85dc-464c-8aa4-455f9d9d47eb
2025-11-06 11:15:56 [DEBUG] Incoming dashboard params: date_time=2025-11-07, client_id=, pet_id=
2025-11-06 11:15:57 [DEBUG] Business logo encoded successfully.
2025-11-06 11:15:57 [DEBUG] Excluded recurring IDs for date 2025-11-07: {'2cea8242-4dbe-423a-9470-f015dfc8bb9e', '2e1c1714-2cc3-405c-ae06-7bf1d9407615', '22d042a0-ac60-42df-ada8-f8ac5fffd246'}
2025-11-06 11:15:57 [DEBUG] Executing dashboard base query with params: {'date_only': datetime.date(2025, 11, 7), 'date_only_ts': datetime.datetime(2025, 11, 7, 0, 0), 'business_id': '79581f88-5042-43d0-9594-ba81e70130b0', 'client_id': '', 'pet_id': ''}
2025-11-06 11:15:57 [DEBUG] Dashboard query returned 1 rows before filtering.
2025-11-06 11:15:57 [DEBUG] Filtered results: 1 remaining after exclusions.
2025-11-06 11:15:57 [DEBUG] Loaded 0 notifications for business 79581f88-5042-43d0-9594-ba81e70130b0
2025-11-06 11:15:57 [INFO] Dashboard info built successfully for user 81e78254-85dc-464c-8aa4-455f9d9d47eb
2025-11-06 11:16:22 [INFO] Dashboard info requested by user_id=81e78254-85dc-464c-8aa4-455f9d9d47eb
2025-11-06 11:16:22 [DEBUG] Incoming dashboard params: date_time=2025-11-07, client_id=, pet_id=
2025-11-06 11:16:22 [DEBUG] Business logo encoded successfully.
2025-11-06 11:16:22 [DEBUG] Excluded recurring IDs for date 2025-11-07: {'2cea8242-4dbe-423a-9470-f015dfc8bb9e', '2e1c1714-2cc3-405c-ae06-7bf1d9407615', '22d042a0-ac60-42df-ada8-f8ac5fffd246'}
2025-11-06 11:16:22 [DEBUG] Executing dashboard base query with params: {'date_only': datetime.date(2025, 11, 7), 'date_only_ts': datetime.datetime(2025, 11, 7, 0, 0), 'business_id': '79581f88-5042-43d0-9594-ba81e70130b0', 'client_id': '', 'pet_id': ''}
2025-11-06 11:16:22 [DEBUG] Dashboard query returned 0 rows before filtering.
2025-11-06 11:16:22 [DEBUG] Filtered results: 0 remaining after exclusions.
2025-11-06 11:16:22 [DEBUG] Loaded 0 notifications for business 79581f88-5042-43d0-9594-ba81e70130b0
2025-11-06 11:16:22 [INFO] Dashboard info built successfully for user 81e78254-85dc-464c-8aa4-455f9d9d47eb
2025-11-06 11:25:50 [INFO] Dashboard info requested by user_id=81e78254-85dc-464c-8aa4-455f9d9d47eb
2025-11-06 11:25:50 [DEBUG] Incoming dashboard params: date_time=2025-11-07, client_id=, pet_id=
2025-11-06 11:25:52 [DEBUG] Business logo encoded successfully.
2025-11-06 11:25:52 [DEBUG] Excluded recurring IDs for date 2025-11-07: {'2cea8242-4dbe-423a-9470-f015dfc8bb9e', '2e1c1714-2cc3-405c-ae06-7bf1d9407615', '22d042a0-ac60-42df-ada8-f8ac5fffd246'}
2025-11-06 11:25:52 [DEBUG] Executing dashboard base query with params: {'date_only': datetime.date(2025, 11, 7), 'date_only_ts': datetime.datetime(2025, 11, 7, 0, 0), 'business_id': '79581f88-5042-43d0-9594-ba81e70130b0', 'client_id': '', 'pet_id': ''}
2025-11-06 11:25:52 [DEBUG] Dashboard query returned 0 rows before filtering.
2025-11-06 11:25:52 [DEBUG] Filtered results: 0 remaining after exclusions.
2025-11-06 11:25:52 [DEBUG] Loaded 0 notifications for business 79581f88-5042-43d0-9594-ba81e70130b0
2025-11-06 11:25:52 [INFO] Dashboard info built successfully for user 81e78254-85dc-464c-8aa4-455f9d9d47eb
2025-11-06 17:11:10 [INFO] Dashboard info requested by user_id=81e78254-85dc-464c-8aa4-455f9d9d47eb
2025-11-06 17:11:10 [DEBUG] Incoming dashboard params: date_time=2025-11-06, client_id=, pet_id=
2025-11-06 17:11:11 [DEBUG] Business logo encoded successfully.
2025-11-06 17:11:11 [DEBUG] Excluded recurring IDs for date 2025-11-06: {'83f4ae67-04d3-459e-b6f6-3ee7c8c954a3', '1e33f7e8-00b4-4d9a-a70a-158f7e2ce5ee', 'b63bc563-f097-496c-9eba-709f7bb84766', '4e71592c-0d28-4fc0-91ab-058d7a105b91', '22d042a0-ac60-42df-ada8-f8ac5fffd246', '486b2003-fdad-4009-9800-cb19d7295067', '2cda888d-df9b-42bd-bef3-adaa776e5fc6', '49a2592e-ecd7-46da-9c03-866b96530b67', '30f14564-3f37-4bd9-b0bb-19cfe5b9a223', 'd728b49a-ad6d-4b07-bb7b-f095a3b6abe4', '834d6450-75ea-4d3f-8d56-86b08d39a3b9', '2cea8242-4dbe-423a-9470-f015dfc8bb9e', 'a0664f90-3920-495e-bd70-89fa6b0b903e', 'e70f92cd-4029-441f-82f3-037603527358', '9fd5169c-df7f-4c45-a211-d2a8f9fc204a', '0510befe-e14f-4513-80cc-1b991d69c27d'}
2025-11-06 17:11:11 [DEBUG] Executing dashboard base query with params: {'date_only': datetime.date(2025, 11, 6), 'date_only_ts': datetime.datetime(2025, 11, 6, 0, 0), 'business_id': '79581f88-5042-43d0-9594-ba81e70130b0', 'client_id': '', 'pet_id': ''}
2025-11-06 17:11:11 [DEBUG] Dashboard query returned 1 rows before filtering.
2025-11-06 17:11:11 [DEBUG] Filtered results: 1 remaining after exclusions.
2025-11-06 17:11:11 [DEBUG] Loaded 0 notifications for business 79581f88-5042-43d0-9594-ba81e70130b0
2025-11-06 17:11:11 [INFO] Dashboard info built successfully for user 81e78254-85dc-464c-8aa4-455f9d9d47eb
2025-11-06 17:13:05 [INFO] Dashboard info requested by user_id=81e78254-85dc-464c-8aa4-455f9d9d47eb
2025-11-06 17:13:05 [DEBUG] Incoming dashboard params: date_time=2025-11-06, client_id=, pet_id=
2025-11-06 17:13:06 [DEBUG] Business logo encoded successfully.
2025-11-06 17:13:06 [DEBUG] Excluded recurring IDs for date 2025-11-06: {'83f4ae67-04d3-459e-b6f6-3ee7c8c954a3', '1e33f7e8-00b4-4d9a-a70a-158f7e2ce5ee', 'b63bc563-f097-496c-9eba-709f7bb84766', '4e71592c-0d28-4fc0-91ab-058d7a105b91', '22d042a0-ac60-42df-ada8-f8ac5fffd246', '486b2003-fdad-4009-9800-cb19d7295067', '2cda888d-df9b-42bd-bef3-adaa776e5fc6', '49a2592e-ecd7-46da-9c03-866b96530b67', '30f14564-3f37-4bd9-b0bb-19cfe5b9a223', 'd728b49a-ad6d-4b07-bb7b-f095a3b6abe4', '834d6450-75ea-4d3f-8d56-86b08d39a3b9', '2cea8242-4dbe-423a-9470-f015dfc8bb9e', 'a0664f90-3920-495e-bd70-89fa6b0b903e', 'e70f92cd-4029-441f-82f3-037603527358', '9fd5169c-df7f-4c45-a211-d2a8f9fc204a', '0510befe-e14f-4513-80cc-1b991d69c27d'}
2025-11-06 17:13:06 [DEBUG] Executing dashboard base query with params: {'date_only': datetime.date(2025, 11, 6), 'date_only_ts': datetime.datetime(2025, 11, 6, 0, 0), 'business_id': '79581f88-5042-43d0-9594-ba81e70130b0', 'client_id': '', 'pet_id': ''}
2025-11-06 17:13:06 [DEBUG] Dashboard query returned 1 rows before filtering.
2025-11-06 17:13:06 [DEBUG] Filtered results: 1 remaining after exclusions.
2025-11-06 17:13:06 [DEBUG] Loaded 0 notifications for business 79581f88-5042-43d0-9594-ba81e70130b0
2025-11-06 17:13:06 [INFO] Dashboard info built successfully for user 81e78254-85dc-464c-8aa4-455f9d9d47eb
2025-11-06 17:13:07 [INFO] Dashboard info requested by user_id=81e78254-85dc-464c-8aa4-455f9d9d47eb
2025-11-06 17:13:07 [DEBUG] Incoming dashboard params: date_time=2025-11-06, client_id=, pet_id=
2025-11-06 17:13:08 [DEBUG] Business logo encoded successfully.
2025-11-06 17:13:08 [DEBUG] Excluded recurring IDs for date 2025-11-06: {'83f4ae67-04d3-459e-b6f6-3ee7c8c954a3', '1e33f7e8-00b4-4d9a-a70a-158f7e2ce5ee', 'b63bc563-f097-496c-9eba-709f7bb84766', '4e71592c-0d28-4fc0-91ab-058d7a105b91', '22d042a0-ac60-42df-ada8-f8ac5fffd246', '486b2003-fdad-4009-9800-cb19d7295067', '2cda888d-df9b-42bd-bef3-adaa776e5fc6', '49a2592e-ecd7-46da-9c03-866b96530b67', '30f14564-3f37-4bd9-b0bb-19cfe5b9a223', 'd728b49a-ad6d-4b07-bb7b-f095a3b6abe4', '834d6450-75ea-4d3f-8d56-86b08d39a3b9', '2cea8242-4dbe-423a-9470-f015dfc8bb9e', 'a0664f90-3920-495e-bd70-89fa6b0b903e', 'e70f92cd-4029-441f-82f3-037603527358', '9fd5169c-df7f-4c45-a211-d2a8f9fc204a', '0510befe-e14f-4513-80cc-1b991d69c27d'}
2025-11-06 17:13:08 [DEBUG] Executing dashboard base query with params: {'date_only': datetime.date(2025, 11, 6), 'date_only_ts': datetime.datetime(2025, 11, 6, 0, 0), 'business_id': '79581f88-5042-43d0-9594-ba81e70130b0', 'client_id': '', 'pet_id': ''}
2025-11-06 17:13:08 [DEBUG] Dashboard query returned 1 rows before filtering.
2025-11-06 17:13:08 [DEBUG] Filtered results: 1 remaining after exclusions.
2025-11-06 17:13:08 [DEBUG] Loaded 0 notifications for business 79581f88-5042-43d0-9594-ba81e70130b0
2025-11-06 17:13:08 [INFO] Dashboard info built successfully for user 81e78254-85dc-464c-8aa4-455f9d9d47eb
2025-11-06 17:13:09 [INFO] Dashboard info requested by user_id=81e78254-85dc-464c-8aa4-455f9d9d47eb
2025-11-06 17:13:09 [DEBUG] Incoming dashboard params: date_time=2025-11-06, client_id=, pet_id=
2025-11-06 17:13:09 [DEBUG] Business logo encoded successfully.
2025-11-06 17:13:09 [DEBUG] Excluded recurring IDs for date 2025-11-06: {'83f4ae67-04d3-459e-b6f6-3ee7c8c954a3', '1e33f7e8-00b4-4d9a-a70a-158f7e2ce5ee', 'b63bc563-f097-496c-9eba-709f7bb84766', '4e71592c-0d28-4fc0-91ab-058d7a105b91', '22d042a0-ac60-42df-ada8-f8ac5fffd246', '486b2003-fdad-4009-9800-cb19d7295067', '2cda888d-df9b-42bd-bef3-adaa776e5fc6', '49a2592e-ecd7-46da-9c03-866b96530b67', '30f14564-3f37-4bd9-b0bb-19cfe5b9a223', 'd728b49a-ad6d-4b07-bb7b-f095a3b6abe4', '834d6450-75ea-4d3f-8d56-86b08d39a3b9', '2cea8242-4dbe-423a-9470-f015dfc8bb9e', 'a0664f90-3920-495e-bd70-89fa6b0b903e', 'e70f92cd-4029-441f-82f3-037603527358', '9fd5169c-df7f-4c45-a211-d2a8f9fc204a', '0510befe-e14f-4513-80cc-1b991d69c27d'}
2025-11-06 17:13:09 [DEBUG] Executing dashboard base query with params: {'date_only': datetime.date(2025, 11, 6), 'date_only_ts': datetime.datetime(2025, 11, 6, 0, 0), 'business_id': '79581f88-5042-43d0-9594-ba81e70130b0', 'client_id': '', 'pet_id': ''}
2025-11-06 17:13:09 [DEBUG] Dashboard query returned 1 rows before filtering.
2025-11-06 17:13:09 [DEBUG] Filtered results: 1 remaining after exclusions.
2025-11-06 17:13:09 [DEBUG] Loaded 0 notifications for business 79581f88-5042-43d0-9594-ba81e70130b0
2025-11-06 17:13:09 [INFO] Dashboard info built successfully for user 81e78254-85dc-464c-8aa4-455f9d9d47eb
2025-11-06 17:15:36 [INFO] Dashboard info requested by user_id=81e78254-85dc-464c-8aa4-455f9d9d47eb
2025-11-06 17:15:36 [DEBUG] Incoming dashboard params: date_time=2025-11-06, client_id=, pet_id=
2025-11-06 17:15:37 [DEBUG] Business logo encoded successfully.
2025-11-06 17:15:37 [DEBUG] Excluded recurring IDs for date 2025-11-06: {'83f4ae67-04d3-459e-b6f6-3ee7c8c954a3', '1e33f7e8-00b4-4d9a-a70a-158f7e2ce5ee', 'b63bc563-f097-496c-9eba-709f7bb84766', '4e71592c-0d28-4fc0-91ab-058d7a105b91', '22d042a0-ac60-42df-ada8-f8ac5fffd246', '486b2003-fdad-4009-9800-cb19d7295067', '2cda888d-df9b-42bd-bef3-adaa776e5fc6', '49a2592e-ecd7-46da-9c03-866b96530b67', '30f14564-3f37-4bd9-b0bb-19cfe5b9a223', 'd728b49a-ad6d-4b07-bb7b-f095a3b6abe4', '834d6450-75ea-4d3f-8d56-86b08d39a3b9', '2cea8242-4dbe-423a-9470-f015dfc8bb9e', 'a0664f90-3920-495e-bd70-89fa6b0b903e', 'e70f92cd-4029-441f-82f3-037603527358', '9fd5169c-df7f-4c45-a211-d2a8f9fc204a', '0510befe-e14f-4513-80cc-1b991d69c27d'}
2025-11-06 17:15:37 [DEBUG] Executing dashboard base query with params: {'date_only': datetime.date(2025, 11, 6), 'date_only_ts': datetime.datetime(2025, 11, 6, 0, 0), 'business_id': '79581f88-5042-43d0-9594-ba81e70130b0', 'client_id': '', 'pet_id': ''}
2025-11-06 17:15:37 [DEBUG] Dashboard query returned 0 rows before filtering.
2025-11-06 17:15:37 [DEBUG] Filtered results: 0 remaining after exclusions.
2025-11-06 17:15:37 [DEBUG] Loaded 0 notifications for business 79581f88-5042-43d0-9594-ba81e70130b0
2025-11-06 17:15:37 [INFO] Dashboard info built successfully for user 81e78254-85dc-464c-8aa4-455f9d9d47eb
2025-11-06 17:16:49 [INFO] Dashboard info requested by user_id=81e78254-85dc-464c-8aa4-455f9d9d47eb
2025-11-06 17:16:49 [DEBUG] Incoming dashboard params: date_time=2025-11-06, client_id=, pet_id=
2025-11-06 17:16:50 [DEBUG] Business logo encoded successfully.
2025-11-06 17:16:50 [DEBUG] Excluded recurring IDs for date 2025-11-06: {'83f4ae67-04d3-459e-b6f6-3ee7c8c954a3', '1e33f7e8-00b4-4d9a-a70a-158f7e2ce5ee', 'b63bc563-f097-496c-9eba-709f7bb84766', '4e71592c-0d28-4fc0-91ab-058d7a105b91', '22d042a0-ac60-42df-ada8-f8ac5fffd246', '486b2003-fdad-4009-9800-cb19d7295067', '2cda888d-df9b-42bd-bef3-adaa776e5fc6', '49a2592e-ecd7-46da-9c03-866b96530b67', '30f14564-3f37-4bd9-b0bb-19cfe5b9a223', 'd728b49a-ad6d-4b07-bb7b-f095a3b6abe4', '834d6450-75ea-4d3f-8d56-86b08d39a3b9', '2cea8242-4dbe-423a-9470-f015dfc8bb9e', 'a0664f90-3920-495e-bd70-89fa6b0b903e', 'e70f92cd-4029-441f-82f3-037603527358', '9fd5169c-df7f-4c45-a211-d2a8f9fc204a', '0510befe-e14f-4513-80cc-1b991d69c27d'}
2025-11-06 17:16:50 [DEBUG] Executing dashboard base query with params: {'date_only': datetime.date(2025, 11, 6), 'date_only_ts': datetime.datetime(2025, 11, 6, 0, 0), 'business_id': '79581f88-5042-43d0-9594-ba81e70130b0', 'client_id': '', 'pet_id': ''}
2025-11-06 17:16:50 [DEBUG] Dashboard query returned 0 rows before filtering.
2025-11-06 17:16:50 [DEBUG] Filtered results: 0 remaining after exclusions.
2025-11-06 17:16:50 [DEBUG] Loaded 2 notifications for business 79581f88-5042-43d0-9594-ba81e70130b0
2025-11-06 17:16:50 [INFO] Dashboard info built successfully for user 81e78254-85dc-464c-8aa4-455f9d9d47eb
2025-11-06 17:16:50 [INFO] Dashboard info requested by user_id=81e78254-85dc-464c-8aa4-455f9d9d47eb
2025-11-06 17:16:50 [DEBUG] Incoming dashboard params: date_time=2025-11-06, client_id=, pet_id=
2025-11-06 17:16:51 [DEBUG] Business logo encoded successfully.
2025-11-06 17:16:51 [DEBUG] Excluded recurring IDs for date 2025-11-06: {'83f4ae67-04d3-459e-b6f6-3ee7c8c954a3', '1e33f7e8-00b4-4d9a-a70a-158f7e2ce5ee', 'b63bc563-f097-496c-9eba-709f7bb84766', '4e71592c-0d28-4fc0-91ab-058d7a105b91', '22d042a0-ac60-42df-ada8-f8ac5fffd246', '486b2003-fdad-4009-9800-cb19d7295067', '2cda888d-df9b-42bd-bef3-adaa776e5fc6', '49a2592e-ecd7-46da-9c03-866b96530b67', '30f14564-3f37-4bd9-b0bb-19cfe5b9a223', 'd728b49a-ad6d-4b07-bb7b-f095a3b6abe4', '834d6450-75ea-4d3f-8d56-86b08d39a3b9', '2cea8242-4dbe-423a-9470-f015dfc8bb9e', 'a0664f90-3920-495e-bd70-89fa6b0b903e', 'e70f92cd-4029-441f-82f3-037603527358', '9fd5169c-df7f-4c45-a211-d2a8f9fc204a', '0510befe-e14f-4513-80cc-1b991d69c27d'}
2025-11-06 17:16:51 [DEBUG] Executing dashboard base query with params: {'date_only': datetime.date(2025, 11, 6), 'date_only_ts': datetime.datetime(2025, 11, 6, 0, 0), 'business_id': '79581f88-5042-43d0-9594-ba81e70130b0', 'client_id': '', 'pet_id': ''}
2025-11-06 17:16:51 [DEBUG] Dashboard query returned 0 rows before filtering.
2025-11-06 17:16:51 [DEBUG] Filtered results: 0 remaining after exclusions.
2025-11-06 17:16:51 [DEBUG] Loaded 2 notifications for business 79581f88-5042-43d0-9594-ba81e70130b0
2025-11-06 17:16:51 [INFO] Dashboard info built successfully for user 81e78254-85dc-464c-8aa4-455f9d9d47eb
2025-11-06 17:16:53 [INFO] Dashboard info requested by user_id=81e78254-85dc-464c-8aa4-455f9d9d47eb
2025-11-06 17:16:53 [DEBUG] Incoming dashboard params: date_time=2025-11-07, client_id=, pet_id=
2025-11-06 17:16:54 [DEBUG] Business logo encoded successfully.
2025-11-06 17:16:54 [DEBUG] Excluded recurring IDs for date 2025-11-07: {'22d042a0-ac60-42df-ada8-f8ac5fffd246', '2e1c1714-2cc3-405c-ae06-7bf1d9407615', '2cea8242-4dbe-423a-9470-f015dfc8bb9e'}
2025-11-06 17:16:54 [DEBUG] Executing dashboard base query with params: {'date_only': datetime.date(2025, 11, 7), 'date_only_ts': datetime.datetime(2025, 11, 7, 0, 0), 'business_id': '79581f88-5042-43d0-9594-ba81e70130b0', 'client_id': '', 'pet_id': ''}
2025-11-06 17:16:54 [DEBUG] Dashboard query returned 2 rows before filtering.
2025-11-06 17:16:54 [DEBUG] Filtered results: 2 remaining after exclusions.
2025-11-06 17:16:54 [DEBUG] Loaded 2 notifications for business 79581f88-5042-43d0-9594-ba81e70130b0
2025-11-06 17:16:54 [INFO] Dashboard info built successfully for user 81e78254-85dc-464c-8aa4-455f9d9d47eb
2025-11-06 17:16:54 [INFO] Dashboard info requested by user_id=81e78254-85dc-464c-8aa4-455f9d9d47eb
2025-11-06 17:16:54 [DEBUG] Incoming dashboard params: date_time=2025-11-07, client_id=, pet_id=
2025-11-06 17:16:55 [DEBUG] Business logo encoded successfully.
2025-11-06 17:16:55 [DEBUG] Excluded recurring IDs for date 2025-11-07: {'22d042a0-ac60-42df-ada8-f8ac5fffd246', '2e1c1714-2cc3-405c-ae06-7bf1d9407615', '2cea8242-4dbe-423a-9470-f015dfc8bb9e'}
2025-11-06 17:16:55 [DEBUG] Executing dashboard base query with params: {'date_only': datetime.date(2025, 11, 7), 'date_only_ts': datetime.datetime(2025, 11, 7, 0, 0), 'business_id': '79581f88-5042-43d0-9594-ba81e70130b0', 'client_id': '', 'pet_id': ''}
2025-11-06 17:16:55 [DEBUG] Dashboard query returned 2 rows before filtering.
2025-11-06 17:16:55 [DEBUG] Filtered results: 2 remaining after exclusions.
2025-11-06 17:16:55 [DEBUG] Loaded 2 notifications for business 79581f88-5042-43d0-9594-ba81e70130b0
2025-11-06 17:16:55 [INFO] Dashboard info built successfully for user 81e78254-85dc-464c-8aa4-455f9d9d47eb
2025-11-06 17:16:57 [INFO] Dashboard info requested by user_id=81e78254-85dc-464c-8aa4-455f9d9d47eb
2025-11-06 17:16:57 [DEBUG] Incoming dashboard params: date_time=2025-11-07, client_id=, pet_id=
2025-11-06 17:16:58 [DEBUG] Business logo encoded successfully.
2025-11-06 17:16:58 [DEBUG] Excluded recurring IDs for date 2025-11-07: {'22d042a0-ac60-42df-ada8-f8ac5fffd246', '2e1c1714-2cc3-405c-ae06-7bf1d9407615', '2cea8242-4dbe-423a-9470-f015dfc8bb9e'}
2025-11-06 17:16:58 [DEBUG] Executing dashboard base query with params: {'date_only': datetime.date(2025, 11, 7), 'date_only_ts': datetime.datetime(2025, 11, 7, 0, 0), 'business_id': '79581f88-5042-43d0-9594-ba81e70130b0', 'client_id': '', 'pet_id': ''}
2025-11-06 17:16:58 [DEBUG] Dashboard query returned 2 rows before filtering.
2025-11-06 17:16:58 [DEBUG] Filtered results: 2 remaining after exclusions.
2025-11-06 17:16:58 [DEBUG] Loaded 2 notifications for business 79581f88-5042-43d0-9594-ba81e70130b0
2025-11-06 17:16:58 [INFO] Dashboard info built successfully for user 81e78254-85dc-464c-8aa4-455f9d9d47eb
2025-11-06 17:18:10 [INFO] Dashboard info requested by user_id=81e78254-85dc-464c-8aa4-455f9d9d47eb
2025-11-06 17:18:10 [DEBUG] Incoming dashboard params: date_time=2025-11-06, client_id=, pet_id=
2025-11-06 17:18:11 [DEBUG] Business logo encoded successfully.
2025-11-06 17:18:11 [DEBUG] Excluded recurring IDs for date 2025-11-06: {'83f4ae67-04d3-459e-b6f6-3ee7c8c954a3', '1e33f7e8-00b4-4d9a-a70a-158f7e2ce5ee', 'b63bc563-f097-496c-9eba-709f7bb84766', '4e71592c-0d28-4fc0-91ab-058d7a105b91', '22d042a0-ac60-42df-ada8-f8ac5fffd246', '486b2003-fdad-4009-9800-cb19d7295067', '2cda888d-df9b-42bd-bef3-adaa776e5fc6', '49a2592e-ecd7-46da-9c03-866b96530b67', '30f14564-3f37-4bd9-b0bb-19cfe5b9a223', 'd728b49a-ad6d-4b07-bb7b-f095a3b6abe4', '834d6450-75ea-4d3f-8d56-86b08d39a3b9', '2cea8242-4dbe-423a-9470-f015dfc8bb9e', 'a0664f90-3920-495e-bd70-89fa6b0b903e', 'e70f92cd-4029-441f-82f3-037603527358', '9fd5169c-df7f-4c45-a211-d2a8f9fc204a', '0510befe-e14f-4513-80cc-1b991d69c27d'}
2025-11-06 17:18:11 [DEBUG] Executing dashboard base query with params: {'date_only': datetime.date(2025, 11, 6), 'date_only_ts': datetime.datetime(2025, 11, 6, 0, 0), 'business_id': '79581f88-5042-43d0-9594-ba81e70130b0', 'client_id': '', 'pet_id': ''}
2025-11-06 17:18:11 [DEBUG] Dashboard query returned 0 rows before filtering.
2025-11-06 17:18:11 [DEBUG] Filtered results: 0 remaining after exclusions.
2025-11-06 17:18:11 [DEBUG] Loaded 4 notifications for business 79581f88-5042-43d0-9594-ba81e70130b0
2025-11-06 17:18:11 [INFO] Dashboard info built successfully for user 81e78254-85dc-464c-8aa4-455f9d9d47eb
2025-11-06 17:18:11 [INFO] Dashboard info requested by user_id=81e78254-85dc-464c-8aa4-455f9d9d47eb
2025-11-06 17:18:11 [DEBUG] Incoming dashboard params: date_time=2025-11-06, client_id=, pet_id=
2025-11-06 17:18:12 [DEBUG] Business logo encoded successfully.
2025-11-06 17:18:12 [DEBUG] Excluded recurring IDs for date 2025-11-06: {'83f4ae67-04d3-459e-b6f6-3ee7c8c954a3', '1e33f7e8-00b4-4d9a-a70a-158f7e2ce5ee', 'b63bc563-f097-496c-9eba-709f7bb84766', '4e71592c-0d28-4fc0-91ab-058d7a105b91', '22d042a0-ac60-42df-ada8-f8ac5fffd246', '486b2003-fdad-4009-9800-cb19d7295067', '2cda888d-df9b-42bd-bef3-adaa776e5fc6', '49a2592e-ecd7-46da-9c03-866b96530b67', '30f14564-3f37-4bd9-b0bb-19cfe5b9a223', 'd728b49a-ad6d-4b07-bb7b-f095a3b6abe4', '834d6450-75ea-4d3f-8d56-86b08d39a3b9', '2cea8242-4dbe-423a-9470-f015dfc8bb9e', 'a0664f90-3920-495e-bd70-89fa6b0b903e', 'e70f92cd-4029-441f-82f3-037603527358', '9fd5169c-df7f-4c45-a211-d2a8f9fc204a', '0510befe-e14f-4513-80cc-1b991d69c27d'}
2025-11-06 17:18:12 [DEBUG] Executing dashboard base query with params: {'date_only': datetime.date(2025, 11, 6), 'date_only_ts': datetime.datetime(2025, 11, 6, 0, 0), 'business_id': '79581f88-5042-43d0-9594-ba81e70130b0', 'client_id': '', 'pet_id': ''}
2025-11-06 17:18:12 [DEBUG] Dashboard query returned 0 rows before filtering.
2025-11-06 17:18:12 [DEBUG] Filtered results: 0 remaining after exclusions.
2025-11-06 17:18:12 [DEBUG] Loaded 4 notifications for business 79581f88-5042-43d0-9594-ba81e70130b0
2025-11-06 17:18:12 [INFO] Dashboard info built successfully for user 81e78254-85dc-464c-8aa4-455f9d9d47eb
2025-11-06 17:18:13 [INFO] Dashboard info requested by user_id=81e78254-85dc-464c-8aa4-455f9d9d47eb
2025-11-06 17:18:13 [DEBUG] Incoming dashboard params: date_time=2025-11-07, client_id=, pet_id=
2025-11-06 17:18:14 [DEBUG] Business logo encoded successfully.
2025-11-06 17:18:14 [DEBUG] Excluded recurring IDs for date 2025-11-07: {'22d042a0-ac60-42df-ada8-f8ac5fffd246', '2e1c1714-2cc3-405c-ae06-7bf1d9407615', '2cea8242-4dbe-423a-9470-f015dfc8bb9e'}
2025-11-06 17:18:14 [DEBUG] Executing dashboard base query with params: {'date_only': datetime.date(2025, 11, 7), 'date_only_ts': datetime.datetime(2025, 11, 7, 0, 0), 'business_id': '79581f88-5042-43d0-9594-ba81e70130b0', 'client_id': '', 'pet_id': ''}
2025-11-06 17:18:14 [DEBUG] Dashboard query returned 4 rows before filtering.
2025-11-06 17:18:14 [DEBUG] Filtered results: 4 remaining after exclusions.
2025-11-06 17:18:14 [DEBUG] Loaded 4 notifications for business 79581f88-5042-43d0-9594-ba81e70130b0
2025-11-06 17:18:14 [INFO] Dashboard info built successfully for user 81e78254-85dc-464c-8aa4-455f9d9d47eb
2025-11-06 17:18:14 [INFO] Dashboard info requested by user_id=81e78254-85dc-464c-8aa4-455f9d9d47eb
2025-11-06 17:18:14 [DEBUG] Incoming dashboard params: date_time=2025-11-07, client_id=, pet_id=
2025-11-06 17:18:15 [DEBUG] Business logo encoded successfully.
2025-11-06 17:18:15 [DEBUG] Excluded recurring IDs for date 2025-11-07: {'22d042a0-ac60-42df-ada8-f8ac5fffd246', '2e1c1714-2cc3-405c-ae06-7bf1d9407615', '2cea8242-4dbe-423a-9470-f015dfc8bb9e'}
2025-11-06 17:18:15 [DEBUG] Executing dashboard base query with params: {'date_only': datetime.date(2025, 11, 7), 'date_only_ts': datetime.datetime(2025, 11, 7, 0, 0), 'business_id': '79581f88-5042-43d0-9594-ba81e70130b0', 'client_id': '', 'pet_id': ''}
2025-11-06 17:18:15 [DEBUG] Dashboard query returned 4 rows before filtering.
2025-11-06 17:18:15 [DEBUG] Filtered results: 4 remaining after exclusions.
2025-11-06 17:18:15 [DEBUG] Loaded 4 notifications for business 79581f88-5042-43d0-9594-ba81e70130b0
2025-11-06 17:18:15 [INFO] Dashboard info built successfully for user 81e78254-85dc-464c-8aa4-455f9d9d47eb
2025-11-06 17:18:54 [INFO] Dashboard info requested by user_id=81e78254-85dc-464c-8aa4-455f9d9d47eb
2025-11-06 17:18:54 [DEBUG] Incoming dashboard params: date_time=2025-11-06, client_id=, pet_id=
2025-11-06 17:18:55 [DEBUG] Business logo encoded successfully.
2025-11-06 17:18:55 [DEBUG] Excluded recurring IDs for date 2025-11-06: {'83f4ae67-04d3-459e-b6f6-3ee7c8c954a3', '1e33f7e8-00b4-4d9a-a70a-158f7e2ce5ee', 'b63bc563-f097-496c-9eba-709f7bb84766', '4e71592c-0d28-4fc0-91ab-058d7a105b91', '22d042a0-ac60-42df-ada8-f8ac5fffd246', '486b2003-fdad-4009-9800-cb19d7295067', '2cda888d-df9b-42bd-bef3-adaa776e5fc6', '49a2592e-ecd7-46da-9c03-866b96530b67', '30f14564-3f37-4bd9-b0bb-19cfe5b9a223', 'd728b49a-ad6d-4b07-bb7b-f095a3b6abe4', '834d6450-75ea-4d3f-8d56-86b08d39a3b9', '2cea8242-4dbe-423a-9470-f015dfc8bb9e', 'a0664f90-3920-495e-bd70-89fa6b0b903e', 'e70f92cd-4029-441f-82f3-037603527358', '9fd5169c-df7f-4c45-a211-d2a8f9fc204a', '0510befe-e14f-4513-80cc-1b991d69c27d'}
2025-11-06 17:18:55 [DEBUG] Executing dashboard base query with params: {'date_only': datetime.date(2025, 11, 6), 'date_only_ts': datetime.datetime(2025, 11, 6, 0, 0), 'business_id': '79581f88-5042-43d0-9594-ba81e70130b0', 'client_id': '', 'pet_id': ''}
2025-11-06 17:18:55 [DEBUG] Dashboard query returned 0 rows before filtering.
2025-11-06 17:18:55 [DEBUG] Filtered results: 0 remaining after exclusions.
2025-11-06 17:18:55 [DEBUG] Loaded 4 notifications for business 79581f88-5042-43d0-9594-ba81e70130b0
2025-11-06 17:18:55 [INFO] Dashboard info built successfully for user 81e78254-85dc-464c-8aa4-455f9d9d47eb
2025-11-06 17:24:45 [INFO] Dashboard info requested by user_id=81e78254-85dc-464c-8aa4-455f9d9d47eb
2025-11-06 17:24:45 [DEBUG] Incoming dashboard params: date_time=2025-11-06, client_id=, pet_id=
2025-11-06 17:24:47 [DEBUG] Business logo encoded successfully.
2025-11-06 17:24:47 [DEBUG] Excluded recurring IDs for date 2025-11-06: {'d728b49a-ad6d-4b07-bb7b-f095a3b6abe4', '2cea8242-4dbe-423a-9470-f015dfc8bb9e', '9fd5169c-df7f-4c45-a211-d2a8f9fc204a', '2cda888d-df9b-42bd-bef3-adaa776e5fc6', '486b2003-fdad-4009-9800-cb19d7295067', '4e71592c-0d28-4fc0-91ab-058d7a105b91', '0510befe-e14f-4513-80cc-1b991d69c27d', '1e33f7e8-00b4-4d9a-a70a-158f7e2ce5ee', 'a0664f90-3920-495e-bd70-89fa6b0b903e', '49a2592e-ecd7-46da-9c03-866b96530b67', '30f14564-3f37-4bd9-b0bb-19cfe5b9a223', '83f4ae67-04d3-459e-b6f6-3ee7c8c954a3', '834d6450-75ea-4d3f-8d56-86b08d39a3b9', 'e70f92cd-4029-441f-82f3-037603527358', '22d042a0-ac60-42df-ada8-f8ac5fffd246', 'b63bc563-f097-496c-9eba-709f7bb84766'}
2025-11-06 17:24:47 [DEBUG] Executing dashboard base query with params: {'date_only': datetime.date(2025, 11, 6), 'date_only_ts': datetime.datetime(2025, 11, 6, 0, 0), 'business_id': '79581f88-5042-43d0-9594-ba81e70130b0', 'client_id': '', 'pet_id': ''}
2025-11-06 17:24:47 [DEBUG] Dashboard query returned 0 rows before filtering.
2025-11-06 17:24:47 [DEBUG] Filtered results: 0 remaining after exclusions.
2025-11-06 17:24:47 [DEBUG] Loaded 5 notifications for business 79581f88-5042-43d0-9594-ba81e70130b0
2025-11-06 17:24:47 [INFO] Dashboard info built successfully for user 81e78254-85dc-464c-8aa4-455f9d9d47eb
2025-11-06 17:24:48 [INFO] Dashboard info requested by user_id=81e78254-85dc-464c-8aa4-455f9d9d47eb
2025-11-06 17:24:48 [DEBUG] Incoming dashboard params: date_time=2025-11-06, client_id=, pet_id=
2025-11-06 17:24:49 [DEBUG] Business logo encoded successfully.
2025-11-06 17:24:49 [DEBUG] Excluded recurring IDs for date 2025-11-06: {'d728b49a-ad6d-4b07-bb7b-f095a3b6abe4', '2cea8242-4dbe-423a-9470-f015dfc8bb9e', '9fd5169c-df7f-4c45-a211-d2a8f9fc204a', '2cda888d-df9b-42bd-bef3-adaa776e5fc6', '486b2003-fdad-4009-9800-cb19d7295067', '4e71592c-0d28-4fc0-91ab-058d7a105b91', '0510befe-e14f-4513-80cc-1b991d69c27d', '1e33f7e8-00b4-4d9a-a70a-158f7e2ce5ee', 'a0664f90-3920-495e-bd70-89fa6b0b903e', '49a2592e-ecd7-46da-9c03-866b96530b67', '30f14564-3f37-4bd9-b0bb-19cfe5b9a223', '83f4ae67-04d3-459e-b6f6-3ee7c8c954a3', '834d6450-75ea-4d3f-8d56-86b08d39a3b9', 'e70f92cd-4029-441f-82f3-037603527358', '22d042a0-ac60-42df-ada8-f8ac5fffd246', 'b63bc563-f097-496c-9eba-709f7bb84766'}
2025-11-06 17:24:49 [DEBUG] Executing dashboard base query with params: {'date_only': datetime.date(2025, 11, 6), 'date_only_ts': datetime.datetime(2025, 11, 6, 0, 0), 'business_id': '79581f88-5042-43d0-9594-ba81e70130b0', 'client_id': '', 'pet_id': ''}
2025-11-06 17:24:49 [DEBUG] Dashboard query returned 0 rows before filtering.
2025-11-06 17:24:49 [DEBUG] Filtered results: 0 remaining after exclusions.
2025-11-06 17:24:49 [DEBUG] Loaded 5 notifications for business 79581f88-5042-43d0-9594-ba81e70130b0
2025-11-06 17:24:49 [INFO] Dashboard info built successfully for user 81e78254-85dc-464c-8aa4-455f9d9d47eb
2025-11-06 17:24:50 [INFO] Dashboard info requested by user_id=81e78254-85dc-464c-8aa4-455f9d9d47eb
2025-11-06 17:24:50 [DEBUG] Incoming dashboard params: date_time=2025-11-07, client_id=, pet_id=
2025-11-06 17:24:51 [DEBUG] Business logo encoded successfully.
2025-11-06 17:24:51 [DEBUG] Excluded recurring IDs for date 2025-11-07: {'2e1c1714-2cc3-405c-ae06-7bf1d9407615', '22d042a0-ac60-42df-ada8-f8ac5fffd246', '2cea8242-4dbe-423a-9470-f015dfc8bb9e'}
2025-11-06 17:24:51 [DEBUG] Executing dashboard base query with params: {'date_only': datetime.date(2025, 11, 7), 'date_only_ts': datetime.datetime(2025, 11, 7, 0, 0), 'business_id': '79581f88-5042-43d0-9594-ba81e70130b0', 'client_id': '', 'pet_id': ''}
2025-11-06 17:24:51 [DEBUG] Dashboard query returned 2 rows before filtering.
2025-11-06 17:24:51 [DEBUG] Filtered results: 2 remaining after exclusions.
2025-11-06 17:24:51 [DEBUG] Loaded 5 notifications for business 79581f88-5042-43d0-9594-ba81e70130b0
2025-11-06 17:24:51 [INFO] Dashboard info built successfully for user 81e78254-85dc-464c-8aa4-455f9d9d47eb
2025-11-06 17:24:52 [INFO] Dashboard info requested by user_id=81e78254-85dc-464c-8aa4-455f9d9d47eb
2025-11-06 17:24:52 [DEBUG] Incoming dashboard params: date_time=2025-11-07, client_id=, pet_id=
2025-11-06 17:24:52 [DEBUG] Business logo encoded successfully.
2025-11-06 17:24:52 [DEBUG] Excluded recurring IDs for date 2025-11-07: {'2e1c1714-2cc3-405c-ae06-7bf1d9407615', '22d042a0-ac60-42df-ada8-f8ac5fffd246', '2cea8242-4dbe-423a-9470-f015dfc8bb9e'}
2025-11-06 17:24:52 [DEBUG] Executing dashboard base query with params: {'date_only': datetime.date(2025, 11, 7), 'date_only_ts': datetime.datetime(2025, 11, 7, 0, 0), 'business_id': '79581f88-5042-43d0-9594-ba81e70130b0', 'client_id': '', 'pet_id': ''}
2025-11-06 17:24:52 [DEBUG] Dashboard query returned 2 rows before filtering.
2025-11-06 17:24:52 [DEBUG] Filtered results: 2 remaining after exclusions.
2025-11-06 17:24:52 [DEBUG] Loaded 5 notifications for business 79581f88-5042-43d0-9594-ba81e70130b0
2025-11-06 17:24:52 [INFO] Dashboard info built successfully for user 81e78254-85dc-464c-8aa4-455f9d9d47eb
2025-11-06 17:25:10 [INFO] Dashboard info requested by user_id=81e78254-85dc-464c-8aa4-455f9d9d47eb
2025-11-06 17:25:10 [DEBUG] Incoming dashboard params: date_time=2025-11-07, client_id=, pet_id=
2025-11-06 17:25:12 [DEBUG] Business logo encoded successfully.
2025-11-06 17:25:12 [DEBUG] Excluded recurring IDs for date 2025-11-07: {'2e1c1714-2cc3-405c-ae06-7bf1d9407615', '22d042a0-ac60-42df-ada8-f8ac5fffd246', '2cea8242-4dbe-423a-9470-f015dfc8bb9e'}
2025-11-06 17:25:12 [DEBUG] Executing dashboard base query with params: {'date_only': datetime.date(2025, 11, 7), 'date_only_ts': datetime.datetime(2025, 11, 7, 0, 0), 'business_id': '79581f88-5042-43d0-9594-ba81e70130b0', 'client_id': '', 'pet_id': ''}
2025-11-06 17:25:12 [DEBUG] Dashboard query returned 3 rows before filtering.
2025-11-06 17:25:12 [DEBUG] Filtered results: 3 remaining after exclusions.
2025-11-06 17:25:12 [DEBUG] Loaded 5 notifications for business 79581f88-5042-43d0-9594-ba81e70130b0
2025-11-06 17:25:12 [INFO] Dashboard info built successfully for user 81e78254-85dc-464c-8aa4-455f9d9d47eb
2025-11-06 17:36:33 [INFO] Dashboard info requested by user_id=81e78254-85dc-464c-8aa4-455f9d9d47eb
2025-11-06 17:36:33 [DEBUG] Incoming dashboard params: date_time=2025-11-07, client_id=, pet_id=
2025-11-06 17:36:34 [DEBUG] Business logo encoded successfully.
2025-11-06 17:36:34 [DEBUG] Excluded recurring IDs for date 2025-11-07: {'2e1c1714-2cc3-405c-ae06-7bf1d9407615', '22d042a0-ac60-42df-ada8-f8ac5fffd246', '2cea8242-4dbe-423a-9470-f015dfc8bb9e'}
2025-11-06 17:36:34 [DEBUG] Executing dashboard base query with params: {'date_only': datetime.date(2025, 11, 7), 'date_only_ts': datetime.datetime(2025, 11, 7, 0, 0), 'business_id': '79581f88-5042-43d0-9594-ba81e70130b0', 'client_id': '', 'pet_id': ''}
2025-11-06 17:36:34 [DEBUG] Dashboard query returned 6 rows before filtering.
2025-11-06 17:36:34 [DEBUG] Filtered results: 6 remaining after exclusions.
2025-11-06 17:36:34 [DEBUG] Loaded 9 notifications for business 79581f88-5042-43d0-9594-ba81e70130b0
2025-11-06 17:36:34 [INFO] Dashboard info built successfully for user 81e78254-85dc-464c-8aa4-455f9d9d47eb
2025-11-06 17:37:20 [INFO] Dashboard info requested by user_id=81e78254-85dc-464c-8aa4-455f9d9d47eb
2025-11-06 17:37:20 [DEBUG] Incoming dashboard params: date_time=2025-11-08, client_id=, pet_id=
2025-11-06 17:37:21 [DEBUG] Business logo encoded successfully.
2025-11-06 17:37:21 [DEBUG] Excluded recurring IDs for date 2025-11-08: set()
2025-11-06 17:37:21 [DEBUG] Executing dashboard base query with params: {'date_only': datetime.date(2025, 11, 8), 'date_only_ts': datetime.datetime(2025, 11, 8, 0, 0), 'business_id': '79581f88-5042-43d0-9594-ba81e70130b0', 'client_id': '', 'pet_id': ''}
2025-11-06 17:37:21 [DEBUG] Dashboard query returned 0 rows before filtering.
2025-11-06 17:37:21 [DEBUG] Filtered results: 0 remaining after exclusions.
2025-11-06 17:37:21 [DEBUG] Loaded 9 notifications for business 79581f88-5042-43d0-9594-ba81e70130b0
2025-11-06 17:37:21 [INFO] Dashboard info built successfully for user 81e78254-85dc-464c-8aa4-455f9d9d47eb
2025-11-06 17:37:21 [INFO] Dashboard info requested by user_id=81e78254-85dc-464c-8aa4-455f9d9d47eb
2025-11-06 17:37:21 [DEBUG] Incoming dashboard params: date_time=2025-11-08, client_id=, pet_id=
2025-11-06 17:37:22 [DEBUG] Business logo encoded successfully.
2025-11-06 17:37:22 [DEBUG] Excluded recurring IDs for date 2025-11-08: set()
2025-11-06 17:37:22 [DEBUG] Executing dashboard base query with params: {'date_only': datetime.date(2025, 11, 8), 'date_only_ts': datetime.datetime(2025, 11, 8, 0, 0), 'business_id': '79581f88-5042-43d0-9594-ba81e70130b0', 'client_id': '', 'pet_id': ''}
2025-11-06 17:37:22 [DEBUG] Dashboard query returned 0 rows before filtering.
2025-11-06 17:37:22 [DEBUG] Filtered results: 0 remaining after exclusions.
2025-11-06 17:37:23 [DEBUG] Loaded 9 notifications for business 79581f88-5042-43d0-9594-ba81e70130b0
2025-11-06 17:37:23 [INFO] Dashboard info built successfully for user 81e78254-85dc-464c-8aa4-455f9d9d47eb
2025-11-06 17:37:24 [INFO] Dashboard info requested by user_id=81e78254-85dc-464c-8aa4-455f9d9d47eb
2025-11-06 17:37:24 [DEBUG] Incoming dashboard params: date_time=2025-11-07, client_id=, pet_id=
2025-11-06 17:37:25 [DEBUG] Business logo encoded successfully.
2025-11-06 17:37:25 [DEBUG] Excluded recurring IDs for date 2025-11-07: {'2e1c1714-2cc3-405c-ae06-7bf1d9407615', '22d042a0-ac60-42df-ada8-f8ac5fffd246', '2cea8242-4dbe-423a-9470-f015dfc8bb9e'}
2025-11-06 17:37:25 [DEBUG] Executing dashboard base query with params: {'date_only': datetime.date(2025, 11, 7), 'date_only_ts': datetime.datetime(2025, 11, 7, 0, 0), 'business_id': '79581f88-5042-43d0-9594-ba81e70130b0', 'client_id': '', 'pet_id': ''}
2025-11-06 17:37:25 [DEBUG] Dashboard query returned 0 rows before filtering.
2025-11-06 17:37:25 [DEBUG] Filtered results: 0 remaining after exclusions.
2025-11-06 17:37:25 [DEBUG] Loaded 9 notifications for business 79581f88-5042-43d0-9594-ba81e70130b0
2025-11-06 17:37:25 [INFO] Dashboard info built successfully for user 81e78254-85dc-464c-8aa4-455f9d9d47eb
2025-11-06 17:37:27 [INFO] Dashboard info requested by user_id=81e78254-85dc-464c-8aa4-455f9d9d47eb
2025-11-06 17:37:27 [DEBUG] Incoming dashboard params: date_time=2025-11-07, client_id=, pet_id=
2025-11-06 17:37:28 [DEBUG] Business logo encoded successfully.
2025-11-06 17:37:28 [DEBUG] Excluded recurring IDs for date 2025-11-07: {'2e1c1714-2cc3-405c-ae06-7bf1d9407615', '22d042a0-ac60-42df-ada8-f8ac5fffd246', '2cea8242-4dbe-423a-9470-f015dfc8bb9e'}
2025-11-06 17:37:28 [DEBUG] Executing dashboard base query with params: {'date_only': datetime.date(2025, 11, 7), 'date_only_ts': datetime.datetime(2025, 11, 7, 0, 0), 'business_id': '79581f88-5042-43d0-9594-ba81e70130b0', 'client_id': '', 'pet_id': ''}
2025-11-06 17:37:28 [DEBUG] Dashboard query returned 0 rows before filtering.
2025-11-06 17:37:28 [DEBUG] Filtered results: 0 remaining after exclusions.
2025-11-06 17:37:28 [DEBUG] Loaded 9 notifications for business 79581f88-5042-43d0-9594-ba81e70130b0
2025-11-06 17:37:28 [INFO] Dashboard info built successfully for user 81e78254-85dc-464c-8aa4-455f9d9d47eb
2025-11-06 17:38:28 [INFO] Dashboard info requested by user_id=81e78254-85dc-464c-8aa4-455f9d9d47eb
2025-11-06 17:38:28 [DEBUG] Incoming dashboard params: date_time=2025-11-08, client_id=, pet_id=
2025-11-06 17:38:29 [DEBUG] Business logo encoded successfully.
2025-11-06 17:38:29 [DEBUG] Excluded recurring IDs for date 2025-11-08: set()
2025-11-06 17:38:29 [DEBUG] Executing dashboard base query with params: {'date_only': datetime.date(2025, 11, 8), 'date_only_ts': datetime.datetime(2025, 11, 8, 0, 0), 'business_id': '79581f88-5042-43d0-9594-ba81e70130b0', 'client_id': '', 'pet_id': ''}
2025-11-06 17:38:29 [DEBUG] Dashboard query returned 0 rows before filtering.
2025-11-06 17:38:29 [DEBUG] Filtered results: 0 remaining after exclusions.
2025-11-06 17:38:29 [DEBUG] Loaded 10 notifications for business 79581f88-5042-43d0-9594-ba81e70130b0
2025-11-06 17:38:29 [INFO] Dashboard info built successfully for user 81e78254-85dc-464c-8aa4-455f9d9d47eb
2025-11-06 17:38:30 [INFO] Dashboard info requested by user_id=81e78254-85dc-464c-8aa4-455f9d9d47eb
2025-11-06 17:38:30 [DEBUG] Incoming dashboard params: date_time=2025-11-08, client_id=, pet_id=
2025-11-06 17:38:30 [DEBUG] Business logo encoded successfully.
2025-11-06 17:38:30 [DEBUG] Excluded recurring IDs for date 2025-11-08: set()
2025-11-06 17:38:30 [DEBUG] Executing dashboard base query with params: {'date_only': datetime.date(2025, 11, 8), 'date_only_ts': datetime.datetime(2025, 11, 8, 0, 0), 'business_id': '79581f88-5042-43d0-9594-ba81e70130b0', 'client_id': '', 'pet_id': ''}
2025-11-06 17:38:31 [DEBUG] Dashboard query returned 0 rows before filtering.
2025-11-06 17:38:31 [DEBUG] Filtered results: 0 remaining after exclusions.
2025-11-06 17:38:31 [DEBUG] Loaded 10 notifications for business 79581f88-5042-43d0-9594-ba81e70130b0
2025-11-06 17:38:31 [INFO] Dashboard info built successfully for user 81e78254-85dc-464c-8aa4-455f9d9d47eb
2025-11-06 17:38:31 [INFO] Dashboard info requested by user_id=81e78254-85dc-464c-8aa4-455f9d9d47eb
2025-11-06 17:38:31 [DEBUG] Incoming dashboard params: date_time=2025-11-07, client_id=, pet_id=
2025-11-06 17:38:31 [DEBUG] Business logo encoded successfully.
2025-11-06 17:38:31 [DEBUG] Excluded recurring IDs for date 2025-11-07: {'2e1c1714-2cc3-405c-ae06-7bf1d9407615', '22d042a0-ac60-42df-ada8-f8ac5fffd246', '2cea8242-4dbe-423a-9470-f015dfc8bb9e'}
2025-11-06 17:38:31 [DEBUG] Executing dashboard base query with params: {'date_only': datetime.date(2025, 11, 7), 'date_only_ts': datetime.datetime(2025, 11, 7, 0, 0), 'business_id': '79581f88-5042-43d0-9594-ba81e70130b0', 'client_id': '', 'pet_id': ''}
2025-11-06 17:38:31 [DEBUG] Dashboard query returned 1 rows before filtering.
2025-11-06 17:38:31 [DEBUG] Filtered results: 1 remaining after exclusions.
2025-11-06 17:38:31 [DEBUG] Loaded 10 notifications for business 79581f88-5042-43d0-9594-ba81e70130b0
2025-11-06 17:38:31 [INFO] Dashboard info built successfully for user 81e78254-85dc-464c-8aa4-455f9d9d47eb
2025-11-06 17:38:36 [INFO] Dashboard info requested by user_id=81e78254-85dc-464c-8aa4-455f9d9d47eb
2025-11-06 17:38:36 [DEBUG] Incoming dashboard params: date_time=2025-11-07, client_id=, pet_id=
2025-11-06 17:38:37 [DEBUG] Business logo encoded successfully.
2025-11-06 17:38:37 [DEBUG] Excluded recurring IDs for date 2025-11-07: {'2e1c1714-2cc3-405c-ae06-7bf1d9407615', '22d042a0-ac60-42df-ada8-f8ac5fffd246', '2cea8242-4dbe-423a-9470-f015dfc8bb9e'}
2025-11-06 17:38:37 [DEBUG] Executing dashboard base query with params: {'date_only': datetime.date(2025, 11, 7), 'date_only_ts': datetime.datetime(2025, 11, 7, 0, 0), 'business_id': '79581f88-5042-43d0-9594-ba81e70130b0', 'client_id': '', 'pet_id': ''}
2025-11-06 17:38:37 [DEBUG] Dashboard query returned 1 rows before filtering.
2025-11-06 17:38:37 [DEBUG] Filtered results: 1 remaining after exclusions.
2025-11-06 17:38:37 [DEBUG] Loaded 10 notifications for business 79581f88-5042-43d0-9594-ba81e70130b0
2025-11-06 17:38:37 [INFO] Dashboard info built successfully for user 81e78254-85dc-464c-8aa4-455f9d9d47eb
2025-11-06 17:39:27 [INFO] Dashboard info requested by user_id=81e78254-85dc-464c-8aa4-455f9d9d47eb
2025-11-06 17:39:27 [DEBUG] Incoming dashboard params: date_time=2025-11-06, client_id=, pet_id=
2025-11-06 17:39:27 [DEBUG] Business logo encoded successfully.
2025-11-06 17:39:27 [DEBUG] Excluded recurring IDs for date 2025-11-06: {'486b2003-fdad-4009-9800-cb19d7295067', '0510befe-e14f-4513-80cc-1b991d69c27d', '2cda888d-df9b-42bd-bef3-adaa776e5fc6', '1e33f7e8-00b4-4d9a-a70a-158f7e2ce5ee', 'a0664f90-3920-495e-bd70-89fa6b0b903e', '9fd5169c-df7f-4c45-a211-d2a8f9fc204a', '30f14564-3f37-4bd9-b0bb-19cfe5b9a223', '83f4ae67-04d3-459e-b6f6-3ee7c8c954a3', 'd728b49a-ad6d-4b07-bb7b-f095a3b6abe4', '2cea8242-4dbe-423a-9470-f015dfc8bb9e', 'e70f92cd-4029-441f-82f3-037603527358', 'b63bc563-f097-496c-9eba-709f7bb84766', '834d6450-75ea-4d3f-8d56-86b08d39a3b9', '22d042a0-ac60-42df-ada8-f8ac5fffd246', '49a2592e-ecd7-46da-9c03-866b96530b67', '4e71592c-0d28-4fc0-91ab-058d7a105b91'}
2025-11-06 17:39:27 [DEBUG] Executing dashboard base query with params: {'date_only': datetime.date(2025, 11, 6), 'date_only_ts': datetime.datetime(2025, 11, 6, 0, 0), 'business_id': '79581f88-5042-43d0-9594-ba81e70130b0', 'client_id': '', 'pet_id': ''}
2025-11-06 17:39:28 [DEBUG] Dashboard query returned 0 rows before filtering.
2025-11-06 17:39:28 [DEBUG] Filtered results: 0 remaining after exclusions.
2025-11-06 17:39:28 [DEBUG] Loaded 10 notifications for business 79581f88-5042-43d0-9594-ba81e70130b0
2025-11-06 17:39:28 [INFO] Dashboard info built successfully for user 81e78254-85dc-464c-8aa4-455f9d9d47eb
2025-11-06 17:39:28 [INFO] Dashboard info requested by user_id=81e78254-85dc-464c-8aa4-455f9d9d47eb
2025-11-06 17:39:28 [DEBUG] Incoming dashboard params: date_time=2025-11-06, client_id=, pet_id=
2025-11-06 17:39:28 [DEBUG] Business logo encoded successfully.
2025-11-06 17:39:28 [DEBUG] Excluded recurring IDs for date 2025-11-06: {'486b2003-fdad-4009-9800-cb19d7295067', '0510befe-e14f-4513-80cc-1b991d69c27d', '2cda888d-df9b-42bd-bef3-adaa776e5fc6', '1e33f7e8-00b4-4d9a-a70a-158f7e2ce5ee', 'a0664f90-3920-495e-bd70-89fa6b0b903e', '9fd5169c-df7f-4c45-a211-d2a8f9fc204a', '30f14564-3f37-4bd9-b0bb-19cfe5b9a223', '83f4ae67-04d3-459e-b6f6-3ee7c8c954a3', 'd728b49a-ad6d-4b07-bb7b-f095a3b6abe4', '2cea8242-4dbe-423a-9470-f015dfc8bb9e', 'e70f92cd-4029-441f-82f3-037603527358', 'b63bc563-f097-496c-9eba-709f7bb84766', '834d6450-75ea-4d3f-8d56-86b08d39a3b9', '22d042a0-ac60-42df-ada8-f8ac5fffd246', '49a2592e-ecd7-46da-9c03-866b96530b67', '4e71592c-0d28-4fc0-91ab-058d7a105b91'}
2025-11-06 17:39:28 [DEBUG] Executing dashboard base query with params: {'date_only': datetime.date(2025, 11, 6), 'date_only_ts': datetime.datetime(2025, 11, 6, 0, 0), 'business_id': '79581f88-5042-43d0-9594-ba81e70130b0', 'client_id': '', 'pet_id': ''}
2025-11-06 17:39:28 [DEBUG] Dashboard query returned 0 rows before filtering.
2025-11-06 17:39:28 [DEBUG] Filtered results: 0 remaining after exclusions.
2025-11-06 17:39:28 [DEBUG] Loaded 10 notifications for business 79581f88-5042-43d0-9594-ba81e70130b0
2025-11-06 17:39:28 [INFO] Dashboard info built successfully for user 81e78254-85dc-464c-8aa4-455f9d9d47eb
2025-11-06 17:39:32 [INFO] Dashboard info requested by user_id=81e78254-85dc-464c-8aa4-455f9d9d47eb
2025-11-06 17:39:32 [DEBUG] Incoming dashboard params: date_time=2025-11-07, client_id=, pet_id=
2025-11-06 17:39:32 [DEBUG] Business logo encoded successfully.
2025-11-06 17:39:32 [DEBUG] Excluded recurring IDs for date 2025-11-07: {'22d042a0-ac60-42df-ada8-f8ac5fffd246', '2cea8242-4dbe-423a-9470-f015dfc8bb9e', '2e1c1714-2cc3-405c-ae06-7bf1d9407615'}
2025-11-06 17:39:32 [DEBUG] Executing dashboard base query with params: {'date_only': datetime.date(2025, 11, 7), 'date_only_ts': datetime.datetime(2025, 11, 7, 0, 0), 'business_id': '79581f88-5042-43d0-9594-ba81e70130b0', 'client_id': '', 'pet_id': ''}
2025-11-06 17:39:32 [DEBUG] Dashboard query returned 1 rows before filtering.
2025-11-06 17:39:32 [DEBUG] Filtered results: 1 remaining after exclusions.
2025-11-06 17:39:32 [DEBUG] Loaded 10 notifications for business 79581f88-5042-43d0-9594-ba81e70130b0
2025-11-06 17:39:32 [INFO] Dashboard info built successfully for user 81e78254-85dc-464c-8aa4-455f9d9d47eb
2025-11-06 17:39:32 [INFO] Dashboard info requested by user_id=81e78254-85dc-464c-8aa4-455f9d9d47eb
2025-11-06 17:39:32 [DEBUG] Incoming dashboard params: date_time=2025-11-07, client_id=, pet_id=
2025-11-06 17:39:33 [DEBUG] Business logo encoded successfully.
2025-11-06 17:39:33 [DEBUG] Excluded recurring IDs for date 2025-11-07: {'22d042a0-ac60-42df-ada8-f8ac5fffd246', '2cea8242-4dbe-423a-9470-f015dfc8bb9e', '2e1c1714-2cc3-405c-ae06-7bf1d9407615'}
2025-11-06 17:39:33 [DEBUG] Executing dashboard base query with params: {'date_only': datetime.date(2025, 11, 7), 'date_only_ts': datetime.datetime(2025, 11, 7, 0, 0), 'business_id': '79581f88-5042-43d0-9594-ba81e70130b0', 'client_id': '', 'pet_id': ''}
2025-11-06 17:39:33 [DEBUG] Dashboard query returned 1 rows before filtering.
2025-11-06 17:39:33 [DEBUG] Filtered results: 1 remaining after exclusions.
2025-11-06 17:39:34 [DEBUG] Loaded 10 notifications for business 79581f88-5042-43d0-9594-ba81e70130b0
2025-11-06 17:39:34 [INFO] Dashboard info built successfully for user 81e78254-85dc-464c-8aa4-455f9d9d47eb
2025-11-06 18:32:00 [INFO] Dashboard info requested by user_id=81e78254-85dc-464c-8aa4-455f9d9d47eb
2025-11-06 18:32:00 [DEBUG] Incoming dashboard params: date_time=2025-11-06, client_id=, pet_id=
2025-11-06 18:32:01 [DEBUG] Business logo encoded successfully.
2025-11-06 18:32:02 [DEBUG] Excluded recurring IDs for date 2025-11-06: {'d728b49a-ad6d-4b07-bb7b-f095a3b6abe4', '2cea8242-4dbe-423a-9470-f015dfc8bb9e', 'a0664f90-3920-495e-bd70-89fa6b0b903e', 'e70f92cd-4029-441f-82f3-037603527358', '834d6450-75ea-4d3f-8d56-86b08d39a3b9', '9fd5169c-df7f-4c45-a211-d2a8f9fc204a', '2cda888d-df9b-42bd-bef3-adaa776e5fc6', 'b63bc563-f097-496c-9eba-709f7bb84766', '30f14564-3f37-4bd9-b0bb-19cfe5b9a223', '4e71592c-0d28-4fc0-91ab-058d7a105b91', '49a2592e-ecd7-46da-9c03-866b96530b67', '83f4ae67-04d3-459e-b6f6-3ee7c8c954a3', '486b2003-fdad-4009-9800-cb19d7295067', '1e33f7e8-00b4-4d9a-a70a-158f7e2ce5ee', '0510befe-e14f-4513-80cc-1b991d69c27d', '22d042a0-ac60-42df-ada8-f8ac5fffd246'}
2025-11-06 18:32:02 [DEBUG] Executing dashboard base query with params: {'date_only': datetime.date(2025, 11, 6), 'date_only_ts': datetime.datetime(2025, 11, 6, 0, 0), 'business_id': '79581f88-5042-43d0-9594-ba81e70130b0', 'client_id': '', 'pet_id': ''}
2025-11-06 18:32:02 [DEBUG] Dashboard query returned 0 rows before filtering.
2025-11-06 18:32:02 [DEBUG] Filtered results: 0 remaining after exclusions.
2025-11-06 18:32:02 [DEBUG] Loaded 3 notifications for business 79581f88-5042-43d0-9594-ba81e70130b0
2025-11-06 18:32:02 [INFO] Dashboard info built successfully for user 81e78254-85dc-464c-8aa4-455f9d9d47eb
2025-11-06 18:32:02 [INFO] Dashboard info requested by user_id=81e78254-85dc-464c-8aa4-455f9d9d47eb
2025-11-06 18:32:02 [DEBUG] Incoming dashboard params: date_time=2025-11-06, client_id=, pet_id=
2025-11-06 18:32:03 [DEBUG] Business logo encoded successfully.
2025-11-06 18:32:03 [DEBUG] Excluded recurring IDs for date 2025-11-06: {'d728b49a-ad6d-4b07-bb7b-f095a3b6abe4', '2cea8242-4dbe-423a-9470-f015dfc8bb9e', 'a0664f90-3920-495e-bd70-89fa6b0b903e', 'e70f92cd-4029-441f-82f3-037603527358', '834d6450-75ea-4d3f-8d56-86b08d39a3b9', '9fd5169c-df7f-4c45-a211-d2a8f9fc204a', '2cda888d-df9b-42bd-bef3-adaa776e5fc6', 'b63bc563-f097-496c-9eba-709f7bb84766', '30f14564-3f37-4bd9-b0bb-19cfe5b9a223', '4e71592c-0d28-4fc0-91ab-058d7a105b91', '49a2592e-ecd7-46da-9c03-866b96530b67', '83f4ae67-04d3-459e-b6f6-3ee7c8c954a3', '486b2003-fdad-4009-9800-cb19d7295067', '1e33f7e8-00b4-4d9a-a70a-158f7e2ce5ee', '0510befe-e14f-4513-80cc-1b991d69c27d', '22d042a0-ac60-42df-ada8-f8ac5fffd246'}
2025-11-06 18:32:03 [DEBUG] Executing dashboard base query with params: {'date_only': datetime.date(2025, 11, 6), 'date_only_ts': datetime.datetime(2025, 11, 6, 0, 0), 'business_id': '79581f88-5042-43d0-9594-ba81e70130b0', 'client_id': '', 'pet_id': ''}
2025-11-06 18:32:03 [DEBUG] Dashboard query returned 0 rows before filtering.
2025-11-06 18:32:03 [DEBUG] Filtered results: 0 remaining after exclusions.
2025-11-06 18:32:03 [DEBUG] Loaded 3 notifications for business 79581f88-5042-43d0-9594-ba81e70130b0
2025-11-06 18:32:03 [INFO] Dashboard info built successfully for user 81e78254-85dc-464c-8aa4-455f9d9d47eb
2025-11-06 18:32:03 [INFO] Dashboard info requested by user_id=81e78254-85dc-464c-8aa4-455f9d9d47eb
2025-11-06 18:32:03 [DEBUG] Incoming dashboard params: date_time=2025-11-06, client_id=, pet_id=
2025-11-06 18:32:04 [DEBUG] Business logo encoded successfully.
2025-11-06 18:32:04 [DEBUG] Excluded recurring IDs for date 2025-11-06: {'d728b49a-ad6d-4b07-bb7b-f095a3b6abe4', '2cea8242-4dbe-423a-9470-f015dfc8bb9e', 'a0664f90-3920-495e-bd70-89fa6b0b903e', 'e70f92cd-4029-441f-82f3-037603527358', '834d6450-75ea-4d3f-8d56-86b08d39a3b9', '9fd5169c-df7f-4c45-a211-d2a8f9fc204a', '2cda888d-df9b-42bd-bef3-adaa776e5fc6', 'b63bc563-f097-496c-9eba-709f7bb84766', '30f14564-3f37-4bd9-b0bb-19cfe5b9a223', '4e71592c-0d28-4fc0-91ab-058d7a105b91', '49a2592e-ecd7-46da-9c03-866b96530b67', '83f4ae67-04d3-459e-b6f6-3ee7c8c954a3', '486b2003-fdad-4009-9800-cb19d7295067', '1e33f7e8-00b4-4d9a-a70a-158f7e2ce5ee', '0510befe-e14f-4513-80cc-1b991d69c27d', '22d042a0-ac60-42df-ada8-f8ac5fffd246'}
2025-11-06 18:32:04 [DEBUG] Executing dashboard base query with params: {'date_only': datetime.date(2025, 11, 6), 'date_only_ts': datetime.datetime(2025, 11, 6, 0, 0), 'business_id': '79581f88-5042-43d0-9594-ba81e70130b0', 'client_id': '', 'pet_id': ''}
2025-11-06 18:32:04 [DEBUG] Dashboard query returned 0 rows before filtering.
2025-11-06 18:32:04 [DEBUG] Filtered results: 0 remaining after exclusions.
2025-11-06 18:32:04 [DEBUG] Loaded 3 notifications for business 79581f88-5042-43d0-9594-ba81e70130b0
2025-11-06 18:32:04 [INFO] Dashboard info built successfully for user 81e78254-85dc-464c-8aa4-455f9d9d47eb
2025-11-06 18:33:46 [INFO] Dashboard info requested by user_id=81e78254-85dc-464c-8aa4-455f9d9d47eb
2025-11-06 18:33:46 [DEBUG] Incoming dashboard params: date_time=2025-11-06, client_id=, pet_id=
2025-11-06 18:33:47 [DEBUG] Business logo encoded successfully.
2025-11-06 18:33:47 [DEBUG] Excluded recurring IDs for date 2025-11-06: {'d728b49a-ad6d-4b07-bb7b-f095a3b6abe4', '2cea8242-4dbe-423a-9470-f015dfc8bb9e', 'a0664f90-3920-495e-bd70-89fa6b0b903e', 'e70f92cd-4029-441f-82f3-037603527358', '834d6450-75ea-4d3f-8d56-86b08d39a3b9', '9fd5169c-df7f-4c45-a211-d2a8f9fc204a', '2cda888d-df9b-42bd-bef3-adaa776e5fc6', 'b63bc563-f097-496c-9eba-709f7bb84766', '30f14564-3f37-4bd9-b0bb-19cfe5b9a223', '4e71592c-0d28-4fc0-91ab-058d7a105b91', '49a2592e-ecd7-46da-9c03-866b96530b67', '83f4ae67-04d3-459e-b6f6-3ee7c8c954a3', '486b2003-fdad-4009-9800-cb19d7295067', '1e33f7e8-00b4-4d9a-a70a-158f7e2ce5ee', '0510befe-e14f-4513-80cc-1b991d69c27d', '22d042a0-ac60-42df-ada8-f8ac5fffd246'}
2025-11-06 18:33:47 [DEBUG] Executing dashboard base query with params: {'date_only': datetime.date(2025, 11, 6), 'date_only_ts': datetime.datetime(2025, 11, 6, 0, 0), 'business_id': '79581f88-5042-43d0-9594-ba81e70130b0', 'client_id': '', 'pet_id': ''}
2025-11-06 18:33:47 [DEBUG] Dashboard query returned 1 rows before filtering.
2025-11-06 18:33:47 [DEBUG] Filtered results: 1 remaining after exclusions.
2025-11-06 18:33:47 [DEBUG] Loaded 3 notifications for business 79581f88-5042-43d0-9594-ba81e70130b0
2025-11-06 18:33:47 [INFO] Dashboard info built successfully for user 81e78254-85dc-464c-8aa4-455f9d9d47eb
2025-11-06 18:33:56 [INFO] Dashboard info requested by user_id=81e78254-85dc-464c-8aa4-455f9d9d47eb
2025-11-06 18:33:56 [DEBUG] Incoming dashboard params: date_time=2025-11-07, client_id=, pet_id=
2025-11-06 18:33:57 [DEBUG] Business logo encoded successfully.
2025-11-06 18:33:57 [DEBUG] Excluded recurring IDs for date 2025-11-07: {'2cea8242-4dbe-423a-9470-f015dfc8bb9e', '22d042a0-ac60-42df-ada8-f8ac5fffd246', '2e1c1714-2cc3-405c-ae06-7bf1d9407615'}
2025-11-06 18:33:57 [DEBUG] Executing dashboard base query with params: {'date_only': datetime.date(2025, 11, 7), 'date_only_ts': datetime.datetime(2025, 11, 7, 0, 0), 'business_id': '79581f88-5042-43d0-9594-ba81e70130b0', 'client_id': '', 'pet_id': ''}
2025-11-06 18:33:57 [DEBUG] Dashboard query returned 0 rows before filtering.
2025-11-06 18:33:57 [DEBUG] Filtered results: 0 remaining after exclusions.
2025-11-06 18:33:57 [DEBUG] Loaded 3 notifications for business 79581f88-5042-43d0-9594-ba81e70130b0
2025-11-06 18:33:57 [INFO] Dashboard info built successfully for user 81e78254-85dc-464c-8aa4-455f9d9d47eb
2025-11-06 18:33:57 [INFO] Dashboard info requested by user_id=81e78254-85dc-464c-8aa4-455f9d9d47eb
2025-11-06 18:33:57 [DEBUG] Incoming dashboard params: date_time=2025-11-07, client_id=, pet_id=
2025-11-06 18:33:59 [DEBUG] Business logo encoded successfully.
2025-11-06 18:33:59 [DEBUG] Excluded recurring IDs for date 2025-11-07: {'2cea8242-4dbe-423a-9470-f015dfc8bb9e', '22d042a0-ac60-42df-ada8-f8ac5fffd246', '2e1c1714-2cc3-405c-ae06-7bf1d9407615'}
2025-11-06 18:33:59 [DEBUG] Executing dashboard base query with params: {'date_only': datetime.date(2025, 11, 7), 'date_only_ts': datetime.datetime(2025, 11, 7, 0, 0), 'business_id': '79581f88-5042-43d0-9594-ba81e70130b0', 'client_id': '', 'pet_id': ''}
2025-11-06 18:33:59 [DEBUG] Dashboard query returned 0 rows before filtering.
2025-11-06 18:33:59 [DEBUG] Filtered results: 0 remaining after exclusions.
2025-11-06 18:33:59 [DEBUG] Loaded 3 notifications for business 79581f88-5042-43d0-9594-ba81e70130b0
2025-11-06 18:33:59 [INFO] Dashboard info built successfully for user 81e78254-85dc-464c-8aa4-455f9d9d47eb
2025-11-06 18:34:01 [INFO] Dashboard info requested by user_id=81e78254-85dc-464c-8aa4-455f9d9d47eb
2025-11-06 18:34:01 [DEBUG] Incoming dashboard params: date_time=2025-11-07, client_id=, pet_id=
2025-11-06 18:34:03 [DEBUG] Business logo encoded successfully.
2025-11-06 18:34:03 [DEBUG] Excluded recurring IDs for date 2025-11-07: {'2cea8242-4dbe-423a-9470-f015dfc8bb9e', '22d042a0-ac60-42df-ada8-f8ac5fffd246', '2e1c1714-2cc3-405c-ae06-7bf1d9407615'}
2025-11-06 18:34:03 [DEBUG] Executing dashboard base query with params: {'date_only': datetime.date(2025, 11, 7), 'date_only_ts': datetime.datetime(2025, 11, 7, 0, 0), 'business_id': '79581f88-5042-43d0-9594-ba81e70130b0', 'client_id': '', 'pet_id': ''}
2025-11-06 18:34:03 [DEBUG] Dashboard query returned 0 rows before filtering.
2025-11-06 18:34:03 [DEBUG] Filtered results: 0 remaining after exclusions.
2025-11-06 18:34:03 [DEBUG] Loaded 3 notifications for business 79581f88-5042-43d0-9594-ba81e70130b0
2025-11-06 18:34:03 [INFO] Dashboard info built successfully for user 81e78254-85dc-464c-8aa4-455f9d9d47eb
2025-11-06 18:34:03 [INFO] Dashboard info requested by user_id=81e78254-85dc-464c-8aa4-455f9d9d47eb
2025-11-06 18:34:03 [DEBUG] Incoming dashboard params: date_time=2025-11-06, client_id=, pet_id=
2025-11-06 18:34:04 [DEBUG] Business logo encoded successfully.
2025-11-06 18:34:04 [DEBUG] Excluded recurring IDs for date 2025-11-06: {'d728b49a-ad6d-4b07-bb7b-f095a3b6abe4', '2cea8242-4dbe-423a-9470-f015dfc8bb9e', 'a0664f90-3920-495e-bd70-89fa6b0b903e', 'e70f92cd-4029-441f-82f3-037603527358', '834d6450-75ea-4d3f-8d56-86b08d39a3b9', '9fd5169c-df7f-4c45-a211-d2a8f9fc204a', '2cda888d-df9b-42bd-bef3-adaa776e5fc6', 'b63bc563-f097-496c-9eba-709f7bb84766', '30f14564-3f37-4bd9-b0bb-19cfe5b9a223', '4e71592c-0d28-4fc0-91ab-058d7a105b91', '49a2592e-ecd7-46da-9c03-866b96530b67', '83f4ae67-04d3-459e-b6f6-3ee7c8c954a3', '486b2003-fdad-4009-9800-cb19d7295067', '1e33f7e8-00b4-4d9a-a70a-158f7e2ce5ee', '0510befe-e14f-4513-80cc-1b991d69c27d', '22d042a0-ac60-42df-ada8-f8ac5fffd246'}
2025-11-06 18:34:04 [DEBUG] Executing dashboard base query with params: {'date_only': datetime.date(2025, 11, 6), 'date_only_ts': datetime.datetime(2025, 11, 6, 0, 0), 'business_id': '79581f88-5042-43d0-9594-ba81e70130b0', 'client_id': '', 'pet_id': ''}
2025-11-06 18:34:04 [DEBUG] Dashboard query returned 1 rows before filtering.
2025-11-06 18:34:04 [DEBUG] Filtered results: 1 remaining after exclusions.
2025-11-06 18:34:04 [DEBUG] Loaded 3 notifications for business 79581f88-5042-43d0-9594-ba81e70130b0
2025-11-06 18:34:04 [INFO] Dashboard info built successfully for user 81e78254-85dc-464c-8aa4-455f9d9d47eb
2025-11-06 18:34:04 [INFO] Dashboard info requested by user_id=81e78254-85dc-464c-8aa4-455f9d9d47eb
2025-11-06 18:34:04 [DEBUG] Incoming dashboard params: date_time=2025-11-06, client_id=, pet_id=
2025-11-06 18:34:05 [DEBUG] Business logo encoded successfully.
2025-11-06 18:34:05 [DEBUG] Excluded recurring IDs for date 2025-11-06: {'d728b49a-ad6d-4b07-bb7b-f095a3b6abe4', '2cea8242-4dbe-423a-9470-f015dfc8bb9e', 'a0664f90-3920-495e-bd70-89fa6b0b903e', 'e70f92cd-4029-441f-82f3-037603527358', '834d6450-75ea-4d3f-8d56-86b08d39a3b9', '9fd5169c-df7f-4c45-a211-d2a8f9fc204a', '2cda888d-df9b-42bd-bef3-adaa776e5fc6', 'b63bc563-f097-496c-9eba-709f7bb84766', '30f14564-3f37-4bd9-b0bb-19cfe5b9a223', '4e71592c-0d28-4fc0-91ab-058d7a105b91', '49a2592e-ecd7-46da-9c03-866b96530b67', '83f4ae67-04d3-459e-b6f6-3ee7c8c954a3', '486b2003-fdad-4009-9800-cb19d7295067', '1e33f7e8-00b4-4d9a-a70a-158f7e2ce5ee', '0510befe-e14f-4513-80cc-1b991d69c27d', '22d042a0-ac60-42df-ada8-f8ac5fffd246'}
2025-11-06 18:34:05 [DEBUG] Executing dashboard base query with params: {'date_only': datetime.date(2025, 11, 6), 'date_only_ts': datetime.datetime(2025, 11, 6, 0, 0), 'business_id': '79581f88-5042-43d0-9594-ba81e70130b0', 'client_id': '', 'pet_id': ''}
2025-11-06 18:34:05 [DEBUG] Dashboard query returned 1 rows before filtering.
2025-11-06 18:34:05 [DEBUG] Filtered results: 1 remaining after exclusions.
2025-11-06 18:34:05 [DEBUG] Loaded 3 notifications for business 79581f88-5042-43d0-9594-ba81e70130b0
2025-11-06 18:34:05 [INFO] Dashboard info built successfully for user 81e78254-85dc-464c-8aa4-455f9d9d47eb
2025-11-06 18:34:11 [INFO] Dashboard info requested by user_id=81e78254-85dc-464c-8aa4-455f9d9d47eb
2025-11-06 18:34:11 [DEBUG] Incoming dashboard params: date_time=2025-11-06, client_id=, pet_id=
2025-11-06 18:34:12 [DEBUG] Business logo encoded successfully.
2025-11-06 18:34:12 [DEBUG] Excluded recurring IDs for date 2025-11-06: {'d728b49a-ad6d-4b07-bb7b-f095a3b6abe4', '2cea8242-4dbe-423a-9470-f015dfc8bb9e', 'a0664f90-3920-495e-bd70-89fa6b0b903e', 'e70f92cd-4029-441f-82f3-037603527358', '834d6450-75ea-4d3f-8d56-86b08d39a3b9', '9fd5169c-df7f-4c45-a211-d2a8f9fc204a', '2cda888d-df9b-42bd-bef3-adaa776e5fc6', 'b63bc563-f097-496c-9eba-709f7bb84766', '30f14564-3f37-4bd9-b0bb-19cfe5b9a223', '4e71592c-0d28-4fc0-91ab-058d7a105b91', '49a2592e-ecd7-46da-9c03-866b96530b67', '83f4ae67-04d3-459e-b6f6-3ee7c8c954a3', '486b2003-fdad-4009-9800-cb19d7295067', '1e33f7e8-00b4-4d9a-a70a-158f7e2ce5ee', '0510befe-e14f-4513-80cc-1b991d69c27d', '22d042a0-ac60-42df-ada8-f8ac5fffd246'}
2025-11-06 18:34:12 [DEBUG] Executing dashboard base query with params: {'date_only': datetime.date(2025, 11, 6), 'date_only_ts': datetime.datetime(2025, 11, 6, 0, 0), 'business_id': '79581f88-5042-43d0-9594-ba81e70130b0', 'client_id': '', 'pet_id': ''}
2025-11-06 18:34:12 [DEBUG] Dashboard query returned 0 rows before filtering.
2025-11-06 18:34:12 [DEBUG] Filtered results: 0 remaining after exclusions.
2025-11-06 18:34:12 [DEBUG] Loaded 3 notifications for business 79581f88-5042-43d0-9594-ba81e70130b0
2025-11-06 18:34:12 [INFO] Dashboard info built successfully for user 81e78254-85dc-464c-8aa4-455f9d9d47eb
2025-11-06 18:34:22 [INFO] Dashboard info requested by user_id=81e78254-85dc-464c-8aa4-455f9d9d47eb
2025-11-06 18:34:22 [DEBUG] Incoming dashboard params: date_time=2025-11-06, client_id=, pet_id=
2025-11-06 18:34:23 [DEBUG] Business logo encoded successfully.
2025-11-06 18:34:23 [DEBUG] Excluded recurring IDs for date 2025-11-06: {'d728b49a-ad6d-4b07-bb7b-f095a3b6abe4', '2cea8242-4dbe-423a-9470-f015dfc8bb9e', 'a0664f90-3920-495e-bd70-89fa6b0b903e', 'e70f92cd-4029-441f-82f3-037603527358', '834d6450-75ea-4d3f-8d56-86b08d39a3b9', '9fd5169c-df7f-4c45-a211-d2a8f9fc204a', '2cda888d-df9b-42bd-bef3-adaa776e5fc6', 'b63bc563-f097-496c-9eba-709f7bb84766', '30f14564-3f37-4bd9-b0bb-19cfe5b9a223', '4e71592c-0d28-4fc0-91ab-058d7a105b91', '49a2592e-ecd7-46da-9c03-866b96530b67', '83f4ae67-04d3-459e-b6f6-3ee7c8c954a3', '486b2003-fdad-4009-9800-cb19d7295067', '1e33f7e8-00b4-4d9a-a70a-158f7e2ce5ee', '0510befe-e14f-4513-80cc-1b991d69c27d', '22d042a0-ac60-42df-ada8-f8ac5fffd246'}
2025-11-06 18:34:23 [DEBUG] Executing dashboard base query with params: {'date_only': datetime.date(2025, 11, 6), 'date_only_ts': datetime.datetime(2025, 11, 6, 0, 0), 'business_id': '79581f88-5042-43d0-9594-ba81e70130b0', 'client_id': '', 'pet_id': ''}
2025-11-06 18:34:23 [DEBUG] Dashboard query returned 1 rows before filtering.
2025-11-06 18:34:23 [DEBUG] Filtered results: 1 remaining after exclusions.
2025-11-06 18:34:23 [DEBUG] Loaded 3 notifications for business 79581f88-5042-43d0-9594-ba81e70130b0
2025-11-06 18:34:23 [INFO] Dashboard info built successfully for user 81e78254-85dc-464c-8aa4-455f9d9d47eb
2025-11-06 18:34:31 [INFO] Dashboard info requested by user_id=81e78254-85dc-464c-8aa4-455f9d9d47eb
2025-11-06 18:34:31 [DEBUG] Incoming dashboard params: date_time=2025-11-03, client_id=, pet_id=
2025-11-06 18:34:32 [DEBUG] Business logo encoded successfully.
2025-11-06 18:34:32 [DEBUG] Excluded recurring IDs for date 2025-11-03: {'d728b49a-ad6d-4b07-bb7b-f095a3b6abe4', '38d8e890-b5b1-4f03-8e59-edbcc41c46cf', 'ad878b08-2eff-41ee-858b-b28f1173850f', 'c08d0ce0-472c-46d6-9560-cc4ad37b0cec', '278edfd1-1609-4c52-9cc4-2c6902a9062c', '5a5a1b0d-d719-4909-9c32-44d66dbd3b01', '6cc41668-59df-4d79-9e5a-b0cec2d44f40', '834d6450-75ea-4d3f-8d56-86b08d39a3b9', '76966fa2-b01b-429f-9272-640860f37986', 'd9108df2-84f3-4c79-af6a-982ac124f8dc', 'd660ddca-4a97-4d23-8cf7-be737fc83ddd', 'da2c1e0e-3908-4597-b8a2-b62883172b44', '49a2592e-ecd7-46da-9c03-866b96530b67', '2cea8242-4dbe-423a-9470-f015dfc8bb9e', 'ae7b018e-c334-4991-a3cf-b95b248be3f7', '22d042a0-ac60-42df-ada8-f8ac5fffd246'}
2025-11-06 18:34:32 [DEBUG] Executing dashboard base query with params: {'date_only': datetime.date(2025, 11, 3), 'date_only_ts': datetime.datetime(2025, 11, 3, 0, 0), 'business_id': '79581f88-5042-43d0-9594-ba81e70130b0', 'client_id': '', 'pet_id': ''}
2025-11-06 18:34:32 [DEBUG] Dashboard query returned 0 rows before filtering.
2025-11-06 18:34:32 [DEBUG] Filtered results: 0 remaining after exclusions.
2025-11-06 18:34:32 [DEBUG] Loaded 3 notifications for business 79581f88-5042-43d0-9594-ba81e70130b0
2025-11-06 18:34:32 [INFO] Dashboard info built successfully for user 81e78254-85dc-464c-8aa4-455f9d9d47eb
2025-11-06 18:34:33 [INFO] Dashboard info requested by user_id=81e78254-85dc-464c-8aa4-455f9d9d47eb
2025-11-06 18:34:33 [DEBUG] Incoming dashboard params: date_time=2025-11-03, client_id=, pet_id=
2025-11-06 18:34:34 [DEBUG] Business logo encoded successfully.
2025-11-06 18:34:34 [DEBUG] Excluded recurring IDs for date 2025-11-03: {'d728b49a-ad6d-4b07-bb7b-f095a3b6abe4', '38d8e890-b5b1-4f03-8e59-edbcc41c46cf', 'ad878b08-2eff-41ee-858b-b28f1173850f', 'c08d0ce0-472c-46d6-9560-cc4ad37b0cec', '278edfd1-1609-4c52-9cc4-2c6902a9062c', '5a5a1b0d-d719-4909-9c32-44d66dbd3b01', '6cc41668-59df-4d79-9e5a-b0cec2d44f40', '834d6450-75ea-4d3f-8d56-86b08d39a3b9', '76966fa2-b01b-429f-9272-640860f37986', 'd9108df2-84f3-4c79-af6a-982ac124f8dc', 'd660ddca-4a97-4d23-8cf7-be737fc83ddd', 'da2c1e0e-3908-4597-b8a2-b62883172b44', '49a2592e-ecd7-46da-9c03-866b96530b67', '2cea8242-4dbe-423a-9470-f015dfc8bb9e', 'ae7b018e-c334-4991-a3cf-b95b248be3f7', '22d042a0-ac60-42df-ada8-f8ac5fffd246'}
2025-11-06 18:34:34 [DEBUG] Executing dashboard base query with params: {'date_only': datetime.date(2025, 11, 3), 'date_only_ts': datetime.datetime(2025, 11, 3, 0, 0), 'business_id': '79581f88-5042-43d0-9594-ba81e70130b0', 'client_id': '', 'pet_id': ''}
2025-11-06 18:34:34 [DEBUG] Dashboard query returned 0 rows before filtering.
2025-11-06 18:34:34 [DEBUG] Filtered results: 0 remaining after exclusions.
2025-11-06 18:34:34 [DEBUG] Loaded 3 notifications for business 79581f88-5042-43d0-9594-ba81e70130b0
2025-11-06 18:34:34 [INFO] Dashboard info built successfully for user 81e78254-85dc-464c-8aa4-455f9d9d47eb
2025-11-06 18:34:34 [INFO] Dashboard info requested by user_id=81e78254-85dc-464c-8aa4-455f9d9d47eb
2025-11-06 18:34:34 [DEBUG] Incoming dashboard params: date_time=2025-11-06, client_id=, pet_id=
2025-11-06 18:34:35 [DEBUG] Business logo encoded successfully.
2025-11-06 18:34:35 [DEBUG] Excluded recurring IDs for date 2025-11-06: {'d728b49a-ad6d-4b07-bb7b-f095a3b6abe4', '2cea8242-4dbe-423a-9470-f015dfc8bb9e', 'a0664f90-3920-495e-bd70-89fa6b0b903e', 'e70f92cd-4029-441f-82f3-037603527358', '834d6450-75ea-4d3f-8d56-86b08d39a3b9', '9fd5169c-df7f-4c45-a211-d2a8f9fc204a', '2cda888d-df9b-42bd-bef3-adaa776e5fc6', 'b63bc563-f097-496c-9eba-709f7bb84766', '30f14564-3f37-4bd9-b0bb-19cfe5b9a223', '4e71592c-0d28-4fc0-91ab-058d7a105b91', '49a2592e-ecd7-46da-9c03-866b96530b67', '83f4ae67-04d3-459e-b6f6-3ee7c8c954a3', '486b2003-fdad-4009-9800-cb19d7295067', '1e33f7e8-00b4-4d9a-a70a-158f7e2ce5ee', '0510befe-e14f-4513-80cc-1b991d69c27d', '22d042a0-ac60-42df-ada8-f8ac5fffd246'}
2025-11-06 18:34:35 [DEBUG] Executing dashboard base query with params: {'date_only': datetime.date(2025, 11, 6), 'date_only_ts': datetime.datetime(2025, 11, 6, 0, 0), 'business_id': '79581f88-5042-43d0-9594-ba81e70130b0', 'client_id': '', 'pet_id': ''}
2025-11-06 18:34:35 [DEBUG] Dashboard query returned 0 rows before filtering.
2025-11-06 18:34:35 [DEBUG] Filtered results: 0 remaining after exclusions.
2025-11-06 18:34:35 [DEBUG] Loaded 3 notifications for business 79581f88-5042-43d0-9594-ba81e70130b0
2025-11-06 18:34:35 [INFO] Dashboard info built successfully for user 81e78254-85dc-464c-8aa4-455f9d9d47eb
2025-11-06 18:34:52 [INFO] Dashboard info requested by user_id=81e78254-85dc-464c-8aa4-455f9d9d47eb
2025-11-06 18:34:52 [DEBUG] Incoming dashboard params: date_time=2025-11-03, client_id=, pet_id=
2025-11-06 18:34:53 [DEBUG] Business logo encoded successfully.
2025-11-06 18:34:53 [DEBUG] Excluded recurring IDs for date 2025-11-03: {'d728b49a-ad6d-4b07-bb7b-f095a3b6abe4', '38d8e890-b5b1-4f03-8e59-edbcc41c46cf', 'ad878b08-2eff-41ee-858b-b28f1173850f', 'c08d0ce0-472c-46d6-9560-cc4ad37b0cec', '278edfd1-1609-4c52-9cc4-2c6902a9062c', '5a5a1b0d-d719-4909-9c32-44d66dbd3b01', '6cc41668-59df-4d79-9e5a-b0cec2d44f40', '834d6450-75ea-4d3f-8d56-86b08d39a3b9', '76966fa2-b01b-429f-9272-640860f37986', 'd9108df2-84f3-4c79-af6a-982ac124f8dc', 'd660ddca-4a97-4d23-8cf7-be737fc83ddd', 'da2c1e0e-3908-4597-b8a2-b62883172b44', '49a2592e-ecd7-46da-9c03-866b96530b67', '2cea8242-4dbe-423a-9470-f015dfc8bb9e', 'ae7b018e-c334-4991-a3cf-b95b248be3f7', '22d042a0-ac60-42df-ada8-f8ac5fffd246'}
2025-11-06 18:34:53 [DEBUG] Executing dashboard base query with params: {'date_only': datetime.date(2025, 11, 3), 'date_only_ts': datetime.datetime(2025, 11, 3, 0, 0), 'business_id': '79581f88-5042-43d0-9594-ba81e70130b0', 'client_id': '', 'pet_id': ''}
2025-11-06 18:34:53 [DEBUG] Dashboard query returned 1 rows before filtering.
2025-11-06 18:34:53 [DEBUG] Filtered results: 1 remaining after exclusions.
2025-11-06 18:34:53 [DEBUG] Loaded 3 notifications for business 79581f88-5042-43d0-9594-ba81e70130b0
2025-11-06 18:34:53 [INFO] Dashboard info built successfully for user 81e78254-85dc-464c-8aa4-455f9d9d47eb
2025-11-06 18:35:18 [INFO] Dashboard info requested by user_id=81e78254-85dc-464c-8aa4-455f9d9d47eb
2025-11-06 18:35:18 [DEBUG] Incoming dashboard params: date_time=2025-11-03, client_id=, pet_id=
2025-11-06 18:35:19 [DEBUG] Business logo encoded successfully.
2025-11-06 18:35:19 [DEBUG] Excluded recurring IDs for date 2025-11-03: {'d728b49a-ad6d-4b07-bb7b-f095a3b6abe4', '38d8e890-b5b1-4f03-8e59-edbcc41c46cf', 'ad878b08-2eff-41ee-858b-b28f1173850f', 'c08d0ce0-472c-46d6-9560-cc4ad37b0cec', '278edfd1-1609-4c52-9cc4-2c6902a9062c', '5a5a1b0d-d719-4909-9c32-44d66dbd3b01', '6cc41668-59df-4d79-9e5a-b0cec2d44f40', '834d6450-75ea-4d3f-8d56-86b08d39a3b9', '76966fa2-b01b-429f-9272-640860f37986', 'd9108df2-84f3-4c79-af6a-982ac124f8dc', 'd660ddca-4a97-4d23-8cf7-be737fc83ddd', 'da2c1e0e-3908-4597-b8a2-b62883172b44', '49a2592e-ecd7-46da-9c03-866b96530b67', '2cea8242-4dbe-423a-9470-f015dfc8bb9e', 'ae7b018e-c334-4991-a3cf-b95b248be3f7', '22d042a0-ac60-42df-ada8-f8ac5fffd246'}
2025-11-06 18:35:19 [DEBUG] Executing dashboard base query with params: {'date_only': datetime.date(2025, 11, 3), 'date_only_ts': datetime.datetime(2025, 11, 3, 0, 0), 'business_id': '79581f88-5042-43d0-9594-ba81e70130b0', 'client_id': '', 'pet_id': ''}
2025-11-06 18:35:19 [DEBUG] Dashboard query returned 0 rows before filtering.
2025-11-06 18:35:19 [DEBUG] Filtered results: 0 remaining after exclusions.
2025-11-06 18:35:19 [DEBUG] Loaded 3 notifications for business 79581f88-5042-43d0-9594-ba81e70130b0
2025-11-06 18:35:19 [INFO] Dashboard info built successfully for user 81e78254-85dc-464c-8aa4-455f9d9d47eb
2025-11-06 18:35:39 [INFO] Dashboard info requested by user_id=81e78254-85dc-464c-8aa4-455f9d9d47eb
2025-11-06 18:35:39 [DEBUG] Incoming dashboard params: date_time=2025-11-03, client_id=, pet_id=
2025-11-06 18:35:40 [DEBUG] Business logo encoded successfully.
2025-11-06 18:35:41 [DEBUG] Excluded recurring IDs for date 2025-11-03: {'d728b49a-ad6d-4b07-bb7b-f095a3b6abe4', '38d8e890-b5b1-4f03-8e59-edbcc41c46cf', 'ad878b08-2eff-41ee-858b-b28f1173850f', 'c08d0ce0-472c-46d6-9560-cc4ad37b0cec', '278edfd1-1609-4c52-9cc4-2c6902a9062c', '5a5a1b0d-d719-4909-9c32-44d66dbd3b01', '6cc41668-59df-4d79-9e5a-b0cec2d44f40', '834d6450-75ea-4d3f-8d56-86b08d39a3b9', '76966fa2-b01b-429f-9272-640860f37986', 'd9108df2-84f3-4c79-af6a-982ac124f8dc', 'd660ddca-4a97-4d23-8cf7-be737fc83ddd', 'da2c1e0e-3908-4597-b8a2-b62883172b44', '49a2592e-ecd7-46da-9c03-866b96530b67', '2cea8242-4dbe-423a-9470-f015dfc8bb9e', 'ae7b018e-c334-4991-a3cf-b95b248be3f7', '22d042a0-ac60-42df-ada8-f8ac5fffd246'}
2025-11-06 18:35:41 [DEBUG] Executing dashboard base query with params: {'date_only': datetime.date(2025, 11, 3), 'date_only_ts': datetime.datetime(2025, 11, 3, 0, 0), 'business_id': '79581f88-5042-43d0-9594-ba81e70130b0', 'client_id': '', 'pet_id': ''}
2025-11-06 18:35:41 [DEBUG] Dashboard query returned 1 rows before filtering.
2025-11-06 18:35:41 [DEBUG] Filtered results: 1 remaining after exclusions.
2025-11-06 18:35:41 [DEBUG] Loaded 3 notifications for business 79581f88-5042-43d0-9594-ba81e70130b0
2025-11-06 18:35:41 [INFO] Dashboard info built successfully for user 81e78254-85dc-464c-8aa4-455f9d9d47eb
2025-11-06 18:35:50 [INFO] Dashboard info requested by user_id=81e78254-85dc-464c-8aa4-455f9d9d47eb
2025-11-06 18:35:50 [DEBUG] Incoming dashboard params: date_time=2025-11-03, client_id=, pet_id=
2025-11-06 18:35:52 [DEBUG] Business logo encoded successfully.
2025-11-06 18:35:52 [DEBUG] Excluded recurring IDs for date 2025-11-03: {'d728b49a-ad6d-4b07-bb7b-f095a3b6abe4', '38d8e890-b5b1-4f03-8e59-edbcc41c46cf', 'ad878b08-2eff-41ee-858b-b28f1173850f', 'c08d0ce0-472c-46d6-9560-cc4ad37b0cec', '278edfd1-1609-4c52-9cc4-2c6902a9062c', '5a5a1b0d-d719-4909-9c32-44d66dbd3b01', '6cc41668-59df-4d79-9e5a-b0cec2d44f40', '834d6450-75ea-4d3f-8d56-86b08d39a3b9', '76966fa2-b01b-429f-9272-640860f37986', 'd9108df2-84f3-4c79-af6a-982ac124f8dc', 'd660ddca-4a97-4d23-8cf7-be737fc83ddd', 'da2c1e0e-3908-4597-b8a2-b62883172b44', '49a2592e-ecd7-46da-9c03-866b96530b67', '2cea8242-4dbe-423a-9470-f015dfc8bb9e', 'ae7b018e-c334-4991-a3cf-b95b248be3f7', '22d042a0-ac60-42df-ada8-f8ac5fffd246'}
2025-11-06 18:35:52 [DEBUG] Executing dashboard base query with params: {'date_only': datetime.date(2025, 11, 3), 'date_only_ts': datetime.datetime(2025, 11, 3, 0, 0), 'business_id': '79581f88-5042-43d0-9594-ba81e70130b0', 'client_id': '', 'pet_id': ''}
2025-11-06 18:35:52 [DEBUG] Dashboard query returned 0 rows before filtering.
2025-11-06 18:35:52 [DEBUG] Filtered results: 0 remaining after exclusions.
2025-11-06 18:35:52 [DEBUG] Loaded 3 notifications for business 79581f88-5042-43d0-9594-ba81e70130b0
2025-11-06 18:35:52 [INFO] Dashboard info built successfully for user 81e78254-85dc-464c-8aa4-455f9d9d47eb
2025-11-06 18:35:52 [INFO] Dashboard info requested by user_id=81e78254-85dc-464c-8aa4-455f9d9d47eb
2025-11-06 18:35:52 [DEBUG] Incoming dashboard params: date_time=2025-11-03, client_id=, pet_id=
2025-11-06 18:35:53 [DEBUG] Business logo encoded successfully.
2025-11-06 18:35:53 [DEBUG] Excluded recurring IDs for date 2025-11-03: {'d728b49a-ad6d-4b07-bb7b-f095a3b6abe4', '38d8e890-b5b1-4f03-8e59-edbcc41c46cf', 'ad878b08-2eff-41ee-858b-b28f1173850f', 'c08d0ce0-472c-46d6-9560-cc4ad37b0cec', '278edfd1-1609-4c52-9cc4-2c6902a9062c', '5a5a1b0d-d719-4909-9c32-44d66dbd3b01', '6cc41668-59df-4d79-9e5a-b0cec2d44f40', '834d6450-75ea-4d3f-8d56-86b08d39a3b9', '76966fa2-b01b-429f-9272-640860f37986', 'd9108df2-84f3-4c79-af6a-982ac124f8dc', 'd660ddca-4a97-4d23-8cf7-be737fc83ddd', 'da2c1e0e-3908-4597-b8a2-b62883172b44', '49a2592e-ecd7-46da-9c03-866b96530b67', '2cea8242-4dbe-423a-9470-f015dfc8bb9e', 'ae7b018e-c334-4991-a3cf-b95b248be3f7', '22d042a0-ac60-42df-ada8-f8ac5fffd246'}
2025-11-06 18:35:53 [DEBUG] Executing dashboard base query with params: {'date_only': datetime.date(2025, 11, 3), 'date_only_ts': datetime.datetime(2025, 11, 3, 0, 0), 'business_id': '79581f88-5042-43d0-9594-ba81e70130b0', 'client_id': '', 'pet_id': ''}
2025-11-06 18:35:53 [DEBUG] Dashboard query returned 0 rows before filtering.
2025-11-06 18:35:53 [DEBUG] Filtered results: 0 remaining after exclusions.
2025-11-06 18:35:53 [DEBUG] Loaded 3 notifications for business 79581f88-5042-43d0-9594-ba81e70130b0
2025-11-06 18:35:53 [INFO] Dashboard info built successfully for user 81e78254-85dc-464c-8aa4-455f9d9d47eb
2025-11-06 18:36:19 [INFO] Dashboard info requested by user_id=81e78254-85dc-464c-8aa4-455f9d9d47eb
2025-11-06 18:36:19 [DEBUG] Incoming dashboard params: date_time=2025-11-03, client_id=, pet_id=
2025-11-06 18:36:21 [DEBUG] Business logo encoded successfully.
2025-11-06 18:36:21 [DEBUG] Excluded recurring IDs for date 2025-11-03: {'d728b49a-ad6d-4b07-bb7b-f095a3b6abe4', '38d8e890-b5b1-4f03-8e59-edbcc41c46cf', 'ad878b08-2eff-41ee-858b-b28f1173850f', 'c08d0ce0-472c-46d6-9560-cc4ad37b0cec', '278edfd1-1609-4c52-9cc4-2c6902a9062c', '5a5a1b0d-d719-4909-9c32-44d66dbd3b01', '6cc41668-59df-4d79-9e5a-b0cec2d44f40', '834d6450-75ea-4d3f-8d56-86b08d39a3b9', '76966fa2-b01b-429f-9272-640860f37986', 'd9108df2-84f3-4c79-af6a-982ac124f8dc', 'd660ddca-4a97-4d23-8cf7-be737fc83ddd', 'da2c1e0e-3908-4597-b8a2-b62883172b44', '49a2592e-ecd7-46da-9c03-866b96530b67', '2cea8242-4dbe-423a-9470-f015dfc8bb9e', 'ae7b018e-c334-4991-a3cf-b95b248be3f7', '22d042a0-ac60-42df-ada8-f8ac5fffd246'}
2025-11-06 18:36:21 [DEBUG] Executing dashboard base query with params: {'date_only': datetime.date(2025, 11, 3), 'date_only_ts': datetime.datetime(2025, 11, 3, 0, 0), 'business_id': '79581f88-5042-43d0-9594-ba81e70130b0', 'client_id': '', 'pet_id': ''}
2025-11-06 18:36:21 [DEBUG] Dashboard query returned 1 rows before filtering.
2025-11-06 18:36:21 [DEBUG] Filtered results: 1 remaining after exclusions.
2025-11-06 18:36:21 [DEBUG] Loaded 3 notifications for business 79581f88-5042-43d0-9594-ba81e70130b0
2025-11-06 18:36:21 [INFO] Dashboard info built successfully for user 81e78254-85dc-464c-8aa4-455f9d9d47eb
2025-11-06 18:37:58 [INFO] Dashboard info requested by user_id=81e78254-85dc-464c-8aa4-455f9d9d47eb
2025-11-06 18:37:58 [DEBUG] Incoming dashboard params: date_time=2025-11-03, client_id=, pet_id=
2025-11-06 18:37:59 [DEBUG] Business logo encoded successfully.
2025-11-06 18:37:59 [DEBUG] Excluded recurring IDs for date 2025-11-03: {'d728b49a-ad6d-4b07-bb7b-f095a3b6abe4', '38d8e890-b5b1-4f03-8e59-edbcc41c46cf', 'ad878b08-2eff-41ee-858b-b28f1173850f', 'c08d0ce0-472c-46d6-9560-cc4ad37b0cec', '278edfd1-1609-4c52-9cc4-2c6902a9062c', '5a5a1b0d-d719-4909-9c32-44d66dbd3b01', '6cc41668-59df-4d79-9e5a-b0cec2d44f40', '834d6450-75ea-4d3f-8d56-86b08d39a3b9', '76966fa2-b01b-429f-9272-640860f37986', 'd9108df2-84f3-4c79-af6a-982ac124f8dc', 'd660ddca-4a97-4d23-8cf7-be737fc83ddd', 'da2c1e0e-3908-4597-b8a2-b62883172b44', '49a2592e-ecd7-46da-9c03-866b96530b67', '2cea8242-4dbe-423a-9470-f015dfc8bb9e', 'ae7b018e-c334-4991-a3cf-b95b248be3f7', '22d042a0-ac60-42df-ada8-f8ac5fffd246'}
2025-11-06 18:37:59 [DEBUG] Executing dashboard base query with params: {'date_only': datetime.date(2025, 11, 3), 'date_only_ts': datetime.datetime(2025, 11, 3, 0, 0), 'business_id': '79581f88-5042-43d0-9594-ba81e70130b0', 'client_id': '', 'pet_id': ''}
2025-11-06 18:37:59 [DEBUG] Dashboard query returned 1 rows before filtering.
2025-11-06 18:37:59 [DEBUG] Filtered results: 1 remaining after exclusions.
2025-11-06 18:37:59 [DEBUG] Loaded 3 notifications for business 79581f88-5042-43d0-9594-ba81e70130b0
2025-11-06 18:37:59 [INFO] Dashboard info built successfully for user 81e78254-85dc-464c-8aa4-455f9d9d47eb
2025-11-06 18:38:01 [INFO] Dashboard info requested by user_id=81e78254-85dc-464c-8aa4-455f9d9d47eb
2025-11-06 18:38:01 [DEBUG] Incoming dashboard params: date_time=2025-11-06, client_id=, pet_id=
2025-11-06 18:38:02 [DEBUG] Business logo encoded successfully.
2025-11-06 18:38:03 [DEBUG] Excluded recurring IDs for date 2025-11-06: {'d728b49a-ad6d-4b07-bb7b-f095a3b6abe4', '2cea8242-4dbe-423a-9470-f015dfc8bb9e', 'a0664f90-3920-495e-bd70-89fa6b0b903e', 'e70f92cd-4029-441f-82f3-037603527358', '834d6450-75ea-4d3f-8d56-86b08d39a3b9', '9fd5169c-df7f-4c45-a211-d2a8f9fc204a', '2cda888d-df9b-42bd-bef3-adaa776e5fc6', 'b63bc563-f097-496c-9eba-709f7bb84766', '30f14564-3f37-4bd9-b0bb-19cfe5b9a223', '4e71592c-0d28-4fc0-91ab-058d7a105b91', '49a2592e-ecd7-46da-9c03-866b96530b67', '83f4ae67-04d3-459e-b6f6-3ee7c8c954a3', '486b2003-fdad-4009-9800-cb19d7295067', '1e33f7e8-00b4-4d9a-a70a-158f7e2ce5ee', '0510befe-e14f-4513-80cc-1b991d69c27d', '22d042a0-ac60-42df-ada8-f8ac5fffd246'}
2025-11-06 18:38:03 [DEBUG] Executing dashboard base query with params: {'date_only': datetime.date(2025, 11, 6), 'date_only_ts': datetime.datetime(2025, 11, 6, 0, 0), 'business_id': '79581f88-5042-43d0-9594-ba81e70130b0', 'client_id': '', 'pet_id': ''}
2025-11-06 18:38:03 [DEBUG] Dashboard query returned 0 rows before filtering.
2025-11-06 18:38:03 [DEBUG] Filtered results: 0 remaining after exclusions.
2025-11-06 18:38:03 [DEBUG] Loaded 3 notifications for business 79581f88-5042-43d0-9594-ba81e70130b0
2025-11-06 18:38:03 [INFO] Dashboard info built successfully for user 81e78254-85dc-464c-8aa4-455f9d9d47eb
2025-11-06 18:38:04 [INFO] Dashboard info requested by user_id=81e78254-85dc-464c-8aa4-455f9d9d47eb
2025-11-06 18:38:04 [DEBUG] Incoming dashboard params: date_time=2025-11-03, client_id=, pet_id=
2025-11-06 18:38:05 [DEBUG] Business logo encoded successfully.
2025-11-06 18:38:05 [DEBUG] Excluded recurring IDs for date 2025-11-03: {'d728b49a-ad6d-4b07-bb7b-f095a3b6abe4', '38d8e890-b5b1-4f03-8e59-edbcc41c46cf', 'ad878b08-2eff-41ee-858b-b28f1173850f', 'c08d0ce0-472c-46d6-9560-cc4ad37b0cec', '278edfd1-1609-4c52-9cc4-2c6902a9062c', '5a5a1b0d-d719-4909-9c32-44d66dbd3b01', '6cc41668-59df-4d79-9e5a-b0cec2d44f40', '834d6450-75ea-4d3f-8d56-86b08d39a3b9', '76966fa2-b01b-429f-9272-640860f37986', 'd9108df2-84f3-4c79-af6a-982ac124f8dc', 'd660ddca-4a97-4d23-8cf7-be737fc83ddd', 'da2c1e0e-3908-4597-b8a2-b62883172b44', '49a2592e-ecd7-46da-9c03-866b96530b67', '2cea8242-4dbe-423a-9470-f015dfc8bb9e', 'ae7b018e-c334-4991-a3cf-b95b248be3f7', '22d042a0-ac60-42df-ada8-f8ac5fffd246'}
2025-11-06 18:38:05 [DEBUG] Executing dashboard base query with params: {'date_only': datetime.date(2025, 11, 3), 'date_only_ts': datetime.datetime(2025, 11, 3, 0, 0), 'business_id': '79581f88-5042-43d0-9594-ba81e70130b0', 'client_id': '', 'pet_id': ''}
2025-11-06 18:38:05 [DEBUG] Dashboard query returned 1 rows before filtering.
2025-11-06 18:38:05 [DEBUG] Filtered results: 1 remaining after exclusions.
2025-11-06 18:38:05 [DEBUG] Loaded 3 notifications for business 79581f88-5042-43d0-9594-ba81e70130b0
2025-11-06 18:38:05 [INFO] Dashboard info built successfully for user 81e78254-85dc-464c-8aa4-455f9d9d47eb
2025-11-06 18:38:16 [INFO] Dashboard info requested by user_id=81e78254-85dc-464c-8aa4-455f9d9d47eb
2025-11-06 18:38:16 [DEBUG] Incoming dashboard params: date_time=2025-11-03, client_id=, pet_id=
2025-11-06 18:38:17 [DEBUG] Business logo encoded successfully.
2025-11-06 18:38:17 [DEBUG] Excluded recurring IDs for date 2025-11-03: {'d728b49a-ad6d-4b07-bb7b-f095a3b6abe4', '38d8e890-b5b1-4f03-8e59-edbcc41c46cf', 'ad878b08-2eff-41ee-858b-b28f1173850f', 'c08d0ce0-472c-46d6-9560-cc4ad37b0cec', '278edfd1-1609-4c52-9cc4-2c6902a9062c', '5a5a1b0d-d719-4909-9c32-44d66dbd3b01', '6cc41668-59df-4d79-9e5a-b0cec2d44f40', '834d6450-75ea-4d3f-8d56-86b08d39a3b9', '76966fa2-b01b-429f-9272-640860f37986', 'd9108df2-84f3-4c79-af6a-982ac124f8dc', 'd660ddca-4a97-4d23-8cf7-be737fc83ddd', 'da2c1e0e-3908-4597-b8a2-b62883172b44', '49a2592e-ecd7-46da-9c03-866b96530b67', '2cea8242-4dbe-423a-9470-f015dfc8bb9e', 'ae7b018e-c334-4991-a3cf-b95b248be3f7', '22d042a0-ac60-42df-ada8-f8ac5fffd246'}
2025-11-06 18:38:17 [DEBUG] Executing dashboard base query with params: {'date_only': datetime.date(2025, 11, 3), 'date_only_ts': datetime.datetime(2025, 11, 3, 0, 0), 'business_id': '79581f88-5042-43d0-9594-ba81e70130b0', 'client_id': '', 'pet_id': ''}
2025-11-06 18:38:17 [DEBUG] Dashboard query returned 2 rows before filtering.
2025-11-06 18:38:17 [DEBUG] Filtered results: 2 remaining after exclusions.
2025-11-06 18:38:17 [DEBUG] Loaded 3 notifications for business 79581f88-5042-43d0-9594-ba81e70130b0
2025-11-06 18:38:17 [INFO] Dashboard info built successfully for user 81e78254-85dc-464c-8aa4-455f9d9d47eb
2025-11-06 18:40:14 [INFO] Dashboard info requested by user_id=81e78254-85dc-464c-8aa4-455f9d9d47eb
2025-11-06 18:40:14 [DEBUG] Incoming dashboard params: date_time=2025-11-03, client_id=, pet_id=
2025-11-06 18:40:15 [DEBUG] Business logo encoded successfully.
2025-11-06 18:40:15 [DEBUG] Excluded recurring IDs for date 2025-11-03: {'d728b49a-ad6d-4b07-bb7b-f095a3b6abe4', '38d8e890-b5b1-4f03-8e59-edbcc41c46cf', 'ad878b08-2eff-41ee-858b-b28f1173850f', 'c08d0ce0-472c-46d6-9560-cc4ad37b0cec', '278edfd1-1609-4c52-9cc4-2c6902a9062c', '5a5a1b0d-d719-4909-9c32-44d66dbd3b01', '6cc41668-59df-4d79-9e5a-b0cec2d44f40', '834d6450-75ea-4d3f-8d56-86b08d39a3b9', '76966fa2-b01b-429f-9272-640860f37986', 'd9108df2-84f3-4c79-af6a-982ac124f8dc', 'd660ddca-4a97-4d23-8cf7-be737fc83ddd', 'da2c1e0e-3908-4597-b8a2-b62883172b44', '49a2592e-ecd7-46da-9c03-866b96530b67', '2cea8242-4dbe-423a-9470-f015dfc8bb9e', 'ae7b018e-c334-4991-a3cf-b95b248be3f7', '22d042a0-ac60-42df-ada8-f8ac5fffd246'}
2025-11-06 18:40:15 [DEBUG] Executing dashboard base query with params: {'date_only': datetime.date(2025, 11, 3), 'date_only_ts': datetime.datetime(2025, 11, 3, 0, 0), 'business_id': '79581f88-5042-43d0-9594-ba81e70130b0', 'client_id': '', 'pet_id': ''}
2025-11-06 18:40:15 [DEBUG] Dashboard query returned 3 rows before filtering.
2025-11-06 18:40:15 [DEBUG] Filtered results: 3 remaining after exclusions.
2025-11-06 18:40:15 [DEBUG] Loaded 3 notifications for business 79581f88-5042-43d0-9594-ba81e70130b0
2025-11-06 18:40:15 [INFO] Dashboard info built successfully for user 81e78254-85dc-464c-8aa4-455f9d9d47eb
2025-11-06 18:40:23 [INFO] Dashboard info requested by user_id=81e78254-85dc-464c-8aa4-455f9d9d47eb
2025-11-06 18:40:23 [DEBUG] Incoming dashboard params: date_time=2025-11-03, client_id=, pet_id=
2025-11-06 18:40:24 [DEBUG] Business logo encoded successfully.
2025-11-06 18:40:24 [DEBUG] Excluded recurring IDs for date 2025-11-03: {'d728b49a-ad6d-4b07-bb7b-f095a3b6abe4', '38d8e890-b5b1-4f03-8e59-edbcc41c46cf', 'ad878b08-2eff-41ee-858b-b28f1173850f', 'c08d0ce0-472c-46d6-9560-cc4ad37b0cec', '278edfd1-1609-4c52-9cc4-2c6902a9062c', '5a5a1b0d-d719-4909-9c32-44d66dbd3b01', '6cc41668-59df-4d79-9e5a-b0cec2d44f40', '834d6450-75ea-4d3f-8d56-86b08d39a3b9', '76966fa2-b01b-429f-9272-640860f37986', 'd9108df2-84f3-4c79-af6a-982ac124f8dc', 'd660ddca-4a97-4d23-8cf7-be737fc83ddd', 'da2c1e0e-3908-4597-b8a2-b62883172b44', '49a2592e-ecd7-46da-9c03-866b96530b67', '2cea8242-4dbe-423a-9470-f015dfc8bb9e', 'ae7b018e-c334-4991-a3cf-b95b248be3f7', '22d042a0-ac60-42df-ada8-f8ac5fffd246'}
2025-11-06 18:40:24 [DEBUG] Executing dashboard base query with params: {'date_only': datetime.date(2025, 11, 3), 'date_only_ts': datetime.datetime(2025, 11, 3, 0, 0), 'business_id': '79581f88-5042-43d0-9594-ba81e70130b0', 'client_id': '', 'pet_id': ''}
2025-11-06 18:40:24 [DEBUG] Dashboard query returned 2 rows before filtering.
2025-11-06 18:40:24 [DEBUG] Filtered results: 2 remaining after exclusions.
2025-11-06 18:40:24 [DEBUG] Loaded 3 notifications for business 79581f88-5042-43d0-9594-ba81e70130b0
2025-11-06 18:40:24 [INFO] Dashboard info built successfully for user 81e78254-85dc-464c-8aa4-455f9d9d47eb
2025-11-06 18:40:30 [INFO] Dashboard info requested by user_id=81e78254-85dc-464c-8aa4-455f9d9d47eb
2025-11-06 18:40:30 [DEBUG] Incoming dashboard params: date_time=2025-11-03, client_id=, pet_id=
2025-11-06 18:40:31 [DEBUG] Business logo encoded successfully.
2025-11-06 18:40:31 [DEBUG] Excluded recurring IDs for date 2025-11-03: {'d728b49a-ad6d-4b07-bb7b-f095a3b6abe4', '38d8e890-b5b1-4f03-8e59-edbcc41c46cf', 'ad878b08-2eff-41ee-858b-b28f1173850f', 'c08d0ce0-472c-46d6-9560-cc4ad37b0cec', '278edfd1-1609-4c52-9cc4-2c6902a9062c', '5a5a1b0d-d719-4909-9c32-44d66dbd3b01', '6cc41668-59df-4d79-9e5a-b0cec2d44f40', '834d6450-75ea-4d3f-8d56-86b08d39a3b9', '76966fa2-b01b-429f-9272-640860f37986', 'd9108df2-84f3-4c79-af6a-982ac124f8dc', 'd660ddca-4a97-4d23-8cf7-be737fc83ddd', 'da2c1e0e-3908-4597-b8a2-b62883172b44', '49a2592e-ecd7-46da-9c03-866b96530b67', '2cea8242-4dbe-423a-9470-f015dfc8bb9e', 'ae7b018e-c334-4991-a3cf-b95b248be3f7', '22d042a0-ac60-42df-ada8-f8ac5fffd246'}
2025-11-06 18:40:31 [DEBUG] Executing dashboard base query with params: {'date_only': datetime.date(2025, 11, 3), 'date_only_ts': datetime.datetime(2025, 11, 3, 0, 0), 'business_id': '79581f88-5042-43d0-9594-ba81e70130b0', 'client_id': '', 'pet_id': ''}
2025-11-06 18:40:31 [DEBUG] Dashboard query returned 1 rows before filtering.
2025-11-06 18:40:31 [DEBUG] Filtered results: 1 remaining after exclusions.
2025-11-06 18:40:32 [DEBUG] Loaded 3 notifications for business 79581f88-5042-43d0-9594-ba81e70130b0
2025-11-06 18:40:32 [INFO] Dashboard info built successfully for user 81e78254-85dc-464c-8aa4-455f9d9d47eb
2025-11-06 18:41:36 [INFO] Dashboard info requested by user_id=81e78254-85dc-464c-8aa4-455f9d9d47eb
2025-11-06 18:41:36 [DEBUG] Incoming dashboard params: date_time=2025-11-03, client_id=, pet_id=
2025-11-06 18:41:38 [DEBUG] Business logo encoded successfully.
2025-11-06 18:41:38 [DEBUG] Excluded recurring IDs for date 2025-11-03: {'d728b49a-ad6d-4b07-bb7b-f095a3b6abe4', '38d8e890-b5b1-4f03-8e59-edbcc41c46cf', 'ad878b08-2eff-41ee-858b-b28f1173850f', 'c08d0ce0-472c-46d6-9560-cc4ad37b0cec', '278edfd1-1609-4c52-9cc4-2c6902a9062c', '5a5a1b0d-d719-4909-9c32-44d66dbd3b01', '6cc41668-59df-4d79-9e5a-b0cec2d44f40', '834d6450-75ea-4d3f-8d56-86b08d39a3b9', '76966fa2-b01b-429f-9272-640860f37986', 'd9108df2-84f3-4c79-af6a-982ac124f8dc', 'd660ddca-4a97-4d23-8cf7-be737fc83ddd', 'da2c1e0e-3908-4597-b8a2-b62883172b44', '49a2592e-ecd7-46da-9c03-866b96530b67', '2cea8242-4dbe-423a-9470-f015dfc8bb9e', 'ae7b018e-c334-4991-a3cf-b95b248be3f7', '22d042a0-ac60-42df-ada8-f8ac5fffd246'}
2025-11-06 18:41:38 [DEBUG] Executing dashboard base query with params: {'date_only': datetime.date(2025, 11, 3), 'date_only_ts': datetime.datetime(2025, 11, 3, 0, 0), 'business_id': '79581f88-5042-43d0-9594-ba81e70130b0', 'client_id': '', 'pet_id': ''}
2025-11-06 18:41:38 [DEBUG] Dashboard query returned 2 rows before filtering.
2025-11-06 18:41:38 [DEBUG] Filtered results: 2 remaining after exclusions.
2025-11-06 18:41:38 [DEBUG] Loaded 3 notifications for business 79581f88-5042-43d0-9594-ba81e70130b0
2025-11-06 18:41:38 [INFO] Dashboard info built successfully for user 81e78254-85dc-464c-8aa4-455f9d9d47eb
2025-11-06 18:44:16 [INFO] Dashboard info requested by user_id=81e78254-85dc-464c-8aa4-455f9d9d47eb
2025-11-06 18:44:16 [DEBUG] Incoming dashboard params: date_time=2025-11-03, client_id=, pet_id=
2025-11-06 18:44:17 [DEBUG] Business logo encoded successfully.
2025-11-06 18:44:17 [DEBUG] Excluded recurring IDs for date 2025-11-03: {'d728b49a-ad6d-4b07-bb7b-f095a3b6abe4', '38d8e890-b5b1-4f03-8e59-edbcc41c46cf', 'ad878b08-2eff-41ee-858b-b28f1173850f', 'c08d0ce0-472c-46d6-9560-cc4ad37b0cec', '278edfd1-1609-4c52-9cc4-2c6902a9062c', '5a5a1b0d-d719-4909-9c32-44d66dbd3b01', '6cc41668-59df-4d79-9e5a-b0cec2d44f40', '834d6450-75ea-4d3f-8d56-86b08d39a3b9', '76966fa2-b01b-429f-9272-640860f37986', 'd9108df2-84f3-4c79-af6a-982ac124f8dc', 'd660ddca-4a97-4d23-8cf7-be737fc83ddd', 'da2c1e0e-3908-4597-b8a2-b62883172b44', '49a2592e-ecd7-46da-9c03-866b96530b67', '2cea8242-4dbe-423a-9470-f015dfc8bb9e', 'ae7b018e-c334-4991-a3cf-b95b248be3f7', '22d042a0-ac60-42df-ada8-f8ac5fffd246'}
2025-11-06 18:44:17 [DEBUG] Executing dashboard base query with params: {'date_only': datetime.date(2025, 11, 3), 'date_only_ts': datetime.datetime(2025, 11, 3, 0, 0), 'business_id': '79581f88-5042-43d0-9594-ba81e70130b0', 'client_id': '', 'pet_id': ''}
2025-11-06 18:44:17 [DEBUG] Dashboard query returned 1 rows before filtering.
2025-11-06 18:44:17 [DEBUG] Filtered results: 1 remaining after exclusions.
2025-11-06 18:44:17 [DEBUG] Loaded 3 notifications for business 79581f88-5042-43d0-9594-ba81e70130b0
2025-11-06 18:44:17 [INFO] Dashboard info built successfully for user 81e78254-85dc-464c-8aa4-455f9d9d47eb
2025-11-06 18:47:41 [INFO] Dashboard info requested by user_id=81e78254-85dc-464c-8aa4-455f9d9d47eb
2025-11-06 18:47:41 [DEBUG] Incoming dashboard params: date_time=2025-11-03, client_id=, pet_id=
2025-11-06 18:47:43 [DEBUG] Business logo encoded successfully.
2025-11-06 18:47:43 [DEBUG] Excluded recurring IDs for date 2025-11-03: {'38d8e890-b5b1-4f03-8e59-edbcc41c46cf', 'da2c1e0e-3908-4597-b8a2-b62883172b44', '6cc41668-59df-4d79-9e5a-b0cec2d44f40', '2cea8242-4dbe-423a-9470-f015dfc8bb9e', 'd9108df2-84f3-4c79-af6a-982ac124f8dc', 'd728b49a-ad6d-4b07-bb7b-f095a3b6abe4', 'c08d0ce0-472c-46d6-9560-cc4ad37b0cec', 'ae7b018e-c334-4991-a3cf-b95b248be3f7', '22d042a0-ac60-42df-ada8-f8ac5fffd246', '76966fa2-b01b-429f-9272-640860f37986', '278edfd1-1609-4c52-9cc4-2c6902a9062c', 'd660ddca-4a97-4d23-8cf7-be737fc83ddd', '49a2592e-ecd7-46da-9c03-866b96530b67', 'ad878b08-2eff-41ee-858b-b28f1173850f', '834d6450-75ea-4d3f-8d56-86b08d39a3b9', '5a5a1b0d-d719-4909-9c32-44d66dbd3b01'}
2025-11-06 18:47:43 [DEBUG] Executing dashboard base query with params: {'date_only': datetime.date(2025, 11, 3), 'date_only_ts': datetime.datetime(2025, 11, 3, 0, 0), 'business_id': '79581f88-5042-43d0-9594-ba81e70130b0', 'client_id': '', 'pet_id': ''}
2025-11-06 18:47:43 [DEBUG] Dashboard query returned 0 rows before filtering.
2025-11-06 18:47:43 [DEBUG] Filtered results: 0 remaining after exclusions.
2025-11-06 18:47:43 [DEBUG] Loaded 3 notifications for business 79581f88-5042-43d0-9594-ba81e70130b0
2025-11-06 18:47:43 [INFO] Dashboard info built successfully for user 81e78254-85dc-464c-8aa4-455f9d9d47eb
2025-11-06 18:52:35 [INFO] Dashboard info requested by user_id=81e78254-85dc-464c-8aa4-455f9d9d47eb
2025-11-06 18:52:35 [DEBUG] Incoming dashboard params: date_time=2025-11-04, client_id=, pet_id=
2025-11-06 18:52:38 [DEBUG] Business logo encoded successfully.
2025-11-06 18:52:38 [DEBUG] Excluded recurring IDs for date 2025-11-04: {'1e33f7e8-00b4-4d9a-a70a-158f7e2ce5ee', '49a2592e-ecd7-46da-9c03-866b96530b67', 'da2c1e0e-3908-4597-b8a2-b62883172b44', '29a5dcd6-61f6-4f6e-8a65-54acdd93b6f0', '4e71592c-0d28-4fc0-91ab-058d7a105b91', 'a0ec11fb-8a1c-4913-a58a-ed2661ccfba1', '2210f74b-c398-4201-b3b7-222281d764b1', '03c02d71-7095-49d4-adb1-acebe74ca411', '6e26de85-8249-4067-9650-da657a9862af', '486b2003-fdad-4009-9800-cb19d7295067', '4edc62e9-e586-4dcf-89f9-0525ea8718f1', 'e70f92cd-4029-441f-82f3-037603527358', '22d042a0-ac60-42df-ada8-f8ac5fffd246', 'cae05b39-fc37-4d59-b136-1719bf6161c4', '834d6450-75ea-4d3f-8d56-86b08d39a3b9'}
2025-11-06 18:52:38 [DEBUG] Executing dashboard base query with params: {'date_only': datetime.date(2025, 11, 4), 'date_only_ts': datetime.datetime(2025, 11, 4, 0, 0), 'business_id': '79581f88-5042-43d0-9594-ba81e70130b0', 'client_id': '', 'pet_id': ''}
2025-11-06 18:52:38 [DEBUG] Dashboard query returned 0 rows before filtering.
2025-11-06 18:52:38 [DEBUG] Filtered results: 0 remaining after exclusions.
2025-11-06 18:52:38 [DEBUG] Loaded 5 notifications for business 79581f88-5042-43d0-9594-ba81e70130b0
2025-11-06 18:52:38 [INFO] Dashboard info built successfully for user 81e78254-85dc-464c-8aa4-455f9d9d47eb
2025-11-06 18:52:39 [INFO] Dashboard info requested by user_id=81e78254-85dc-464c-8aa4-455f9d9d47eb
2025-11-06 18:52:39 [DEBUG] Incoming dashboard params: date_time=2025-11-03, client_id=, pet_id=
2025-11-06 18:52:40 [DEBUG] Business logo encoded successfully.
2025-11-06 18:52:40 [DEBUG] Excluded recurring IDs for date 2025-11-03: {'38d8e890-b5b1-4f03-8e59-edbcc41c46cf', 'da2c1e0e-3908-4597-b8a2-b62883172b44', '6cc41668-59df-4d79-9e5a-b0cec2d44f40', '2cea8242-4dbe-423a-9470-f015dfc8bb9e', 'd9108df2-84f3-4c79-af6a-982ac124f8dc', 'd728b49a-ad6d-4b07-bb7b-f095a3b6abe4', 'c08d0ce0-472c-46d6-9560-cc4ad37b0cec', 'ae7b018e-c334-4991-a3cf-b95b248be3f7', '22d042a0-ac60-42df-ada8-f8ac5fffd246', '76966fa2-b01b-429f-9272-640860f37986', '278edfd1-1609-4c52-9cc4-2c6902a9062c', 'd660ddca-4a97-4d23-8cf7-be737fc83ddd', '49a2592e-ecd7-46da-9c03-866b96530b67', 'ad878b08-2eff-41ee-858b-b28f1173850f', '834d6450-75ea-4d3f-8d56-86b08d39a3b9', '5a5a1b0d-d719-4909-9c32-44d66dbd3b01'}
2025-11-06 18:52:40 [DEBUG] Executing dashboard base query with params: {'date_only': datetime.date(2025, 11, 3), 'date_only_ts': datetime.datetime(2025, 11, 3, 0, 0), 'business_id': '79581f88-5042-43d0-9594-ba81e70130b0', 'client_id': '', 'pet_id': ''}
2025-11-06 18:52:40 [DEBUG] Dashboard query returned 2 rows before filtering.
2025-11-06 18:52:40 [DEBUG] Filtered results: 2 remaining after exclusions.
2025-11-06 18:52:40 [DEBUG] Loaded 5 notifications for business 79581f88-5042-43d0-9594-ba81e70130b0
2025-11-06 18:52:40 [INFO] Dashboard info built successfully for user 81e78254-85dc-464c-8aa4-455f9d9d47eb
2025-11-06 18:52:53 [INFO] Dashboard info requested by user_id=81e78254-85dc-464c-8aa4-455f9d9d47eb
2025-11-06 18:52:53 [DEBUG] Incoming dashboard params: date_time=2025-11-03, client_id=, pet_id=
2025-11-06 18:52:54 [DEBUG] Business logo encoded successfully.
2025-11-06 18:52:54 [DEBUG] Excluded recurring IDs for date 2025-11-03: {'38d8e890-b5b1-4f03-8e59-edbcc41c46cf', 'da2c1e0e-3908-4597-b8a2-b62883172b44', '6cc41668-59df-4d79-9e5a-b0cec2d44f40', '2cea8242-4dbe-423a-9470-f015dfc8bb9e', 'd9108df2-84f3-4c79-af6a-982ac124f8dc', 'd728b49a-ad6d-4b07-bb7b-f095a3b6abe4', 'c08d0ce0-472c-46d6-9560-cc4ad37b0cec', 'ae7b018e-c334-4991-a3cf-b95b248be3f7', '22d042a0-ac60-42df-ada8-f8ac5fffd246', '76966fa2-b01b-429f-9272-640860f37986', '278edfd1-1609-4c52-9cc4-2c6902a9062c', 'd660ddca-4a97-4d23-8cf7-be737fc83ddd', '49a2592e-ecd7-46da-9c03-866b96530b67', 'ad878b08-2eff-41ee-858b-b28f1173850f', '834d6450-75ea-4d3f-8d56-86b08d39a3b9', '5a5a1b0d-d719-4909-9c32-44d66dbd3b01'}
2025-11-06 18:52:54 [DEBUG] Executing dashboard base query with params: {'date_only': datetime.date(2025, 11, 3), 'date_only_ts': datetime.datetime(2025, 11, 3, 0, 0), 'business_id': '79581f88-5042-43d0-9594-ba81e70130b0', 'client_id': '', 'pet_id': ''}
2025-11-06 18:52:54 [DEBUG] Dashboard query returned 1 rows before filtering.
2025-11-06 18:52:54 [DEBUG] Filtered results: 1 remaining after exclusions.
2025-11-06 18:52:54 [DEBUG] Loaded 5 notifications for business 79581f88-5042-43d0-9594-ba81e70130b0
2025-11-06 18:52:54 [INFO] Dashboard info built successfully for user 81e78254-85dc-464c-8aa4-455f9d9d47eb
2025-11-06 18:53:01 [INFO] Dashboard info requested by user_id=81e78254-85dc-464c-8aa4-455f9d9d47eb
2025-11-06 18:53:01 [DEBUG] Incoming dashboard params: date_time=2025-11-03, client_id=, pet_id=
2025-11-06 18:53:02 [DEBUG] Business logo encoded successfully.
2025-11-06 18:53:02 [DEBUG] Excluded recurring IDs for date 2025-11-03: {'38d8e890-b5b1-4f03-8e59-edbcc41c46cf', 'da2c1e0e-3908-4597-b8a2-b62883172b44', '6cc41668-59df-4d79-9e5a-b0cec2d44f40', '2cea8242-4dbe-423a-9470-f015dfc8bb9e', 'd9108df2-84f3-4c79-af6a-982ac124f8dc', 'd728b49a-ad6d-4b07-bb7b-f095a3b6abe4', 'c08d0ce0-472c-46d6-9560-cc4ad37b0cec', 'ae7b018e-c334-4991-a3cf-b95b248be3f7', '22d042a0-ac60-42df-ada8-f8ac5fffd246', '76966fa2-b01b-429f-9272-640860f37986', '278edfd1-1609-4c52-9cc4-2c6902a9062c', 'd660ddca-4a97-4d23-8cf7-be737fc83ddd', '49a2592e-ecd7-46da-9c03-866b96530b67', 'ad878b08-2eff-41ee-858b-b28f1173850f', '834d6450-75ea-4d3f-8d56-86b08d39a3b9', '5a5a1b0d-d719-4909-9c32-44d66dbd3b01'}
2025-11-06 18:53:02 [DEBUG] Executing dashboard base query with params: {'date_only': datetime.date(2025, 11, 3), 'date_only_ts': datetime.datetime(2025, 11, 3, 0, 0), 'business_id': '79581f88-5042-43d0-9594-ba81e70130b0', 'client_id': '', 'pet_id': ''}
2025-11-06 18:53:02 [DEBUG] Dashboard query returned 0 rows before filtering.
2025-11-06 18:53:02 [DEBUG] Filtered results: 0 remaining after exclusions.
2025-11-06 18:53:02 [DEBUG] Loaded 5 notifications for business 79581f88-5042-43d0-9594-ba81e70130b0
2025-11-06 18:53:02 [INFO] Dashboard info built successfully for user 81e78254-85dc-464c-8aa4-455f9d9d47eb
2025-11-06 19:38:08 [INFO] Dashboard info requested by user_id=81e78254-85dc-464c-8aa4-455f9d9d47eb
2025-11-06 19:38:08 [DEBUG] Incoming dashboard params: date_time=2025-11-06, client_id=, pet_id=
2025-11-06 19:38:10 [DEBUG] Business logo encoded successfully.
2025-11-06 19:38:10 [DEBUG] Excluded recurring IDs for date 2025-11-06: {'1e33f7e8-00b4-4d9a-a70a-158f7e2ce5ee', '49a2592e-ecd7-46da-9c03-866b96530b67', 'a0664f90-3920-495e-bd70-89fa6b0b903e', 'e70f92cd-4029-441f-82f3-037603527358', '486b2003-fdad-4009-9800-cb19d7295067', '834d6450-75ea-4d3f-8d56-86b08d39a3b9', 'b63bc563-f097-496c-9eba-709f7bb84766', '9fd5169c-df7f-4c45-a211-d2a8f9fc204a', '83f4ae67-04d3-459e-b6f6-3ee7c8c954a3', '2cda888d-df9b-42bd-bef3-adaa776e5fc6', '2cea8242-4dbe-423a-9470-f015dfc8bb9e', '4e71592c-0d28-4fc0-91ab-058d7a105b91', '22d042a0-ac60-42df-ada8-f8ac5fffd246', '30f14564-3f37-4bd9-b0bb-19cfe5b9a223', 'd728b49a-ad6d-4b07-bb7b-f095a3b6abe4', '0510befe-e14f-4513-80cc-1b991d69c27d'}
2025-11-06 19:38:10 [DEBUG] Executing dashboard base query with params: {'date_only': datetime.date(2025, 11, 6), 'date_only_ts': datetime.datetime(2025, 11, 6, 0, 0), 'business_id': '79581f88-5042-43d0-9594-ba81e70130b0', 'client_id': '', 'pet_id': ''}
2025-11-06 19:38:10 [DEBUG] Dashboard query returned 0 rows before filtering.
2025-11-06 19:38:10 [DEBUG] Filtered results: 0 remaining after exclusions.
2025-11-06 19:38:10 [DEBUG] Loaded 0 notifications for business 79581f88-5042-43d0-9594-ba81e70130b0
2025-11-06 19:38:10 [INFO] Dashboard info built successfully for user 81e78254-85dc-464c-8aa4-455f9d9d47eb
2025-11-06 19:48:48 [INFO] Dashboard info requested by user_id=81e78254-85dc-464c-8aa4-455f9d9d47eb
2025-11-06 19:48:48 [DEBUG] Incoming dashboard params: date_time=2025-11-03, client_id=, pet_id=
2025-11-06 19:48:49 [DEBUG] Business logo encoded successfully.
2025-11-06 19:48:49 [DEBUG] Excluded recurring IDs for date 2025-11-03: {'6cc41668-59df-4d79-9e5a-b0cec2d44f40', '2cea8242-4dbe-423a-9470-f015dfc8bb9e', 'da2c1e0e-3908-4597-b8a2-b62883172b44', 'c08d0ce0-472c-46d6-9560-cc4ad37b0cec', 'ad878b08-2eff-41ee-858b-b28f1173850f', '38d8e890-b5b1-4f03-8e59-edbcc41c46cf', '22d042a0-ac60-42df-ada8-f8ac5fffd246', '834d6450-75ea-4d3f-8d56-86b08d39a3b9', 'd728b49a-ad6d-4b07-bb7b-f095a3b6abe4', '76966fa2-b01b-429f-9272-640860f37986', '278edfd1-1609-4c52-9cc4-2c6902a9062c', 'd660ddca-4a97-4d23-8cf7-be737fc83ddd', 'ae7b018e-c334-4991-a3cf-b95b248be3f7', '5a5a1b0d-d719-4909-9c32-44d66dbd3b01', '49a2592e-ecd7-46da-9c03-866b96530b67', 'd9108df2-84f3-4c79-af6a-982ac124f8dc'}
2025-11-06 19:48:49 [DEBUG] Executing dashboard base query with params: {'date_only': datetime.date(2025, 11, 3), 'date_only_ts': datetime.datetime(2025, 11, 3, 0, 0), 'business_id': '79581f88-5042-43d0-9594-ba81e70130b0', 'client_id': '', 'pet_id': ''}
2025-11-06 19:48:49 [DEBUG] Dashboard query returned 0 rows before filtering.
2025-11-06 19:48:49 [DEBUG] Filtered results: 0 remaining after exclusions.
2025-11-06 19:48:49 [DEBUG] Loaded 0 notifications for business 79581f88-5042-43d0-9594-ba81e70130b0
2025-11-06 19:48:49 [INFO] Dashboard info built successfully for user 81e78254-85dc-464c-8aa4-455f9d9d47eb
2025-11-06 19:50:36 [INFO] Dashboard info requested by user_id=81e78254-85dc-464c-8aa4-455f9d9d47eb
2025-11-06 19:50:36 [DEBUG] Incoming dashboard params: date_time=2025-11-03, client_id=, pet_id=
2025-11-06 19:50:37 [DEBUG] Business logo encoded successfully.
2025-11-06 19:50:37 [DEBUG] Excluded recurring IDs for date 2025-11-03: {'6cc41668-59df-4d79-9e5a-b0cec2d44f40', '2cea8242-4dbe-423a-9470-f015dfc8bb9e', 'da2c1e0e-3908-4597-b8a2-b62883172b44', 'c08d0ce0-472c-46d6-9560-cc4ad37b0cec', 'ad878b08-2eff-41ee-858b-b28f1173850f', '38d8e890-b5b1-4f03-8e59-edbcc41c46cf', '22d042a0-ac60-42df-ada8-f8ac5fffd246', '834d6450-75ea-4d3f-8d56-86b08d39a3b9', 'd728b49a-ad6d-4b07-bb7b-f095a3b6abe4', '76966fa2-b01b-429f-9272-640860f37986', '278edfd1-1609-4c52-9cc4-2c6902a9062c', 'd660ddca-4a97-4d23-8cf7-be737fc83ddd', 'ae7b018e-c334-4991-a3cf-b95b248be3f7', '5a5a1b0d-d719-4909-9c32-44d66dbd3b01', '49a2592e-ecd7-46da-9c03-866b96530b67', 'd9108df2-84f3-4c79-af6a-982ac124f8dc'}
2025-11-06 19:50:37 [DEBUG] Executing dashboard base query with params: {'date_only': datetime.date(2025, 11, 3), 'date_only_ts': datetime.datetime(2025, 11, 3, 0, 0), 'business_id': '79581f88-5042-43d0-9594-ba81e70130b0', 'client_id': '', 'pet_id': ''}
2025-11-06 19:50:37 [DEBUG] Dashboard query returned 0 rows before filtering.
2025-11-06 19:50:37 [DEBUG] Filtered results: 0 remaining after exclusions.
2025-11-06 19:50:37 [DEBUG] Loaded 0 notifications for business 79581f88-5042-43d0-9594-ba81e70130b0
2025-11-06 19:50:37 [INFO] Dashboard info built successfully for user 81e78254-85dc-464c-8aa4-455f9d9d47eb
2025-11-06 19:53:48 [INFO] Dashboard info requested by user_id=81e78254-85dc-464c-8aa4-455f9d9d47eb
2025-11-06 19:53:48 [DEBUG] Incoming dashboard params: date_time=2025-11-06, client_id=, pet_id=
2025-11-06 19:53:49 [DEBUG] Business logo encoded successfully.
2025-11-06 19:53:49 [DEBUG] Excluded recurring IDs for date 2025-11-06: {'486b2003-fdad-4009-9800-cb19d7295067', 'a0664f90-3920-495e-bd70-89fa6b0b903e', '9fd5169c-df7f-4c45-a211-d2a8f9fc204a', '2cea8242-4dbe-423a-9470-f015dfc8bb9e', 'e70f92cd-4029-441f-82f3-037603527358', '834d6450-75ea-4d3f-8d56-86b08d39a3b9', '4e71592c-0d28-4fc0-91ab-058d7a105b91', '2cda888d-df9b-42bd-bef3-adaa776e5fc6', '22d042a0-ac60-42df-ada8-f8ac5fffd246', 'd728b49a-ad6d-4b07-bb7b-f095a3b6abe4', '83f4ae67-04d3-459e-b6f6-3ee7c8c954a3', '0510befe-e14f-4513-80cc-1b991d69c27d', 'b63bc563-f097-496c-9eba-709f7bb84766', '30f14564-3f37-4bd9-b0bb-19cfe5b9a223', '49a2592e-ecd7-46da-9c03-866b96530b67', '1e33f7e8-00b4-4d9a-a70a-158f7e2ce5ee'}
2025-11-06 19:53:49 [DEBUG] Executing dashboard base query with params: {'date_only': datetime.date(2025, 11, 6), 'date_only_ts': datetime.datetime(2025, 11, 6, 0, 0), 'business_id': '79581f88-5042-43d0-9594-ba81e70130b0', 'client_id': '', 'pet_id': ''}
2025-11-06 19:53:49 [DEBUG] Dashboard query returned 0 rows before filtering.
2025-11-06 19:53:49 [DEBUG] Filtered results: 0 remaining after exclusions.
2025-11-06 19:53:49 [DEBUG] Loaded 0 notifications for business 79581f88-5042-43d0-9594-ba81e70130b0
2025-11-06 19:53:49 [INFO] Dashboard info built successfully for user 81e78254-85dc-464c-8aa4-455f9d9d47eb
2025-11-06 19:53:49 [INFO] Dashboard info requested by user_id=81e78254-85dc-464c-8aa4-455f9d9d47eb
2025-11-06 19:53:49 [DEBUG] Incoming dashboard params: date_time=2025-11-06, client_id=, pet_id=
2025-11-06 19:53:50 [DEBUG] Business logo encoded successfully.
2025-11-06 19:53:50 [DEBUG] Excluded recurring IDs for date 2025-11-06: {'486b2003-fdad-4009-9800-cb19d7295067', 'a0664f90-3920-495e-bd70-89fa6b0b903e', '9fd5169c-df7f-4c45-a211-d2a8f9fc204a', '2cea8242-4dbe-423a-9470-f015dfc8bb9e', 'e70f92cd-4029-441f-82f3-037603527358', '834d6450-75ea-4d3f-8d56-86b08d39a3b9', '4e71592c-0d28-4fc0-91ab-058d7a105b91', '2cda888d-df9b-42bd-bef3-adaa776e5fc6', '22d042a0-ac60-42df-ada8-f8ac5fffd246', 'd728b49a-ad6d-4b07-bb7b-f095a3b6abe4', '83f4ae67-04d3-459e-b6f6-3ee7c8c954a3', '0510befe-e14f-4513-80cc-1b991d69c27d', 'b63bc563-f097-496c-9eba-709f7bb84766', '30f14564-3f37-4bd9-b0bb-19cfe5b9a223', '49a2592e-ecd7-46da-9c03-866b96530b67', '1e33f7e8-00b4-4d9a-a70a-158f7e2ce5ee'}
2025-11-06 19:53:50 [DEBUG] Executing dashboard base query with params: {'date_only': datetime.date(2025, 11, 6), 'date_only_ts': datetime.datetime(2025, 11, 6, 0, 0), 'business_id': '79581f88-5042-43d0-9594-ba81e70130b0', 'client_id': '', 'pet_id': ''}
2025-11-06 19:53:50 [DEBUG] Dashboard query returned 0 rows before filtering.
2025-11-06 19:53:50 [DEBUG] Filtered results: 0 remaining after exclusions.
2025-11-06 19:53:50 [DEBUG] Loaded 0 notifications for business 79581f88-5042-43d0-9594-ba81e70130b0
2025-11-06 19:53:50 [INFO] Dashboard info built successfully for user 81e78254-85dc-464c-8aa4-455f9d9d47eb
2025-11-06 19:53:52 [INFO] Dashboard info requested by user_id=81e78254-85dc-464c-8aa4-455f9d9d47eb
2025-11-06 19:53:52 [DEBUG] Incoming dashboard params: date_time=2025-11-03, client_id=, pet_id=
2025-11-06 19:53:54 [DEBUG] Business logo encoded successfully.
2025-11-06 19:53:54 [DEBUG] Excluded recurring IDs for date 2025-11-03: {'6cc41668-59df-4d79-9e5a-b0cec2d44f40', '2cea8242-4dbe-423a-9470-f015dfc8bb9e', 'da2c1e0e-3908-4597-b8a2-b62883172b44', 'c08d0ce0-472c-46d6-9560-cc4ad37b0cec', 'ad878b08-2eff-41ee-858b-b28f1173850f', '38d8e890-b5b1-4f03-8e59-edbcc41c46cf', '22d042a0-ac60-42df-ada8-f8ac5fffd246', '834d6450-75ea-4d3f-8d56-86b08d39a3b9', 'd728b49a-ad6d-4b07-bb7b-f095a3b6abe4', '76966fa2-b01b-429f-9272-640860f37986', '278edfd1-1609-4c52-9cc4-2c6902a9062c', 'd660ddca-4a97-4d23-8cf7-be737fc83ddd', 'ae7b018e-c334-4991-a3cf-b95b248be3f7', '5a5a1b0d-d719-4909-9c32-44d66dbd3b01', '49a2592e-ecd7-46da-9c03-866b96530b67', 'd9108df2-84f3-4c79-af6a-982ac124f8dc'}
2025-11-06 19:53:54 [DEBUG] Executing dashboard base query with params: {'date_only': datetime.date(2025, 11, 3), 'date_only_ts': datetime.datetime(2025, 11, 3, 0, 0), 'business_id': '79581f88-5042-43d0-9594-ba81e70130b0', 'client_id': '', 'pet_id': ''}
2025-11-06 19:53:54 [DEBUG] Dashboard query returned 3 rows before filtering.
2025-11-06 19:53:54 [DEBUG] Filtered results: 3 remaining after exclusions.
2025-11-06 19:53:54 [DEBUG] Loaded 0 notifications for business 79581f88-5042-43d0-9594-ba81e70130b0
2025-11-06 19:53:54 [INFO] Dashboard info built successfully for user 81e78254-85dc-464c-8aa4-455f9d9d47eb
2025-11-06 19:53:55 [INFO] Dashboard info requested by user_id=81e78254-85dc-464c-8aa4-455f9d9d47eb
2025-11-06 19:53:55 [DEBUG] Incoming dashboard params: date_time=2025-11-03, client_id=, pet_id=
2025-11-06 19:53:56 [DEBUG] Business logo encoded successfully.
2025-11-06 19:53:56 [DEBUG] Excluded recurring IDs for date 2025-11-03: {'6cc41668-59df-4d79-9e5a-b0cec2d44f40', '2cea8242-4dbe-423a-9470-f015dfc8bb9e', 'da2c1e0e-3908-4597-b8a2-b62883172b44', 'c08d0ce0-472c-46d6-9560-cc4ad37b0cec', 'ad878b08-2eff-41ee-858b-b28f1173850f', '38d8e890-b5b1-4f03-8e59-edbcc41c46cf', '22d042a0-ac60-42df-ada8-f8ac5fffd246', '834d6450-75ea-4d3f-8d56-86b08d39a3b9', 'd728b49a-ad6d-4b07-bb7b-f095a3b6abe4', '76966fa2-b01b-429f-9272-640860f37986', '278edfd1-1609-4c52-9cc4-2c6902a9062c', 'd660ddca-4a97-4d23-8cf7-be737fc83ddd', 'ae7b018e-c334-4991-a3cf-b95b248be3f7', '5a5a1b0d-d719-4909-9c32-44d66dbd3b01', '49a2592e-ecd7-46da-9c03-866b96530b67', 'd9108df2-84f3-4c79-af6a-982ac124f8dc'}
2025-11-06 19:53:56 [DEBUG] Executing dashboard base query with params: {'date_only': datetime.date(2025, 11, 3), 'date_only_ts': datetime.datetime(2025, 11, 3, 0, 0), 'business_id': '79581f88-5042-43d0-9594-ba81e70130b0', 'client_id': '', 'pet_id': ''}
2025-11-06 19:53:56 [DEBUG] Dashboard query returned 3 rows before filtering.
2025-11-06 19:53:56 [DEBUG] Filtered results: 3 remaining after exclusions.
2025-11-06 19:53:56 [DEBUG] Loaded 0 notifications for business 79581f88-5042-43d0-9594-ba81e70130b0
2025-11-06 19:53:56 [INFO] Dashboard info built successfully for user 81e78254-85dc-464c-8aa4-455f9d9d47eb
2025-11-06 19:55:22 [INFO] Dashboard info requested by user_id=81e78254-85dc-464c-8aa4-455f9d9d47eb
2025-11-06 19:55:22 [DEBUG] Incoming dashboard params: date_time=2025-11-03, client_id=, pet_id=
2025-11-06 19:55:23 [DEBUG] Business logo encoded successfully.
2025-11-06 19:55:23 [DEBUG] Excluded recurring IDs for date 2025-11-03: {'6cc41668-59df-4d79-9e5a-b0cec2d44f40', '2cea8242-4dbe-423a-9470-f015dfc8bb9e', 'da2c1e0e-3908-4597-b8a2-b62883172b44', 'c08d0ce0-472c-46d6-9560-cc4ad37b0cec', 'ad878b08-2eff-41ee-858b-b28f1173850f', '38d8e890-b5b1-4f03-8e59-edbcc41c46cf', '22d042a0-ac60-42df-ada8-f8ac5fffd246', '834d6450-75ea-4d3f-8d56-86b08d39a3b9', 'd728b49a-ad6d-4b07-bb7b-f095a3b6abe4', '76966fa2-b01b-429f-9272-640860f37986', '278edfd1-1609-4c52-9cc4-2c6902a9062c', 'd660ddca-4a97-4d23-8cf7-be737fc83ddd', 'ae7b018e-c334-4991-a3cf-b95b248be3f7', '5a5a1b0d-d719-4909-9c32-44d66dbd3b01', '49a2592e-ecd7-46da-9c03-866b96530b67', 'd9108df2-84f3-4c79-af6a-982ac124f8dc'}
2025-11-06 19:55:23 [DEBUG] Executing dashboard base query with params: {'date_only': datetime.date(2025, 11, 3), 'date_only_ts': datetime.datetime(2025, 11, 3, 0, 0), 'business_id': '79581f88-5042-43d0-9594-ba81e70130b0', 'client_id': '', 'pet_id': ''}
2025-11-06 19:55:23 [DEBUG] Dashboard query returned 2 rows before filtering.
2025-11-06 19:55:23 [DEBUG] Filtered results: 2 remaining after exclusions.
2025-11-06 19:55:23 [DEBUG] Loaded 0 notifications for business 79581f88-5042-43d0-9594-ba81e70130b0
2025-11-06 19:55:23 [INFO] Dashboard info built successfully for user 81e78254-85dc-464c-8aa4-455f9d9d47eb
2025-11-17 13:33:37 [INFO] Dashboard info requested by user_id=81e78254-85dc-464c-8aa4-455f9d9d47eb
2025-11-17 13:33:37 [DEBUG] Incoming dashboard params: date_time=2025-11-17, client_id=, pet_id=
2025-11-17 13:33:38 [INFO] Dashboard info built successfully for user 81e78254-85dc-464c-8aa4-455f9d9d47eb
2025-11-17 13:34:44 [INFO] Dashboard info requested by user_id=81e78254-85dc-464c-8aa4-455f9d9d47eb
2025-11-17 13:34:44 [DEBUG] Incoming dashboard params: date_time=2025-11-17, client_id=, pet_id=
2025-11-17 13:34:44 [INFO] Dashboard info built successfully for user 81e78254-85dc-464c-8aa4-455f9d9d47eb
2025-11-17 13:34:45 [INFO] Dashboard info requested by user_id=81e78254-85dc-464c-8aa4-455f9d9d47eb
2025-11-17 13:34:45 [DEBUG] Incoming dashboard params: date_time=2025-11-17, client_id=, pet_id=
2025-11-17 13:34:45 [INFO] Dashboard info built successfully for user 81e78254-85dc-464c-8aa4-455f9d9d47eb
2025-11-17 13:34:49 [INFO] Dashboard info requested by user_id=81e78254-85dc-464c-8aa4-455f9d9d47eb
2025-11-17 13:34:49 [DEBUG] Incoming dashboard params: date_time=2025-11-17, client_id=, pet_id=
2025-11-17 13:34:50 [INFO] Dashboard info built successfully for user 81e78254-85dc-464c-8aa4-455f9d9d47eb
2025-11-17 13:35:05 [INFO] Dashboard info requested by user_id=81e78254-85dc-464c-8aa4-455f9d9d47eb
2025-11-17 13:35:05 [DEBUG] Incoming dashboard params: date_time=2025-11-17, client_id=, pet_id=
2025-11-17 13:35:06 [INFO] Dashboard info built successfully for user 81e78254-85dc-464c-8aa4-455f9d9d47eb
2025-11-17 13:35:41 [INFO] Dashboard info requested by user_id=81e78254-85dc-464c-8aa4-455f9d9d47eb
2025-11-17 13:35:41 [DEBUG] Incoming dashboard params: date_time=2025-11-17, client_id=, pet_id=
2025-11-17 13:35:41 [INFO] Dashboard info built successfully for user 81e78254-85dc-464c-8aa4-455f9d9d47eb
2025-11-17 13:35:42 [INFO] Dashboard info requested by user_id=81e78254-85dc-464c-8aa4-455f9d9d47eb
2025-11-17 13:35:42 [DEBUG] Incoming dashboard params: date_time=2025-11-17, client_id=, pet_id=
2025-11-17 13:35:43 [INFO] Dashboard info built successfully for user 81e78254-85dc-464c-8aa4-455f9d9d47eb
2025-11-17 13:35:43 [INFO] Dashboard info requested by user_id=81e78254-85dc-464c-8aa4-455f9d9d47eb
2025-11-17 13:35:43 [DEBUG] Incoming dashboard params: date_time=2025-11-17, client_id=, pet_id=
2025-11-17 13:35:44 [INFO] Dashboard info built successfully for user 81e78254-85dc-464c-8aa4-455f9d9d47eb
2025-11-17 13:35:57 [INFO] Dashboard info requested by user_id=81e78254-85dc-464c-8aa4-455f9d9d47eb
2025-11-17 13:35:57 [DEBUG] Incoming dashboard params: date_time=2025-11-17, client_id=, pet_id=
2025-11-17 13:35:58 [INFO] Dashboard info built successfully for user 81e78254-85dc-464c-8aa4-455f9d9d47eb
2025-11-17 13:40:32 [INFO] Dashboard info requested by user_id=81e78254-85dc-464c-8aa4-455f9d9d47eb
2025-11-17 13:40:32 [DEBUG] Incoming dashboard params: date_time=2025-11-17, client_id=, pet_id=
2025-11-17 13:40:33 [INFO] Dashboard info built successfully for user 81e78254-85dc-464c-8aa4-455f9d9d47eb
2025-11-17 13:44:15 [INFO] Dashboard info requested by user_id=81e78254-85dc-464c-8aa4-455f9d9d47eb
2025-11-17 13:44:15 [DEBUG] Incoming dashboard params: date_time=2025-11-17, client_id=, pet_id=
2025-11-17 13:44:16 [INFO] Dashboard info built successfully for user 81e78254-85dc-464c-8aa4-455f9d9d47eb
2025-11-17 13:46:49 [INFO] Dashboard info requested by user_id=81e78254-85dc-464c-8aa4-455f9d9d47eb
2025-11-17 13:46:49 [DEBUG] Incoming dashboard params: date_time=2025-11-17, client_id=, pet_id=
2025-11-17 13:46:50 [INFO] Dashboard info built successfully for user 81e78254-85dc-464c-8aa4-455f9d9d47eb
2025-11-17 13:49:05 [INFO] Dashboard info requested by user_id=81e78254-85dc-464c-8aa4-455f9d9d47eb
2025-11-17 13:49:05 [DEBUG] Incoming dashboard params: date_time=2025-11-17, client_id=, pet_id=
2025-11-17 13:49:05 [INFO] Dashboard info built successfully for user 81e78254-85dc-464c-8aa4-455f9d9d47eb
2025-11-17 13:49:24 [INFO] Dashboard info requested by user_id=81e78254-85dc-464c-8aa4-455f9d9d47eb
2025-11-17 13:49:24 [DEBUG] Incoming dashboard params: date_time=2025-11-17, client_id=, pet_id=
2025-11-17 13:49:24 [INFO] Dashboard info built successfully for user 81e78254-85dc-464c-8aa4-455f9d9d47eb
2025-11-17 13:49:29 [INFO] Dashboard info requested by user_id=81e78254-85dc-464c-8aa4-455f9d9d47eb
2025-11-17 13:49:29 [DEBUG] Incoming dashboard params: date_time=2025-11-17, client_id=, pet_id=
2025-11-17 13:49:30 [INFO] Dashboard info built successfully for user 81e78254-85dc-464c-8aa4-455f9d9d47eb
2025-11-17 13:49:35 [INFO] Dashboard info requested by user_id=81e78254-85dc-464c-8aa4-455f9d9d47eb
2025-11-17 13:49:35 [DEBUG] Incoming dashboard params: date_time=2025-11-17, client_id=, pet_id=
2025-11-17 13:49:35 [INFO] Dashboard info built successfully for user 81e78254-85dc-464c-8aa4-455f9d9d47eb
2025-11-17 13:49:39 [INFO] Dashboard info requested by user_id=81e78254-85dc-464c-8aa4-455f9d9d47eb
2025-11-17 13:49:39 [DEBUG] Incoming dashboard params: date_time=2025-11-17, client_id=, pet_id=
2025-11-17 13:49:39 [INFO] Dashboard info built successfully for user 81e78254-85dc-464c-8aa4-455f9d9d47eb
2025-11-17 13:50:12 [INFO] Dashboard info requested by user_id=81e78254-85dc-464c-8aa4-455f9d9d47eb
2025-11-17 13:50:12 [DEBUG] Incoming dashboard params: date_time=2025-11-17, client_id=, pet_id=
2025-11-17 13:50:13 [INFO] Dashboard info built successfully for user 81e78254-85dc-464c-8aa4-455f9d9d47eb
2025-11-17 13:50:28 [INFO] Dashboard info requested by user_id=81e78254-85dc-464c-8aa4-455f9d9d47eb
2025-11-17 13:50:28 [DEBUG] Incoming dashboard params: date_time=2025-11-17, client_id=, pet_id=
2025-11-17 13:50:28 [INFO] Dashboard info built successfully for user 81e78254-85dc-464c-8aa4-455f9d9d47eb
2025-11-17 13:50:29 [INFO] Dashboard info requested by user_id=81e78254-85dc-464c-8aa4-455f9d9d47eb
2025-11-17 13:50:29 [DEBUG] Incoming dashboard params: date_time=2025-11-17, client_id=, pet_id=
2025-11-17 13:50:30 [INFO] Dashboard info built successfully for user 81e78254-85dc-464c-8aa4-455f9d9d47eb
2025-11-17 13:50:36 [INFO] Dashboard info requested by user_id=81e78254-85dc-464c-8aa4-455f9d9d47eb
2025-11-17 13:50:36 [DEBUG] Incoming dashboard params: date_time=2025-11-17, client_id=, pet_id=
2025-11-17 13:50:37 [INFO] Dashboard info built successfully for user 81e78254-85dc-464c-8aa4-455f9d9d47eb
2025-11-17 13:50:51 [INFO] Dashboard info requested by user_id=81e78254-85dc-464c-8aa4-455f9d9d47eb
2025-11-17 13:50:51 [DEBUG] Incoming dashboard params: date_time=2025-11-17, client_id=, pet_id=
2025-11-17 13:50:52 [INFO] Dashboard info built successfully for user 81e78254-85dc-464c-8aa4-455f9d9d47eb
2025-11-17 13:50:58 [INFO] Dashboard info requested by user_id=81e78254-85dc-464c-8aa4-455f9d9d47eb
2025-11-17 13:50:58 [DEBUG] Incoming dashboard params: date_time=2025-11-17, client_id=, pet_id=
2025-11-17 13:50:59 [INFO] Dashboard info built successfully for user 81e78254-85dc-464c-8aa4-455f9d9d47eb
2025-11-17 13:52:09 [INFO] Dashboard info requested by user_id=81e78254-85dc-464c-8aa4-455f9d9d47eb
2025-11-17 13:52:09 [DEBUG] Incoming dashboard params: date_time=2025-11-17, client_id=, pet_id=
2025-11-17 13:52:09 [INFO] Dashboard info built successfully for user 81e78254-85dc-464c-8aa4-455f9d9d47eb
2025-11-17 13:53:14 [INFO] Dashboard info requested by user_id=81e78254-85dc-464c-8aa4-455f9d9d47eb
2025-11-17 13:53:14 [DEBUG] Incoming dashboard params: date_time=2025-11-17, client_id=, pet_id=
2025-11-17 13:53:14 [INFO] Dashboard info built successfully for user 81e78254-85dc-464c-8aa4-455f9d9d47eb
2025-11-17 13:54:20 [INFO] Dashboard info requested by user_id=81e78254-85dc-464c-8aa4-455f9d9d47eb
2025-11-17 13:54:20 [DEBUG] Incoming dashboard params: date_time=2025-11-17, client_id=, pet_id=
2025-11-17 13:54:21 [INFO] Dashboard info built successfully for user 81e78254-85dc-464c-8aa4-455f9d9d47eb
2025-11-17 13:54:45 [INFO] Dashboard info requested by user_id=81e78254-85dc-464c-8aa4-455f9d9d47eb
2025-11-17 13:54:45 [DEBUG] Incoming dashboard params: date_time=2025-11-17, client_id=, pet_id=
2025-11-17 13:54:46 [INFO] Dashboard info built successfully for user 81e78254-85dc-464c-8aa4-455f9d9d47eb
2025-11-18 10:19:23 [INFO] Dashboard info requested by user_id=81e78254-85dc-464c-8aa4-455f9d9d47eb
2025-11-18 10:19:23 [DEBUG] Incoming dashboard params: date_time=2025-11-18, client_id=, pet_id=
2025-11-18 10:19:24 [INFO] Dashboard info built successfully for user 81e78254-85dc-464c-8aa4-455f9d9d47eb
2025-11-18 10:19:55 [INFO] Dashboard info requested by user_id=81e78254-85dc-464c-8aa4-455f9d9d47eb
2025-11-18 10:19:55 [DEBUG] Incoming dashboard params: date_time=2025-11-18, client_id=, pet_id=
2025-11-18 10:19:56 [INFO] Dashboard info built successfully for user 81e78254-85dc-464c-8aa4-455f9d9d47eb
2025-11-18 10:25:16 [INFO] Dashboard info requested by user_id=81e78254-85dc-464c-8aa4-455f9d9d47eb
2025-11-18 10:25:16 [DEBUG] Incoming dashboard params: date_time=2025-11-18, client_id=, pet_id=
2025-11-18 10:25:17 [INFO] Dashboard info built successfully for user 81e78254-85dc-464c-8aa4-455f9d9d47eb
2025-11-18 10:25:36 [INFO] Dashboard info requested by user_id=81e78254-85dc-464c-8aa4-455f9d9d47eb
2025-11-18 10:25:36 [DEBUG] Incoming dashboard params: date_time=2025-11-18, client_id=, pet_id=
2025-11-18 10:25:37 [INFO] Dashboard info built successfully for user 81e78254-85dc-464c-8aa4-455f9d9d47eb
2025-11-18 10:26:09 [INFO] Dashboard info requested by user_id=81e78254-85dc-464c-8aa4-455f9d9d47eb
2025-11-18 10:26:09 [DEBUG] Incoming dashboard params: date_time=2025-11-18, client_id=, pet_id=
2025-11-18 10:26:09 [INFO] Dashboard info built successfully for user 81e78254-85dc-464c-8aa4-455f9d9d47eb
2025-11-18 10:26:13 [INFO] Dashboard info requested by user_id=81e78254-85dc-464c-8aa4-455f9d9d47eb
2025-11-18 10:26:13 [DEBUG] Incoming dashboard params: date_time=2025-11-18, client_id=, pet_id=
2025-11-18 10:26:13 [INFO] Dashboard info built successfully for user 81e78254-85dc-464c-8aa4-455f9d9d47eb
2025-11-18 10:36:55 [INFO] Dashboard info requested by user_id=81e78254-85dc-464c-8aa4-455f9d9d47eb
2025-11-18 10:36:55 [DEBUG] Incoming dashboard params: date_time=2025-11-18, client_id=, pet_id=
2025-11-18 10:36:56 [INFO] Dashboard info built successfully for user 81e78254-85dc-464c-8aa4-455f9d9d47eb
2025-11-18 10:36:57 [INFO] Dashboard info requested by user_id=81e78254-85dc-464c-8aa4-455f9d9d47eb
2025-11-18 10:36:57 [DEBUG] Incoming dashboard params: date_time=2025-11-18, client_id=, pet_id=
2025-11-18 10:36:57 [INFO] Dashboard info built successfully for user 81e78254-85dc-464c-8aa4-455f9d9d47eb
2025-11-18 10:36:59 [INFO] Dashboard info requested by user_id=81e78254-85dc-464c-8aa4-455f9d9d47eb
2025-11-18 10:36:59 [DEBUG] Incoming dashboard params: date_time=2025-11-18, client_id=, pet_id=
2025-11-18 10:36:59 [INFO] Dashboard info built successfully for user 81e78254-85dc-464c-8aa4-455f9d9d47eb
2025-11-18 10:37:01 [INFO] Dashboard info requested by user_id=81e78254-85dc-464c-8aa4-455f9d9d47eb
2025-11-18 10:37:01 [DEBUG] Incoming dashboard params: date_time=2025-11-18, client_id=, pet_id=
2025-11-18 10:37:01 [INFO] Dashboard info built successfully for user 81e78254-85dc-464c-8aa4-455f9d9d47eb
2025-11-18 10:46:39 [INFO] Dashboard info requested by user_id=81e78254-85dc-464c-8aa4-455f9d9d47eb
2025-11-18 10:46:39 [DEBUG] Incoming dashboard params: date_time=2025-11-18, client_id=, pet_id=
2025-11-18 10:46:39 [INFO] Dashboard info built successfully for user 81e78254-85dc-464c-8aa4-455f9d9d47eb
2025-11-18 10:46:41 [INFO] Dashboard info requested by user_id=81e78254-85dc-464c-8aa4-455f9d9d47eb
2025-11-18 10:46:41 [DEBUG] Incoming dashboard params: date_time=2025-11-18, client_id=, pet_id=
2025-11-18 10:46:42 [INFO] Dashboard info built successfully for user 81e78254-85dc-464c-8aa4-455f9d9d47eb
2025-11-18 10:47:01 [INFO] Dashboard info requested by user_id=81e78254-85dc-464c-8aa4-455f9d9d47eb
2025-11-18 10:47:01 [DEBUG] Incoming dashboard params: date_time=2025-11-18, client_id=, pet_id=
2025-11-18 10:47:02 [INFO] Dashboard info built successfully for user 81e78254-85dc-464c-8aa4-455f9d9d47eb
2025-11-18 10:48:32 [INFO] Dashboard info requested by user_id=81e78254-85dc-464c-8aa4-455f9d9d47eb
2025-11-18 10:48:32 [DEBUG] Incoming dashboard params: date_time=2025-11-18, client_id=, pet_id=
2025-11-18 10:48:32 [INFO] Dashboard info built successfully for user 81e78254-85dc-464c-8aa4-455f9d9d47eb
2025-11-18 10:49:04 [INFO] Dashboard info requested by user_id=81e78254-85dc-464c-8aa4-455f9d9d47eb
2025-11-18 10:49:04 [DEBUG] Incoming dashboard params: date_time=2025-11-18, client_id=, pet_id=
2025-11-18 10:49:05 [INFO] Dashboard info built successfully for user 81e78254-85dc-464c-8aa4-455f9d9d47eb
2025-11-18 10:49:13 [INFO] Dashboard info requested by user_id=81e78254-85dc-464c-8aa4-455f9d9d47eb
2025-11-18 10:49:13 [DEBUG] Incoming dashboard params: date_time=2025-11-18, client_id=, pet_id=
2025-11-18 10:49:13 [INFO] Dashboard info built successfully for user 81e78254-85dc-464c-8aa4-455f9d9d47eb
2025-11-18 10:49:17 [INFO] Dashboard info requested by user_id=81e78254-85dc-464c-8aa4-455f9d9d47eb
2025-11-18 10:49:17 [DEBUG] Incoming dashboard params: date_time=2025-11-18, client_id=, pet_id=
2025-11-18 10:49:18 [INFO] Dashboard info built successfully for user 81e78254-85dc-464c-8aa4-455f9d9d47eb
2025-11-18 10:49:28 [INFO] Dashboard info requested by user_id=81e78254-85dc-464c-8aa4-455f9d9d47eb
2025-11-18 10:49:28 [DEBUG] Incoming dashboard params: date_time=2025-11-18, client_id=, pet_id=
2025-11-18 10:49:28 [INFO] Dashboard info built successfully for user 81e78254-85dc-464c-8aa4-455f9d9d47eb
2025-11-18 10:49:33 [INFO] Dashboard info requested by user_id=81e78254-85dc-464c-8aa4-455f9d9d47eb
2025-11-18 10:49:33 [DEBUG] Incoming dashboard params: date_time=2025-11-18, client_id=, pet_id=
2025-11-18 10:49:33 [INFO] Dashboard info built successfully for user 81e78254-85dc-464c-8aa4-455f9d9d47eb
2025-11-18 10:51:44 [INFO] Dashboard info requested by user_id=81e78254-85dc-464c-8aa4-455f9d9d47eb
2025-11-18 10:51:44 [DEBUG] Incoming dashboard params: date_time=2025-11-18, client_id=, pet_id=
2025-11-18 10:51:44 [INFO] Dashboard info built successfully for user 81e78254-85dc-464c-8aa4-455f9d9d47eb
2025-11-18 10:52:08 [INFO] Dashboard info requested by user_id=81e78254-85dc-464c-8aa4-455f9d9d47eb
2025-11-18 10:52:08 [DEBUG] Incoming dashboard params: date_time=2025-11-18, client_id=, pet_id=
2025-11-18 10:52:08 [INFO] Dashboard info built successfully for user 81e78254-85dc-464c-8aa4-455f9d9d47eb
2025-11-18 10:52:11 [INFO] Dashboard info requested by user_id=81e78254-85dc-464c-8aa4-455f9d9d47eb
2025-11-18 10:52:11 [DEBUG] Incoming dashboard params: date_time=2025-11-18, client_id=, pet_id=
2025-11-18 10:52:12 [INFO] Dashboard info built successfully for user 81e78254-85dc-464c-8aa4-455f9d9d47eb
2025-11-18 10:52:48 [INFO] Dashboard info requested by user_id=81e78254-85dc-464c-8aa4-455f9d9d47eb
2025-11-18 10:52:48 [DEBUG] Incoming dashboard params: date_time=2025-11-18, client_id=, pet_id=
2025-11-18 10:52:49 [INFO] Dashboard info built successfully for user 81e78254-85dc-464c-8aa4-455f9d9d47eb
2025-11-18 10:53:21 [INFO] Dashboard info requested by user_id=81e78254-85dc-464c-8aa4-455f9d9d47eb
2025-11-18 10:53:21 [DEBUG] Incoming dashboard params: date_time=2025-11-18, client_id=, pet_id=
2025-11-18 10:53:22 [INFO] Dashboard info built successfully for user 81e78254-85dc-464c-8aa4-455f9d9d47eb
2025-11-18 10:54:14 [INFO] Dashboard info requested by user_id=81e78254-85dc-464c-8aa4-455f9d9d47eb
2025-11-18 10:54:14 [DEBUG] Incoming dashboard params: date_time=2025-11-18, client_id=, pet_id=
2025-11-18 10:54:15 [INFO] Dashboard info built successfully for user 81e78254-85dc-464c-8aa4-455f9d9d47eb
2025-11-18 10:56:45 [INFO] Dashboard info requested by user_id=81e78254-85dc-464c-8aa4-455f9d9d47eb
2025-11-18 10:56:45 [DEBUG] Incoming dashboard params: date_time=2025-11-18, client_id=, pet_id=
2025-11-18 10:56:46 [INFO] Dashboard info built successfully for user 81e78254-85dc-464c-8aa4-455f9d9d47eb
2025-11-18 10:57:06 [INFO] Dashboard info requested by user_id=81e78254-85dc-464c-8aa4-455f9d9d47eb
2025-11-18 10:57:06 [DEBUG] Incoming dashboard params: date_time=2025-11-18, client_id=, pet_id=
2025-11-18 10:57:07 [INFO] Dashboard info built successfully for user 81e78254-85dc-464c-8aa4-455f9d9d47eb
2025-11-18 10:57:08 [INFO] Dashboard info requested by user_id=81e78254-85dc-464c-8aa4-455f9d9d47eb
2025-11-18 10:57:08 [DEBUG] Incoming dashboard params: date_time=2025-11-18, client_id=, pet_id=
2025-11-18 10:57:09 [INFO] Dashboard info built successfully for user 81e78254-85dc-464c-8aa4-455f9d9d47eb
2025-11-18 10:57:11 [INFO] Dashboard info requested by user_id=81e78254-85dc-464c-8aa4-455f9d9d47eb
2025-11-18 10:57:11 [DEBUG] Incoming dashboard params: date_time=2025-11-18, client_id=, pet_id=
2025-11-18 10:57:11 [INFO] Dashboard info built successfully for user 81e78254-85dc-464c-8aa4-455f9d9d47eb
2025-11-18 11:00:12 [INFO] Dashboard info requested by user_id=81e78254-85dc-464c-8aa4-455f9d9d47eb
2025-11-18 11:00:12 [DEBUG] Incoming dashboard params: date_time=2025-11-18, client_id=, pet_id=
2025-11-18 11:00:12 [INFO] Dashboard info built successfully for user 81e78254-85dc-464c-8aa4-455f9d9d47eb
2025-11-18 11:15:39 [INFO] Dashboard info requested by user_id=81e78254-85dc-464c-8aa4-455f9d9d47eb
2025-11-18 11:15:39 [DEBUG] Incoming dashboard params: date_time=2025-11-18, client_id=, pet_id=
2025-11-18 11:15:40 [INFO] Dashboard info built successfully for user 81e78254-85dc-464c-8aa4-455f9d9d47eb
2025-11-18 11:15:40 [INFO] Dashboard info requested by user_id=81e78254-85dc-464c-8aa4-455f9d9d47eb
2025-11-18 11:15:40 [DEBUG] Incoming dashboard params: date_time=2025-11-18, client_id=, pet_id=
2025-11-18 11:15:41 [INFO] Dashboard info built successfully for user 81e78254-85dc-464c-8aa4-455f9d9d47eb
2025-11-18 11:15:42 [INFO] Dashboard info requested by user_id=81e78254-85dc-464c-8aa4-455f9d9d47eb
2025-11-18 11:15:42 [DEBUG] Incoming dashboard params: date_time=2025-11-19, client_id=, pet_id=
2025-11-18 11:15:43 [INFO] Dashboard info built successfully for user 81e78254-85dc-464c-8aa4-455f9d9d47eb
2025-11-18 11:15:43 [INFO] Dashboard info requested by user_id=81e78254-85dc-464c-8aa4-455f9d9d47eb
2025-11-18 11:15:43 [DEBUG] Incoming dashboard params: date_time=2025-11-19, client_id=, pet_id=
2025-11-18 11:15:43 [INFO] Dashboard info built successfully for user 81e78254-85dc-464c-8aa4-455f9d9d47eb
2025-11-18 11:15:44 [INFO] Dashboard info requested by user_id=81e78254-85dc-464c-8aa4-455f9d9d47eb
2025-11-18 11:15:44 [DEBUG] Incoming dashboard params: date_time=2025-11-19, client_id=, pet_id=
2025-11-18 11:15:45 [INFO] Dashboard info built successfully for user 81e78254-85dc-464c-8aa4-455f9d9d47eb
2025-11-18 11:15:45 [INFO] Dashboard info requested by user_id=81e78254-85dc-464c-8aa4-455f9d9d47eb
2025-11-18 11:15:45 [DEBUG] Incoming dashboard params: date_time=2025-11-19, client_id=, pet_id=
2025-11-18 11:15:46 [INFO] Dashboard info built successfully for user 81e78254-85dc-464c-8aa4-455f9d9d47eb
2025-11-18 11:15:52 [INFO] Dashboard info requested by user_id=81e78254-85dc-464c-8aa4-455f9d9d47eb
2025-11-18 11:15:52 [DEBUG] Incoming dashboard params: date_time=2025-11-20, client_id=, pet_id=
2025-11-18 11:15:53 [INFO] Dashboard info built successfully for user 81e78254-85dc-464c-8aa4-455f9d9d47eb
2025-11-18 11:15:53 [INFO] Dashboard info requested by user_id=81e78254-85dc-464c-8aa4-455f9d9d47eb
2025-11-18 11:15:53 [DEBUG] Incoming dashboard params: date_time=2025-11-20, client_id=, pet_id=
2025-11-18 11:15:54 [INFO] Dashboard info built successfully for user 81e78254-85dc-464c-8aa4-455f9d9d47eb
2025-11-18 11:15:54 [INFO] Dashboard info requested by user_id=81e78254-85dc-464c-8aa4-455f9d9d47eb
2025-11-18 11:15:54 [DEBUG] Incoming dashboard params: date_time=2025-11-19, client_id=, pet_id=
2025-11-18 11:15:54 [INFO] Dashboard info built successfully for user 81e78254-85dc-464c-8aa4-455f9d9d47eb
2025-11-18 11:15:55 [INFO] Dashboard info requested by user_id=81e78254-85dc-464c-8aa4-455f9d9d47eb
2025-11-18 11:15:55 [DEBUG] Incoming dashboard params: date_time=2025-11-19, client_id=, pet_id=
2025-11-18 11:15:56 [INFO] Dashboard info built successfully for user 81e78254-85dc-464c-8aa4-455f9d9d47eb
2025-11-18 11:16:17 [INFO] Dashboard info requested by user_id=81e78254-85dc-464c-8aa4-455f9d9d47eb
2025-11-18 11:16:17 [DEBUG] Incoming dashboard params: date_time=2025-11-18, client_id=, pet_id=
2025-11-18 11:16:17 [INFO] Dashboard info built successfully for user 81e78254-85dc-464c-8aa4-455f9d9d47eb
2025-11-18 11:17:29 [INFO] Dashboard info requested by user_id=81e78254-85dc-464c-8aa4-455f9d9d47eb
2025-11-18 11:17:29 [DEBUG] Incoming dashboard params: date_time=2025-11-18, client_id=, pet_id=
2025-11-18 11:17:29 [INFO] Dashboard info built successfully for user 81e78254-85dc-464c-8aa4-455f9d9d47eb
2025-11-18 11:19:35 [INFO] Dashboard info requested by user_id=81e78254-85dc-464c-8aa4-455f9d9d47eb
2025-11-18 11:19:35 [DEBUG] Incoming dashboard params: date_time=2025-11-18, client_id=, pet_id=
2025-11-18 11:19:36 [INFO] Dashboard info built successfully for user 81e78254-85dc-464c-8aa4-455f9d9d47eb
2025-11-18 11:19:54 [INFO] Dashboard info requested by user_id=81e78254-85dc-464c-8aa4-455f9d9d47eb
2025-11-18 11:19:54 [DEBUG] Incoming dashboard params: date_time=2025-11-18, client_id=, pet_id=
2025-11-18 11:19:54 [INFO] Dashboard info built successfully for user 81e78254-85dc-464c-8aa4-455f9d9d47eb
2025-11-18 11:20:01 [INFO] Dashboard info requested by user_id=81e78254-85dc-464c-8aa4-455f9d9d47eb
2025-11-18 11:20:01 [DEBUG] Incoming dashboard params: date_time=2025-11-18, client_id=, pet_id=
2025-11-18 11:20:01 [INFO] Dashboard info built successfully for user 81e78254-85dc-464c-8aa4-455f9d9d47eb
2025-11-18 11:20:34 [INFO] Dashboard info requested by user_id=81e78254-85dc-464c-8aa4-455f9d9d47eb
2025-11-18 11:20:34 [DEBUG] Incoming dashboard params: date_time=2025-11-18, client_id=, pet_id=
2025-11-18 11:20:35 [INFO] Dashboard info built successfully for user 81e78254-85dc-464c-8aa4-455f9d9d47eb
2025-11-18 11:20:38 [INFO] Dashboard info requested by user_id=81e78254-85dc-464c-8aa4-455f9d9d47eb
2025-11-18 11:20:38 [DEBUG] Incoming dashboard params: date_time=2025-11-18, client_id=, pet_id=
2025-11-18 11:20:39 [INFO] Dashboard info built successfully for user 81e78254-85dc-464c-8aa4-455f9d9d47eb
2025-11-18 11:29:21 [INFO] Dashboard info requested by user_id=81e78254-85dc-464c-8aa4-455f9d9d47eb
2025-11-18 11:29:21 [DEBUG] Incoming dashboard params: date_time=2025-11-19, client_id=, pet_id=
2025-11-18 11:29:22 [INFO] Dashboard info built successfully for user 81e78254-85dc-464c-8aa4-455f9d9d47eb
2025-11-18 11:29:26 [INFO] Dashboard info requested by user_id=81e78254-85dc-464c-8aa4-455f9d9d47eb
2025-11-18 11:29:26 [DEBUG] Incoming dashboard params: date_time=2025-11-18, client_id=, pet_id=
2025-11-18 11:29:27 [INFO] Dashboard info built successfully for user 81e78254-85dc-464c-8aa4-455f9d9d47eb
2025-11-18 11:30:55 [INFO] Dashboard info requested by user_id=81e78254-85dc-464c-8aa4-455f9d9d47eb
2025-11-18 11:30:55 [DEBUG] Incoming dashboard params: date_time=2025-11-18, client_id=, pet_id=
2025-11-18 11:30:56 [INFO] Dashboard info built successfully for user 81e78254-85dc-464c-8aa4-455f9d9d47eb
2025-11-18 11:31:12 [INFO] Dashboard info requested by user_id=81e78254-85dc-464c-8aa4-455f9d9d47eb
2025-11-18 11:31:12 [DEBUG] Incoming dashboard params: date_time=2025-11-18, client_id=, pet_id=
2025-11-18 11:31:13 [INFO] Dashboard info built successfully for user 81e78254-85dc-464c-8aa4-455f9d9d47eb
2025-11-18 11:50:10 [INFO] Dashboard info requested by user_id=81e78254-85dc-464c-8aa4-455f9d9d47eb
2025-11-18 11:50:10 [DEBUG] Incoming dashboard params: date_time=2025-11-18, client_id=, pet_id=
2025-11-18 11:50:11 [INFO] Dashboard info built successfully for user 81e78254-85dc-464c-8aa4-455f9d9d47eb
2025-11-18 12:58:50 [INFO] Dashboard info requested by user_id=81e78254-85dc-464c-8aa4-455f9d9d47eb
2025-11-18 12:58:50 [DEBUG] Incoming dashboard params: date_time=2025-11-18, client_id=, pet_id=
2025-11-18 12:58:51 [INFO] Dashboard info built successfully for user 81e78254-85dc-464c-8aa4-455f9d9d47eb
2025-11-18 12:59:05 [INFO] Dashboard info requested by user_id=81e78254-85dc-464c-8aa4-455f9d9d47eb
2025-11-18 12:59:05 [DEBUG] Incoming dashboard params: date_time=2025-11-19, client_id=, pet_id=
2025-11-18 12:59:06 [INFO] Dashboard info built successfully for user 81e78254-85dc-464c-8aa4-455f9d9d47eb
2025-11-18 12:59:06 [INFO] Dashboard info requested by user_id=81e78254-85dc-464c-8aa4-455f9d9d47eb
2025-11-18 12:59:06 [DEBUG] Incoming dashboard params: date_time=2025-11-18, client_id=, pet_id=
2025-11-18 12:59:07 [INFO] Dashboard info built successfully for user 81e78254-85dc-464c-8aa4-455f9d9d47eb
2025-11-18 13:05:13 [INFO] Dashboard info requested by user_id=81e78254-85dc-464c-8aa4-455f9d9d47eb
2025-11-18 13:05:13 [DEBUG] Incoming dashboard params: date_time=2025-11-18, client_id=, pet_id=
2025-11-18 13:05:15 [INFO] Dashboard info built successfully for user 81e78254-85dc-464c-8aa4-455f9d9d47eb
2025-11-18 13:05:31 [INFO] Dashboard info requested by user_id=81e78254-85dc-464c-8aa4-455f9d9d47eb
2025-11-18 13:05:31 [DEBUG] Incoming dashboard params: date_time=2025-11-18, client_id=, pet_id=
2025-11-18 13:05:32 [INFO] Dashboard info built successfully for user 81e78254-85dc-464c-8aa4-455f9d9d47eb
2025-11-18 13:06:45 [INFO] Dashboard info requested by user_id=81e78254-85dc-464c-8aa4-455f9d9d47eb
2025-11-18 13:06:45 [DEBUG] Incoming dashboard params: date_time=2025-11-18, client_id=, pet_id=
2025-11-18 13:06:46 [INFO] Dashboard info built successfully for user 81e78254-85dc-464c-8aa4-455f9d9d47eb
2025-11-18 13:07:37 [INFO] Dashboard info requested by user_id=81e78254-85dc-464c-8aa4-455f9d9d47eb
2025-11-18 13:07:37 [DEBUG] Incoming dashboard params: date_time=2025-11-18, client_id=, pet_id=
2025-11-18 13:07:38 [INFO] Dashboard info built successfully for user 81e78254-85dc-464c-8aa4-455f9d9d47eb
2025-11-18 13:18:58 [INFO] Dashboard info requested by user_id=81e78254-85dc-464c-8aa4-455f9d9d47eb
2025-11-18 13:18:58 [DEBUG] Incoming dashboard params: date_time=2025-11-18, client_id=, pet_id=
2025-11-18 13:19:00 [INFO] Dashboard info built successfully for user 81e78254-85dc-464c-8aa4-455f9d9d47eb
2025-11-18 13:19:01 [INFO] Dashboard info requested by user_id=81e78254-85dc-464c-8aa4-455f9d9d47eb
2025-11-18 13:19:01 [DEBUG] Incoming dashboard params: date_time=2025-11-18, client_id=, pet_id=
2025-11-18 13:19:02 [INFO] Dashboard info built successfully for user 81e78254-85dc-464c-8aa4-455f9d9d47eb
2025-11-18 13:21:00 [INFO] Dashboard info requested by user_id=81e78254-85dc-464c-8aa4-455f9d9d47eb
2025-11-18 13:21:00 [DEBUG] Incoming dashboard params: date_time=2025-11-18, client_id=, pet_id=
2025-11-18 13:21:02 [INFO] Dashboard info built successfully for user 81e78254-85dc-464c-8aa4-455f9d9d47eb
2025-11-18 13:21:05 [INFO] Dashboard info requested by user_id=81e78254-85dc-464c-8aa4-455f9d9d47eb
2025-11-18 13:21:05 [DEBUG] Incoming dashboard params: date_time=2025-11-18, client_id=, pet_id=
2025-11-18 13:21:06 [INFO] Dashboard info built successfully for user 81e78254-85dc-464c-8aa4-455f9d9d47eb
2025-11-18 13:21:16 [INFO] Dashboard info requested by user_id=81e78254-85dc-464c-8aa4-455f9d9d47eb
2025-11-18 13:21:16 [DEBUG] Incoming dashboard params: date_time=2025-11-18, client_id=, pet_id=
2025-11-18 13:21:20 [INFO] Dashboard info built successfully for user 81e78254-85dc-464c-8aa4-455f9d9d47eb
2025-11-18 13:21:36 [INFO] Dashboard info requested by user_id=81e78254-85dc-464c-8aa4-455f9d9d47eb
2025-11-18 13:21:36 [DEBUG] Incoming dashboard params: date_time=2025-11-18, client_id=, pet_id=
2025-11-18 13:21:39 [INFO] Dashboard info built successfully for user 81e78254-85dc-464c-8aa4-455f9d9d47eb
2025-11-18 13:21:45 [INFO] Dashboard info requested by user_id=81e78254-85dc-464c-8aa4-455f9d9d47eb
2025-11-18 13:21:45 [DEBUG] Incoming dashboard params: date_time=2025-11-18, client_id=, pet_id=
2025-11-18 13:21:50 [INFO] Dashboard info built successfully for user 81e78254-85dc-464c-8aa4-455f9d9d47eb
2025-11-18 13:21:54 [INFO] Dashboard info requested by user_id=81e78254-85dc-464c-8aa4-455f9d9d47eb
2025-11-18 13:21:54 [DEBUG] Incoming dashboard params: date_time=2025-11-18, client_id=, pet_id=
2025-11-18 13:21:55 [INFO] Dashboard info built successfully for user 81e78254-85dc-464c-8aa4-455f9d9d47eb
2025-11-18 13:22:07 [INFO] Dashboard info requested by user_id=81e78254-85dc-464c-8aa4-455f9d9d47eb
2025-11-18 13:22:07 [DEBUG] Incoming dashboard params: date_time=2025-11-18, client_id=, pet_id=
2025-11-18 13:22:10 [INFO] Dashboard info built successfully for user 81e78254-85dc-464c-8aa4-455f9d9d47eb
2025-11-18 13:22:19 [INFO] Dashboard info requested by user_id=81e78254-85dc-464c-8aa4-455f9d9d47eb
2025-11-18 13:22:19 [DEBUG] Incoming dashboard params: date_time=2025-11-18, client_id=, pet_id=
2025-11-18 13:22:24 [INFO] Dashboard info built successfully for user 81e78254-85dc-464c-8aa4-455f9d9d47eb
2025-11-18 13:23:24 [INFO] Dashboard info requested by user_id=81e78254-85dc-464c-8aa4-455f9d9d47eb
2025-11-18 13:23:24 [DEBUG] Incoming dashboard params: date_time=2025-11-18, client_id=, pet_id=
2025-11-18 13:23:26 [INFO] Dashboard info built successfully for user 81e78254-85dc-464c-8aa4-455f9d9d47eb
2025-11-18 13:23:34 [INFO] Dashboard info requested by user_id=81e78254-85dc-464c-8aa4-455f9d9d47eb
2025-11-18 13:23:34 [DEBUG] Incoming dashboard params: date_time=2025-11-18, client_id=, pet_id=
2025-11-18 13:23:37 [INFO] Dashboard info built successfully for user 81e78254-85dc-464c-8aa4-455f9d9d47eb
2025-11-18 13:23:48 [INFO] Dashboard info requested by user_id=81e78254-85dc-464c-8aa4-455f9d9d47eb
2025-11-18 13:23:48 [DEBUG] Incoming dashboard params: date_time=2025-11-18, client_id=, pet_id=
2025-11-18 13:23:51 [INFO] Dashboard info built successfully for user 81e78254-85dc-464c-8aa4-455f9d9d47eb
2025-11-18 13:35:57 [INFO] Dashboard info requested by user_id=81e78254-85dc-464c-8aa4-455f9d9d47eb
2025-11-18 13:35:57 [DEBUG] Incoming dashboard params: date_time=2025-11-18, client_id=, pet_id=
2025-11-18 13:35:58 [INFO] Dashboard info built successfully for user 81e78254-85dc-464c-8aa4-455f9d9d47eb
2025-11-18 13:36:00 [INFO] Dashboard info requested by user_id=81e78254-85dc-464c-8aa4-455f9d9d47eb
2025-11-18 13:36:00 [DEBUG] Incoming dashboard params: date_time=2025-11-18, client_id=, pet_id=
2025-11-18 13:36:01 [INFO] Dashboard info built successfully for user 81e78254-85dc-464c-8aa4-455f9d9d47eb
2025-11-18 13:36:02 [INFO] Dashboard info requested by user_id=81e78254-85dc-464c-8aa4-455f9d9d47eb
2025-11-18 13:36:02 [DEBUG] Incoming dashboard params: date_time=2025-11-19, client_id=, pet_id=
2025-11-18 13:36:03 [INFO] Dashboard info built successfully for user 81e78254-85dc-464c-8aa4-455f9d9d47eb
2025-11-18 13:36:03 [INFO] Dashboard info requested by user_id=81e78254-85dc-464c-8aa4-455f9d9d47eb
2025-11-18 13:36:03 [DEBUG] Incoming dashboard params: date_time=2025-11-19, client_id=, pet_id=
2025-11-18 13:36:04 [INFO] Dashboard info built successfully for user 81e78254-85dc-464c-8aa4-455f9d9d47eb
2025-11-18 13:36:09 [INFO] Dashboard info requested by user_id=81e78254-85dc-464c-8aa4-455f9d9d47eb
2025-11-18 13:36:09 [DEBUG] Incoming dashboard params: date_time=2025-11-20, client_id=, pet_id=
2025-11-18 13:36:10 [INFO] Dashboard info built successfully for user 81e78254-85dc-464c-8aa4-455f9d9d47eb
2025-11-18 13:36:10 [INFO] Dashboard info requested by user_id=81e78254-85dc-464c-8aa4-455f9d9d47eb
2025-11-18 13:36:10 [DEBUG] Incoming dashboard params: date_time=2025-11-20, client_id=, pet_id=
2025-11-18 13:36:11 [INFO] Dashboard info built successfully for user 81e78254-85dc-464c-8aa4-455f9d9d47eb
2025-11-18 13:36:16 [INFO] Dashboard info requested by user_id=81e78254-85dc-464c-8aa4-455f9d9d47eb
2025-11-18 13:36:16 [DEBUG] Incoming dashboard params: date_time=2025-11-18, client_id=, pet_id=
2025-11-18 13:36:17 [INFO] Dashboard info built successfully for user 81e78254-85dc-464c-8aa4-455f9d9d47eb
2025-11-18 13:37:11 [INFO] Dashboard info requested by user_id=81e78254-85dc-464c-8aa4-455f9d9d47eb
2025-11-18 13:37:11 [DEBUG] Incoming dashboard params: date_time=2025-11-18, client_id=, pet_id=
2025-11-18 13:37:12 [INFO] Dashboard info built successfully for user 81e78254-85dc-464c-8aa4-455f9d9d47eb
2025-11-18 13:38:58 [INFO] Dashboard info requested by user_id=81e78254-85dc-464c-8aa4-455f9d9d47eb
2025-11-18 13:38:58 [DEBUG] Incoming dashboard params: date_time=2025-11-19, client_id=, pet_id=
2025-11-18 13:38:59 [INFO] Dashboard info built successfully for user 81e78254-85dc-464c-8aa4-455f9d9d47eb
2025-11-18 13:38:59 [INFO] Dashboard info requested by user_id=81e78254-85dc-464c-8aa4-455f9d9d47eb
2025-11-18 13:38:59 [DEBUG] Incoming dashboard params: date_time=2025-11-18, client_id=, pet_id=
2025-11-18 13:39:00 [INFO] Dashboard info built successfully for user 81e78254-85dc-464c-8aa4-455f9d9d47eb
2025-11-18 13:49:43 [INFO] Dashboard info requested by user_id=81e78254-85dc-464c-8aa4-455f9d9d47eb
2025-11-18 13:49:43 [DEBUG] Incoming dashboard params: date_time=2025-11-18, client_id=, pet_id=
2025-11-18 13:49:44 [INFO] Dashboard info built successfully for user 81e78254-85dc-464c-8aa4-455f9d9d47eb
2025-11-18 13:50:35 [INFO] Dashboard info requested by user_id=81e78254-85dc-464c-8aa4-455f9d9d47eb
2025-11-18 13:50:35 [DEBUG] Incoming dashboard params: date_time=2025-11-18, client_id=, pet_id=
2025-11-18 13:50:36 [INFO] Dashboard info built successfully for user 81e78254-85dc-464c-8aa4-455f9d9d47eb
2025-11-18 13:57:59 [INFO] Dashboard info requested by user_id=81e78254-85dc-464c-8aa4-455f9d9d47eb
2025-11-18 13:57:59 [DEBUG] Incoming dashboard params: date_time=2025-11-18, client_id=, pet_id=
2025-11-18 13:58:00 [INFO] Dashboard info built successfully for user 81e78254-85dc-464c-8aa4-455f9d9d47eb
2025-11-18 14:00:18 [INFO] Dashboard info requested by user_id=81e78254-85dc-464c-8aa4-455f9d9d47eb
2025-11-18 14:00:18 [DEBUG] Incoming dashboard params: date_time=2025-11-18, client_id=, pet_id=
2025-11-18 14:00:18 [INFO] Dashboard info built successfully for user 81e78254-85dc-464c-8aa4-455f9d9d47eb
2025-11-18 14:00:53 [INFO] Dashboard info requested by user_id=81e78254-85dc-464c-8aa4-455f9d9d47eb
2025-11-18 14:00:53 [DEBUG] Incoming dashboard params: date_time=2025-11-18, client_id=, pet_id=
2025-11-18 14:00:53 [INFO] Dashboard info built successfully for user 81e78254-85dc-464c-8aa4-455f9d9d47eb
2025-11-18 14:21:04 [INFO] Dashboard info requested by user_id=81e78254-85dc-464c-8aa4-455f9d9d47eb
2025-11-18 14:21:04 [DEBUG] Incoming dashboard params: date_time=2025-11-19, client_id=, pet_id=
2025-11-18 14:21:05 [INFO] Dashboard info built successfully for user 81e78254-85dc-464c-8aa4-455f9d9d47eb
2025-11-18 14:21:06 [INFO] Dashboard info requested by user_id=81e78254-85dc-464c-8aa4-455f9d9d47eb
2025-11-18 14:21:06 [DEBUG] Incoming dashboard params: date_time=2025-11-18, client_id=, pet_id=
2025-11-18 14:21:06 [INFO] Dashboard info built successfully for user 81e78254-85dc-464c-8aa4-455f9d9d47eb
2025-11-18 14:21:48 [INFO] Dashboard info requested by user_id=81e78254-85dc-464c-8aa4-455f9d9d47eb
2025-11-18 14:21:48 [DEBUG] Incoming dashboard params: date_time=2025-11-18, client_id=, pet_id=
2025-11-18 14:21:49 [INFO] Dashboard info built successfully for user 81e78254-85dc-464c-8aa4-455f9d9d47eb
2025-11-18 14:28:48 [INFO] Dashboard info requested by user_id=81e78254-85dc-464c-8aa4-455f9d9d47eb
2025-11-18 14:28:48 [DEBUG] Incoming dashboard params: date_time=2025-11-18, client_id=, pet_id=
2025-11-18 14:28:49 [INFO] Dashboard info built successfully for user 81e78254-85dc-464c-8aa4-455f9d9d47eb
2025-11-18 14:36:38 [INFO] Dashboard info requested by user_id=81e78254-85dc-464c-8aa4-455f9d9d47eb
2025-11-18 14:36:38 [DEBUG] Incoming dashboard params: date_time=2025-11-17, client_id=, pet_id=
2025-11-18 14:36:39 [INFO] Dashboard info built successfully for user 81e78254-85dc-464c-8aa4-455f9d9d47eb
2025-11-18 14:36:39 [INFO] Dashboard info requested by user_id=81e78254-85dc-464c-8aa4-455f9d9d47eb
2025-11-18 14:36:39 [DEBUG] Incoming dashboard params: date_time=2025-11-18, client_id=, pet_id=
2025-11-18 14:36:40 [INFO] Dashboard info built successfully for user 81e78254-85dc-464c-8aa4-455f9d9d47eb
2025-11-18 14:38:46 [INFO] Dashboard info requested by user_id=81e78254-85dc-464c-8aa4-455f9d9d47eb
2025-11-18 14:38:46 [DEBUG] Incoming dashboard params: date_time=2025-11-18, client_id=, pet_id=
2025-11-18 14:38:47 [INFO] Dashboard info built successfully for user 81e78254-85dc-464c-8aa4-455f9d9d47eb
2025-11-18 14:41:27 [INFO] Dashboard info requested by user_id=81e78254-85dc-464c-8aa4-455f9d9d47eb
2025-11-18 14:41:27 [DEBUG] Incoming dashboard params: date_time=2025-11-18, client_id=, pet_id=
2025-11-18 14:41:27 [INFO] Dashboard info built successfully for user 81e78254-85dc-464c-8aa4-455f9d9d47eb
2025-11-18 14:41:35 [INFO] Dashboard info requested by user_id=81e78254-85dc-464c-8aa4-455f9d9d47eb
2025-11-18 14:41:35 [DEBUG] Incoming dashboard params: date_time=2025-11-18, client_id=, pet_id=
2025-11-18 14:41:36 [INFO] Dashboard info built successfully for user 81e78254-85dc-464c-8aa4-455f9d9d47eb
2025-11-18 14:42:26 [INFO] Dashboard info requested by user_id=81e78254-85dc-464c-8aa4-455f9d9d47eb
2025-11-18 14:42:26 [DEBUG] Incoming dashboard params: date_time=2025-11-18, client_id=, pet_id=
2025-11-18 14:42:27 [INFO] Dashboard info built successfully for user 81e78254-85dc-464c-8aa4-455f9d9d47eb
2025-11-18 14:42:33 [INFO] Dashboard info requested by user_id=81e78254-85dc-464c-8aa4-455f9d9d47eb
2025-11-18 14:42:33 [DEBUG] Incoming dashboard params: date_time=2025-11-18, client_id=, pet_id=
2025-11-18 14:42:33 [INFO] Dashboard info built successfully for user 81e78254-85dc-464c-8aa4-455f9d9d47eb
2025-11-18 14:43:56 [INFO] Dashboard info requested by user_id=81e78254-85dc-464c-8aa4-455f9d9d47eb
2025-11-18 14:43:56 [DEBUG] Incoming dashboard params: date_time=2025-11-18, client_id=, pet_id=
2025-11-18 14:43:57 [INFO] Dashboard info built successfully for user 81e78254-85dc-464c-8aa4-455f9d9d47eb
2025-11-18 14:46:53 [INFO] Dashboard info requested by user_id=81e78254-85dc-464c-8aa4-455f9d9d47eb
2025-11-18 14:46:53 [DEBUG] Incoming dashboard params: date_time=2025-11-18, client_id=, pet_id=
2025-11-18 14:46:54 [INFO] Dashboard info built successfully for user 81e78254-85dc-464c-8aa4-455f9d9d47eb
2025-11-18 14:47:33 [INFO] Dashboard info requested by user_id=81e78254-85dc-464c-8aa4-455f9d9d47eb
2025-11-18 14:47:33 [DEBUG] Incoming dashboard params: date_time=2025-11-18, client_id=, pet_id=
2025-11-18 14:47:33 [INFO] Dashboard info built successfully for user 81e78254-85dc-464c-8aa4-455f9d9d47eb
2025-11-18 14:47:52 [INFO] Dashboard info requested by user_id=81e78254-85dc-464c-8aa4-455f9d9d47eb
2025-11-18 14:47:52 [DEBUG] Incoming dashboard params: date_time=2025-11-18, client_id=, pet_id=
2025-11-18 14:47:53 [INFO] Dashboard info built successfully for user 81e78254-85dc-464c-8aa4-455f9d9d47eb
2025-11-18 14:48:12 [INFO] Dashboard info requested by user_id=81e78254-85dc-464c-8aa4-455f9d9d47eb
2025-11-18 14:48:12 [DEBUG] Incoming dashboard params: date_time=2025-11-18, client_id=, pet_id=
2025-11-18 14:48:13 [INFO] Dashboard info built successfully for user 81e78254-85dc-464c-8aa4-455f9d9d47eb
2025-11-18 14:48:28 [INFO] Dashboard info requested by user_id=81e78254-85dc-464c-8aa4-455f9d9d47eb
2025-11-18 14:48:28 [DEBUG] Incoming dashboard params: date_time=2025-11-18, client_id=, pet_id=
2025-11-18 14:48:28 [INFO] Dashboard info built successfully for user 81e78254-85dc-464c-8aa4-455f9d9d47eb
2025-11-18 14:52:52 [INFO] Dashboard info requested by user_id=81e78254-85dc-464c-8aa4-455f9d9d47eb
2025-11-18 14:52:52 [DEBUG] Incoming dashboard params: date_time=2025-11-18, client_id=, pet_id=
2025-11-18 14:52:53 [INFO] Dashboard info built successfully for user 81e78254-85dc-464c-8aa4-455f9d9d47eb
2025-11-18 14:53:01 [INFO] Dashboard info requested by user_id=81e78254-85dc-464c-8aa4-455f9d9d47eb
2025-11-18 14:53:01 [DEBUG] Incoming dashboard params: date_time=2025-11-18, client_id=, pet_id=
2025-11-18 14:53:01 [INFO] Dashboard info built successfully for user 81e78254-85dc-464c-8aa4-455f9d9d47eb
2025-11-18 14:54:41 [INFO] Dashboard info requested by user_id=81e78254-85dc-464c-8aa4-455f9d9d47eb
2025-11-18 14:54:41 [DEBUG] Incoming dashboard params: date_time=2025-11-18, client_id=, pet_id=
2025-11-18 14:54:42 [INFO] Dashboard info built successfully for user 81e78254-85dc-464c-8aa4-455f9d9d47eb
2025-11-18 14:55:24 [INFO] Dashboard info requested by user_id=81e78254-85dc-464c-8aa4-455f9d9d47eb
2025-11-18 14:55:24 [DEBUG] Incoming dashboard params: date_time=2025-11-18, client_id=, pet_id=
2025-11-18 14:55:24 [INFO] Dashboard info built successfully for user 81e78254-85dc-464c-8aa4-455f9d9d47eb
2025-11-18 14:55:57 [INFO] Dashboard info requested by user_id=81e78254-85dc-464c-8aa4-455f9d9d47eb
2025-11-18 14:55:57 [DEBUG] Incoming dashboard params: date_time=2025-11-18, client_id=, pet_id=
2025-11-18 14:55:58 [INFO] Dashboard info built successfully for user 81e78254-85dc-464c-8aa4-455f9d9d47eb
2025-11-18 14:56:42 [INFO] Dashboard info requested by user_id=81e78254-85dc-464c-8aa4-455f9d9d47eb
2025-11-18 14:56:42 [DEBUG] Incoming dashboard params: date_time=2025-11-18, client_id=, pet_id=
2025-11-18 14:56:43 [INFO] Dashboard info built successfully for user 81e78254-85dc-464c-8aa4-455f9d9d47eb
2025-11-18 14:57:00 [INFO] Dashboard info requested by user_id=81e78254-85dc-464c-8aa4-455f9d9d47eb
2025-11-18 14:57:00 [DEBUG] Incoming dashboard params: date_time=2025-11-18, client_id=, pet_id=
2025-11-18 14:57:01 [INFO] Dashboard info built successfully for user 81e78254-85dc-464c-8aa4-455f9d9d47eb
2025-11-18 14:57:29 [INFO] Dashboard info requested by user_id=81e78254-85dc-464c-8aa4-455f9d9d47eb
2025-11-18 14:57:29 [DEBUG] Incoming dashboard params: date_time=2025-11-18, client_id=, pet_id=
2025-11-18 14:57:29 [INFO] Dashboard info built successfully for user 81e78254-85dc-464c-8aa4-455f9d9d47eb
2025-11-18 14:58:02 [INFO] Dashboard info requested by user_id=81e78254-85dc-464c-8aa4-455f9d9d47eb
2025-11-18 14:58:02 [DEBUG] Incoming dashboard params: date_time=2025-11-18, client_id=, pet_id=
2025-11-18 14:58:03 [INFO] Dashboard info built successfully for user 81e78254-85dc-464c-8aa4-455f9d9d47eb
2025-11-18 14:58:09 [INFO] Dashboard info requested by user_id=81e78254-85dc-464c-8aa4-455f9d9d47eb
2025-11-18 14:58:09 [DEBUG] Incoming dashboard params: date_time=2025-11-18, client_id=, pet_id=
2025-11-18 14:58:10 [INFO] Dashboard info built successfully for user 81e78254-85dc-464c-8aa4-455f9d9d47eb
2025-11-18 14:58:17 [INFO] Dashboard info requested by user_id=81e78254-85dc-464c-8aa4-455f9d9d47eb
2025-11-18 14:58:17 [DEBUG] Incoming dashboard params: date_time=2025-11-18, client_id=, pet_id=
2025-11-18 14:58:17 [INFO] Dashboard info built successfully for user 81e78254-85dc-464c-8aa4-455f9d9d47eb
2025-11-18 15:01:01 [INFO] Dashboard info requested by user_id=81e78254-85dc-464c-8aa4-455f9d9d47eb
2025-11-18 15:01:01 [DEBUG] Incoming dashboard params: date_time=2025-11-18, client_id=, pet_id=
2025-11-18 15:01:02 [INFO] Dashboard info built successfully for user 81e78254-85dc-464c-8aa4-455f9d9d47eb
2025-11-18 15:02:08 [INFO] Dashboard info requested by user_id=81e78254-85dc-464c-8aa4-455f9d9d47eb
2025-11-18 15:02:08 [DEBUG] Incoming dashboard params: date_time=2025-11-18, client_id=, pet_id=
2025-11-18 15:02:09 [INFO] Dashboard info built successfully for user 81e78254-85dc-464c-8aa4-455f9d9d47eb
2025-11-18 15:02:59 [INFO] Dashboard info requested by user_id=81e78254-85dc-464c-8aa4-455f9d9d47eb
2025-11-18 15:02:59 [DEBUG] Incoming dashboard params: date_time=2025-11-18, client_id=, pet_id=
2025-11-18 15:03:00 [INFO] Dashboard info built successfully for user 81e78254-85dc-464c-8aa4-455f9d9d47eb
2025-11-18 15:03:06 [INFO] Dashboard info requested by user_id=81e78254-85dc-464c-8aa4-455f9d9d47eb
2025-11-18 15:03:06 [DEBUG] Incoming dashboard params: date_time=2025-11-18, client_id=, pet_id=
2025-11-18 15:03:06 [INFO] Dashboard info built successfully for user 81e78254-85dc-464c-8aa4-455f9d9d47eb
2025-11-18 15:03:12 [INFO] Dashboard info requested by user_id=81e78254-85dc-464c-8aa4-455f9d9d47eb
2025-11-18 15:03:12 [DEBUG] Incoming dashboard params: date_time=2025-11-18, client_id=, pet_id=
2025-11-18 15:03:13 [INFO] Dashboard info built successfully for user 81e78254-85dc-464c-8aa4-455f9d9d47eb
2025-11-18 15:03:22 [INFO] Dashboard info requested by user_id=81e78254-85dc-464c-8aa4-455f9d9d47eb
2025-11-18 15:03:22 [DEBUG] Incoming dashboard params: date_time=2025-11-18, client_id=, pet_id=
2025-11-18 15:03:23 [INFO] Dashboard info built successfully for user 81e78254-85dc-464c-8aa4-455f9d9d47eb
2025-11-18 15:03:39 [INFO] Dashboard info requested by user_id=81e78254-85dc-464c-8aa4-455f9d9d47eb
2025-11-18 15:03:39 [DEBUG] Incoming dashboard params: date_time=2025-11-18, client_id=, pet_id=
2025-11-18 15:03:39 [INFO] Dashboard info built successfully for user 81e78254-85dc-464c-8aa4-455f9d9d47eb
2025-11-18 15:04:07 [INFO] Dashboard info requested by user_id=81e78254-85dc-464c-8aa4-455f9d9d47eb
2025-11-18 15:04:07 [DEBUG] Incoming dashboard params: date_time=2025-11-18, client_id=, pet_id=
2025-11-18 15:04:08 [INFO] Dashboard info built successfully for user 81e78254-85dc-464c-8aa4-455f9d9d47eb
2025-11-18 15:04:24 [INFO] Dashboard info requested by user_id=81e78254-85dc-464c-8aa4-455f9d9d47eb
2025-11-18 15:04:24 [DEBUG] Incoming dashboard params: date_time=2025-11-18, client_id=, pet_id=
2025-11-18 15:04:24 [INFO] Dashboard info built successfully for user 81e78254-85dc-464c-8aa4-455f9d9d47eb
2025-11-18 15:04:59 [INFO] Dashboard info requested by user_id=81e78254-85dc-464c-8aa4-455f9d9d47eb
2025-11-18 15:04:59 [DEBUG] Incoming dashboard params: date_time=2025-11-18, client_id=, pet_id=
2025-11-18 15:05:00 [INFO] Dashboard info built successfully for user 81e78254-85dc-464c-8aa4-455f9d9d47eb
2025-11-18 15:05:36 [INFO] Dashboard info requested by user_id=81e78254-85dc-464c-8aa4-455f9d9d47eb
2025-11-18 15:05:36 [DEBUG] Incoming dashboard params: date_time=2025-11-18, client_id=, pet_id=
2025-11-18 15:05:37 [INFO] Dashboard info built successfully for user 81e78254-85dc-464c-8aa4-455f9d9d47eb
2025-11-18 15:05:47 [INFO] Dashboard info requested by user_id=81e78254-85dc-464c-8aa4-455f9d9d47eb
2025-11-18 15:05:47 [DEBUG] Incoming dashboard params: date_time=2025-11-18, client_id=, pet_id=
2025-11-18 15:05:47 [INFO] Dashboard info built successfully for user 81e78254-85dc-464c-8aa4-455f9d9d47eb
2025-11-18 15:05:48 [INFO] Dashboard info requested by user_id=81e78254-85dc-464c-8aa4-455f9d9d47eb
2025-11-18 15:05:48 [DEBUG] Incoming dashboard params: date_time=2025-11-18, client_id=, pet_id=
2025-11-18 15:05:49 [INFO] Dashboard info built successfully for user 81e78254-85dc-464c-8aa4-455f9d9d47eb
2025-11-18 15:07:37 [INFO] Dashboard info requested by user_id=81e78254-85dc-464c-8aa4-455f9d9d47eb
2025-11-18 15:07:37 [DEBUG] Incoming dashboard params: date_time=2025-11-18, client_id=, pet_id=
2025-11-18 15:07:37 [INFO] Dashboard info built successfully for user 81e78254-85dc-464c-8aa4-455f9d9d47eb
2025-11-18 15:07:38 [INFO] Dashboard info requested by user_id=81e78254-85dc-464c-8aa4-455f9d9d47eb
2025-11-18 15:07:38 [DEBUG] Incoming dashboard params: date_time=2025-11-18, client_id=, pet_id=
2025-11-18 15:07:39 [INFO] Dashboard info built successfully for user 81e78254-85dc-464c-8aa4-455f9d9d47eb
2025-11-18 15:07:39 [INFO] Dashboard info requested by user_id=81e78254-85dc-464c-8aa4-455f9d9d47eb
2025-11-18 15:07:39 [DEBUG] Incoming dashboard params: date_time=2025-11-18, client_id=, pet_id=
2025-11-18 15:07:40 [INFO] Dashboard info built successfully for user 81e78254-85dc-464c-8aa4-455f9d9d47eb
2025-11-18 15:07:47 [INFO] Dashboard info requested by user_id=81e78254-85dc-464c-8aa4-455f9d9d47eb
2025-11-18 15:07:47 [DEBUG] Incoming dashboard params: date_time=2025-11-18, client_id=, pet_id=
2025-11-18 15:07:47 [INFO] Dashboard info built successfully for user 81e78254-85dc-464c-8aa4-455f9d9d47eb
2025-11-18 15:07:51 [INFO] Dashboard info requested by user_id=81e78254-85dc-464c-8aa4-455f9d9d47eb
2025-11-18 15:07:51 [DEBUG] Incoming dashboard params: date_time=2025-11-18, client_id=, pet_id=
2025-11-18 15:07:52 [INFO] Dashboard info built successfully for user 81e78254-85dc-464c-8aa4-455f9d9d47eb
2025-11-18 15:08:47 [INFO] Dashboard info requested by user_id=81e78254-85dc-464c-8aa4-455f9d9d47eb
2025-11-18 15:08:47 [DEBUG] Incoming dashboard params: date_time=2025-11-18, client_id=, pet_id=
2025-11-18 15:08:48 [INFO] Dashboard info built successfully for user 81e78254-85dc-464c-8aa4-455f9d9d47eb
2025-11-18 15:08:53 [INFO] Dashboard info requested by user_id=81e78254-85dc-464c-8aa4-455f9d9d47eb
2025-11-18 15:08:53 [DEBUG] Incoming dashboard params: date_time=2025-11-18, client_id=, pet_id=
2025-11-18 15:08:54 [INFO] Dashboard info built successfully for user 81e78254-85dc-464c-8aa4-455f9d9d47eb
2025-11-18 15:12:32 [INFO] Dashboard info requested by user_id=81e78254-85dc-464c-8aa4-455f9d9d47eb
2025-11-18 15:12:32 [DEBUG] Incoming dashboard params: date_time=2025-11-18, client_id=, pet_id=
2025-11-18 15:12:33 [INFO] Dashboard info built successfully for user 81e78254-85dc-464c-8aa4-455f9d9d47eb
2025-11-18 15:12:43 [INFO] Dashboard info requested by user_id=81e78254-85dc-464c-8aa4-455f9d9d47eb
2025-11-18 15:12:43 [DEBUG] Incoming dashboard params: date_time=2025-11-18, client_id=, pet_id=
2025-11-18 15:12:44 [INFO] Dashboard info built successfully for user 81e78254-85dc-464c-8aa4-455f9d9d47eb
2025-11-18 15:17:30 [INFO] Dashboard info requested by user_id=81e78254-85dc-464c-8aa4-455f9d9d47eb
2025-11-18 15:17:30 [DEBUG] Incoming dashboard params: date_time=2025-11-18, client_id=, pet_id=
2025-11-18 15:17:31 [INFO] Dashboard info built successfully for user 81e78254-85dc-464c-8aa4-455f9d9d47eb
2025-11-18 15:17:43 [INFO] Dashboard info requested by user_id=81e78254-85dc-464c-8aa4-455f9d9d47eb
2025-11-18 15:17:43 [DEBUG] Incoming dashboard params: date_time=2025-11-19, client_id=, pet_id=
2025-11-18 15:17:43 [INFO] Dashboard info built successfully for user 81e78254-85dc-464c-8aa4-455f9d9d47eb
2025-11-18 15:17:44 [INFO] Dashboard info requested by user_id=81e78254-85dc-464c-8aa4-455f9d9d47eb
2025-11-18 15:17:44 [DEBUG] Incoming dashboard params: date_time=2025-11-18, client_id=, pet_id=
2025-11-18 15:17:45 [INFO] Dashboard info built successfully for user 81e78254-85dc-464c-8aa4-455f9d9d47eb
2025-11-18 15:18:01 [INFO] Dashboard info requested by user_id=81e78254-85dc-464c-8aa4-455f9d9d47eb
2025-11-18 15:18:01 [DEBUG] Incoming dashboard params: date_time=2025-11-18, client_id=, pet_id=
2025-11-18 15:18:02 [INFO] Dashboard info built successfully for user 81e78254-85dc-464c-8aa4-455f9d9d47eb
2025-11-18 15:18:14 [INFO] Dashboard info requested by user_id=81e78254-85dc-464c-8aa4-455f9d9d47eb
2025-11-18 15:18:14 [DEBUG] Incoming dashboard params: date_time=2025-11-18, client_id=, pet_id=
2025-11-18 15:18:14 [INFO] Dashboard info built successfully for user 81e78254-85dc-464c-8aa4-455f9d9d47eb
2025-11-18 15:18:19 [INFO] Dashboard info requested by user_id=81e78254-85dc-464c-8aa4-455f9d9d47eb
2025-11-18 15:18:19 [DEBUG] Incoming dashboard params: date_time=2025-11-18, client_id=, pet_id=
2025-11-18 15:18:20 [INFO] Dashboard info built successfully for user 81e78254-85dc-464c-8aa4-455f9d9d47eb
2025-11-18 15:18:28 [INFO] Dashboard info requested by user_id=81e78254-85dc-464c-8aa4-455f9d9d47eb
2025-11-18 15:18:28 [DEBUG] Incoming dashboard params: date_time=2025-11-19, client_id=, pet_id=
2025-11-18 15:18:29 [INFO] Dashboard info built successfully for user 81e78254-85dc-464c-8aa4-455f9d9d47eb
2025-11-18 15:18:29 [INFO] Dashboard info requested by user_id=81e78254-85dc-464c-8aa4-455f9d9d47eb
2025-11-18 15:18:29 [DEBUG] Incoming dashboard params: date_time=2025-11-18, client_id=, pet_id=
2025-11-18 15:18:30 [INFO] Dashboard info built successfully for user 81e78254-85dc-464c-8aa4-455f9d9d47eb
2025-11-18 15:18:39 [INFO] Dashboard info requested by user_id=81e78254-85dc-464c-8aa4-455f9d9d47eb
2025-11-18 15:18:39 [DEBUG] Incoming dashboard params: date_time=2025-11-18, client_id=, pet_id=
2025-11-18 15:18:40 [INFO] Dashboard info built successfully for user 81e78254-85dc-464c-8aa4-455f9d9d47eb
2025-11-18 15:18:43 [INFO] Dashboard info requested by user_id=81e78254-85dc-464c-8aa4-455f9d9d47eb
2025-11-18 15:18:43 [DEBUG] Incoming dashboard params: date_time=2025-11-19, client_id=, pet_id=
2025-11-18 15:18:43 [INFO] Dashboard info built successfully for user 81e78254-85dc-464c-8aa4-455f9d9d47eb
2025-11-18 15:18:44 [INFO] Dashboard info requested by user_id=81e78254-85dc-464c-8aa4-455f9d9d47eb
2025-11-18 15:18:44 [DEBUG] Incoming dashboard params: date_time=2025-11-18, client_id=, pet_id=
2025-11-18 15:18:44 [INFO] Dashboard info built successfully for user 81e78254-85dc-464c-8aa4-455f9d9d47eb
2025-11-18 15:18:50 [INFO] Dashboard info requested by user_id=81e78254-85dc-464c-8aa4-455f9d9d47eb
2025-11-18 15:18:50 [DEBUG] Incoming dashboard params: date_time=2025-11-18, client_id=, pet_id=
2025-11-18 15:18:50 [INFO] Dashboard info built successfully for user 81e78254-85dc-464c-8aa4-455f9d9d47eb
2025-11-18 15:18:51 [INFO] Dashboard info requested by user_id=81e78254-85dc-464c-8aa4-455f9d9d47eb
2025-11-18 15:18:51 [DEBUG] Incoming dashboard params: date_time=2025-11-18, client_id=, pet_id=
2025-11-18 15:18:51 [INFO] Dashboard info built successfully for user 81e78254-85dc-464c-8aa4-455f9d9d47eb
2025-11-18 15:18:54 [INFO] Dashboard info requested by user_id=81e78254-85dc-464c-8aa4-455f9d9d47eb
2025-11-18 15:18:54 [DEBUG] Incoming dashboard params: date_time=2025-11-18, client_id=, pet_id=
2025-11-18 15:18:55 [INFO] Dashboard info built successfully for user 81e78254-85dc-464c-8aa4-455f9d9d47eb
2025-11-18 15:19:04 [INFO] Dashboard info requested by user_id=81e78254-85dc-464c-8aa4-455f9d9d47eb
2025-11-18 15:19:04 [DEBUG] Incoming dashboard params: date_time=2025-11-18, client_id=, pet_id=
2025-11-18 15:19:05 [INFO] Dashboard info built successfully for user 81e78254-85dc-464c-8aa4-455f9d9d47eb
2025-11-18 15:20:49 [INFO] Dashboard info requested by user_id=81e78254-85dc-464c-8aa4-455f9d9d47eb
2025-11-18 15:20:49 [DEBUG] Incoming dashboard params: date_time=2025-11-18, client_id=, pet_id=
2025-11-18 15:20:50 [INFO] Dashboard info built successfully for user 81e78254-85dc-464c-8aa4-455f9d9d47eb
2025-11-18 15:20:56 [INFO] Dashboard info requested by user_id=81e78254-85dc-464c-8aa4-455f9d9d47eb
2025-11-18 15:20:56 [DEBUG] Incoming dashboard params: date_time=2025-11-18, client_id=, pet_id=
2025-11-18 15:20:57 [INFO] Dashboard info built successfully for user 81e78254-85dc-464c-8aa4-455f9d9d47eb
2025-11-18 15:20:58 [INFO] Dashboard info requested by user_id=81e78254-85dc-464c-8aa4-455f9d9d47eb
2025-11-18 15:20:58 [DEBUG] Incoming dashboard params: date_time=2025-11-18, client_id=, pet_id=
2025-11-18 15:20:59 [INFO] Dashboard info built successfully for user 81e78254-85dc-464c-8aa4-455f9d9d47eb
2025-11-18 15:21:10 [INFO] Dashboard info requested by user_id=81e78254-85dc-464c-8aa4-455f9d9d47eb
2025-11-18 15:21:10 [DEBUG] Incoming dashboard params: date_time=2025-11-18, client_id=, pet_id=
2025-11-18 15:21:11 [INFO] Dashboard info built successfully for user 81e78254-85dc-464c-8aa4-455f9d9d47eb
2025-11-18 15:21:18 [INFO] Dashboard info requested by user_id=81e78254-85dc-464c-8aa4-455f9d9d47eb
2025-11-18 15:21:18 [DEBUG] Incoming dashboard params: date_time=2025-11-19, client_id=, pet_id=
2025-11-18 15:21:19 [INFO] Dashboard info built successfully for user 81e78254-85dc-464c-8aa4-455f9d9d47eb
2025-11-18 15:21:19 [INFO] Dashboard info requested by user_id=81e78254-85dc-464c-8aa4-455f9d9d47eb
2025-11-18 15:21:19 [DEBUG] Incoming dashboard params: date_time=2025-11-18, client_id=, pet_id=
2025-11-18 15:21:20 [INFO] Dashboard info built successfully for user 81e78254-85dc-464c-8aa4-455f9d9d47eb
2025-11-18 15:22:38 [INFO] Dashboard info requested by user_id=81e78254-85dc-464c-8aa4-455f9d9d47eb
2025-11-18 15:22:38 [DEBUG] Incoming dashboard params: date_time=2025-11-18, client_id=, pet_id=
2025-11-18 15:22:39 [INFO] Dashboard info built successfully for user 81e78254-85dc-464c-8aa4-455f9d9d47eb
2025-11-18 15:23:06 [INFO] Dashboard info requested by user_id=81e78254-85dc-464c-8aa4-455f9d9d47eb
2025-11-18 15:23:06 [DEBUG] Incoming dashboard params: date_time=2025-11-18, client_id=, pet_id=
2025-11-18 15:23:07 [INFO] Dashboard info built successfully for user 81e78254-85dc-464c-8aa4-455f9d9d47eb
2025-11-18 15:27:09 [INFO] Dashboard info requested by user_id=81e78254-85dc-464c-8aa4-455f9d9d47eb
2025-11-18 15:27:09 [DEBUG] Incoming dashboard params: date_time=2025-11-18, client_id=, pet_id=
2025-11-18 15:27:10 [INFO] Dashboard info built successfully for user 81e78254-85dc-464c-8aa4-455f9d9d47eb
2025-11-18 15:27:22 [INFO] Dashboard info requested by user_id=81e78254-85dc-464c-8aa4-455f9d9d47eb
2025-11-18 15:27:22 [DEBUG] Incoming dashboard params: date_time=2025-11-18, client_id=, pet_id=
2025-11-18 15:27:23 [INFO] Dashboard info built successfully for user 81e78254-85dc-464c-8aa4-455f9d9d47eb
2025-11-18 15:27:42 [INFO] Dashboard info requested by user_id=81e78254-85dc-464c-8aa4-455f9d9d47eb
2025-11-18 15:27:42 [DEBUG] Incoming dashboard params: date_time=2025-11-18, client_id=, pet_id=
2025-11-18 15:27:43 [INFO] Dashboard info built successfully for user 81e78254-85dc-464c-8aa4-455f9d9d47eb
2025-11-18 15:43:46 [INFO] Dashboard info requested by user_id=81e78254-85dc-464c-8aa4-455f9d9d47eb
2025-11-18 15:43:46 [DEBUG] Incoming dashboard params: date_time=2025-11-18, client_id=, pet_id=
2025-11-18 15:43:46 [INFO] Dashboard info built successfully for user 81e78254-85dc-464c-8aa4-455f9d9d47eb
2025-11-18 15:44:00 [INFO] Dashboard info requested by user_id=81e78254-85dc-464c-8aa4-455f9d9d47eb
2025-11-18 15:44:00 [DEBUG] Incoming dashboard params: date_time=2025-11-18, client_id=, pet_id=
2025-11-18 15:44:01 [INFO] Dashboard info built successfully for user 81e78254-85dc-464c-8aa4-455f9d9d47eb
2025-11-18 15:45:10 [INFO] Dashboard info requested by user_id=81e78254-85dc-464c-8aa4-455f9d9d47eb
2025-11-18 15:45:10 [DEBUG] Incoming dashboard params: date_time=2025-11-18, client_id=, pet_id=
2025-11-18 15:45:11 [INFO] Dashboard info built successfully for user 81e78254-85dc-464c-8aa4-455f9d9d47eb
2025-11-18 15:45:29 [INFO] Dashboard info requested by user_id=81e78254-85dc-464c-8aa4-455f9d9d47eb
2025-11-18 15:45:29 [DEBUG] Incoming dashboard params: date_time=2025-11-18, client_id=, pet_id=
2025-11-18 15:45:30 [INFO] Dashboard info built successfully for user 81e78254-85dc-464c-8aa4-455f9d9d47eb
2025-11-18 15:45:31 [INFO] Dashboard info requested by user_id=81e78254-85dc-464c-8aa4-455f9d9d47eb
2025-11-18 15:45:31 [DEBUG] Incoming dashboard params: date_time=2025-11-19, client_id=, pet_id=
2025-11-18 15:45:32 [INFO] Dashboard info built successfully for user 81e78254-85dc-464c-8aa4-455f9d9d47eb
2025-11-18 15:45:45 [INFO] Dashboard info requested by user_id=81e78254-85dc-464c-8aa4-455f9d9d47eb
2025-11-18 15:45:45 [DEBUG] Incoming dashboard params: date_time=2025-11-19, client_id=, pet_id=
2025-11-18 15:45:47 [INFO] Dashboard info built successfully for user 81e78254-85dc-464c-8aa4-455f9d9d47eb
2025-11-18 15:46:22 [INFO] Dashboard info requested by user_id=81e78254-85dc-464c-8aa4-455f9d9d47eb
2025-11-18 15:46:22 [DEBUG] Incoming dashboard params: date_time=2025-11-18, client_id=, pet_id=
2025-11-18 15:46:23 [INFO] Dashboard info built successfully for user 81e78254-85dc-464c-8aa4-455f9d9d47eb
2025-11-18 15:54:12 [INFO] Dashboard info requested by user_id=81e78254-85dc-464c-8aa4-455f9d9d47eb
2025-11-18 15:54:12 [DEBUG] Incoming dashboard params: date_time=2025-11-18, client_id=, pet_id=
2025-11-18 15:54:13 [INFO] Dashboard info built successfully for user 81e78254-85dc-464c-8aa4-455f9d9d47eb
2025-11-18 15:54:14 [INFO] Dashboard info requested by user_id=81e78254-85dc-464c-8aa4-455f9d9d47eb
2025-11-18 15:54:14 [DEBUG] Incoming dashboard params: date_time=2025-11-19, client_id=, pet_id=
2025-11-18 15:54:15 [INFO] Dashboard info built successfully for user 81e78254-85dc-464c-8aa4-455f9d9d47eb
2025-11-18 15:54:32 [INFO] Dashboard info requested by user_id=81e78254-85dc-464c-8aa4-455f9d9d47eb
2025-11-18 15:54:32 [DEBUG] Incoming dashboard params: date_time=2025-11-19, client_id=, pet_id=
2025-11-18 15:54:33 [INFO] Dashboard info built successfully for user 81e78254-85dc-464c-8aa4-455f9d9d47eb
2025-11-18 15:54:34 [INFO] Dashboard info requested by user_id=81e78254-85dc-464c-8aa4-455f9d9d47eb
2025-11-18 15:54:34 [DEBUG] Incoming dashboard params: date_time=2025-11-18, client_id=, pet_id=
2025-11-18 15:54:35 [INFO] Dashboard info built successfully for user 81e78254-85dc-464c-8aa4-455f9d9d47eb
2025-11-18 15:54:47 [INFO] Dashboard info requested by user_id=81e78254-85dc-464c-8aa4-455f9d9d47eb
2025-11-18 15:54:47 [DEBUG] Incoming dashboard params: date_time=2025-11-18, client_id=, pet_id=
2025-11-18 15:54:47 [INFO] Dashboard info built successfully for user 81e78254-85dc-464c-8aa4-455f9d9d47eb
2025-11-18 16:01:15 [INFO] Dashboard info requested by user_id=81e78254-85dc-464c-8aa4-455f9d9d47eb
2025-11-18 16:01:15 [DEBUG] Incoming dashboard params: date_time=2025-11-18, client_id=, pet_id=
2025-11-18 16:01:15 [INFO] Dashboard info built successfully for user 81e78254-85dc-464c-8aa4-455f9d9d47eb
2025-11-18 16:01:25 [INFO] Dashboard info requested by user_id=81e78254-85dc-464c-8aa4-455f9d9d47eb
2025-11-18 16:01:25 [DEBUG] Incoming dashboard params: date_time=2025-11-18, client_id=, pet_id=
2025-11-18 16:01:25 [INFO] Dashboard info built successfully for user 81e78254-85dc-464c-8aa4-455f9d9d47eb
2025-11-18 16:03:42 [INFO] Dashboard info requested by user_id=81e78254-85dc-464c-8aa4-455f9d9d47eb
2025-11-18 16:03:42 [DEBUG] Incoming dashboard params: date_time=2025-11-18, client_id=, pet_id=
2025-11-18 16:03:43 [INFO] Dashboard info built successfully for user 81e78254-85dc-464c-8aa4-455f9d9d47eb
2025-11-18 16:04:33 [INFO] Dashboard info requested by user_id=81e78254-85dc-464c-8aa4-455f9d9d47eb
2025-11-18 16:04:33 [DEBUG] Incoming dashboard params: date_time=2025-11-18, client_id=, pet_id=
2025-11-18 16:04:35 [INFO] Dashboard info built successfully for user 81e78254-85dc-464c-8aa4-455f9d9d47eb
2025-11-18 16:07:13 [INFO] Dashboard info requested by user_id=81e78254-85dc-464c-8aa4-455f9d9d47eb
2025-11-18 16:07:13 [DEBUG] Incoming dashboard params: date_time=2025-11-18, client_id=, pet_id=
2025-11-18 16:07:13 [INFO] Dashboard info built successfully for user 81e78254-85dc-464c-8aa4-455f9d9d47eb
2025-11-18 16:07:33 [INFO] Dashboard info requested by user_id=81e78254-85dc-464c-8aa4-455f9d9d47eb
2025-11-18 16:07:33 [DEBUG] Incoming dashboard params: date_time=2025-11-18, client_id=, pet_id=
2025-11-18 16:07:34 [INFO] Dashboard info built successfully for user 81e78254-85dc-464c-8aa4-455f9d9d47eb
2025-11-18 16:07:34 [INFO] Dashboard info requested by user_id=81e78254-85dc-464c-8aa4-455f9d9d47eb
2025-11-18 16:07:34 [DEBUG] Incoming dashboard params: date_time=2025-11-18, client_id=, pet_id=
2025-11-18 16:07:35 [INFO] Dashboard info built successfully for user 81e78254-85dc-464c-8aa4-455f9d9d47eb
2025-11-18 16:07:37 [INFO] Dashboard info requested by user_id=81e78254-85dc-464c-8aa4-455f9d9d47eb
2025-11-18 16:07:37 [DEBUG] Incoming dashboard params: date_time=2025-11-18, client_id=, pet_id=
2025-11-18 16:07:38 [INFO] Dashboard info built successfully for user 81e78254-85dc-464c-8aa4-455f9d9d47eb
2025-11-18 16:07:42 [INFO] Dashboard info requested by user_id=81e78254-85dc-464c-8aa4-455f9d9d47eb
2025-11-18 16:07:42 [DEBUG] Incoming dashboard params: date_time=2025-11-19, client_id=, pet_id=
2025-11-18 16:07:43 [INFO] Dashboard info built successfully for user 81e78254-85dc-464c-8aa4-455f9d9d47eb
2025-11-18 16:07:43 [INFO] Dashboard info requested by user_id=81e78254-85dc-464c-8aa4-455f9d9d47eb
2025-11-18 16:07:43 [DEBUG] Incoming dashboard params: date_time=2025-11-19, client_id=, pet_id=
2025-11-18 16:07:44 [INFO] Dashboard info built successfully for user 81e78254-85dc-464c-8aa4-455f9d9d47eb
2025-11-18 16:07:51 [INFO] Dashboard info requested by user_id=81e78254-85dc-464c-8aa4-455f9d9d47eb
2025-11-18 16:07:51 [DEBUG] Incoming dashboard params: date_time=2025-11-19, client_id=, pet_id=
2025-11-18 16:07:52 [INFO] Dashboard info built successfully for user 81e78254-85dc-464c-8aa4-455f9d9d47eb
2025-11-18 16:08:07 [INFO] Dashboard info requested by user_id=81e78254-85dc-464c-8aa4-455f9d9d47eb
2025-11-18 16:08:07 [DEBUG] Incoming dashboard params: date_time=2025-11-19, client_id=, pet_id=
2025-11-18 16:08:08 [INFO] Dashboard info built successfully for user 81e78254-85dc-464c-8aa4-455f9d9d47eb
2025-11-18 16:08:32 [INFO] Dashboard info requested by user_id=81e78254-85dc-464c-8aa4-455f9d9d47eb
2025-11-18 16:08:32 [DEBUG] Incoming dashboard params: date_time=2025-11-19, client_id=, pet_id=
2025-11-18 16:08:33 [INFO] Dashboard info built successfully for user 81e78254-85dc-464c-8aa4-455f9d9d47eb
2025-11-18 16:08:34 [INFO] Dashboard info requested by user_id=81e78254-85dc-464c-8aa4-455f9d9d47eb
2025-11-18 16:08:34 [DEBUG] Incoming dashboard params: date_time=2025-11-20, client_id=, pet_id=
2025-11-18 16:08:35 [INFO] Dashboard info built successfully for user 81e78254-85dc-464c-8aa4-455f9d9d47eb
2025-11-18 16:08:35 [INFO] Dashboard info requested by user_id=81e78254-85dc-464c-8aa4-455f9d9d47eb
2025-11-18 16:08:35 [DEBUG] Incoming dashboard params: date_time=2025-11-20, client_id=, pet_id=
2025-11-18 16:08:36 [INFO] Dashboard info built successfully for user 81e78254-85dc-464c-8aa4-455f9d9d47eb
2025-11-18 16:08:41 [INFO] Dashboard info requested by user_id=81e78254-85dc-464c-8aa4-455f9d9d47eb
2025-11-18 16:08:41 [DEBUG] Incoming dashboard params: date_time=2025-11-19, client_id=, pet_id=
2025-11-18 16:08:42 [INFO] Dashboard info built successfully for user 81e78254-85dc-464c-8aa4-455f9d9d47eb
2025-11-18 16:08:42 [INFO] Dashboard info requested by user_id=81e78254-85dc-464c-8aa4-455f9d9d47eb
2025-11-18 16:08:42 [DEBUG] Incoming dashboard params: date_time=2025-11-19, client_id=, pet_id=
2025-11-18 16:08:43 [INFO] Dashboard info built successfully for user 81e78254-85dc-464c-8aa4-455f9d9d47eb
2025-11-18 16:08:43 [INFO] Dashboard info requested by user_id=81e78254-85dc-464c-8aa4-455f9d9d47eb
2025-11-18 16:08:43 [DEBUG] Incoming dashboard params: date_time=2025-11-20, client_id=, pet_id=
2025-11-18 16:08:44 [INFO] Dashboard info built successfully for user 81e78254-85dc-464c-8aa4-455f9d9d47eb
2025-11-18 16:08:45 [INFO] Dashboard info requested by user_id=81e78254-85dc-464c-8aa4-455f9d9d47eb
2025-11-18 16:08:45 [DEBUG] Incoming dashboard params: date_time=2025-11-20, client_id=, pet_id=
2025-11-18 16:08:45 [INFO] Dashboard info built successfully for user 81e78254-85dc-464c-8aa4-455f9d9d47eb
2025-11-18 16:08:49 [INFO] Dashboard info requested by user_id=81e78254-85dc-464c-8aa4-455f9d9d47eb
2025-11-18 16:08:49 [DEBUG] Incoming dashboard params: date_time=2025-11-19, client_id=, pet_id=
2025-11-18 16:08:50 [INFO] Dashboard info built successfully for user 81e78254-85dc-464c-8aa4-455f9d9d47eb
2025-11-18 16:08:50 [INFO] Dashboard info requested by user_id=81e78254-85dc-464c-8aa4-455f9d9d47eb
2025-11-18 16:08:50 [DEBUG] Incoming dashboard params: date_time=2025-11-19, client_id=, pet_id=
2025-11-18 16:08:51 [INFO] Dashboard info built successfully for user 81e78254-85dc-464c-8aa4-455f9d9d47eb
2025-11-18 16:08:58 [INFO] Dashboard info requested by user_id=81e78254-85dc-464c-8aa4-455f9d9d47eb
2025-11-18 16:08:58 [DEBUG] Incoming dashboard params: date_time=2025-11-20, client_id=, pet_id=
2025-11-18 16:08:59 [INFO] Dashboard info built successfully for user 81e78254-85dc-464c-8aa4-455f9d9d47eb
2025-11-18 16:08:59 [INFO] Dashboard info requested by user_id=81e78254-85dc-464c-8aa4-455f9d9d47eb
2025-11-18 16:08:59 [DEBUG] Incoming dashboard params: date_time=2025-11-20, client_id=, pet_id=
2025-11-18 16:09:00 [INFO] Dashboard info built successfully for user 81e78254-85dc-464c-8aa4-455f9d9d47eb
2025-11-18 16:09:00 [INFO] Dashboard info requested by user_id=81e78254-85dc-464c-8aa4-455f9d9d47eb
2025-11-18 16:09:00 [DEBUG] Incoming dashboard params: date_time=2025-11-20, client_id=, pet_id=
2025-11-18 16:09:01 [INFO] Dashboard info built successfully for user 81e78254-85dc-464c-8aa4-455f9d9d47eb
2025-11-18 16:09:11 [INFO] Dashboard info requested by user_id=81e78254-85dc-464c-8aa4-455f9d9d47eb
2025-11-18 16:09:11 [DEBUG] Incoming dashboard params: date_time=2025-11-20, client_id=, pet_id=
2025-11-18 16:09:12 [INFO] Dashboard info built successfully for user 81e78254-85dc-464c-8aa4-455f9d9d47eb
2025-11-18 16:09:20 [INFO] Dashboard info requested by user_id=81e78254-85dc-464c-8aa4-455f9d9d47eb
2025-11-18 16:09:20 [DEBUG] Incoming dashboard params: date_time=2025-11-20, client_id=, pet_id=
2025-11-18 16:09:21 [INFO] Dashboard info built successfully for user 81e78254-85dc-464c-8aa4-455f9d9d47eb
2025-11-18 16:09:22 [INFO] Dashboard info requested by user_id=81e78254-85dc-464c-8aa4-455f9d9d47eb
2025-11-18 16:09:22 [DEBUG] Incoming dashboard params: date_time=2025-11-19, client_id=, pet_id=
2025-11-18 16:09:24 [INFO] Dashboard info built successfully for user 81e78254-85dc-464c-8aa4-455f9d9d47eb
2025-11-18 16:09:24 [INFO] Dashboard info requested by user_id=81e78254-85dc-464c-8aa4-455f9d9d47eb
2025-11-18 16:09:24 [DEBUG] Incoming dashboard params: date_time=2025-11-19, client_id=, pet_id=
2025-11-18 16:09:25 [INFO] Dashboard info built successfully for user 81e78254-85dc-464c-8aa4-455f9d9d47eb
2025-11-18 16:09:27 [INFO] Dashboard info requested by user_id=81e78254-85dc-464c-8aa4-455f9d9d47eb
2025-11-18 16:09:27 [DEBUG] Incoming dashboard params: date_time=2025-11-19, client_id=, pet_id=
2025-11-18 16:09:28 [INFO] Dashboard info built successfully for user 81e78254-85dc-464c-8aa4-455f9d9d47eb
2025-11-18 16:09:36 [INFO] Dashboard info requested by user_id=81e78254-85dc-464c-8aa4-455f9d9d47eb
2025-11-18 16:09:36 [DEBUG] Incoming dashboard params: date_time=2025-11-19, client_id=, pet_id=
2025-11-18 16:09:37 [INFO] Dashboard info built successfully for user 81e78254-85dc-464c-8aa4-455f9d9d47eb
2025-11-18 16:09:41 [INFO] Dashboard info requested by user_id=81e78254-85dc-464c-8aa4-455f9d9d47eb
2025-11-18 16:09:41 [DEBUG] Incoming dashboard params: date_time=2025-11-19, client_id=, pet_id=
2025-11-18 16:09:42 [INFO] Dashboard info built successfully for user 81e78254-85dc-464c-8aa4-455f9d9d47eb
2025-11-18 16:09:48 [INFO] Dashboard info requested by user_id=81e78254-85dc-464c-8aa4-455f9d9d47eb
2025-11-18 16:09:48 [DEBUG] Incoming dashboard params: date_time=2025-11-19, client_id=, pet_id=
2025-11-18 16:09:49 [INFO] Dashboard info built successfully for user 81e78254-85dc-464c-8aa4-455f9d9d47eb
2025-11-18 16:09:58 [INFO] Dashboard info requested by user_id=81e78254-85dc-464c-8aa4-455f9d9d47eb
2025-11-18 16:09:58 [DEBUG] Incoming dashboard params: date_time=2025-11-19, client_id=, pet_id=
2025-11-18 16:09:59 [INFO] Dashboard info built successfully for user 81e78254-85dc-464c-8aa4-455f9d9d47eb
2025-11-18 16:10:00 [INFO] Dashboard info requested by user_id=81e78254-85dc-464c-8aa4-455f9d9d47eb
2025-11-18 16:10:00 [DEBUG] Incoming dashboard params: date_time=2025-11-19, client_id=, pet_id=
2025-11-18 16:10:00 [INFO] Dashboard info built successfully for user 81e78254-85dc-464c-8aa4-455f9d9d47eb
2025-11-18 16:10:14 [INFO] Dashboard info requested by user_id=81e78254-85dc-464c-8aa4-455f9d9d47eb
2025-11-18 16:10:14 [DEBUG] Incoming dashboard params: date_time=2025-11-19, client_id=, pet_id=
2025-11-18 16:10:15 [INFO] Dashboard info built successfully for user 81e78254-85dc-464c-8aa4-455f9d9d47eb
2025-11-18 16:10:16 [INFO] Dashboard info requested by user_id=81e78254-85dc-464c-8aa4-455f9d9d47eb
2025-11-18 16:10:16 [DEBUG] Incoming dashboard params: date_time=2025-11-19, client_id=, pet_id=
2025-11-18 16:10:17 [INFO] Dashboard info built successfully for user 81e78254-85dc-464c-8aa4-455f9d9d47eb
2025-11-18 16:10:24 [INFO] Dashboard info requested by user_id=81e78254-85dc-464c-8aa4-455f9d9d47eb
2025-11-18 16:10:24 [DEBUG] Incoming dashboard params: date_time=2025-11-19, client_id=, pet_id=
2025-11-18 16:10:24 [INFO] Dashboard info built successfully for user 81e78254-85dc-464c-8aa4-455f9d9d47eb
2025-11-18 16:10:29 [INFO] Dashboard info requested by user_id=81e78254-85dc-464c-8aa4-455f9d9d47eb
2025-11-18 16:10:29 [DEBUG] Incoming dashboard params: date_time=2025-11-19, client_id=, pet_id=
2025-11-18 16:10:30 [INFO] Dashboard info built successfully for user 81e78254-85dc-464c-8aa4-455f9d9d47eb
2025-11-18 16:14:03 [INFO] Dashboard info requested by user_id=81e78254-85dc-464c-8aa4-455f9d9d47eb
2025-11-18 16:14:03 [DEBUG] Incoming dashboard params: date_time=2025-11-18, client_id=, pet_id=
2025-11-18 16:14:04 [INFO] Dashboard info built successfully for user 81e78254-85dc-464c-8aa4-455f9d9d47eb
2025-11-18 16:14:05 [INFO] Dashboard info requested by user_id=81e78254-85dc-464c-8aa4-455f9d9d47eb
2025-11-18 16:14:05 [DEBUG] Incoming dashboard params: date_time=2025-11-19, client_id=, pet_id=
2025-11-18 16:14:06 [INFO] Dashboard info built successfully for user 81e78254-85dc-464c-8aa4-455f9d9d47eb
2025-11-18 16:14:07 [INFO] Dashboard info requested by user_id=81e78254-85dc-464c-8aa4-455f9d9d47eb
2025-11-18 16:14:07 [DEBUG] Incoming dashboard params: date_time=2025-11-18, client_id=, pet_id=
2025-11-18 16:14:07 [INFO] Dashboard info built successfully for user 81e78254-85dc-464c-8aa4-455f9d9d47eb
2025-11-18 16:14:11 [INFO] Dashboard info requested by user_id=81e78254-85dc-464c-8aa4-455f9d9d47eb
2025-11-18 16:14:11 [DEBUG] Incoming dashboard params: date_time=2025-11-19, client_id=, pet_id=
2025-11-18 16:14:12 [INFO] Dashboard info built successfully for user 81e78254-85dc-464c-8aa4-455f9d9d47eb
2025-11-18 16:14:21 [INFO] Dashboard info requested by user_id=81e78254-85dc-464c-8aa4-455f9d9d47eb
2025-11-18 16:14:21 [DEBUG] Incoming dashboard params: date_time=2025-11-19, client_id=, pet_id=
2025-11-18 16:14:22 [INFO] Dashboard info built successfully for user 81e78254-85dc-464c-8aa4-455f9d9d47eb
2025-11-18 16:14:26 [INFO] Dashboard info requested by user_id=81e78254-85dc-464c-8aa4-455f9d9d47eb
2025-11-18 16:14:26 [DEBUG] Incoming dashboard params: date_time=2025-11-19, client_id=, pet_id=
2025-11-18 16:14:27 [INFO] Dashboard info built successfully for user 81e78254-85dc-464c-8aa4-455f9d9d47eb
2025-11-18 16:15:55 [INFO] Dashboard info requested by user_id=81e78254-85dc-464c-8aa4-455f9d9d47eb
2025-11-18 16:15:55 [DEBUG] Incoming dashboard params: date_time=2025-11-18, client_id=, pet_id=
2025-11-18 16:15:55 [INFO] Dashboard info built successfully for user 81e78254-85dc-464c-8aa4-455f9d9d47eb
2025-11-18 16:15:57 [INFO] Dashboard info requested by user_id=81e78254-85dc-464c-8aa4-455f9d9d47eb
2025-11-18 16:15:57 [DEBUG] Incoming dashboard params: date_time=2025-11-19, client_id=, pet_id=
2025-11-18 16:15:58 [INFO] Dashboard info built successfully for user 81e78254-85dc-464c-8aa4-455f9d9d47eb
2025-11-18 16:16:11 [INFO] Dashboard info requested by user_id=81e78254-85dc-464c-8aa4-455f9d9d47eb
2025-11-18 16:16:11 [DEBUG] Incoming dashboard params: date_time=2025-11-18, client_id=, pet_id=
2025-11-18 16:16:12 [INFO] Dashboard info built successfully for user 81e78254-85dc-464c-8aa4-455f9d9d47eb
2025-11-18 16:16:27 [INFO] Dashboard info requested by user_id=81e78254-85dc-464c-8aa4-455f9d9d47eb
2025-11-18 16:16:27 [DEBUG] Incoming dashboard params: date_time=2025-11-18, client_id=, pet_id=
2025-11-18 16:16:28 [INFO] Dashboard info built successfully for user 81e78254-85dc-464c-8aa4-455f9d9d47eb
2025-11-18 16:20:39 [INFO] Dashboard info requested by user_id=81e78254-85dc-464c-8aa4-455f9d9d47eb
2025-11-18 16:20:39 [DEBUG] Incoming dashboard params: date_time=2025-11-19, client_id=, pet_id=
2025-11-18 16:20:40 [INFO] Dashboard info built successfully for user 81e78254-85dc-464c-8aa4-455f9d9d47eb
2025-11-18 16:20:49 [INFO] Dashboard info requested by user_id=81e78254-85dc-464c-8aa4-455f9d9d47eb
2025-11-18 16:20:49 [DEBUG] Incoming dashboard params: date_time=2025-11-19, client_id=, pet_id=
2025-11-18 16:20:50 [INFO] Dashboard info built successfully for user 81e78254-85dc-464c-8aa4-455f9d9d47eb
2025-11-18 16:20:50 [INFO] Dashboard info requested by user_id=81e78254-85dc-464c-8aa4-455f9d9d47eb
2025-11-18 16:20:50 [DEBUG] Incoming dashboard params: date_time=2025-11-18, client_id=, pet_id=
2025-11-18 16:20:51 [INFO] Dashboard info built successfully for user 81e78254-85dc-464c-8aa4-455f9d9d47eb
2025-11-18 16:21:02 [INFO] Dashboard info requested by user_id=81e78254-85dc-464c-8aa4-455f9d9d47eb
2025-11-18 16:21:02 [DEBUG] Incoming dashboard params: date_time=2025-11-18, client_id=, pet_id=
2025-11-18 16:21:02 [INFO] Dashboard info built successfully for user 81e78254-85dc-464c-8aa4-455f9d9d47eb
2025-11-18 16:22:25 [INFO] Dashboard info requested by user_id=81e78254-85dc-464c-8aa4-455f9d9d47eb
2025-11-18 16:22:25 [DEBUG] Incoming dashboard params: date_time=2025-11-18, client_id=, pet_id=
2025-11-18 16:22:26 [INFO] Dashboard info built successfully for user 81e78254-85dc-464c-8aa4-455f9d9d47eb
2025-11-18 16:23:55 [INFO] Dashboard info requested by user_id=81e78254-85dc-464c-8aa4-455f9d9d47eb
2025-11-18 16:23:55 [DEBUG] Incoming dashboard params: date_time=2025-11-18, client_id=, pet_id=
2025-11-18 16:23:56 [INFO] Dashboard info built successfully for user 81e78254-85dc-464c-8aa4-455f9d9d47eb
2025-11-18 16:24:21 [INFO] Dashboard info requested by user_id=81e78254-85dc-464c-8aa4-455f9d9d47eb
2025-11-18 16:24:21 [DEBUG] Incoming dashboard params: date_time=2025-11-19, client_id=, pet_id=
2025-11-18 16:24:22 [INFO] Dashboard info built successfully for user 81e78254-85dc-464c-8aa4-455f9d9d47eb
2025-11-18 16:24:22 [INFO] Dashboard info requested by user_id=81e78254-85dc-464c-8aa4-455f9d9d47eb
2025-11-18 16:24:22 [DEBUG] Incoming dashboard params: date_time=2025-11-18, client_id=, pet_id=
2025-11-18 16:24:23 [INFO] Dashboard info built successfully for user 81e78254-85dc-464c-8aa4-455f9d9d47eb
2025-11-18 16:24:36 [INFO] Dashboard info requested by user_id=81e78254-85dc-464c-8aa4-455f9d9d47eb
2025-11-18 16:24:36 [DEBUG] Incoming dashboard params: date_time=2025-11-19, client_id=, pet_id=
2025-11-18 16:24:37 [INFO] Dashboard info built successfully for user 81e78254-85dc-464c-8aa4-455f9d9d47eb
2025-11-18 16:24:42 [INFO] Dashboard info requested by user_id=81e78254-85dc-464c-8aa4-455f9d9d47eb
2025-11-18 16:24:42 [DEBUG] Incoming dashboard params: date_time=2025-11-18, client_id=, pet_id=
2025-11-18 16:24:43 [INFO] Dashboard info built successfully for user 81e78254-85dc-464c-8aa4-455f9d9d47eb
2025-11-18 16:24:43 [INFO] Dashboard info requested by user_id=81e78254-85dc-464c-8aa4-455f9d9d47eb
2025-11-18 16:24:43 [DEBUG] Incoming dashboard params: date_time=2025-11-19, client_id=, pet_id=
2025-11-18 16:24:44 [INFO] Dashboard info built successfully for user 81e78254-85dc-464c-8aa4-455f9d9d47eb
2025-11-18 16:24:52 [INFO] Dashboard info requested by user_id=81e78254-85dc-464c-8aa4-455f9d9d47eb
2025-11-18 16:24:52 [DEBUG] Incoming dashboard params: date_time=2025-11-18, client_id=, pet_id=
2025-11-18 16:24:53 [INFO] Dashboard info built successfully for user 81e78254-85dc-464c-8aa4-455f9d9d47eb
2025-11-18 16:24:53 [INFO] Dashboard info requested by user_id=81e78254-85dc-464c-8aa4-455f9d9d47eb
2025-11-18 16:24:53 [DEBUG] Incoming dashboard params: date_time=2025-11-19, client_id=, pet_id=
2025-11-18 16:24:53 [INFO] Dashboard info built successfully for user 81e78254-85dc-464c-8aa4-455f9d9d47eb
2025-11-18 16:25:00 [INFO] Dashboard info requested by user_id=81e78254-85dc-464c-8aa4-455f9d9d47eb
2025-11-18 16:25:00 [DEBUG] Incoming dashboard params: date_time=2025-11-19, client_id=, pet_id=
2025-11-18 16:25:01 [INFO] Dashboard info built successfully for user 81e78254-85dc-464c-8aa4-455f9d9d47eb
2025-11-18 16:25:25 [INFO] Dashboard info requested by user_id=81e78254-85dc-464c-8aa4-455f9d9d47eb
2025-11-18 16:25:25 [DEBUG] Incoming dashboard params: date_time=2025-11-18, client_id=, pet_id=
2025-11-18 16:25:25 [INFO] Dashboard info built successfully for user 81e78254-85dc-464c-8aa4-455f9d9d47eb
2025-11-18 16:25:25 [INFO] Dashboard info requested by user_id=81e78254-85dc-464c-8aa4-455f9d9d47eb
2025-11-18 16:25:25 [DEBUG] Incoming dashboard params: date_time=2025-11-18, client_id=, pet_id=
2025-11-18 16:25:26 [INFO] Dashboard info built successfully for user 81e78254-85dc-464c-8aa4-455f9d9d47eb
2025-11-18 16:25:27 [INFO] Dashboard info requested by user_id=81e78254-85dc-464c-8aa4-455f9d9d47eb
2025-11-18 16:25:27 [DEBUG] Incoming dashboard params: date_time=2025-11-19, client_id=, pet_id=
2025-11-18 16:25:28 [INFO] Dashboard info built successfully for user 81e78254-85dc-464c-8aa4-455f9d9d47eb
2025-11-18 16:25:36 [INFO] Dashboard info requested by user_id=81e78254-85dc-464c-8aa4-455f9d9d47eb
2025-11-18 16:25:36 [DEBUG] Incoming dashboard params: date_time=2025-11-19, client_id=, pet_id=
2025-11-18 16:25:36 [INFO] Dashboard info built successfully for user 81e78254-85dc-464c-8aa4-455f9d9d47eb
2025-11-18 16:25:37 [INFO] Dashboard info requested by user_id=81e78254-85dc-464c-8aa4-455f9d9d47eb
2025-11-18 16:25:37 [DEBUG] Incoming dashboard params: date_time=2025-11-18, client_id=, pet_id=
2025-11-18 16:25:38 [INFO] Dashboard info built successfully for user 81e78254-85dc-464c-8aa4-455f9d9d47eb
2025-11-18 16:25:48 [INFO] Dashboard info requested by user_id=81e78254-85dc-464c-8aa4-455f9d9d47eb
2025-11-18 16:25:48 [DEBUG] Incoming dashboard params: date_time=2025-11-18, client_id=, pet_id=
2025-11-18 16:25:48 [INFO] Dashboard info built successfully for user 81e78254-85dc-464c-8aa4-455f9d9d47eb
2025-11-18 16:25:55 [INFO] Dashboard info requested by user_id=81e78254-85dc-464c-8aa4-455f9d9d47eb
2025-11-18 16:25:55 [DEBUG] Incoming dashboard params: date_time=2025-11-19, client_id=, pet_id=
2025-11-18 16:25:55 [INFO] Dashboard info built successfully for user 81e78254-85dc-464c-8aa4-455f9d9d47eb
2025-11-18 16:26:59 [INFO] Dashboard info requested by user_id=81e78254-85dc-464c-8aa4-455f9d9d47eb
2025-11-18 16:26:59 [DEBUG] Incoming dashboard params: date_time=2025-11-19, client_id=, pet_id=
2025-11-18 16:27:00 [INFO] Dashboard info built successfully for user 81e78254-85dc-464c-8aa4-455f9d9d47eb
2025-11-18 16:33:36 [INFO] Dashboard info requested by user_id=81e78254-85dc-464c-8aa4-455f9d9d47eb
2025-11-18 16:33:36 [DEBUG] Incoming dashboard params: date_time=2025-11-18, client_id=, pet_id=
2025-11-18 16:33:37 [INFO] Dashboard info built successfully for user 81e78254-85dc-464c-8aa4-455f9d9d47eb
2025-11-18 16:33:56 [INFO] Dashboard info requested by user_id=81e78254-85dc-464c-8aa4-455f9d9d47eb
2025-11-18 16:33:56 [DEBUG] Incoming dashboard params: date_time=2025-11-18, client_id=, pet_id=
2025-11-18 16:33:57 [INFO] Dashboard info built successfully for user 81e78254-85dc-464c-8aa4-455f9d9d47eb
2025-11-18 16:34:45 [INFO] Dashboard info requested by user_id=81e78254-85dc-464c-8aa4-455f9d9d47eb
2025-11-18 16:34:45 [DEBUG] Incoming dashboard params: date_time=2025-11-18, client_id=, pet_id=
2025-11-18 16:34:46 [INFO] Dashboard info built successfully for user 81e78254-85dc-464c-8aa4-455f9d9d47eb
2025-11-18 16:36:48 [INFO] Dashboard info requested by user_id=81e78254-85dc-464c-8aa4-455f9d9d47eb
2025-11-18 16:36:48 [DEBUG] Incoming dashboard params: date_time=2025-11-18, client_id=, pet_id=
2025-11-18 16:36:48 [INFO] Dashboard info built successfully for user 81e78254-85dc-464c-8aa4-455f9d9d47eb
2025-11-18 16:37:14 [INFO] Dashboard info requested by user_id=81e78254-85dc-464c-8aa4-455f9d9d47eb
2025-11-18 16:37:14 [DEBUG] Incoming dashboard params: date_time=2025-11-19, client_id=, pet_id=
2025-11-18 16:37:15 [INFO] Dashboard info built successfully for user 81e78254-85dc-464c-8aa4-455f9d9d47eb
2025-11-18 16:37:18 [INFO] Dashboard info requested by user_id=81e78254-85dc-464c-8aa4-455f9d9d47eb
2025-11-18 16:37:18 [DEBUG] Incoming dashboard params: date_time=2025-11-19, client_id=, pet_id=
2025-11-18 16:37:19 [INFO] Dashboard info built successfully for user 81e78254-85dc-464c-8aa4-455f9d9d47eb
2025-11-18 16:37:21 [INFO] Dashboard info requested by user_id=81e78254-85dc-464c-8aa4-455f9d9d47eb
2025-11-18 16:37:21 [DEBUG] Incoming dashboard params: date_time=2025-11-19, client_id=, pet_id=
2025-11-18 16:37:22 [INFO] Dashboard info built successfully for user 81e78254-85dc-464c-8aa4-455f9d9d47eb
2025-11-18 16:37:23 [INFO] Dashboard info requested by user_id=81e78254-85dc-464c-8aa4-455f9d9d47eb
2025-11-18 16:37:23 [DEBUG] Incoming dashboard params: date_time=2025-11-18, client_id=, pet_id=
2025-11-18 16:37:24 [INFO] Dashboard info built successfully for user 81e78254-85dc-464c-8aa4-455f9d9d47eb
2025-11-18 16:37:26 [INFO] Dashboard info requested by user_id=81e78254-85dc-464c-8aa4-455f9d9d47eb
2025-11-18 16:37:26 [DEBUG] Incoming dashboard params: date_time=2025-11-18, client_id=, pet_id=
2025-11-18 16:37:27 [INFO] Dashboard info built successfully for user 81e78254-85dc-464c-8aa4-455f9d9d47eb
2025-11-18 16:37:35 [INFO] Dashboard info requested by user_id=81e78254-85dc-464c-8aa4-455f9d9d47eb
2025-11-18 16:37:35 [DEBUG] Incoming dashboard params: date_time=2025-11-19, client_id=, pet_id=
2025-11-18 16:37:36 [INFO] Dashboard info built successfully for user 81e78254-85dc-464c-8aa4-455f9d9d47eb
2025-11-18 16:37:38 [INFO] Dashboard info requested by user_id=81e78254-85dc-464c-8aa4-455f9d9d47eb
2025-11-18 16:37:38 [DEBUG] Incoming dashboard params: date_time=2025-11-18, client_id=, pet_id=
2025-11-18 16:37:39 [INFO] Dashboard info built successfully for user 81e78254-85dc-464c-8aa4-455f9d9d47eb
2025-11-18 16:37:43 [INFO] Dashboard info requested by user_id=81e78254-85dc-464c-8aa4-455f9d9d47eb
2025-11-18 16:37:43 [DEBUG] Incoming dashboard params: date_time=2025-11-19, client_id=, pet_id=
2025-11-18 16:37:43 [INFO] Dashboard info built successfully for user 81e78254-85dc-464c-8aa4-455f9d9d47eb
2025-11-18 16:37:44 [INFO] Dashboard info requested by user_id=81e78254-85dc-464c-8aa4-455f9d9d47eb
2025-11-18 16:37:44 [DEBUG] Incoming dashboard params: date_time=2025-11-18, client_id=, pet_id=
2025-11-18 16:37:44 [INFO] Dashboard info built successfully for user 81e78254-85dc-464c-8aa4-455f9d9d47eb
2025-11-18 16:38:41 [INFO] Dashboard info requested by user_id=81e78254-85dc-464c-8aa4-455f9d9d47eb
2025-11-18 16:38:41 [DEBUG] Incoming dashboard params: date_time=2025-11-18, client_id=, pet_id=
2025-11-18 16:38:41 [INFO] Dashboard info built successfully for user 81e78254-85dc-464c-8aa4-455f9d9d47eb
2025-11-18 16:38:41 [INFO] Dashboard info requested by user_id=81e78254-85dc-464c-8aa4-455f9d9d47eb
2025-11-18 16:38:41 [DEBUG] Incoming dashboard params: date_time=2025-11-19, client_id=, pet_id=
2025-11-18 16:38:42 [INFO] Dashboard info built successfully for user 81e78254-85dc-464c-8aa4-455f9d9d47eb
2025-11-18 16:38:50 [INFO] Dashboard info requested by user_id=81e78254-85dc-464c-8aa4-455f9d9d47eb
2025-11-18 16:38:50 [DEBUG] Incoming dashboard params: date_time=2025-11-19, client_id=, pet_id=
2025-11-18 16:38:51 [INFO] Dashboard info built successfully for user 81e78254-85dc-464c-8aa4-455f9d9d47eb
2025-11-18 16:38:57 [INFO] Dashboard info requested by user_id=81e78254-85dc-464c-8aa4-455f9d9d47eb
2025-11-18 16:38:57 [DEBUG] Incoming dashboard params: date_time=2025-11-18, client_id=, pet_id=
2025-11-18 16:38:57 [INFO] Dashboard info built successfully for user 81e78254-85dc-464c-8aa4-455f9d9d47eb
2025-11-18 16:38:58 [INFO] Dashboard info requested by user_id=81e78254-85dc-464c-8aa4-455f9d9d47eb
2025-11-18 16:38:58 [DEBUG] Incoming dashboard params: date_time=2025-11-19, client_id=, pet_id=
2025-11-18 16:38:58 [INFO] Dashboard info built successfully for user 81e78254-85dc-464c-8aa4-455f9d9d47eb
2025-11-18 16:39:00 [INFO] Dashboard info requested by user_id=81e78254-85dc-464c-8aa4-455f9d9d47eb
2025-11-18 16:39:00 [DEBUG] Incoming dashboard params: date_time=2025-11-19, client_id=, pet_id=
2025-11-18 16:39:01 [INFO] Dashboard info built successfully for user 81e78254-85dc-464c-8aa4-455f9d9d47eb
2025-11-19 08:58:54 [INFO] Dashboard info requested by user_id=81e78254-85dc-464c-8aa4-455f9d9d47eb
2025-11-19 08:58:54 [DEBUG] Incoming dashboard params: date_time=2025-11-19, client_id=, pet_id=
2025-11-19 08:58:55 [INFO] Dashboard info built successfully for user 81e78254-85dc-464c-8aa4-455f9d9d47eb
2025-11-19 08:59:13 [INFO] Dashboard info requested by user_id=81e78254-85dc-464c-8aa4-455f9d9d47eb
2025-11-19 08:59:13 [DEBUG] Incoming dashboard params: date_time=2025-11-19, client_id=, pet_id=
2025-11-19 08:59:13 [INFO] Dashboard info built successfully for user 81e78254-85dc-464c-8aa4-455f9d9d47eb
2025-11-19 09:00:27 [INFO] Dashboard info requested by user_id=81e78254-85dc-464c-8aa4-455f9d9d47eb
2025-11-19 09:00:27 [DEBUG] Incoming dashboard params: date_time=2025-11-19, client_id=, pet_id=
2025-11-19 09:00:28 [INFO] Dashboard info built successfully for user 81e78254-85dc-464c-8aa4-455f9d9d47eb
2025-11-19 09:02:14 [INFO] Dashboard info requested by user_id=81e78254-85dc-464c-8aa4-455f9d9d47eb
2025-11-19 09:02:14 [DEBUG] Incoming dashboard params: date_time=2025-11-19, client_id=, pet_id=
2025-11-19 09:02:15 [INFO] Dashboard info built successfully for user 81e78254-85dc-464c-8aa4-455f9d9d47eb
2025-11-19 09:03:05 [INFO] Dashboard info requested by user_id=81e78254-85dc-464c-8aa4-455f9d9d47eb
2025-11-19 09:03:05 [DEBUG] Incoming dashboard params: date_time=2025-11-19, client_id=, pet_id=
2025-11-19 09:03:06 [INFO] Dashboard info built successfully for user 81e78254-85dc-464c-8aa4-455f9d9d47eb
2025-11-19 09:03:33 [INFO] Dashboard info requested by user_id=81e78254-85dc-464c-8aa4-455f9d9d47eb
2025-11-19 09:03:33 [DEBUG] Incoming dashboard params: date_time=2025-11-19, client_id=, pet_id=
2025-11-19 09:03:33 [INFO] Dashboard info built successfully for user 81e78254-85dc-464c-8aa4-455f9d9d47eb
2025-11-19 11:12:57 [INFO] Dashboard info requested by user_id=471e9752-bcd7-4b95-9391-e890a0b2e1e8
2025-11-19 11:12:57 [DEBUG] Incoming dashboard params: date_time=2025-11-19, client_id=, pet_id=
2025-11-19 11:12:59 [INFO] Dashboard info built successfully for user 471e9752-bcd7-4b95-9391-e890a0b2e1e8
2025-11-19 11:13:04 [INFO] Dashboard info requested by user_id=471e9752-bcd7-4b95-9391-e890a0b2e1e8
2025-11-19 11:13:04 [DEBUG] Incoming dashboard params: date_time=2025-11-19, client_id=, pet_id=
2025-11-19 11:13:05 [INFO] Dashboard info built successfully for user 471e9752-bcd7-4b95-9391-e890a0b2e1e8
2025-11-19 11:49:28 [INFO] Dashboard info requested by user_id=471e9752-bcd7-4b95-9391-e890a0b2e1e8
2025-11-19 11:49:28 [DEBUG] Incoming dashboard params: date_time=2025-11-19, client_id=, pet_id=
2025-11-19 11:49:28 [INFO] Dashboard info built successfully for user 471e9752-bcd7-4b95-9391-e890a0b2e1e8
2025-11-19 11:50:16 [INFO] Dashboard info requested by user_id=471e9752-bcd7-4b95-9391-e890a0b2e1e8
2025-11-19 11:50:16 [DEBUG] Incoming dashboard params: date_time=2025-11-19, client_id=, pet_id=
2025-11-19 11:50:17 [INFO] Dashboard info built successfully for user 471e9752-bcd7-4b95-9391-e890a0b2e1e8
2025-11-19 13:14:37 [INFO] Dashboard info requested by user_id=471e9752-bcd7-4b95-9391-e890a0b2e1e8
2025-11-19 13:14:37 [DEBUG] Incoming dashboard params: date_time=2025-11-19, client_id=, pet_id=
2025-11-19 13:14:38 [INFO] Dashboard info built successfully for user 471e9752-bcd7-4b95-9391-e890a0b2e1e8
2025-11-19 13:15:08 [INFO] Dashboard info requested by user_id=81e78254-85dc-464c-8aa4-455f9d9d47eb
2025-11-19 13:15:08 [DEBUG] Incoming dashboard params: date_time=2025-11-19, client_id=, pet_id=
2025-11-19 13:15:09 [INFO] Dashboard info built successfully for user 81e78254-85dc-464c-8aa4-455f9d9d47eb
2025-11-19 13:28:10 [INFO] Dashboard info requested by user_id=81e78254-85dc-464c-8aa4-455f9d9d47eb
2025-11-19 13:28:10 [DEBUG] Incoming dashboard params: date_time=2025-11-19, client_id=, pet_id=
2025-11-19 13:28:11 [INFO] Dashboard info built successfully for user 81e78254-85dc-464c-8aa4-455f9d9d47eb
2025-11-19 13:59:03 [INFO] Dashboard info requested by user_id=81e78254-85dc-464c-8aa4-455f9d9d47eb
2025-11-19 13:59:03 [DEBUG] Incoming dashboard params: date_time=2025-11-19, client_id=, pet_id=
2025-11-19 13:59:04 [INFO] Dashboard info built successfully for user 81e78254-85dc-464c-8aa4-455f9d9d47eb
2025-11-19 14:22:12 [INFO] Dashboard info requested by user_id=81e78254-85dc-464c-8aa4-455f9d9d47eb
2025-11-19 14:22:12 [DEBUG] Incoming dashboard params: date_time=2025-11-19, client_id=, pet_id=
2025-11-19 14:22:13 [INFO] Dashboard info built successfully for user 81e78254-85dc-464c-8aa4-455f9d9d47eb
2025-11-19 14:23:31 [INFO] Dashboard info requested by user_id=81e78254-85dc-464c-8aa4-455f9d9d47eb
2025-11-19 14:23:31 [DEBUG] Incoming dashboard params: date_time=2025-11-19, client_id=, pet_id=
2025-11-19 14:23:32 [INFO] Dashboard info built successfully for user 81e78254-85dc-464c-8aa4-455f9d9d47eb
2025-11-19 14:24:23 [INFO] Dashboard info requested by user_id=81e78254-85dc-464c-8aa4-455f9d9d47eb
2025-11-19 14:24:23 [DEBUG] Incoming dashboard params: date_time=2025-11-19, client_id=, pet_id=
2025-11-19 14:24:24 [INFO] Dashboard info built successfully for user 81e78254-85dc-464c-8aa4-455f9d9d47eb
2025-11-19 14:26:52 [INFO] Dashboard info requested by user_id=81e78254-85dc-464c-8aa4-455f9d9d47eb
2025-11-19 14:26:52 [DEBUG] Incoming dashboard params: date_time=2025-11-19, client_id=, pet_id=
2025-11-19 14:26:54 [INFO] Dashboard info built successfully for user 81e78254-85dc-464c-8aa4-455f9d9d47eb
2025-11-19 14:40:21 [INFO] Dashboard info requested by user_id=81e78254-85dc-464c-8aa4-455f9d9d47eb
2025-11-19 14:40:21 [DEBUG] Incoming dashboard params: date_time=2025-11-19, client_id=, pet_id=
2025-11-19 14:40:23 [INFO] Dashboard info built successfully for user 81e78254-85dc-464c-8aa4-455f9d9d47eb
2025-11-19 14:40:34 [INFO] Dashboard info requested by user_id=81e78254-85dc-464c-8aa4-455f9d9d47eb
2025-11-19 14:40:34 [DEBUG] Incoming dashboard params: date_time=2025-11-19, client_id=, pet_id=
2025-11-19 14:40:35 [INFO] Dashboard info built successfully for user 81e78254-85dc-464c-8aa4-455f9d9d47eb
2025-11-19 14:51:04 [INFO] Dashboard info requested by user_id=81e78254-85dc-464c-8aa4-455f9d9d47eb
2025-11-19 14:51:04 [DEBUG] Incoming dashboard params: date_time=2025-11-19, client_id=, pet_id=
2025-11-19 14:51:05 [INFO] Dashboard info built successfully for user 81e78254-85dc-464c-8aa4-455f9d9d47eb
2025-11-19 14:51:07 [INFO] Dashboard info requested by user_id=81e78254-85dc-464c-8aa4-455f9d9d47eb
2025-11-19 14:51:07 [DEBUG] Incoming dashboard params: date_time=2025-11-21, client_id=, pet_id=
2025-11-19 14:51:09 [INFO] Dashboard info built successfully for user 81e78254-85dc-464c-8aa4-455f9d9d47eb
2025-11-19 14:51:12 [INFO] Dashboard info requested by user_id=81e78254-85dc-464c-8aa4-455f9d9d47eb
2025-11-19 14:51:12 [DEBUG] Incoming dashboard params: date_time=2025-11-21, client_id=, pet_id=
2025-11-19 14:51:13 [INFO] Dashboard info built successfully for user 81e78254-85dc-464c-8aa4-455f9d9d47eb
2025-11-19 14:51:27 [INFO] Dashboard info requested by user_id=81e78254-85dc-464c-8aa4-455f9d9d47eb
2025-11-19 14:51:27 [DEBUG] Incoming dashboard params: date_time=2025-11-21, client_id=, pet_id=
2025-11-19 14:51:29 [INFO] Dashboard info built successfully for user 81e78254-85dc-464c-8aa4-455f9d9d47eb
2025-11-19 14:51:35 [INFO] Dashboard info requested by user_id=81e78254-85dc-464c-8aa4-455f9d9d47eb
2025-11-19 14:51:35 [DEBUG] Incoming dashboard params: date_time=2025-11-21, client_id=, pet_id=
2025-11-19 14:51:36 [INFO] Dashboard info built successfully for user 81e78254-85dc-464c-8aa4-455f9d9d47eb
2025-11-19 14:51:36 [INFO] Dashboard info requested by user_id=81e78254-85dc-464c-8aa4-455f9d9d47eb
2025-11-19 14:51:36 [DEBUG] Incoming dashboard params: date_time=2025-11-20, client_id=, pet_id=
2025-11-19 14:51:37 [INFO] Dashboard info built successfully for user 81e78254-85dc-464c-8aa4-455f9d9d47eb
2025-11-19 14:51:37 [INFO] Dashboard info requested by user_id=81e78254-85dc-464c-8aa4-455f9d9d47eb
2025-11-19 14:51:37 [DEBUG] Incoming dashboard params: date_time=2025-11-21, client_id=, pet_id=
2025-11-19 14:51:38 [INFO] Dashboard info built successfully for user 81e78254-85dc-464c-8aa4-455f9d9d47eb
2025-11-19 14:51:45 [INFO] Dashboard info requested by user_id=81e78254-85dc-464c-8aa4-455f9d9d47eb
2025-11-19 14:51:45 [DEBUG] Incoming dashboard params: date_time=2025-11-21, client_id=, pet_id=
2025-11-19 14:51:46 [INFO] Dashboard info built successfully for user 81e78254-85dc-464c-8aa4-455f9d9d47eb
2025-11-19 15:09:51 [INFO] Dashboard info requested by user_id=81e78254-85dc-464c-8aa4-455f9d9d47eb
2025-11-19 15:09:51 [DEBUG] Incoming dashboard params: date_time=2025-11-19, client_id=, pet_id=
2025-11-19 15:09:52 [INFO] Dashboard info built successfully for user 81e78254-85dc-464c-8aa4-455f9d9d47eb
2025-11-20 10:16:34 [INFO] Dashboard info requested by user_id=81e78254-85dc-464c-8aa4-455f9d9d47eb
2025-11-20 10:16:34 [DEBUG] Incoming dashboard params: date_time=2025-11-20, client_id=, pet_id=
2025-11-20 10:16:35 [INFO] Dashboard info built successfully for user 81e78254-85dc-464c-8aa4-455f9d9d47eb
2025-11-20 10:19:01 [INFO] Dashboard info requested by user_id=81e78254-85dc-464c-8aa4-455f9d9d47eb
2025-11-20 10:19:01 [DEBUG] Incoming dashboard params: date_time=2025-11-20, client_id=, pet_id=
2025-11-20 10:19:02 [INFO] Dashboard info built successfully for user 81e78254-85dc-464c-8aa4-455f9d9d47eb
2025-11-20 10:19:32 [INFO] Dashboard info requested by user_id=471e9752-bcd7-4b95-9391-e890a0b2e1e8
2025-11-20 10:19:32 [DEBUG] Incoming dashboard params: date_time=2025-11-20, client_id=, pet_id=
2025-11-20 10:19:32 [INFO] Dashboard info built successfully for user 471e9752-bcd7-4b95-9391-e890a0b2e1e8
2025-11-20 10:21:06 [INFO] Dashboard info requested by user_id=471e9752-bcd7-4b95-9391-e890a0b2e1e8
2025-11-20 10:21:06 [DEBUG] Incoming dashboard params: date_time=2025-11-20, client_id=, pet_id=
2025-11-20 10:21:06 [INFO] Dashboard info built successfully for user 471e9752-bcd7-4b95-9391-e890a0b2e1e8
2025-11-20 10:21:08 [INFO] Dashboard info requested by user_id=471e9752-bcd7-4b95-9391-e890a0b2e1e8
2025-11-20 10:21:08 [DEBUG] Incoming dashboard params: date_time=2025-11-20, client_id=, pet_id=
2025-11-20 10:21:09 [INFO] Dashboard info built successfully for user 471e9752-bcd7-4b95-9391-e890a0b2e1e8
2025-11-20 10:21:09 [INFO] Dashboard info requested by user_id=471e9752-bcd7-4b95-9391-e890a0b2e1e8
2025-11-20 10:21:09 [DEBUG] Incoming dashboard params: date_time=2025-11-20, client_id=, pet_id=
2025-11-20 10:21:10 [INFO] Dashboard info built successfully for user 471e9752-bcd7-4b95-9391-e890a0b2e1e8
2025-11-20 10:21:22 [INFO] Dashboard info requested by user_id=471e9752-bcd7-4b95-9391-e890a0b2e1e8
2025-11-20 10:21:22 [DEBUG] Incoming dashboard params: date_time=2025-11-20, client_id=, pet_id=
2025-11-20 10:21:23 [INFO] Dashboard info built successfully for user 471e9752-bcd7-4b95-9391-e890a0b2e1e8
2025-11-20 10:21:25 [INFO] Dashboard info requested by user_id=471e9752-bcd7-4b95-9391-e890a0b2e1e8
2025-11-20 10:21:25 [DEBUG] Incoming dashboard params: date_time=2025-11-20, client_id=, pet_id=
2025-11-20 10:21:25 [INFO] Dashboard info built successfully for user 471e9752-bcd7-4b95-9391-e890a0b2e1e8
2025-11-20 10:22:02 [INFO] Dashboard info requested by user_id=471e9752-bcd7-4b95-9391-e890a0b2e1e8
2025-11-20 10:22:02 [DEBUG] Incoming dashboard params: date_time=2025-11-20, client_id=, pet_id=
2025-11-20 10:22:03 [INFO] Dashboard info built successfully for user 471e9752-bcd7-4b95-9391-e890a0b2e1e8
2025-11-20 10:23:27 [INFO] Dashboard info requested by user_id=471e9752-bcd7-4b95-9391-e890a0b2e1e8
2025-11-20 10:23:27 [DEBUG] Incoming dashboard params: date_time=2025-11-20, client_id=, pet_id=
2025-11-20 10:23:28 [INFO] Dashboard info built successfully for user 471e9752-bcd7-4b95-9391-e890a0b2e1e8
2025-11-20 10:24:17 [INFO] Dashboard info requested by user_id=471e9752-bcd7-4b95-9391-e890a0b2e1e8
2025-11-20 10:24:17 [DEBUG] Incoming dashboard params: date_time=2025-11-20, client_id=, pet_id=
2025-11-20 10:24:18 [INFO] Dashboard info built successfully for user 471e9752-bcd7-4b95-9391-e890a0b2e1e8
2025-11-20 10:25:47 [INFO] Dashboard info requested by user_id=471e9752-bcd7-4b95-9391-e890a0b2e1e8
2025-11-20 10:25:47 [DEBUG] Incoming dashboard params: date_time=2025-11-20, client_id=, pet_id=
2025-11-20 10:25:47 [INFO] Dashboard info built successfully for user 471e9752-bcd7-4b95-9391-e890a0b2e1e8
2025-11-20 10:28:24 [INFO] Dashboard info requested by user_id=471e9752-bcd7-4b95-9391-e890a0b2e1e8
2025-11-20 10:28:24 [DEBUG] Incoming dashboard params: date_time=2025-11-20, client_id=, pet_id=
2025-11-20 10:28:25 [INFO] Dashboard info built successfully for user 471e9752-bcd7-4b95-9391-e890a0b2e1e8
2025-11-20 10:31:43 [INFO] Dashboard info requested by user_id=81e78254-85dc-464c-8aa4-455f9d9d47eb
2025-11-20 10:31:43 [DEBUG] Incoming dashboard params: date_time=2025-11-20, client_id=, pet_id=
2025-11-20 10:31:44 [INFO] Dashboard info built successfully for user 81e78254-85dc-464c-8aa4-455f9d9d47eb
2025-11-20 10:31:49 [INFO] Dashboard info requested by user_id=471e9752-bcd7-4b95-9391-e890a0b2e1e8
2025-11-20 10:31:49 [DEBUG] Incoming dashboard params: date_time=2025-11-20, client_id=, pet_id=
2025-11-20 10:31:50 [INFO] Dashboard info built successfully for user 471e9752-bcd7-4b95-9391-e890a0b2e1e8
2025-11-20 10:34:53 [INFO] Dashboard info requested by user_id=81e78254-85dc-464c-8aa4-455f9d9d47eb
2025-11-20 10:34:53 [DEBUG] Incoming dashboard params: date_time=2025-11-20, client_id=, pet_id=
2025-11-20 10:34:54 [INFO] Dashboard info built successfully for user 81e78254-85dc-464c-8aa4-455f9d9d47eb
2025-11-20 10:34:55 [INFO] Dashboard info requested by user_id=471e9752-bcd7-4b95-9391-e890a0b2e1e8
2025-11-20 10:34:55 [DEBUG] Incoming dashboard params: date_time=2025-11-20, client_id=, pet_id=
2025-11-20 10:34:55 [INFO] Dashboard info built successfully for user 471e9752-bcd7-4b95-9391-e890a0b2e1e8
2025-11-20 10:36:43 [INFO] Dashboard info requested by user_id=81e78254-85dc-464c-8aa4-455f9d9d47eb
2025-11-20 10:36:43 [DEBUG] Incoming dashboard params: date_time=2025-11-20, client_id=, pet_id=
2025-11-20 10:36:44 [INFO] Dashboard info built successfully for user 81e78254-85dc-464c-8aa4-455f9d9d47eb
2025-11-20 10:37:10 [INFO] Dashboard info requested by user_id=81e78254-85dc-464c-8aa4-455f9d9d47eb
2025-11-20 10:37:10 [DEBUG] Incoming dashboard params: date_time=2025-11-20, client_id=, pet_id=
2025-11-20 10:37:11 [INFO] Dashboard info built successfully for user 81e78254-85dc-464c-8aa4-455f9d9d47eb
2025-11-20 10:37:53 [INFO] Dashboard info requested by user_id=471e9752-bcd7-4b95-9391-e890a0b2e1e8
2025-11-20 10:37:53 [DEBUG] Incoming dashboard params: date_time=2025-11-20, client_id=, pet_id=
2025-11-20 10:37:53 [INFO] Dashboard info built successfully for user 471e9752-bcd7-4b95-9391-e890a0b2e1e8
2025-11-20 10:37:55 [INFO] Dashboard info requested by user_id=81e78254-85dc-464c-8aa4-455f9d9d47eb
2025-11-20 10:37:55 [DEBUG] Incoming dashboard params: date_time=2025-11-20, client_id=, pet_id=
2025-11-20 10:37:56 [INFO] Dashboard info built successfully for user 81e78254-85dc-464c-8aa4-455f9d9d47eb
2025-11-20 10:38:30 [INFO] Dashboard info requested by user_id=81e78254-85dc-464c-8aa4-455f9d9d47eb
2025-11-20 10:38:30 [DEBUG] Incoming dashboard params: date_time=2025-11-20, client_id=, pet_id=
2025-11-20 10:38:31 [INFO] Dashboard info built successfully for user 81e78254-85dc-464c-8aa4-455f9d9d47eb
2025-11-20 10:38:38 [INFO] Dashboard info requested by user_id=471e9752-bcd7-4b95-9391-e890a0b2e1e8
2025-11-20 10:38:38 [DEBUG] Incoming dashboard params: date_time=2025-11-20, client_id=, pet_id=
2025-11-20 10:38:38 [INFO] Dashboard info built successfully for user 471e9752-bcd7-4b95-9391-e890a0b2e1e8
2025-11-20 10:42:18 [INFO] Dashboard info requested by user_id=81e78254-85dc-464c-8aa4-455f9d9d47eb
2025-11-20 10:42:18 [DEBUG] Incoming dashboard params: date_time=2025-11-20, client_id=, pet_id=
2025-11-20 10:42:19 [INFO] Dashboard info built successfully for user 81e78254-85dc-464c-8aa4-455f9d9d47eb
2025-11-20 10:42:33 [INFO] Dashboard info requested by user_id=81e78254-85dc-464c-8aa4-455f9d9d47eb
2025-11-20 10:42:33 [DEBUG] Incoming dashboard params: date_time=2025-11-20, client_id=, pet_id=
2025-11-20 10:42:34 [INFO] Dashboard info built successfully for user 81e78254-85dc-464c-8aa4-455f9d9d47eb
2025-11-20 10:44:20 [INFO] Dashboard info requested by user_id=81e78254-85dc-464c-8aa4-455f9d9d47eb
2025-11-20 10:44:20 [DEBUG] Incoming dashboard params: date_time=2025-11-20, client_id=, pet_id=
2025-11-20 10:44:20 [INFO] Dashboard info built successfully for user 81e78254-85dc-464c-8aa4-455f9d9d47eb
2025-11-20 10:44:39 [INFO] Dashboard info requested by user_id=81e78254-85dc-464c-8aa4-455f9d9d47eb
2025-11-20 10:44:39 [DEBUG] Incoming dashboard params: date_time=2025-11-20, client_id=, pet_id=
2025-11-20 10:44:40 [INFO] Dashboard info built successfully for user 81e78254-85dc-464c-8aa4-455f9d9d47eb
2025-11-20 10:46:58 [INFO] Dashboard info requested by user_id=81e78254-85dc-464c-8aa4-455f9d9d47eb
2025-11-20 10:46:58 [DEBUG] Incoming dashboard params: date_time=2025-11-20, client_id=, pet_id=
2025-11-20 10:46:58 [INFO] Dashboard info built successfully for user 81e78254-85dc-464c-8aa4-455f9d9d47eb
2025-11-20 10:48:06 [INFO] Dashboard info requested by user_id=81e78254-85dc-464c-8aa4-455f9d9d47eb
2025-11-20 10:48:06 [DEBUG] Incoming dashboard params: date_time=2025-11-20, client_id=, pet_id=
2025-11-20 10:48:07 [INFO] Dashboard info built successfully for user 81e78254-85dc-464c-8aa4-455f9d9d47eb
2025-11-20 10:50:03 [INFO] Dashboard info requested by user_id=81e78254-85dc-464c-8aa4-455f9d9d47eb
2025-11-20 10:50:03 [DEBUG] Incoming dashboard params: date_time=2025-11-20, client_id=, pet_id=
2025-11-20 10:50:04 [INFO] Dashboard info built successfully for user 81e78254-85dc-464c-8aa4-455f9d9d47eb
2025-11-20 10:52:55 [INFO] Dashboard info requested by user_id=81e78254-85dc-464c-8aa4-455f9d9d47eb
2025-11-20 10:52:55 [DEBUG] Incoming dashboard params: date_time=2025-11-20, client_id=, pet_id=
2025-11-20 10:52:55 [INFO] Dashboard info built successfully for user 81e78254-85dc-464c-8aa4-455f9d9d47eb
2025-11-20 10:53:07 [INFO] Dashboard info requested by user_id=471e9752-bcd7-4b95-9391-e890a0b2e1e8
2025-11-20 10:53:07 [DEBUG] Incoming dashboard params: date_time=2025-11-20, client_id=, pet_id=
2025-11-20 10:53:08 [INFO] Dashboard info built successfully for user 471e9752-bcd7-4b95-9391-e890a0b2e1e8
2025-11-20 10:58:08 [INFO] Dashboard info requested by user_id=81e78254-85dc-464c-8aa4-455f9d9d47eb
2025-11-20 10:58:08 [DEBUG] Incoming dashboard params: date_time=2025-11-20, client_id=, pet_id=
2025-11-20 10:58:09 [INFO] Dashboard info built successfully for user 81e78254-85dc-464c-8aa4-455f9d9d47eb
2025-11-20 11:00:00 [INFO] Dashboard info requested by user_id=471e9752-bcd7-4b95-9391-e890a0b2e1e8
2025-11-20 11:00:00 [DEBUG] Incoming dashboard params: date_time=2025-11-20, client_id=, pet_id=
2025-11-20 11:00:00 [INFO] Dashboard info built successfully for user 471e9752-bcd7-4b95-9391-e890a0b2e1e8
2025-11-20 11:00:01 [INFO] Dashboard info requested by user_id=81e78254-85dc-464c-8aa4-455f9d9d47eb
2025-11-20 11:00:01 [DEBUG] Incoming dashboard params: date_time=2025-11-20, client_id=, pet_id=
2025-11-20 11:00:01 [INFO] Dashboard info built successfully for user 81e78254-85dc-464c-8aa4-455f9d9d47eb
2025-11-20 11:00:19 [INFO] Dashboard info requested by user_id=471e9752-bcd7-4b95-9391-e890a0b2e1e8
2025-11-20 11:00:19 [DEBUG] Incoming dashboard params: date_time=2025-11-20, client_id=, pet_id=
2025-11-20 11:00:20 [INFO] Dashboard info built successfully for user 471e9752-bcd7-4b95-9391-e890a0b2e1e8
2025-11-20 11:02:58 [INFO] Dashboard info requested by user_id=81e78254-85dc-464c-8aa4-455f9d9d47eb
2025-11-20 11:02:58 [DEBUG] Incoming dashboard params: date_time=2025-11-20, client_id=, pet_id=
2025-11-20 11:02:58 [INFO] Dashboard info built successfully for user 81e78254-85dc-464c-8aa4-455f9d9d47eb
2025-11-20 11:04:10 [INFO] Dashboard info requested by user_id=81e78254-85dc-464c-8aa4-455f9d9d47eb
2025-11-20 11:04:10 [DEBUG] Incoming dashboard params: date_time=2025-11-20, client_id=, pet_id=
2025-11-20 11:04:11 [INFO] Dashboard info built successfully for user 81e78254-85dc-464c-8aa4-455f9d9d47eb
2025-11-20 11:04:20 [INFO] Dashboard info requested by user_id=81e78254-85dc-464c-8aa4-455f9d9d47eb
2025-11-20 11:04:20 [DEBUG] Incoming dashboard params: date_time=2025-11-20, client_id=, pet_id=
2025-11-20 11:04:21 [INFO] Dashboard info built successfully for user 81e78254-85dc-464c-8aa4-455f9d9d47eb
2025-11-20 11:05:32 [INFO] Dashboard info requested by user_id=81e78254-85dc-464c-8aa4-455f9d9d47eb
2025-11-20 11:05:32 [DEBUG] Incoming dashboard params: date_time=2025-11-20, client_id=, pet_id=
2025-11-20 11:05:33 [INFO] Dashboard info built successfully for user 81e78254-85dc-464c-8aa4-455f9d9d47eb
2025-11-20 11:07:39 [INFO] Dashboard info requested by user_id=81e78254-85dc-464c-8aa4-455f9d9d47eb
2025-11-20 11:07:39 [DEBUG] Incoming dashboard params: date_time=2025-11-20, client_id=, pet_id=
2025-11-20 11:07:40 [INFO] Dashboard info built successfully for user 81e78254-85dc-464c-8aa4-455f9d9d47eb
2025-11-20 11:09:32 [INFO] Dashboard info requested by user_id=81e78254-85dc-464c-8aa4-455f9d9d47eb
2025-11-20 11:09:32 [DEBUG] Incoming dashboard params: date_time=2025-11-20, client_id=, pet_id=
2025-11-20 11:09:33 [INFO] Dashboard info built successfully for user 81e78254-85dc-464c-8aa4-455f9d9d47eb
2025-11-20 11:10:25 [INFO] Dashboard info requested by user_id=81e78254-85dc-464c-8aa4-455f9d9d47eb
2025-11-20 11:10:25 [DEBUG] Incoming dashboard params: date_time=2025-11-20, client_id=, pet_id=
2025-11-20 11:10:26 [INFO] Dashboard info built successfully for user 81e78254-85dc-464c-8aa4-455f9d9d47eb
2025-11-20 11:16:18 [INFO] Dashboard info requested by user_id=81e78254-85dc-464c-8aa4-455f9d9d47eb
2025-11-20 11:16:18 [DEBUG] Incoming dashboard params: date_time=2025-11-20, client_id=, pet_id=
2025-11-20 11:16:19 [INFO] Dashboard info built successfully for user 81e78254-85dc-464c-8aa4-455f9d9d47eb
2025-11-20 11:19:08 [INFO] Dashboard info requested by user_id=471e9752-bcd7-4b95-9391-e890a0b2e1e8
2025-11-20 11:19:09 [DEBUG] Incoming dashboard params: date_time=2025-11-20, client_id=, pet_id=
2025-11-20 11:19:10 [INFO] Dashboard info built successfully for user 471e9752-bcd7-4b95-9391-e890a0b2e1e8
2025-11-20 11:21:11 [INFO] Dashboard info requested by user_id=471e9752-bcd7-4b95-9391-e890a0b2e1e8
2025-11-20 11:21:11 [DEBUG] Incoming dashboard params: date_time=2025-11-20, client_id=, pet_id=
2025-11-20 11:21:12 [INFO] Dashboard info built successfully for user 471e9752-bcd7-4b95-9391-e890a0b2e1e8
2025-11-20 11:22:16 [INFO] Dashboard info requested by user_id=471e9752-bcd7-4b95-9391-e890a0b2e1e8
2025-11-20 11:22:16 [DEBUG] Incoming dashboard params: date_time=2025-11-20, client_id=, pet_id=
2025-11-20 11:22:16 [INFO] Dashboard info built successfully for user 471e9752-bcd7-4b95-9391-e890a0b2e1e8
2025-11-20 12:34:45 [INFO] Dashboard info requested by user_id=471e9752-bcd7-4b95-9391-e890a0b2e1e8
2025-11-20 12:34:45 [DEBUG] Incoming dashboard params: date_time=2025-11-20, client_id=, pet_id=
2025-11-20 12:34:46 [INFO] Dashboard info built successfully for user 471e9752-bcd7-4b95-9391-e890a0b2e1e8
2025-11-20 12:35:13 [INFO] Dashboard info requested by user_id=471e9752-bcd7-4b95-9391-e890a0b2e1e8
2025-11-20 12:35:13 [DEBUG] Incoming dashboard params: date_time=2025-11-20, client_id=, pet_id=
2025-11-20 12:35:13 [INFO] Dashboard info built successfully for user 471e9752-bcd7-4b95-9391-e890a0b2e1e8
2025-11-20 12:35:19 [INFO] Dashboard info requested by user_id=471e9752-bcd7-4b95-9391-e890a0b2e1e8
2025-11-20 12:35:19 [DEBUG] Incoming dashboard params: date_time=2025-11-20, client_id=, pet_id=
2025-11-20 12:35:19 [INFO] Dashboard info built successfully for user 471e9752-bcd7-4b95-9391-e890a0b2e1e8
2025-11-20 12:35:59 [INFO] Dashboard info requested by user_id=471e9752-bcd7-4b95-9391-e890a0b2e1e8
2025-11-20 12:35:59 [DEBUG] Incoming dashboard params: date_time=2025-11-20, client_id=, pet_id=
2025-11-20 12:36:00 [INFO] Dashboard info built successfully for user 471e9752-bcd7-4b95-9391-e890a0b2e1e8
2025-11-20 12:36:19 [INFO] Dashboard info requested by user_id=471e9752-bcd7-4b95-9391-e890a0b2e1e8
2025-11-20 12:36:19 [DEBUG] Incoming dashboard params: date_time=2025-11-20, client_id=, pet_id=
2025-11-20 12:36:20 [INFO] Dashboard info built successfully for user 471e9752-bcd7-4b95-9391-e890a0b2e1e8
2025-11-20 12:37:03 [INFO] Dashboard info requested by user_id=471e9752-bcd7-4b95-9391-e890a0b2e1e8
2025-11-20 12:37:03 [DEBUG] Incoming dashboard params: date_time=2025-11-20, client_id=, pet_id=
2025-11-20 12:37:04 [INFO] Dashboard info built successfully for user 471e9752-bcd7-4b95-9391-e890a0b2e1e8
2025-11-20 12:37:04 [INFO] Dashboard info requested by user_id=471e9752-bcd7-4b95-9391-e890a0b2e1e8
2025-11-20 12:37:04 [DEBUG] Incoming dashboard params: date_time=2025-11-20, client_id=, pet_id=
2025-11-20 12:37:05 [INFO] Dashboard info built successfully for user 471e9752-bcd7-4b95-9391-e890a0b2e1e8
2025-11-20 12:37:07 [INFO] Dashboard info requested by user_id=471e9752-bcd7-4b95-9391-e890a0b2e1e8
2025-11-20 12:37:07 [DEBUG] Incoming dashboard params: date_time=2025-11-20, client_id=, pet_id=
2025-11-20 12:37:08 [INFO] Dashboard info built successfully for user 471e9752-bcd7-4b95-9391-e890a0b2e1e8
2025-11-20 12:38:16 [INFO] Dashboard info requested by user_id=471e9752-bcd7-4b95-9391-e890a0b2e1e8
2025-11-20 12:38:16 [DEBUG] Incoming dashboard params: date_time=2025-11-20, client_id=, pet_id=
2025-11-20 12:38:16 [INFO] Dashboard info built successfully for user 471e9752-bcd7-4b95-9391-e890a0b2e1e8
2025-11-20 12:38:46 [INFO] Dashboard info requested by user_id=471e9752-bcd7-4b95-9391-e890a0b2e1e8
2025-11-20 12:38:46 [DEBUG] Incoming dashboard params: date_time=2025-11-20, client_id=, pet_id=
2025-11-20 12:38:47 [INFO] Dashboard info built successfully for user 471e9752-bcd7-4b95-9391-e890a0b2e1e8
2025-11-20 12:38:54 [INFO] Dashboard info requested by user_id=471e9752-bcd7-4b95-9391-e890a0b2e1e8
2025-11-20 12:38:54 [DEBUG] Incoming dashboard params: date_time=2025-11-20, client_id=, pet_id=
2025-11-20 12:38:54 [INFO] Dashboard info built successfully for user 471e9752-bcd7-4b95-9391-e890a0b2e1e8
2025-11-20 12:41:35 [INFO] Dashboard info requested by user_id=471e9752-bcd7-4b95-9391-e890a0b2e1e8
2025-11-20 12:41:35 [DEBUG] Incoming dashboard params: date_time=2025-11-20, client_id=, pet_id=
2025-11-20 12:41:36 [INFO] Dashboard info built successfully for user 471e9752-bcd7-4b95-9391-e890a0b2e1e8
2025-11-20 12:42:00 [INFO] Dashboard info requested by user_id=471e9752-bcd7-4b95-9391-e890a0b2e1e8
2025-11-20 12:42:00 [DEBUG] Incoming dashboard params: date_time=2025-11-20, client_id=, pet_id=
2025-11-20 12:42:01 [INFO] Dashboard info built successfully for user 471e9752-bcd7-4b95-9391-e890a0b2e1e8
2025-11-20 12:42:08 [INFO] Dashboard info requested by user_id=471e9752-bcd7-4b95-9391-e890a0b2e1e8
2025-11-20 12:42:08 [DEBUG] Incoming dashboard params: date_time=2025-11-20, client_id=, pet_id=
2025-11-20 12:42:09 [INFO] Dashboard info built successfully for user 471e9752-bcd7-4b95-9391-e890a0b2e1e8
2025-11-20 12:43:02 [INFO] Dashboard info requested by user_id=471e9752-bcd7-4b95-9391-e890a0b2e1e8
2025-11-20 12:43:02 [DEBUG] Incoming dashboard params: date_time=2025-11-20, client_id=, pet_id=
2025-11-20 12:43:02 [INFO] Dashboard info built successfully for user 471e9752-bcd7-4b95-9391-e890a0b2e1e8
2025-11-20 12:43:07 [INFO] Dashboard info requested by user_id=471e9752-bcd7-4b95-9391-e890a0b2e1e8
2025-11-20 12:43:07 [DEBUG] Incoming dashboard params: date_time=2025-11-20, client_id=, pet_id=
2025-11-20 12:43:07 [INFO] Dashboard info built successfully for user 471e9752-bcd7-4b95-9391-e890a0b2e1e8
2025-11-20 12:43:08 [INFO] Dashboard info requested by user_id=471e9752-bcd7-4b95-9391-e890a0b2e1e8
2025-11-20 12:43:08 [DEBUG] Incoming dashboard params: date_time=2025-11-20, client_id=, pet_id=
2025-11-20 12:43:08 [INFO] Dashboard info built successfully for user 471e9752-bcd7-4b95-9391-e890a0b2e1e8
2025-11-20 12:43:10 [INFO] Dashboard info requested by user_id=471e9752-bcd7-4b95-9391-e890a0b2e1e8
2025-11-20 12:43:10 [DEBUG] Incoming dashboard params: date_time=2025-11-20, client_id=, pet_id=
2025-11-20 12:43:10 [INFO] Dashboard info built successfully for user 471e9752-bcd7-4b95-9391-e890a0b2e1e8
2025-11-20 12:43:14 [INFO] Dashboard info requested by user_id=471e9752-bcd7-4b95-9391-e890a0b2e1e8
2025-11-20 12:43:14 [DEBUG] Incoming dashboard params: date_time=2025-11-20, client_id=, pet_id=
2025-11-20 12:43:15 [INFO] Dashboard info built successfully for user 471e9752-bcd7-4b95-9391-e890a0b2e1e8
2025-11-20 12:43:46 [INFO] Dashboard info requested by user_id=81e78254-85dc-464c-8aa4-455f9d9d47eb
2025-11-20 12:43:46 [DEBUG] Incoming dashboard params: date_time=2025-11-20, client_id=, pet_id=
2025-11-20 12:43:46 [INFO] Dashboard info built successfully for user 81e78254-85dc-464c-8aa4-455f9d9d47eb
2025-11-20 12:44:56 [INFO] Dashboard info requested by user_id=81e78254-85dc-464c-8aa4-455f9d9d47eb
2025-11-20 12:44:56 [DEBUG] Incoming dashboard params: date_time=2025-11-20, client_id=, pet_id=
2025-11-20 12:44:57 [INFO] Dashboard info built successfully for user 81e78254-85dc-464c-8aa4-455f9d9d47eb
2025-11-20 12:45:36 [INFO] Dashboard info requested by user_id=81e78254-85dc-464c-8aa4-455f9d9d47eb
2025-11-20 12:45:36 [DEBUG] Incoming dashboard params: date_time=2025-11-20, client_id=, pet_id=
2025-11-20 12:45:37 [INFO] Dashboard info built successfully for user 81e78254-85dc-464c-8aa4-455f9d9d47eb
2025-11-20 12:45:55 [INFO] Dashboard info requested by user_id=81e78254-85dc-464c-8aa4-455f9d9d47eb
2025-11-20 12:45:55 [DEBUG] Incoming dashboard params: date_time=2025-11-20, client_id=, pet_id=
2025-11-20 12:45:56 [INFO] Dashboard info built successfully for user 81e78254-85dc-464c-8aa4-455f9d9d47eb
2025-11-20 13:02:51 [INFO] Dashboard info requested by user_id=81e78254-85dc-464c-8aa4-455f9d9d47eb
2025-11-20 13:02:51 [DEBUG] Incoming dashboard params: date_time=2025-11-20, client_id=, pet_id=
2025-11-20 13:02:51 [INFO] Dashboard info built successfully for user 81e78254-85dc-464c-8aa4-455f9d9d47eb
2025-11-20 13:03:57 [INFO] Dashboard info requested by user_id=81e78254-85dc-464c-8aa4-455f9d9d47eb
2025-11-20 13:03:57 [DEBUG] Incoming dashboard params: date_time=2025-11-20, client_id=, pet_id=
2025-11-20 13:03:58 [INFO] Dashboard info built successfully for user 81e78254-85dc-464c-8aa4-455f9d9d47eb
2025-11-20 13:04:24 [INFO] Dashboard info requested by user_id=81e78254-85dc-464c-8aa4-455f9d9d47eb
2025-11-20 13:04:24 [DEBUG] Incoming dashboard params: date_time=2025-11-20, client_id=, pet_id=
2025-11-20 13:04:24 [INFO] Dashboard info built successfully for user 81e78254-85dc-464c-8aa4-455f9d9d47eb
2025-11-20 13:04:31 [INFO] Dashboard info requested by user_id=81e78254-85dc-464c-8aa4-455f9d9d47eb
2025-11-20 13:04:31 [DEBUG] Incoming dashboard params: date_time=2025-11-20, client_id=, pet_id=
2025-11-20 13:04:32 [INFO] Dashboard info built successfully for user 81e78254-85dc-464c-8aa4-455f9d9d47eb
2025-11-20 13:10:51 [INFO] Dashboard info requested by user_id=81e78254-85dc-464c-8aa4-455f9d9d47eb
2025-11-20 13:10:51 [DEBUG] Incoming dashboard params: date_time=2025-11-20, client_id=, pet_id=
2025-11-20 13:10:52 [INFO] Dashboard info built successfully for user 81e78254-85dc-464c-8aa4-455f9d9d47eb
2025-11-20 13:10:52 [INFO] Dashboard info requested by user_id=81e78254-85dc-464c-8aa4-455f9d9d47eb
2025-11-20 13:10:52 [DEBUG] Incoming dashboard params: date_time=2025-11-20, client_id=, pet_id=
2025-11-20 13:10:53 [INFO] Dashboard info built successfully for user 81e78254-85dc-464c-8aa4-455f9d9d47eb
2025-11-20 13:14:20 [INFO] Dashboard info requested by user_id=81e78254-85dc-464c-8aa4-455f9d9d47eb
2025-11-20 13:14:20 [DEBUG] Incoming dashboard params: date_time=2025-11-20, client_id=, pet_id=
2025-11-20 13:14:20 [INFO] Dashboard info built successfully for user 81e78254-85dc-464c-8aa4-455f9d9d47eb
2025-11-20 13:14:24 [INFO] Dashboard info requested by user_id=81e78254-85dc-464c-8aa4-455f9d9d47eb
2025-11-20 13:14:24 [DEBUG] Incoming dashboard params: date_time=2025-11-20, client_id=, pet_id=
2025-11-20 13:14:24 [INFO] Dashboard info built successfully for user 81e78254-85dc-464c-8aa4-455f9d9d47eb
2025-11-20 13:14:47 [INFO] Dashboard info requested by user_id=471e9752-bcd7-4b95-9391-e890a0b2e1e8
2025-11-20 13:14:47 [DEBUG] Incoming dashboard params: date_time=2025-11-20, client_id=, pet_id=
2025-11-20 13:14:47 [INFO] Dashboard info built successfully for user 471e9752-bcd7-4b95-9391-e890a0b2e1e8
2025-11-20 13:15:47 [INFO] Dashboard info requested by user_id=81e78254-85dc-464c-8aa4-455f9d9d47eb
2025-11-20 13:15:47 [DEBUG] Incoming dashboard params: date_time=2025-11-20, client_id=, pet_id=
2025-11-20 13:15:48 [INFO] Dashboard info built successfully for user 81e78254-85dc-464c-8aa4-455f9d9d47eb
2025-11-20 13:20:19 [INFO] Dashboard info requested by user_id=471e9752-bcd7-4b95-9391-e890a0b2e1e8
2025-11-20 13:20:19 [DEBUG] Incoming dashboard params: date_time=2025-11-20, client_id=, pet_id=
2025-11-20 13:20:20 [INFO] Dashboard info built successfully for user 471e9752-bcd7-4b95-9391-e890a0b2e1e8
2025-11-20 13:20:21 [INFO] Dashboard info requested by user_id=81e78254-85dc-464c-8aa4-455f9d9d47eb
2025-11-20 13:20:21 [DEBUG] Incoming dashboard params: date_time=2025-11-20, client_id=, pet_id=
2025-11-20 13:20:22 [INFO] Dashboard info built successfully for user 81e78254-85dc-464c-8aa4-455f9d9d47eb
2025-11-20 13:20:24 [INFO] Dashboard info requested by user_id=81e78254-85dc-464c-8aa4-455f9d9d47eb
2025-11-20 13:20:24 [DEBUG] Incoming dashboard params: date_time=2025-11-20, client_id=, pet_id=
2025-11-20 13:20:25 [INFO] Dashboard info built successfully for user 81e78254-85dc-464c-8aa4-455f9d9d47eb
2025-11-20 13:20:53 [INFO] Dashboard info requested by user_id=81e78254-85dc-464c-8aa4-455f9d9d47eb
2025-11-20 13:20:53 [DEBUG] Incoming dashboard params: date_time=2025-11-20, client_id=, pet_id=
2025-11-20 13:20:54 [INFO] Dashboard info built successfully for user 81e78254-85dc-464c-8aa4-455f9d9d47eb
2025-11-20 13:21:16 [INFO] Dashboard info requested by user_id=471e9752-bcd7-4b95-9391-e890a0b2e1e8
2025-11-20 13:21:16 [DEBUG] Incoming dashboard params: date_time=2025-11-20, client_id=, pet_id=
2025-11-20 13:21:16 [INFO] Dashboard info built successfully for user 471e9752-bcd7-4b95-9391-e890a0b2e1e8
2025-11-20 13:21:19 [INFO] Dashboard info requested by user_id=81e78254-85dc-464c-8aa4-455f9d9d47eb
2025-11-20 13:21:19 [DEBUG] Incoming dashboard params: date_time=2025-11-20, client_id=, pet_id=
2025-11-20 13:21:20 [INFO] Dashboard info built successfully for user 81e78254-85dc-464c-8aa4-455f9d9d47eb
2025-11-20 13:21:52 [INFO] Dashboard info requested by user_id=471e9752-bcd7-4b95-9391-e890a0b2e1e8
2025-11-20 13:21:52 [DEBUG] Incoming dashboard params: date_time=2025-11-20, client_id=, pet_id=
2025-11-20 13:21:53 [INFO] Dashboard info built successfully for user 471e9752-bcd7-4b95-9391-e890a0b2e1e8
2025-11-20 14:18:18 [INFO] Dashboard info requested by user_id=471e9752-bcd7-4b95-9391-e890a0b2e1e8
2025-11-20 14:18:18 [DEBUG] Incoming dashboard params: date_time=2025-11-20, client_id=, pet_id=
2025-11-20 14:18:19 [INFO] Dashboard info built successfully for user 471e9752-bcd7-4b95-9391-e890a0b2e1e8
2025-11-21 08:02:04 [INFO] Dashboard info requested by user_id=81e78254-85dc-464c-8aa4-455f9d9d47eb
2025-11-21 08:02:04 [DEBUG] Incoming dashboard params: date_time=2025-11-21, client_id=, pet_id=
2025-11-21 08:02:05 [INFO] Dashboard info built successfully for user 81e78254-85dc-464c-8aa4-455f9d9d47eb
2025-11-21 08:21:28 [INFO] Dashboard info requested by user_id=81e78254-85dc-464c-8aa4-455f9d9d47eb
2025-11-21 08:21:28 [DEBUG] Incoming dashboard params: date_time=2025-11-21, client_id=, pet_id=
2025-11-21 08:21:29 [INFO] Dashboard info built successfully for user 81e78254-85dc-464c-8aa4-455f9d9d47eb
2025-11-21 08:21:29 [INFO] Dashboard info requested by user_id=81e78254-85dc-464c-8aa4-455f9d9d47eb
2025-11-21 08:21:29 [DEBUG] Incoming dashboard params: date_time=2025-11-21, client_id=, pet_id=
2025-11-21 08:21:30 [INFO] Dashboard info built successfully for user 81e78254-85dc-464c-8aa4-455f9d9d47eb
2025-11-21 08:23:11 [INFO] Dashboard info requested by user_id=81e78254-85dc-464c-8aa4-455f9d9d47eb
2025-11-21 08:23:11 [DEBUG] Incoming dashboard params: date_time=2025-11-21, client_id=, pet_id=
2025-11-21 08:23:12 [INFO] Dashboard info built successfully for user 81e78254-85dc-464c-8aa4-455f9d9d47eb
2025-11-21 08:24:40 [INFO] Dashboard info requested by user_id=81e78254-85dc-464c-8aa4-455f9d9d47eb
2025-11-21 08:24:40 [DEBUG] Incoming dashboard params: date_time=2025-11-21, client_id=, pet_id=
2025-11-21 08:24:41 [INFO] Dashboard info built successfully for user 81e78254-85dc-464c-8aa4-455f9d9d47eb
2025-11-21 08:24:51 [INFO] Dashboard info requested by user_id=81e78254-85dc-464c-8aa4-455f9d9d47eb
2025-11-21 08:24:51 [DEBUG] Incoming dashboard params: date_time=2025-11-21, client_id=, pet_id=
2025-11-21 08:24:52 [INFO] Dashboard info built successfully for user 81e78254-85dc-464c-8aa4-455f9d9d47eb
2025-11-21 08:24:57 [INFO] Dashboard info requested by user_id=81e78254-85dc-464c-8aa4-455f9d9d47eb
2025-11-21 08:24:57 [DEBUG] Incoming dashboard params: date_time=2025-11-21, client_id=, pet_id=
2025-11-21 08:24:58 [INFO] Dashboard info built successfully for user 81e78254-85dc-464c-8aa4-455f9d9d47eb
2025-11-21 08:25:16 [INFO] Dashboard info requested by user_id=81e78254-85dc-464c-8aa4-455f9d9d47eb
2025-11-21 08:25:16 [DEBUG] Incoming dashboard params: date_time=2025-11-21, client_id=, pet_id=
2025-11-21 08:25:17 [INFO] Dashboard info built successfully for user 81e78254-85dc-464c-8aa4-455f9d9d47eb
2025-11-21 08:25:37 [INFO] Dashboard info requested by user_id=81e78254-85dc-464c-8aa4-455f9d9d47eb
2025-11-21 08:25:37 [DEBUG] Incoming dashboard params: date_time=2025-11-21, client_id=, pet_id=
2025-11-21 08:25:38 [INFO] Dashboard info built successfully for user 81e78254-85dc-464c-8aa4-455f9d9d47eb
2025-11-21 08:26:52 [INFO] Dashboard info requested by user_id=81e78254-85dc-464c-8aa4-455f9d9d47eb
2025-11-21 08:26:52 [DEBUG] Incoming dashboard params: date_time=2025-11-21, client_id=, pet_id=
2025-11-21 08:26:52 [INFO] Dashboard info built successfully for user 81e78254-85dc-464c-8aa4-455f9d9d47eb
2025-11-21 08:42:51 [INFO] Dashboard info requested by user_id=81e78254-85dc-464c-8aa4-455f9d9d47eb
2025-11-21 08:42:51 [DEBUG] Incoming dashboard params: date_time=2025-11-21, client_id=, pet_id=
2025-11-21 08:42:51 [INFO] Dashboard info built successfully for user 81e78254-85dc-464c-8aa4-455f9d9d47eb
2025-11-21 08:48:59 [INFO] Dashboard info requested by user_id=81e78254-85dc-464c-8aa4-455f9d9d47eb
2025-11-21 08:48:59 [DEBUG] Incoming dashboard params: date_time=2025-11-21, client_id=, pet_id=
2025-11-21 08:49:00 [INFO] Dashboard info built successfully for user 81e78254-85dc-464c-8aa4-455f9d9d47eb
2025-11-21 09:40:07 [INFO] Dashboard info requested by user_id=81e78254-85dc-464c-8aa4-455f9d9d47eb
2025-11-21 09:40:07 [DEBUG] Incoming dashboard params: date_time=2025-11-21, client_id=, pet_id=
2025-11-21 09:40:08 [INFO] Dashboard info built successfully for user 81e78254-85dc-464c-8aa4-455f9d9d47eb
2025-11-21 09:40:16 [INFO] Dashboard info requested by user_id=81e78254-85dc-464c-8aa4-455f9d9d47eb
2025-11-21 09:40:16 [DEBUG] Incoming dashboard params: date_time=2025-11-21, client_id=, pet_id=
2025-11-21 09:40:17 [INFO] Dashboard info built successfully for user 81e78254-85dc-464c-8aa4-455f9d9d47eb
2025-11-21 09:40:18 [INFO] Dashboard info requested by user_id=81e78254-85dc-464c-8aa4-455f9d9d47eb
2025-11-21 09:40:18 [DEBUG] Incoming dashboard params: date_time=2025-11-19, client_id=, pet_id=
2025-11-21 09:40:19 [INFO] Dashboard info built successfully for user 81e78254-85dc-464c-8aa4-455f9d9d47eb
2025-11-21 09:40:21 [INFO] Dashboard info requested by user_id=81e78254-85dc-464c-8aa4-455f9d9d47eb
2025-11-21 09:40:21 [DEBUG] Incoming dashboard params: date_time=2025-11-20, client_id=, pet_id=
2025-11-21 09:40:21 [INFO] Dashboard info built successfully for user 81e78254-85dc-464c-8aa4-455f9d9d47eb
2025-11-21 09:40:26 [INFO] Dashboard info requested by user_id=81e78254-85dc-464c-8aa4-455f9d9d47eb
2025-11-21 09:40:26 [DEBUG] Incoming dashboard params: date_time=2025-11-21, client_id=, pet_id=
2025-11-21 09:40:27 [INFO] Dashboard info built successfully for user 81e78254-85dc-464c-8aa4-455f9d9d47eb
2025-11-21 09:40:40 [INFO] Dashboard info requested by user_id=81e78254-85dc-464c-8aa4-455f9d9d47eb
2025-11-21 09:40:40 [DEBUG] Incoming dashboard params: date_time=2025-11-21, client_id=, pet_id=
2025-11-21 09:40:41 [INFO] Dashboard info built successfully for user 81e78254-85dc-464c-8aa4-455f9d9d47eb
2025-11-21 09:40:41 [INFO] Dashboard info requested by user_id=81e78254-85dc-464c-8aa4-455f9d9d47eb
2025-11-21 09:40:41 [DEBUG] Incoming dashboard params: date_time=2025-11-21, client_id=, pet_id=
2025-11-21 09:40:42 [INFO] Dashboard info built successfully for user 81e78254-85dc-464c-8aa4-455f9d9d47eb
2025-11-21 09:41:47 [INFO] Dashboard info requested by user_id=81e78254-85dc-464c-8aa4-455f9d9d47eb
2025-11-21 09:41:47 [DEBUG] Incoming dashboard params: date_time=2025-11-21, client_id=, pet_id=
2025-11-21 09:41:48 [INFO] Dashboard info built successfully for user 81e78254-85dc-464c-8aa4-455f9d9d47eb
2025-11-21 09:42:39 [INFO] Dashboard info requested by user_id=81e78254-85dc-464c-8aa4-455f9d9d47eb
2025-11-21 09:42:39 [DEBUG] Incoming dashboard params: date_time=2025-11-21, client_id=, pet_id=
2025-11-21 09:42:40 [INFO] Dashboard info built successfully for user 81e78254-85dc-464c-8aa4-455f9d9d47eb
2025-11-21 09:49:54 [INFO] Dashboard info requested by user_id=81e78254-85dc-464c-8aa4-455f9d9d47eb
2025-11-21 09:49:54 [DEBUG] Incoming dashboard params: date_time=2025-11-21, client_id=, pet_id=
2025-11-21 09:49:55 [INFO] Dashboard info built successfully for user 81e78254-85dc-464c-8aa4-455f9d9d47eb
2025-11-21 09:51:44 [INFO] Dashboard info requested by user_id=81e78254-85dc-464c-8aa4-455f9d9d47eb
2025-11-21 09:51:44 [DEBUG] Incoming dashboard params: date_time=2025-11-21, client_id=, pet_id=
2025-11-21 09:51:45 [INFO] Dashboard info built successfully for user 81e78254-85dc-464c-8aa4-455f9d9d47eb
2025-11-21 09:51:47 [INFO] Dashboard info requested by user_id=81e78254-85dc-464c-8aa4-455f9d9d47eb
2025-11-21 09:51:47 [DEBUG] Incoming dashboard params: date_time=2025-11-21, client_id=, pet_id=
2025-11-21 09:51:48 [INFO] Dashboard info built successfully for user 81e78254-85dc-464c-8aa4-455f9d9d47eb
2025-11-21 09:51:48 [INFO] Dashboard info requested by user_id=81e78254-85dc-464c-8aa4-455f9d9d47eb
2025-11-21 09:51:48 [DEBUG] Incoming dashboard params: date_time=2025-11-21, client_id=, pet_id=
2025-11-21 09:51:49 [INFO] Dashboard info built successfully for user 81e78254-85dc-464c-8aa4-455f9d9d47eb
2025-11-21 09:53:49 [INFO] Dashboard info requested by user_id=81e78254-85dc-464c-8aa4-455f9d9d47eb
2025-11-21 09:53:49 [DEBUG] Incoming dashboard params: date_time=2025-11-21, client_id=, pet_id=
2025-11-21 09:53:49 [INFO] Dashboard info built successfully for user 81e78254-85dc-464c-8aa4-455f9d9d47eb
2025-11-21 09:57:16 [INFO] Dashboard info requested by user_id=81e78254-85dc-464c-8aa4-455f9d9d47eb
2025-11-21 09:57:16 [DEBUG] Incoming dashboard params: date_time=2025-11-21, client_id=, pet_id=
2025-11-21 09:57:17 [INFO] Dashboard info built successfully for user 81e78254-85dc-464c-8aa4-455f9d9d47eb
2025-11-21 10:43:39 [INFO] Dashboard info requested by user_id=81e78254-85dc-464c-8aa4-455f9d9d47eb
2025-11-21 10:43:39 [DEBUG] Incoming dashboard params: date_time=2025-11-21, client_id=, pet_id=
2025-11-21 10:43:41 [INFO] Dashboard info built successfully for user 81e78254-85dc-464c-8aa4-455f9d9d47eb
2025-11-21 11:07:25 [INFO] Dashboard info requested by user_id=81e78254-85dc-464c-8aa4-455f9d9d47eb
2025-11-21 11:07:25 [DEBUG] Incoming dashboard params: date_time=2025-11-21, client_id=, pet_id=
2025-11-21 11:07:26 [INFO] Dashboard info built successfully for user 81e78254-85dc-464c-8aa4-455f9d9d47eb
2025-11-21 11:27:00 [INFO] Dashboard info requested by user_id=81e78254-85dc-464c-8aa4-455f9d9d47eb
2025-11-21 11:27:00 [DEBUG] Incoming dashboard params: date_time=2025-11-21, client_id=, pet_id=
2025-11-21 11:27:01 [INFO] Dashboard info built successfully for user 81e78254-85dc-464c-8aa4-455f9d9d47eb
2025-11-21 11:38:40 [INFO] Dashboard info requested by user_id=81e78254-85dc-464c-8aa4-455f9d9d47eb
2025-11-21 11:38:40 [DEBUG] Incoming dashboard params: date_time=2025-11-21, client_id=, pet_id=
2025-11-21 11:38:41 [INFO] Dashboard info built successfully for user 81e78254-85dc-464c-8aa4-455f9d9d47eb
2025-11-21 11:38:53 [INFO] Dashboard info requested by user_id=81e78254-85dc-464c-8aa4-455f9d9d47eb
2025-11-21 11:38:53 [DEBUG] Incoming dashboard params: date_time=2025-11-21, client_id=, pet_id=
2025-11-21 11:38:54 [INFO] Dashboard info built successfully for user 81e78254-85dc-464c-8aa4-455f9d9d47eb
2025-11-21 11:40:42 [INFO] Dashboard info requested by user_id=81e78254-85dc-464c-8aa4-455f9d9d47eb
2025-11-21 11:40:42 [DEBUG] Incoming dashboard params: date_time=2025-11-21, client_id=, pet_id=
2025-11-21 11:40:43 [INFO] Dashboard info built successfully for user 81e78254-85dc-464c-8aa4-455f9d9d47eb
2025-11-21 11:42:04 [INFO] Dashboard info requested by user_id=81e78254-85dc-464c-8aa4-455f9d9d47eb
2025-11-21 11:42:04 [DEBUG] Incoming dashboard params: date_time=2025-11-21, client_id=, pet_id=
2025-11-21 11:42:05 [INFO] Dashboard info built successfully for user 81e78254-85dc-464c-8aa4-455f9d9d47eb
2025-11-21 11:43:19 [INFO] Dashboard info requested by user_id=81e78254-85dc-464c-8aa4-455f9d9d47eb
2025-11-21 11:43:19 [DEBUG] Incoming dashboard params: date_time=2025-11-21, client_id=, pet_id=
2025-11-21 11:43:23 [INFO] Dashboard info built successfully for user 81e78254-85dc-464c-8aa4-455f9d9d47eb
2025-11-21 11:43:25 [INFO] Dashboard info requested by user_id=81e78254-85dc-464c-8aa4-455f9d9d47eb
2025-11-21 11:43:25 [DEBUG] Incoming dashboard params: date_time=2025-11-21, client_id=, pet_id=
2025-11-21 11:43:27 [INFO] Dashboard info built successfully for user 81e78254-85dc-464c-8aa4-455f9d9d47eb
2025-11-21 11:50:16 [INFO] Dashboard info requested by user_id=81e78254-85dc-464c-8aa4-455f9d9d47eb
2025-11-21 11:50:16 [DEBUG] Incoming dashboard params: date_time=2025-11-21, client_id=, pet_id=
2025-11-21 11:50:17 [INFO] Dashboard info built successfully for user 81e78254-85dc-464c-8aa4-455f9d9d47eb
2025-11-21 11:50:32 [INFO] Dashboard info requested by user_id=81e78254-85dc-464c-8aa4-455f9d9d47eb
2025-11-21 11:50:32 [DEBUG] Incoming dashboard params: date_time=2025-11-21, client_id=, pet_id=
2025-11-21 11:50:33 [INFO] Dashboard info built successfully for user 81e78254-85dc-464c-8aa4-455f9d9d47eb
2025-11-21 12:16:28 [INFO] Dashboard info requested by user_id=81e78254-85dc-464c-8aa4-455f9d9d47eb
2025-11-21 12:16:28 [DEBUG] Incoming dashboard params: date_time=2025-11-21, client_id=, pet_id=
2025-11-21 12:16:31 [INFO] Dashboard info built successfully for user 81e78254-85dc-464c-8aa4-455f9d9d47eb
2025-11-21 12:17:28 [INFO] Dashboard info requested by user_id=81e78254-85dc-464c-8aa4-455f9d9d47eb
2025-11-21 12:17:28 [DEBUG] Incoming dashboard params: date_time=2025-11-21, client_id=, pet_id=
2025-11-21 12:17:31 [INFO] Dashboard info built successfully for user 81e78254-85dc-464c-8aa4-455f9d9d47eb
2025-11-21 12:40:52 [INFO] Dashboard info requested by user_id=81e78254-85dc-464c-8aa4-455f9d9d47eb
2025-11-21 12:40:52 [DEBUG] Incoming dashboard params: date_time=2025-11-21, client_id=, pet_id=
2025-11-21 12:40:53 [INFO] Dashboard info built successfully for user 81e78254-85dc-464c-8aa4-455f9d9d47eb
2025-11-21 12:48:16 [INFO] Dashboard info requested by user_id=81e78254-85dc-464c-8aa4-455f9d9d47eb
2025-11-21 12:48:16 [DEBUG] Incoming dashboard params: date_time=2025-11-21, client_id=, pet_id=
2025-11-21 12:48:18 [INFO] Dashboard info built successfully for user 81e78254-85dc-464c-8aa4-455f9d9d47eb
2025-11-21 12:48:18 [INFO] Dashboard info requested by user_id=81e78254-85dc-464c-8aa4-455f9d9d47eb
2025-11-21 12:48:18 [DEBUG] Incoming dashboard params: date_time=2025-11-21, client_id=, pet_id=
2025-11-21 12:48:19 [INFO] Dashboard info built successfully for user 81e78254-85dc-464c-8aa4-455f9d9d47eb
2025-11-21 12:48:23 [INFO] Dashboard info requested by user_id=81e78254-85dc-464c-8aa4-455f9d9d47eb
2025-11-21 12:48:23 [DEBUG] Incoming dashboard params: date_time=2025-11-21, client_id=, pet_id=
2025-11-21 12:48:24 [INFO] Dashboard info built successfully for user 81e78254-85dc-464c-8aa4-455f9d9d47eb
2025-11-21 12:48:24 [INFO] Dashboard info requested by user_id=81e78254-85dc-464c-8aa4-455f9d9d47eb
2025-11-21 12:48:24 [DEBUG] Incoming dashboard params: date_time=2025-11-20, client_id=, pet_id=
2025-11-21 12:48:25 [INFO] Dashboard info built successfully for user 81e78254-85dc-464c-8aa4-455f9d9d47eb
2025-11-21 12:48:25 [INFO] Dashboard info requested by user_id=81e78254-85dc-464c-8aa4-455f9d9d47eb
2025-11-21 12:48:25 [DEBUG] Incoming dashboard params: date_time=2025-11-20, client_id=, pet_id=
2025-11-21 12:48:27 [INFO] Dashboard info built successfully for user 81e78254-85dc-464c-8aa4-455f9d9d47eb
2025-11-21 12:48:27 [INFO] Dashboard info requested by user_id=81e78254-85dc-464c-8aa4-455f9d9d47eb
2025-11-21 12:48:27 [DEBUG] Incoming dashboard params: date_time=2025-11-19, client_id=, pet_id=
2025-11-21 12:48:28 [INFO] Dashboard info built successfully for user 81e78254-85dc-464c-8aa4-455f9d9d47eb
2025-11-21 12:48:28 [INFO] Dashboard info requested by user_id=81e78254-85dc-464c-8aa4-455f9d9d47eb
2025-11-21 12:48:28 [DEBUG] Incoming dashboard params: date_time=2025-11-19, client_id=, pet_id=
2025-11-21 12:48:29 [INFO] Dashboard info built successfully for user 81e78254-85dc-464c-8aa4-455f9d9d47eb
2025-11-21 12:48:54 [INFO] Dashboard info requested by user_id=81e78254-85dc-464c-8aa4-455f9d9d47eb
2025-11-21 12:48:54 [DEBUG] Incoming dashboard params: date_time=2025-11-19, client_id=, pet_id=
2025-11-21 12:48:55 [INFO] Dashboard info built successfully for user 81e78254-85dc-464c-8aa4-455f9d9d47eb
2025-11-21 12:49:19 [INFO] Dashboard info requested by user_id=81e78254-85dc-464c-8aa4-455f9d9d47eb
2025-11-21 12:49:19 [DEBUG] Incoming dashboard params: date_time=2025-11-19, client_id=, pet_id=
2025-11-21 12:49:20 [INFO] Dashboard info built successfully for user 81e78254-85dc-464c-8aa4-455f9d9d47eb
2025-11-21 12:49:26 [INFO] Dashboard info requested by user_id=81e78254-85dc-464c-8aa4-455f9d9d47eb
2025-11-21 12:49:26 [DEBUG] Incoming dashboard params: date_time=2025-11-19, client_id=, pet_id=
2025-11-21 12:49:27 [INFO] Dashboard info built successfully for user 81e78254-85dc-464c-8aa4-455f9d9d47eb
