2025-11-04 09:37:02,138 [DEBUG] /etc/localtime found
2025-11-04 09:37:02,139 [DEBUG] 1 found:
 {'/etc/localtime is a symlink to': 'Europe/London'}
2025-11-04 09:37:02,166 [INFO] Scheduler started
2025-11-04 09:37:02,166 [DEBUG] Looking for jobs to run
2025-11-04 09:37:02,166 [DEBUG] No jobs; waiting until a job is added
2025-11-04 09:40:52,189 [INFO] message='Request to Stripe api' method=get url=https://api.stripe.com/v1/subscriptions/sub_1OkVEMIdMMgqrK9P9nLNiDAM
2025-11-04 09:40:52,189 [DEBUG] api_version=2025-07-30.basil message='Post details' post_data=
2025-11-04 09:40:52,191 [DEBUG] Starting new HTTPS connection (1): api.stripe.com:443
2025-11-04 09:40:52,563 [DEBUG] https://api.stripe.com:443 "GET /v1/subscriptions/sub_1OkVEMIdMMgqrK9P9nLNiDAM HTTP/1.1" 200 4591
2025-11-04 09:40:52,563 [INFO] message='Stripe API response' path=https://api.stripe.com/v1/subscriptions/sub_1OkVEMIdMMgqrK9P9nLNiDAM response_code=200
2025-11-04 09:40:52,563 [DEBUG] body='{\n  "id": "sub_1OkVEMIdMMgqrK9P9nLNiDAM",\n  "object": "subscription",\n  "application": null,\n  "application_fee_percent": null,\n  "automatic_tax": {\n    "disabled_reason": null,\n    "enabled": true,\n    "liability": {\n      "type": "self"\n    }\n  },\n  "billing_cycle_anchor": 1708104586,\n  "billing_cycle_anchor_config": null,\n  "billing_mode": {\n    "flexible": null,\n    "type": "classic"\n  },\n  "billing_thresholds": null,\n  "cancel_at": null,\n  "cancel_at_period_end": false,\n  "canceled_at": null,\n  "cancellation_details": {\n    "comment": null,\n    "feedback": null,\n    "reason": null\n  },\n  "collection_method": "charge_automatically",\n  "created": 1708104586,\n  "currency": "gbp",\n  "customer": "cus_PZeX087WaJnC29",\n  "days_until_due": null,\n  "default_payment_method": "pm_1OkVELIdMMgqrK9PablGoWGz",\n  "default_source": null,\n  "default_tax_rates": [],\n  "description": null,\n  "discounts": [],\n  "ended_at": null,\n  "invoice_settings": {\n    "account_tax_ids": null,\n    "issuer": {\n      "type": "self"\n    }\n  },\n  "items": {\n    "object": "list",\n    "data": [\n      {\n        "id": "si_PZeXwKEBXVmNMh",\n        "object": "subscription_item",\n        "billing_thresholds": null,\n        "created": 1708104586,\n        "current_period_end": 1763314186,\n        "current_period_start": 1760635786,\n        "discounts": [],\n        "metadata": {},\n        "plan": {\n          "id": "price_1MYVUbIdMMgqrK9PkNLjlrOZ",\n          "object": "plan",\n          "active": true,\n          "amount": 3000,\n          "amount_decimal": "3000",\n          "billing_scheme": "per_unit",\n          "created": 1675692985,\n          "currency": "gbp",\n          "interval": "month",\n          "interval_count": 1,\n          "livemode": true,\n          "metadata": {},\n          "meter": null,\n          "nickname": null,\n          "product": "prod_NJ7kpOY8DpuKOu",\n          "tiers_mode": null,\n          "transform_usage": null,\n          "trial_period_days": null,\n          "usage_type": "licensed"\n        },\n        "price": {\n          "id": "price_1MYVUbIdMMgqrK9PkNLjlrOZ",\n          "object": "price",\n          "active": true,\n          "billing_scheme": "per_unit",\n          "created": 1675692985,\n          "currency": "gbp",\n          "custom_unit_amount": null,\n          "livemode": true,\n          "lookup_key": null,\n          "metadata": {},\n          "nickname": null,\n          "product": "prod_NJ7kpOY8DpuKOu",\n          "recurring": {\n            "interval": "month",\n            "interval_count": 1,\n            "meter": null,\n            "trial_period_days": null,\n            "usage_type": "licensed"\n          },\n          "tax_behavior": "inclusive",\n          "tiers_mode": null,\n          "transform_quantity": null,\n          "type": "recurring",\n          "unit_amount": 3000,\n          "unit_amount_decimal": "3000"\n        },\n        "quantity": 1,\n        "subscription": "sub_1OkVEMIdMMgqrK9P9nLNiDAM",\n        "tax_rates": []\n      }\n    ],\n    "has_more": false,\n    "total_count": 1,\n    "url": "/v1/subscription_items?subscription=sub_1OkVEMIdMMgqrK9P9nLNiDAM"\n  },\n  "latest_invoice": "in_1SIv0bIdMMgqrK9PzyoKSijk",\n  "livemode": true,\n  "metadata": {},\n  "next_pending_invoice_item_invoice": null,\n  "on_behalf_of": null,\n  "pause_collection": null,\n  "payment_settings": {\n    "payment_method_options": {\n      "acss_debit": null,\n      "bancontact": null,\n      "card": {\n        "network": null,\n        "request_three_d_secure": "automatic"\n      },\n      "customer_balance": null,\n      "konbini": null,\n      "sepa_debit": null,\n      "us_bank_account": null\n    },\n    "payment_method_types": null,\n    "save_default_payment_method": "off"\n  },\n  "pending_invoice_item_interval": null,\n  "pending_setup_intent": null,\n  "pending_update": null,\n  "plan": {\n    "id": "price_1MYVUbIdMMgqrK9PkNLjlrOZ",\n    "object": "plan",\n    "active": true,\n    "amount": 3000,\n    "amount_decimal": "3000",\n    "billing_scheme": "per_unit",\n    "created": 1675692985,\n    "currency": "gbp",\n    "interval": "month",\n    "interval_count": 1,\n    "livemode": true,\n    "metadata": {},\n    "meter": null,\n    "nickname": null,\n    "product": "prod_NJ7kpOY8DpuKOu",\n    "tiers_mode": null,\n    "transform_usage": null,\n    "trial_period_days": null,\n    "usage_type": "licensed"\n  },\n  "quantity": 1,\n  "schedule": null,\n  "start_date": 1708104586,\n  "status": "active",\n  "test_clock": null,\n  "transfer_data": null,\n  "trial_end": null,\n  "trial_settings": {\n    "end_behavior": {\n      "missing_payment_method": "create_invoice"\n    }\n  },\n  "trial_start": null\n}' message='API response body'
2025-11-04 09:40:52,563 [DEBUG] link=https://dashboard.stripe.com/live/logs/req_P8AXraWOa5yTlq message='Dashboard link for request'
2025-11-04 09:40:52,840 [DEBUG] Assets sync request received
2025-11-04 09:40:52,840 [DEBUG] Client hash: {'hash': '23c811a5e489f479791a0f8c71237ae7346c24a1510357fe947d7b77d6c30577'}
2025-11-04 09:40:52,855 [DEBUG] Current assets hash: 23c811a5e489f479791a0f8c71237ae7346c24a1510357fe947d7b77d6c30577
2025-11-04 09:40:52,856 [DEBUG] Missing avatars: 100
2025-11-04 09:40:52,873 [DEBUG] Downloading avatar: https://pawtul.com/static/images/pet_avatars/turtle.png
2025-11-04 09:40:52,873 [DEBUG] Downloading avatar: https://pawtul.com/static/images/pet_avatars/jackapoo.png
2025-11-04 09:40:52,874 [DEBUG] Downloading avatar: https://pawtul.com/static/images/pet_avatars/chow_chow.png
2025-11-04 09:40:52,874 [DEBUG] Downloading avatar: https://pawtul.com/static/images/pet_avatars/mongrel_2.png
2025-11-04 09:40:52,874 [DEBUG] Downloading avatar: https://pawtul.com/static/images/pet_avatars/cocker_spaniel_all_black.png
2025-11-04 09:40:52,874 [DEBUG] Downloading avatar: https://pawtul.com/static/images/pet_avatars/dachshund_blue.png
2025-11-04 09:40:52,874 [DEBUG] Downloading avatar: https://pawtul.com/static/images/pet_avatars/border_collie_tri.png
2025-11-04 09:40:52,874 [DEBUG] Downloading avatar: https://pawtul.com/static/images/pet_avatars/labrador_brown.png
2025-11-04 09:40:52,874 [DEBUG] Downloading avatar: https://pawtul.com/static/images/pet_avatars/hamster-3.png
2025-11-04 09:40:52,874 [DEBUG] Downloading avatar: https://pawtul.com/static/images/pet_avatars/german_shorthaired_pointer.png
2025-11-04 09:40:52,874 [DEBUG] Downloading avatar: https://pawtul.com/static/images/pet_avatars/international_rabbit.png
2025-11-04 09:40:52,874 [DEBUG] Downloading avatar: https://pawtul.com/static/images/pet_avatars/labrador_brown.png
2025-11-04 09:40:52,874 [DEBUG] Downloading avatar: https://pawtul.com/static/images/pet_avatars/european_rabbit.png
2025-11-04 09:40:52,874 [DEBUG] Downloading avatar: https://pawtul.com/static/images/pet_avatars/st_bernard.png
2025-11-04 09:40:52,874 [DEBUG] Downloading avatar: https://pawtul.com/static/images/pet_avatars/horse_6.png
2025-11-04 09:40:52,875 [DEBUG] Downloading avatar: https://pawtul.com/static/images/pet_avatars/westie_2.png
2025-11-04 09:40:52,875 [DEBUG] Downloading avatar: https://pawtul.com/static/images/pet_avatars/mongrel.png
2025-11-04 09:40:52,875 [DEBUG] Downloading avatar: https://pawtul.com/static/images/pet_avatars/vizsla.png
2025-11-04 09:40:52,875 [DEBUG] Downloading avatar: https://pawtul.com/static/images/pet_avatars/spanish_water_dog.png
2025-11-04 09:40:52,875 [DEBUG] Downloading avatar: https://pawtul.com/static/images/pet_avatars/king_charles.png
2025-11-04 09:40:52,875 [DEBUG] Downloading avatar: https://pawtul.com/static/images/pet_avatars/jack_russell.png
2025-11-04 09:40:52,875 [DEBUG] Downloading avatar: https://pawtul.com/static/images/pet_avatars/cockapoo.png
2025-11-04 09:40:52,875 [DEBUG] Downloading avatar: https://pawtul.com/static/images/pet_avatars/cocker_spaniel_black.png
2025-11-04 09:40:52,875 [DEBUG] Downloading avatar: https://pawtul.com/static/images/pet_avatars/patterdale-terrier.png
2025-11-04 09:40:52,875 [DEBUG] Downloading avatar: https://pawtul.com/static/images/pet_avatars/cocker_spaniel_brown.png
2025-11-04 09:40:52,875 [DEBUG] Downloading avatar: https://pawtul.com/static/images/pet_avatars/cockapoo_brown.png
2025-11-04 09:40:52,875 [DEBUG] Downloading avatar: https://pawtul.com/static/images/pet_avatars/hamster-1.png
2025-11-04 09:40:52,875 [DEBUG] Downloading avatar: https://pawtul.com/static/images/pet_avatars/dachshund.png
2025-11-04 09:40:52,875 [DEBUG] Downloading avatar: https://pawtul.com/static/images/pet_avatars/cat_06.png
2025-11-04 09:40:52,875 [DEBUG] Downloading avatar: https://pawtul.com/static/images/pet_avatars/cockapoo.png
2025-11-04 09:40:52,875 [DEBUG] Downloading avatar: https://pawtul.com/static/images/pet_avatars/rhodesian_ridgeback.png
2025-11-04 09:40:52,875 [DEBUG] Downloading avatar: https://pawtul.com/static/images/pet_avatars/springer_spaniel.png
2025-11-04 09:40:52,876 [DEBUG] Downloading avatar: https://pawtul.com/static/images/pet_avatars/basset_hound.png
2025-11-04 09:40:52,876 [DEBUG] Downloading avatar: https://pawtul.com/static/images/pet_avatars/arab.png
2025-11-04 09:40:52,876 [DEBUG] Downloading avatar: https://pawtul.com/static/images/pet_avatars/cockapoo.png
2025-11-04 09:40:52,876 [DEBUG] Downloading avatar: https://pawtul.com/static/images/pet_avatars/golden_retriever.png
2025-11-04 09:40:52,876 [DEBUG] Downloading avatar: https://pawtul.com/static/images/pet_avatars/hamster-2.png
2025-11-04 09:40:52,876 [DEBUG] Downloading avatar: https://pawtul.com/static/images/pet_avatars/italian_spinone.png
2025-11-04 09:40:52,876 [DEBUG] Downloading avatar: https://pawtul.com/static/images/pet_avatars/cat_07.png
2025-11-04 09:40:52,876 [DEBUG] Downloading avatar: https://pawtul.com/static/images/pet_avatars/border_terrier.png
2025-11-04 09:40:52,876 [DEBUG] Downloading avatar: https://pawtul.com/static/images/pet_avatars/border_collie.png
2025-11-04 09:40:52,876 [DEBUG] Downloading avatar: https://pawtul.com/static/images/pet_avatars/dalmatian.png
2025-11-04 09:40:52,876 [DEBUG] Downloading avatar: https://pawtul.com/static/images/pet_avatars/golden_cocker.png
2025-11-04 09:40:52,876 [DEBUG] Downloading avatar: https://pawtul.com/static/images/pet_avatars/pony.png
2025-11-04 09:40:52,876 [DEBUG] Downloading avatar: https://pawtul.com/static/images/pet_avatars/griffons_bruxellois.png
2025-11-04 09:40:52,877 [DEBUG] Downloading avatar: https://pawtul.com/static/images/pet_avatars/miniature_schnauzer.png
2025-11-04 09:40:52,877 [DEBUG] Downloading avatar: https://pawtul.com/static/images/pet_avatars/cat_08.png
2025-11-04 09:40:52,877 [DEBUG] Downloading avatar: https://pawtul.com/static/images/pet_avatars/cockapoo.png
2025-11-04 09:40:52,877 [DEBUG] Downloading avatar: https://pawtul.com/static/images/pet_avatars/beagle.png
2025-11-04 09:40:52,877 [DEBUG] Downloading avatar: https://pawtul.com/static/images/pet_avatars/mountain_dog.png
2025-11-04 09:40:52,877 [DEBUG] Downloading avatar: https://pawtul.com/static/images/pet_avatars/english_bull_terrier.png
2025-11-04 09:40:52,877 [DEBUG] Downloading avatar: https://pawtul.com/static/images/pet_avatars/hamster-4.png
2025-11-04 09:40:52,877 [DEBUG] Downloading avatar: https://pawtul.com/static/images/pet_avatars/newfoundland.png
2025-11-04 09:40:52,877 [DEBUG] Downloading avatar: https://pawtul.com/static/images/pet_avatars/german_shepherd_black.png
2025-11-04 09:40:52,877 [DEBUG] Downloading avatar: https://pawtul.com/static/images/pet_avatars/german_shepherd.png
2025-11-04 09:40:52,877 [DEBUG] Downloading avatar: https://pawtul.com/static/images/pet_avatars/border_collie_brown.png
2025-11-04 09:40:52,877 [DEBUG] Downloading avatar: https://pawtul.com/static/images/pet_avatars/dutch_rabbit.png
2025-11-04 09:40:52,877 [DEBUG] Downloading avatar: https://pawtul.com/static/images/pet_avatars/wirehaired_pointer.png
2025-11-04 09:40:52,877 [DEBUG] Downloading avatar: https://pawtul.com/static/images/pet_avatars/border_collie_merle.png
2025-11-04 09:40:52,877 [DEBUG] Downloading avatar: https://pawtul.com/static/images/pet_avatars/tollie.png
2025-11-04 09:40:52,877 [DEBUG] Downloading avatar: https://pawtul.com/static/images/pet_avatars/cocker_spaniel_golden.png
2025-11-04 09:40:52,877 [DEBUG] Downloading avatar: https://pawtul.com/static/images/pet_avatars/pomeranian.png
2025-11-04 09:40:52,877 [DEBUG] Downloading avatar: https://pawtul.com/static/images/pet_avatars/maltese.png
2025-11-04 09:40:52,878 [DEBUG] Downloading avatar: https://pawtul.com/static/images/pet_avatars/chicken.png
2025-11-04 09:40:52,878 [DEBUG] Downloading avatar: https://pawtul.com/static/images/pet_avatars/cocker_spaniel_black.png
2025-11-04 09:40:52,878 [DEBUG] Downloading avatar: https://pawtul.com/static/images/pet_avatars/labrador_black.png
2025-11-04 09:40:52,878 [DEBUG] Downloading avatar: https://pawtul.com/static/images/pet_avatars/weimaraner.png
2025-11-04 09:40:52,878 [DEBUG] Downloading avatar: https://pawtul.com/static/images/pet_avatars/bedlington.png
2025-11-04 09:40:52,878 [DEBUG] Downloading avatar: https://pawtul.com/static/images/pet_avatars/shar_pei.png
2025-11-04 09:40:52,878 [DEBUG] Downloading avatar: https://pawtul.com/static/images/pet_avatars/staffy_black.png
2025-11-04 09:40:52,878 [DEBUG] Downloading avatar: https://pawtul.com/static/images/pet_avatars/giant_schnauzer.png
2025-11-04 09:40:52,878 [DEBUG] Downloading avatar: https://pawtul.com/static/images/pet_avatars/goldendoodle.png
2025-11-04 09:40:52,878 [DEBUG] Downloading avatar: https://pawtul.com/static/images/pet_avatars/cat_05.png
2025-11-04 09:40:52,878 [DEBUG] Downloading avatar: https://pawtul.com/static/images/pet_avatars/german_shepherd_female.png
2025-11-04 09:40:52,878 [DEBUG] Downloading avatar: https://pawtul.com/static/images/pet_avatars/mandel_rabbit.png
2025-11-04 09:40:52,878 [DEBUG] Downloading avatar: https://pawtul.com/static/images/pet_avatars/bulldog.png
2025-11-04 09:40:52,878 [DEBUG] Downloading avatar: https://pawtul.com/static/images/pet_avatars/cat_01.png
2025-11-04 09:40:52,878 [DEBUG] Downloading avatar: https://pawtul.com/static/images/pet_avatars/tiny_poo.png
2025-11-04 09:40:52,878 [DEBUG] Downloading avatar: https://pawtul.com/static/images/pet_avatars/bichon_frise.png
2025-11-04 09:40:52,878 [DEBUG] Downloading avatar: https://pawtul.com/static/images/pet_avatars/doberman.png
2025-11-04 09:40:52,878 [DEBUG] Downloading avatar: https://pawtul.com/static/images/pet_avatars/akita.png
2025-11-04 09:40:52,879 [DEBUG] Downloading avatar: https://pawtul.com/static/images/pet_avatars/yorkshire_terrier.png
2025-11-04 09:40:52,879 [DEBUG] Downloading avatar: https://pawtul.com/static/images/pet_avatars/westie.png
2025-11-04 09:40:52,879 [DEBUG] Downloading avatar: https://pawtul.com/static/images/pet_avatars/husky_white.png
2025-11-04 09:40:52,879 [DEBUG] Downloading avatar: https://pawtul.com/static/images/pet_avatars/lizard.png
2025-11-04 09:40:52,879 [DEBUG] Downloading avatar: https://pawtul.com/static/images/pet_avatars/chiwawa.png
2025-11-04 09:40:52,879 [DEBUG] Downloading avatar: https://pawtul.com/static/images/pet_avatars/black_shire.png
2025-11-04 09:40:52,879 [DEBUG] Downloading avatar: https://pawtul.com/static/images/pet_avatars/border_collie_2.png
2025-11-04 09:40:52,879 [DEBUG] Downloading avatar: https://pawtul.com/static/images/pet_avatars/farm_rabbitscaler.png
2025-11-04 09:40:52,879 [DEBUG] Downloading avatar: https://pawtul.com/static/images/pet_avatars/boxer.png
2025-11-04 09:40:52,879 [DEBUG] Downloading avatar: https://pawtul.com/static/images/pet_avatars/doberman.png
2025-11-04 09:40:52,879 [DEBUG] Downloading avatar: https://pawtul.com/static/images/pet_avatars/cocker_spaniel_liver.png
2025-11-04 09:40:52,879 [DEBUG] Downloading avatar: https://pawtul.com/static/images/pet_avatars/bernedoodle.png
2025-11-04 09:40:52,879 [DEBUG] Downloading avatar: https://pawtul.com/static/images/pet_avatars/bernedoodle.png
2025-11-04 09:40:52,879 [DEBUG] Downloading avatar: https://pawtul.com/static/images/pet_avatars/cat_10.png
2025-11-04 09:40:52,879 [DEBUG] Downloading avatar: https://pawtul.com/static/images/pet_avatars/cat_03.png
2025-11-04 09:40:52,879 [DEBUG] Downloading avatar: https://pawtul.com/static/images/pet_avatars/cocker_spaniel_liver.png
2025-11-04 09:40:52,879 [DEBUG] Downloading avatar: https://pawtul.com/static/images/pet_avatars/pug_black.png
2025-11-04 09:40:52,879 [DEBUG] Downloading avatar: https://pawtul.com/static/images/pet_avatars/bully.png
2025-11-04 09:40:52,879 [DEBUG] Downloading avatar: https://pawtul.com/static/images/pet_avatars/cane_corso.png
2025-11-04 09:40:53,772 [INFO] Avatar saved: mountain_dog.png
2025-11-04 09:40:53,792 [INFO] Avatar saved: cocker_spaniel_all_black.png
2025-11-04 09:40:53,860 [INFO] Avatar saved: doberman.png
2025-11-04 09:40:53,877 [INFO] Avatar saved: cockapoo.png
2025-11-04 09:40:53,897 [INFO] Avatar saved: german_shepherd_black.png
2025-11-04 09:40:53,897 [INFO] Avatar saved: arab.png
2025-11-04 09:40:54,028 [INFO] Avatar saved: european_rabbit.png
2025-11-04 09:40:54,037 [INFO] Avatar saved: border_collie_tri.png
2025-11-04 09:40:54,067 [INFO] Avatar saved: hamster-2.png
2025-11-04 09:40:54,106 [INFO] Avatar saved: international_rabbit.png
2025-11-04 09:40:54,115 [INFO] Avatar saved: dachshund_blue.png
2025-11-04 09:40:54,148 [INFO] Avatar saved: cockapoo.png
2025-11-04 09:40:54,159 [INFO] Avatar saved: miniature_schnauzer.png
2025-11-04 09:40:54,166 [INFO] Avatar saved: mandel_rabbit.png
2025-11-04 09:40:54,182 [INFO] Avatar saved: chicken.png
2025-11-04 09:40:54,186 [INFO] Avatar saved: pony.png
2025-11-04 09:40:54,202 [INFO] Avatar saved: border_terrier.png
2025-11-04 09:40:54,219 [INFO] Avatar saved: border_collie_2.png
2025-11-04 09:40:54,265 [INFO] Avatar saved: border_collie_merle.png
2025-11-04 09:40:54,279 [INFO] Avatar saved: cat_10.png
2025-11-04 09:40:54,429 [INFO] Avatar saved: staffy_black.png
2025-11-04 09:40:54,481 [INFO] Avatar saved: maltese.png
2025-11-04 09:40:54,515 [INFO] Avatar saved: golden_cocker.png
2025-11-04 09:40:54,516 [INFO] Avatar saved: springer_spaniel.png
2025-11-04 09:40:54,530 [INFO] Avatar saved: rhodesian_ridgeback.png
2025-11-04 09:40:54,571 [INFO] Avatar saved: hamster-3.png
2025-11-04 09:40:54,589 [INFO] Avatar saved: cane_corso.png
2025-11-04 09:40:54,594 [INFO] Avatar saved: german_shepherd.png
2025-11-04 09:40:54,614 [INFO] Avatar saved: bully.png
2025-11-04 09:40:54,617 [INFO] Avatar saved: cocker_spaniel_brown.png
2025-11-04 09:40:54,642 [INFO] Avatar saved: cat_08.png
2025-11-04 09:40:54,652 [INFO] Avatar saved: pug_black.png
2025-11-04 09:40:54,668 [INFO] Avatar saved: horse_6.png
2025-11-04 09:40:54,678 [INFO] Avatar saved: dalmatian.png
2025-11-04 09:40:54,683 [INFO] Avatar saved: english_bull_terrier.png
2025-11-04 09:40:54,690 [INFO] Avatar saved: border_collie.png
2025-11-04 09:40:54,702 [INFO] Avatar saved: vizsla.png
2025-11-04 09:40:54,711 [INFO] Avatar saved: cat_07.png
2025-11-04 09:40:54,713 [INFO] Avatar saved: husky_white.png
2025-11-04 09:40:54,715 [INFO] Avatar saved: hamster-4.png
2025-11-04 09:40:54,727 [INFO] Avatar saved: griffons_bruxellois.png
2025-11-04 09:40:54,729 [INFO] Avatar saved: black_shire.png
2025-11-04 09:40:54,761 [INFO] Avatar saved: golden_retriever.png
2025-11-04 09:40:54,772 [INFO] Avatar saved: bernedoodle.png
2025-11-04 09:40:54,789 [INFO] Avatar saved: tiny_poo.png
2025-11-04 09:40:54,795 [INFO] Avatar saved: labrador_brown.png
2025-11-04 09:40:54,875 [INFO] Avatar saved: cocker_spaniel_black.png
2025-11-04 09:40:54,903 [INFO] Avatar saved: italian_spinone.png
2025-11-04 09:40:54,903 [INFO] Avatar saved: cocker_spaniel_liver.png
2025-11-04 09:40:54,916 [INFO] Avatar saved: turtle.png
2025-11-04 09:40:54,916 [INFO] Avatar saved: bulldog.png
2025-11-04 09:40:54,930 [INFO] Avatar saved: bernedoodle.png
2025-11-04 09:40:54,967 [INFO] Avatar saved: labrador_brown.png
2025-11-04 09:40:54,972 [INFO] Avatar saved: dutch_rabbit.png
2025-11-04 09:40:54,972 [INFO] Avatar saved: boxer.png
2025-11-04 09:40:54,978 [INFO] Avatar saved: bichon_frise.png
2025-11-04 09:40:55,036 [INFO] Avatar saved: cocker_spaniel_black.png
2025-11-04 09:40:55,137 [INFO] Avatar saved: german_shorthaired_pointer.png
2025-11-04 09:40:55,140 [INFO] Avatar saved: labrador_black.png
2025-11-04 09:40:55,153 [INFO] Avatar saved: cocker_spaniel_golden.png
2025-11-04 09:40:55,153 [INFO] Avatar saved: bedlington.png
2025-11-04 09:40:55,183 [INFO] Avatar saved: weimaraner.png
2025-11-04 09:40:55,211 [INFO] Avatar saved: chiwawa.png
2025-11-04 09:40:55,213 [INFO] Avatar saved: basset_hound.png
2025-11-04 09:40:55,216 [INFO] Avatar saved: jackapoo.png
2025-11-04 09:40:55,242 [INFO] Avatar saved: westie.png
2025-11-04 09:40:55,255 [INFO] Avatar saved: cockapoo.png
2025-11-04 09:40:55,287 [INFO] Avatar saved: hamster-1.png
2025-11-04 09:40:55,287 [INFO] Avatar saved: giant_schnauzer.png
2025-11-04 09:40:55,290 [INFO] Avatar saved: farm_rabbitscaler.png
2025-11-04 09:40:55,297 [INFO] Avatar saved: cat_03.png
2025-11-04 09:40:55,301 [INFO] Avatar saved: king_charles.png
2025-11-04 09:40:55,331 [INFO] Avatar saved: spanish_water_dog.png
2025-11-04 09:40:55,343 [INFO] Avatar saved: akita.png
2025-11-04 09:40:55,366 [INFO] Avatar saved: pomeranian.png
2025-11-04 09:40:55,379 [INFO] Avatar saved: mongrel_2.png
2025-11-04 09:40:55,398 [INFO] Avatar saved: jack_russell.png
2025-11-04 09:40:55,403 [INFO] Avatar saved: st_bernard.png
2025-11-04 09:40:55,411 [INFO] Avatar saved: cockapoo_brown.png
2025-11-04 09:40:55,417 [INFO] Avatar saved: cockapoo.png
2025-11-04 09:40:55,442 [INFO] Avatar saved: mongrel.png
2025-11-04 09:40:55,473 [INFO] Avatar saved: cat_01.png
2025-11-04 09:40:55,501 [INFO] Avatar saved: beagle.png
2025-11-04 09:40:55,506 [INFO] Avatar saved: wirehaired_pointer.png
2025-11-04 09:40:55,531 [INFO] Avatar saved: border_collie_brown.png
2025-11-04 09:40:55,532 [INFO] Avatar saved: tollie.png
2025-11-04 09:40:55,542 [INFO] Avatar saved: doberman.png
2025-11-04 09:40:55,546 [INFO] Avatar saved: yorkshire_terrier.png
2025-11-04 09:40:55,608 [INFO] Avatar saved: newfoundland.png
2025-11-04 09:40:55,651 [INFO] Avatar saved: goldendoodle.png
2025-11-04 09:40:55,655 [INFO] Avatar saved: lizard.png
2025-11-04 09:40:55,688 [INFO] Avatar saved: chow_chow.png
2025-11-04 09:40:55,774 [INFO] Avatar saved: shar_pei.png
2025-11-04 09:40:55,803 [INFO] Avatar saved: dachshund.png
2025-11-04 09:40:56,033 [INFO] Avatar saved: westie_2.png
2025-11-04 09:40:56,074 [INFO] Avatar saved: cat_06.png
2025-11-04 09:40:56,592 [INFO] Avatar saved: german_shepherd_female.png
2025-11-04 09:40:56,644 [INFO] Avatar saved: cocker_spaniel_liver.png
2025-11-04 09:40:56,725 [INFO] Avatar saved: patterdale-terrier.png
2025-11-04 09:40:56,810 [INFO] Avatar saved: cat_05.png
2025-11-04 09:41:13,996 [INFO] message='Request to Stripe api' method=get url=https://api.stripe.com/v1/subscriptions/sub_1OkVEMIdMMgqrK9P9nLNiDAM
2025-11-04 09:41:13,996 [DEBUG] api_version=2025-07-30.basil message='Post details' post_data=
2025-11-04 09:41:14,252 [DEBUG] https://api.stripe.com:443 "GET /v1/subscriptions/sub_1OkVEMIdMMgqrK9P9nLNiDAM HTTP/1.1" 200 4591
2025-11-04 09:41:14,252 [INFO] message='Stripe API response' path=https://api.stripe.com/v1/subscriptions/sub_1OkVEMIdMMgqrK9P9nLNiDAM response_code=200
2025-11-04 09:41:14,252 [DEBUG] body='{\n  "id": "sub_1OkVEMIdMMgqrK9P9nLNiDAM",\n  "object": "subscription",\n  "application": null,\n  "application_fee_percent": null,\n  "automatic_tax": {\n    "disabled_reason": null,\n    "enabled": true,\n    "liability": {\n      "type": "self"\n    }\n  },\n  "billing_cycle_anchor": 1708104586,\n  "billing_cycle_anchor_config": null,\n  "billing_mode": {\n    "flexible": null,\n    "type": "classic"\n  },\n  "billing_thresholds": null,\n  "cancel_at": null,\n  "cancel_at_period_end": false,\n  "canceled_at": null,\n  "cancellation_details": {\n    "comment": null,\n    "feedback": null,\n    "reason": null\n  },\n  "collection_method": "charge_automatically",\n  "created": 1708104586,\n  "currency": "gbp",\n  "customer": "cus_PZeX087WaJnC29",\n  "days_until_due": null,\n  "default_payment_method": "pm_1OkVELIdMMgqrK9PablGoWGz",\n  "default_source": null,\n  "default_tax_rates": [],\n  "description": null,\n  "discounts": [],\n  "ended_at": null,\n  "invoice_settings": {\n    "account_tax_ids": null,\n    "issuer": {\n      "type": "self"\n    }\n  },\n  "items": {\n    "object": "list",\n    "data": [\n      {\n        "id": "si_PZeXwKEBXVmNMh",\n        "object": "subscription_item",\n        "billing_thresholds": null,\n        "created": 1708104586,\n        "current_period_end": 1763314186,\n        "current_period_start": 1760635786,\n        "discounts": [],\n        "metadata": {},\n        "plan": {\n          "id": "price_1MYVUbIdMMgqrK9PkNLjlrOZ",\n          "object": "plan",\n          "active": true,\n          "amount": 3000,\n          "amount_decimal": "3000",\n          "billing_scheme": "per_unit",\n          "created": 1675692985,\n          "currency": "gbp",\n          "interval": "month",\n          "interval_count": 1,\n          "livemode": true,\n          "metadata": {},\n          "meter": null,\n          "nickname": null,\n          "product": "prod_NJ7kpOY8DpuKOu",\n          "tiers_mode": null,\n          "transform_usage": null,\n          "trial_period_days": null,\n          "usage_type": "licensed"\n        },\n        "price": {\n          "id": "price_1MYVUbIdMMgqrK9PkNLjlrOZ",\n          "object": "price",\n          "active": true,\n          "billing_scheme": "per_unit",\n          "created": 1675692985,\n          "currency": "gbp",\n          "custom_unit_amount": null,\n          "livemode": true,\n          "lookup_key": null,\n          "metadata": {},\n          "nickname": null,\n          "product": "prod_NJ7kpOY8DpuKOu",\n          "recurring": {\n            "interval": "month",\n            "interval_count": 1,\n            "meter": null,\n            "trial_period_days": null,\n            "usage_type": "licensed"\n          },\n          "tax_behavior": "inclusive",\n          "tiers_mode": null,\n          "transform_quantity": null,\n          "type": "recurring",\n          "unit_amount": 3000,\n          "unit_amount_decimal": "3000"\n        },\n        "quantity": 1,\n        "subscription": "sub_1OkVEMIdMMgqrK9P9nLNiDAM",\n        "tax_rates": []\n      }\n    ],\n    "has_more": false,\n    "total_count": 1,\n    "url": "/v1/subscription_items?subscription=sub_1OkVEMIdMMgqrK9P9nLNiDAM"\n  },\n  "latest_invoice": "in_1SIv0bIdMMgqrK9PzyoKSijk",\n  "livemode": true,\n  "metadata": {},\n  "next_pending_invoice_item_invoice": null,\n  "on_behalf_of": null,\n  "pause_collection": null,\n  "payment_settings": {\n    "payment_method_options": {\n      "acss_debit": null,\n      "bancontact": null,\n      "card": {\n        "network": null,\n        "request_three_d_secure": "automatic"\n      },\n      "customer_balance": null,\n      "konbini": null,\n      "sepa_debit": null,\n      "us_bank_account": null\n    },\n    "payment_method_types": null,\n    "save_default_payment_method": "off"\n  },\n  "pending_invoice_item_interval": null,\n  "pending_setup_intent": null,\n  "pending_update": null,\n  "plan": {\n    "id": "price_1MYVUbIdMMgqrK9PkNLjlrOZ",\n    "object": "plan",\n    "active": true,\n    "amount": 3000,\n    "amount_decimal": "3000",\n    "billing_scheme": "per_unit",\n    "created": 1675692985,\n    "currency": "gbp",\n    "interval": "month",\n    "interval_count": 1,\n    "livemode": true,\n    "metadata": {},\n    "meter": null,\n    "nickname": null,\n    "product": "prod_NJ7kpOY8DpuKOu",\n    "tiers_mode": null,\n    "transform_usage": null,\n    "trial_period_days": null,\n    "usage_type": "licensed"\n  },\n  "quantity": 1,\n  "schedule": null,\n  "start_date": 1708104586,\n  "status": "active",\n  "test_clock": null,\n  "transfer_data": null,\n  "trial_end": null,\n  "trial_settings": {\n    "end_behavior": {\n      "missing_payment_method": "create_invoice"\n    }\n  },\n  "trial_start": null\n}' message='API response body'
2025-11-04 09:41:14,253 [DEBUG] link=https://dashboard.stripe.com/live/logs/req_KkNhGVc4G1oRbm message='Dashboard link for request'
2025-11-04 09:41:38,668 [INFO] message='Request to Stripe api' method=get url=https://api.stripe.com/v1/subscriptions/sub_1OkVEMIdMMgqrK9P9nLNiDAM
2025-11-04 09:41:38,668 [DEBUG] api_version=2025-07-30.basil message='Post details' post_data=
2025-11-04 09:41:38,909 [DEBUG] https://api.stripe.com:443 "GET /v1/subscriptions/sub_1OkVEMIdMMgqrK9P9nLNiDAM HTTP/1.1" 200 4591
2025-11-04 09:41:38,910 [INFO] message='Stripe API response' path=https://api.stripe.com/v1/subscriptions/sub_1OkVEMIdMMgqrK9P9nLNiDAM response_code=200
2025-11-04 09:41:38,910 [DEBUG] body='{\n  "id": "sub_1OkVEMIdMMgqrK9P9nLNiDAM",\n  "object": "subscription",\n  "application": null,\n  "application_fee_percent": null,\n  "automatic_tax": {\n    "disabled_reason": null,\n    "enabled": true,\n    "liability": {\n      "type": "self"\n    }\n  },\n  "billing_cycle_anchor": 1708104586,\n  "billing_cycle_anchor_config": null,\n  "billing_mode": {\n    "flexible": null,\n    "type": "classic"\n  },\n  "billing_thresholds": null,\n  "cancel_at": null,\n  "cancel_at_period_end": false,\n  "canceled_at": null,\n  "cancellation_details": {\n    "comment": null,\n    "feedback": null,\n    "reason": null\n  },\n  "collection_method": "charge_automatically",\n  "created": 1708104586,\n  "currency": "gbp",\n  "customer": "cus_PZeX087WaJnC29",\n  "days_until_due": null,\n  "default_payment_method": "pm_1OkVELIdMMgqrK9PablGoWGz",\n  "default_source": null,\n  "default_tax_rates": [],\n  "description": null,\n  "discounts": [],\n  "ended_at": null,\n  "invoice_settings": {\n    "account_tax_ids": null,\n    "issuer": {\n      "type": "self"\n    }\n  },\n  "items": {\n    "object": "list",\n    "data": [\n      {\n        "id": "si_PZeXwKEBXVmNMh",\n        "object": "subscription_item",\n        "billing_thresholds": null,\n        "created": 1708104586,\n        "current_period_end": 1763314186,\n        "current_period_start": 1760635786,\n        "discounts": [],\n        "metadata": {},\n        "plan": {\n          "id": "price_1MYVUbIdMMgqrK9PkNLjlrOZ",\n          "object": "plan",\n          "active": true,\n          "amount": 3000,\n          "amount_decimal": "3000",\n          "billing_scheme": "per_unit",\n          "created": 1675692985,\n          "currency": "gbp",\n          "interval": "month",\n          "interval_count": 1,\n          "livemode": true,\n          "metadata": {},\n          "meter": null,\n          "nickname": null,\n          "product": "prod_NJ7kpOY8DpuKOu",\n          "tiers_mode": null,\n          "transform_usage": null,\n          "trial_period_days": null,\n          "usage_type": "licensed"\n        },\n        "price": {\n          "id": "price_1MYVUbIdMMgqrK9PkNLjlrOZ",\n          "object": "price",\n          "active": true,\n          "billing_scheme": "per_unit",\n          "created": 1675692985,\n          "currency": "gbp",\n          "custom_unit_amount": null,\n          "livemode": true,\n          "lookup_key": null,\n          "metadata": {},\n          "nickname": null,\n          "product": "prod_NJ7kpOY8DpuKOu",\n          "recurring": {\n            "interval": "month",\n            "interval_count": 1,\n            "meter": null,\n            "trial_period_days": null,\n            "usage_type": "licensed"\n          },\n          "tax_behavior": "inclusive",\n          "tiers_mode": null,\n          "transform_quantity": null,\n          "type": "recurring",\n          "unit_amount": 3000,\n          "unit_amount_decimal": "3000"\n        },\n        "quantity": 1,\n        "subscription": "sub_1OkVEMIdMMgqrK9P9nLNiDAM",\n        "tax_rates": []\n      }\n    ],\n    "has_more": false,\n    "total_count": 1,\n    "url": "/v1/subscription_items?subscription=sub_1OkVEMIdMMgqrK9P9nLNiDAM"\n  },\n  "latest_invoice": "in_1SIv0bIdMMgqrK9PzyoKSijk",\n  "livemode": true,\n  "metadata": {},\n  "next_pending_invoice_item_invoice": null,\n  "on_behalf_of": null,\n  "pause_collection": null,\n  "payment_settings": {\n    "payment_method_options": {\n      "acss_debit": null,\n      "bancontact": null,\n      "card": {\n        "network": null,\n        "request_three_d_secure": "automatic"\n      },\n      "customer_balance": null,\n      "konbini": null,\n      "sepa_debit": null,\n      "us_bank_account": null\n    },\n    "payment_method_types": null,\n    "save_default_payment_method": "off"\n  },\n  "pending_invoice_item_interval": null,\n  "pending_setup_intent": null,\n  "pending_update": null,\n  "plan": {\n    "id": "price_1MYVUbIdMMgqrK9PkNLjlrOZ",\n    "object": "plan",\n    "active": true,\n    "amount": 3000,\n    "amount_decimal": "3000",\n    "billing_scheme": "per_unit",\n    "created": 1675692985,\n    "currency": "gbp",\n    "interval": "month",\n    "interval_count": 1,\n    "livemode": true,\n    "metadata": {},\n    "meter": null,\n    "nickname": null,\n    "product": "prod_NJ7kpOY8DpuKOu",\n    "tiers_mode": null,\n    "transform_usage": null,\n    "trial_period_days": null,\n    "usage_type": "licensed"\n  },\n  "quantity": 1,\n  "schedule": null,\n  "start_date": 1708104586,\n  "status": "active",\n  "test_clock": null,\n  "transfer_data": null,\n  "trial_end": null,\n  "trial_settings": {\n    "end_behavior": {\n      "missing_payment_method": "create_invoice"\n    }\n  },\n  "trial_start": null\n}' message='API response body'
2025-11-04 09:41:38,910 [DEBUG] link=https://dashboard.stripe.com/live/logs/req_aBLklr6StQXEYh message='Dashboard link for request'
2025-11-04 09:41:40,362 [INFO] message='Request to Stripe api' method=get url=https://api.stripe.com/v1/subscriptions/sub_1OkVEMIdMMgqrK9P9nLNiDAM
2025-11-04 09:41:40,362 [DEBUG] api_version=2025-07-30.basil message='Post details' post_data=
2025-11-04 09:41:40,632 [DEBUG] https://api.stripe.com:443 "GET /v1/subscriptions/sub_1OkVEMIdMMgqrK9P9nLNiDAM HTTP/1.1" 200 4591
2025-11-04 09:41:40,632 [INFO] message='Stripe API response' path=https://api.stripe.com/v1/subscriptions/sub_1OkVEMIdMMgqrK9P9nLNiDAM response_code=200
2025-11-04 09:41:40,632 [DEBUG] body='{\n  "id": "sub_1OkVEMIdMMgqrK9P9nLNiDAM",\n  "object": "subscription",\n  "application": null,\n  "application_fee_percent": null,\n  "automatic_tax": {\n    "disabled_reason": null,\n    "enabled": true,\n    "liability": {\n      "type": "self"\n    }\n  },\n  "billing_cycle_anchor": 1708104586,\n  "billing_cycle_anchor_config": null,\n  "billing_mode": {\n    "flexible": null,\n    "type": "classic"\n  },\n  "billing_thresholds": null,\n  "cancel_at": null,\n  "cancel_at_period_end": false,\n  "canceled_at": null,\n  "cancellation_details": {\n    "comment": null,\n    "feedback": null,\n    "reason": null\n  },\n  "collection_method": "charge_automatically",\n  "created": 1708104586,\n  "currency": "gbp",\n  "customer": "cus_PZeX087WaJnC29",\n  "days_until_due": null,\n  "default_payment_method": "pm_1OkVELIdMMgqrK9PablGoWGz",\n  "default_source": null,\n  "default_tax_rates": [],\n  "description": null,\n  "discounts": [],\n  "ended_at": null,\n  "invoice_settings": {\n    "account_tax_ids": null,\n    "issuer": {\n      "type": "self"\n    }\n  },\n  "items": {\n    "object": "list",\n    "data": [\n      {\n        "id": "si_PZeXwKEBXVmNMh",\n        "object": "subscription_item",\n        "billing_thresholds": null,\n        "created": 1708104586,\n        "current_period_end": 1763314186,\n        "current_period_start": 1760635786,\n        "discounts": [],\n        "metadata": {},\n        "plan": {\n          "id": "price_1MYVUbIdMMgqrK9PkNLjlrOZ",\n          "object": "plan",\n          "active": true,\n          "amount": 3000,\n          "amount_decimal": "3000",\n          "billing_scheme": "per_unit",\n          "created": 1675692985,\n          "currency": "gbp",\n          "interval": "month",\n          "interval_count": 1,\n          "livemode": true,\n          "metadata": {},\n          "meter": null,\n          "nickname": null,\n          "product": "prod_NJ7kpOY8DpuKOu",\n          "tiers_mode": null,\n          "transform_usage": null,\n          "trial_period_days": null,\n          "usage_type": "licensed"\n        },\n        "price": {\n          "id": "price_1MYVUbIdMMgqrK9PkNLjlrOZ",\n          "object": "price",\n          "active": true,\n          "billing_scheme": "per_unit",\n          "created": 1675692985,\n          "currency": "gbp",\n          "custom_unit_amount": null,\n          "livemode": true,\n          "lookup_key": null,\n          "metadata": {},\n          "nickname": null,\n          "product": "prod_NJ7kpOY8DpuKOu",\n          "recurring": {\n            "interval": "month",\n            "interval_count": 1,\n            "meter": null,\n            "trial_period_days": null,\n            "usage_type": "licensed"\n          },\n          "tax_behavior": "inclusive",\n          "tiers_mode": null,\n          "transform_quantity": null,\n          "type": "recurring",\n          "unit_amount": 3000,\n          "unit_amount_decimal": "3000"\n        },\n        "quantity": 1,\n        "subscription": "sub_1OkVEMIdMMgqrK9P9nLNiDAM",\n        "tax_rates": []\n      }\n    ],\n    "has_more": false,\n    "total_count": 1,\n    "url": "/v1/subscription_items?subscription=sub_1OkVEMIdMMgqrK9P9nLNiDAM"\n  },\n  "latest_invoice": "in_1SIv0bIdMMgqrK9PzyoKSijk",\n  "livemode": true,\n  "metadata": {},\n  "next_pending_invoice_item_invoice": null,\n  "on_behalf_of": null,\n  "pause_collection": null,\n  "payment_settings": {\n    "payment_method_options": {\n      "acss_debit": null,\n      "bancontact": null,\n      "card": {\n        "network": null,\n        "request_three_d_secure": "automatic"\n      },\n      "customer_balance": null,\n      "konbini": null,\n      "sepa_debit": null,\n      "us_bank_account": null\n    },\n    "payment_method_types": null,\n    "save_default_payment_method": "off"\n  },\n  "pending_invoice_item_interval": null,\n  "pending_setup_intent": null,\n  "pending_update": null,\n  "plan": {\n    "id": "price_1MYVUbIdMMgqrK9PkNLjlrOZ",\n    "object": "plan",\n    "active": true,\n    "amount": 3000,\n    "amount_decimal": "3000",\n    "billing_scheme": "per_unit",\n    "created": 1675692985,\n    "currency": "gbp",\n    "interval": "month",\n    "interval_count": 1,\n    "livemode": true,\n    "metadata": {},\n    "meter": null,\n    "nickname": null,\n    "product": "prod_NJ7kpOY8DpuKOu",\n    "tiers_mode": null,\n    "transform_usage": null,\n    "trial_period_days": null,\n    "usage_type": "licensed"\n  },\n  "quantity": 1,\n  "schedule": null,\n  "start_date": 1708104586,\n  "status": "active",\n  "test_clock": null,\n  "transfer_data": null,\n  "trial_end": null,\n  "trial_settings": {\n    "end_behavior": {\n      "missing_payment_method": "create_invoice"\n    }\n  },\n  "trial_start": null\n}' message='API response body'
2025-11-04 09:41:40,633 [DEBUG] link=https://dashboard.stripe.com/live/logs/req_XZdORjRqHSH5Ti message='Dashboard link for request'
2025-11-04 09:46:41,366 [INFO] Scheduler has been shut down
2025-11-04 09:46:41,368 [DEBUG] Looking for jobs to run
2025-11-04 09:46:41,369 [DEBUG] No jobs; waiting until a job is added
2025-11-04 09:46:42,933 [INFO] Stripe API initialized successfully.
2025-11-04 09:46:43,021 [DEBUG] /etc/localtime found
2025-11-04 09:46:43,024 [DEBUG] 1 found:
 {'/etc/localtime is a symlink to': 'Europe/London'}
2025-11-04 09:46:43,052 [INFO] Scheduler started
2025-11-04 09:46:43,052 [DEBUG] Looking for jobs to run
2025-11-04 09:46:43,052 [DEBUG] No jobs; waiting until a job is added
2025-11-04 09:46:56,994 [INFO] Scheduler has been shut down
2025-11-04 09:46:56,994 [DEBUG] Looking for jobs to run
2025-11-04 09:46:56,994 [DEBUG] No jobs; waiting until a job is added
2025-11-04 09:46:58,425 [INFO] Stripe API initialized successfully.
2025-11-04 09:46:58,490 [DEBUG] /etc/localtime found
2025-11-04 09:46:58,491 [DEBUG] 1 found:
 {'/etc/localtime is a symlink to': 'Europe/London'}
2025-11-04 09:46:58,516 [INFO] Scheduler started
2025-11-04 09:46:58,516 [DEBUG] Looking for jobs to run
2025-11-04 09:46:58,516 [DEBUG] No jobs; waiting until a job is added
2025-11-04 09:47:04,265 [INFO] message='Request to Stripe api' method=get url=https://api.stripe.com/v1/subscriptions/sub_1OkVEMIdMMgqrK9P9nLNiDAM
2025-11-04 09:47:04,265 [DEBUG] api_version=2025-07-30.basil message='Post details' post_data=
2025-11-04 09:47:04,267 [DEBUG] Starting new HTTPS connection (1): api.stripe.com:443
2025-11-04 09:47:04,647 [DEBUG] https://api.stripe.com:443 "GET /v1/subscriptions/sub_1OkVEMIdMMgqrK9P9nLNiDAM HTTP/1.1" 200 4591
2025-11-04 09:47:04,647 [INFO] message='Stripe API response' path=https://api.stripe.com/v1/subscriptions/sub_1OkVEMIdMMgqrK9P9nLNiDAM response_code=200
2025-11-04 09:47:04,647 [DEBUG] body='{\n  "id": "sub_1OkVEMIdMMgqrK9P9nLNiDAM",\n  "object": "subscription",\n  "application": null,\n  "application_fee_percent": null,\n  "automatic_tax": {\n    "disabled_reason": null,\n    "enabled": true,\n    "liability": {\n      "type": "self"\n    }\n  },\n  "billing_cycle_anchor": 1708104586,\n  "billing_cycle_anchor_config": null,\n  "billing_mode": {\n    "flexible": null,\n    "type": "classic"\n  },\n  "billing_thresholds": null,\n  "cancel_at": null,\n  "cancel_at_period_end": false,\n  "canceled_at": null,\n  "cancellation_details": {\n    "comment": null,\n    "feedback": null,\n    "reason": null\n  },\n  "collection_method": "charge_automatically",\n  "created": 1708104586,\n  "currency": "gbp",\n  "customer": "cus_PZeX087WaJnC29",\n  "days_until_due": null,\n  "default_payment_method": "pm_1OkVELIdMMgqrK9PablGoWGz",\n  "default_source": null,\n  "default_tax_rates": [],\n  "description": null,\n  "discounts": [],\n  "ended_at": null,\n  "invoice_settings": {\n    "account_tax_ids": null,\n    "issuer": {\n      "type": "self"\n    }\n  },\n  "items": {\n    "object": "list",\n    "data": [\n      {\n        "id": "si_PZeXwKEBXVmNMh",\n        "object": "subscription_item",\n        "billing_thresholds": null,\n        "created": 1708104586,\n        "current_period_end": 1763314186,\n        "current_period_start": 1760635786,\n        "discounts": [],\n        "metadata": {},\n        "plan": {\n          "id": "price_1MYVUbIdMMgqrK9PkNLjlrOZ",\n          "object": "plan",\n          "active": true,\n          "amount": 3000,\n          "amount_decimal": "3000",\n          "billing_scheme": "per_unit",\n          "created": 1675692985,\n          "currency": "gbp",\n          "interval": "month",\n          "interval_count": 1,\n          "livemode": true,\n          "metadata": {},\n          "meter": null,\n          "nickname": null,\n          "product": "prod_NJ7kpOY8DpuKOu",\n          "tiers_mode": null,\n          "transform_usage": null,\n          "trial_period_days": null,\n          "usage_type": "licensed"\n        },\n        "price": {\n          "id": "price_1MYVUbIdMMgqrK9PkNLjlrOZ",\n          "object": "price",\n          "active": true,\n          "billing_scheme": "per_unit",\n          "created": 1675692985,\n          "currency": "gbp",\n          "custom_unit_amount": null,\n          "livemode": true,\n          "lookup_key": null,\n          "metadata": {},\n          "nickname": null,\n          "product": "prod_NJ7kpOY8DpuKOu",\n          "recurring": {\n            "interval": "month",\n            "interval_count": 1,\n            "meter": null,\n            "trial_period_days": null,\n            "usage_type": "licensed"\n          },\n          "tax_behavior": "inclusive",\n          "tiers_mode": null,\n          "transform_quantity": null,\n          "type": "recurring",\n          "unit_amount": 3000,\n          "unit_amount_decimal": "3000"\n        },\n        "quantity": 1,\n        "subscription": "sub_1OkVEMIdMMgqrK9P9nLNiDAM",\n        "tax_rates": []\n      }\n    ],\n    "has_more": false,\n    "total_count": 1,\n    "url": "/v1/subscription_items?subscription=sub_1OkVEMIdMMgqrK9P9nLNiDAM"\n  },\n  "latest_invoice": "in_1SIv0bIdMMgqrK9PzyoKSijk",\n  "livemode": true,\n  "metadata": {},\n  "next_pending_invoice_item_invoice": null,\n  "on_behalf_of": null,\n  "pause_collection": null,\n  "payment_settings": {\n    "payment_method_options": {\n      "acss_debit": null,\n      "bancontact": null,\n      "card": {\n        "network": null,\n        "request_three_d_secure": "automatic"\n      },\n      "customer_balance": null,\n      "konbini": null,\n      "sepa_debit": null,\n      "us_bank_account": null\n    },\n    "payment_method_types": null,\n    "save_default_payment_method": "off"\n  },\n  "pending_invoice_item_interval": null,\n  "pending_setup_intent": null,\n  "pending_update": null,\n  "plan": {\n    "id": "price_1MYVUbIdMMgqrK9PkNLjlrOZ",\n    "object": "plan",\n    "active": true,\n    "amount": 3000,\n    "amount_decimal": "3000",\n    "billing_scheme": "per_unit",\n    "created": 1675692985,\n    "currency": "gbp",\n    "interval": "month",\n    "interval_count": 1,\n    "livemode": true,\n    "metadata": {},\n    "meter": null,\n    "nickname": null,\n    "product": "prod_NJ7kpOY8DpuKOu",\n    "tiers_mode": null,\n    "transform_usage": null,\n    "trial_period_days": null,\n    "usage_type": "licensed"\n  },\n  "quantity": 1,\n  "schedule": null,\n  "start_date": 1708104586,\n  "status": "active",\n  "test_clock": null,\n  "transfer_data": null,\n  "trial_end": null,\n  "trial_settings": {\n    "end_behavior": {\n      "missing_payment_method": "create_invoice"\n    }\n  },\n  "trial_start": null\n}' message='API response body'
2025-11-04 09:47:04,648 [DEBUG] link=https://dashboard.stripe.com/live/logs/req_USYnRCaKUpZxlI message='Dashboard link for request'
2025-11-04 09:47:04,732 [DEBUG] Assets sync request received
2025-11-04 09:47:04,732 [DEBUG] Client hash: {'hash': '23c811a5e489f479791a0f8c71237ae7346c24a1510357fe947d7b77d6c30577'}
2025-11-04 09:47:04,737 [DEBUG] Current assets hash: 23c811a5e489f479791a0f8c71237ae7346c24a1510357fe947d7b77d6c30577
2025-11-04 09:47:04,739 [DEBUG] Missing avatars: 0
2025-11-04 09:47:10,815 [DEBUG] Checking Stripe connect status
2025-11-04 09:47:10,816 [DEBUG] Resolved current_user ID: 81e78254-85dc-464c-8aa4-455f9d9d47eb
2025-11-04 09:47:10,816 [DEBUG] Fetching business for user_id=81e78254-85dc-464c-8aa4-455f9d9d47eb
2025-11-04 09:47:10,823 [INFO] message='Request to Stripe api' method=get url=https://api.stripe.com/v1/accounts/acct_1RyXMHEidzLIQQcu
2025-11-04 09:47:10,824 [DEBUG] api_version=2025-07-30.basil message='Post details' post_data=
2025-11-04 09:47:11,330 [DEBUG] https://api.stripe.com:443 "GET /v1/accounts/acct_1RyXMHEidzLIQQcu HTTP/1.1" 200 4683
2025-11-04 09:47:11,331 [INFO] message='Stripe API response' path=https://api.stripe.com/v1/accounts/acct_1RyXMHEidzLIQQcu response_code=200
2025-11-04 09:47:11,331 [DEBUG] body='{\n  "id": "acct_1RyXMHEidzLIQQcu",\n  "object": "account",\n  "business_profile": {\n    "annual_revenue": null,\n    "estimated_worker_count": null,\n    "mcc": "5734",\n    "minority_owned_business_designation": null,\n    "name": null,\n    "support_address": null,\n    "support_email": null,\n    "support_phone": "+447768046582",\n    "support_url": null,\n    "url": "www.pawtul.com"\n  },\n  "business_type": "individual",\n  "capabilities": {\n    "card_payments": "active",\n    "link_payments": "active",\n    "transfers": "active"\n  },\n  "charges_enabled": true,\n  "company": {\n    "name": null\n  },\n  "controller": {\n    "fees": {\n      "payer": "application_express"\n    },\n    "is_controller": true,\n    "losses": {\n      "payments": "application"\n    },\n    "requirement_collection": "stripe",\n    "stripe_dashboard": {\n      "type": "express"\n    },\n    "type": "application"\n  },\n  "country": "GB",\n  "created": 1755778367,\n  "default_currency": "gbp",\n  "details_submitted": true,\n  "email": "edward.bayliss@icloud.com",\n  "external_accounts": {\n    "object": "list",\n    "data": [\n      {\n        "id": "ba_1RyXN8EidzLIQQcutEyuywtd",\n        "object": "bank_account",\n        "account": "acct_1RyXMHEidzLIQQcu",\n        "account_holder_name": null,\n        "account_holder_type": null,\n        "account_type": null,\n        "available_payout_methods": [\n          "standard",\n          "instant"\n        ],\n        "bank_name": "MONZO BANK LIMITED",\n        "country": "GB",\n        "currency": "gbp",\n        "default_for_currency": true,\n        "fingerprint": "0IfDG0KSQdvT0JOO",\n        "future_requirements": {\n          "currently_due": [],\n          "errors": [],\n          "past_due": [],\n          "pending_verification": []\n        },\n        "last4": "1743",\n        "metadata": {},\n        "requirements": {\n          "currently_due": [],\n          "errors": [],\n          "past_due": [],\n          "pending_verification": []\n        },\n        "routing_number": "04-00-04",\n        "status": "new"\n      }\n    ],\n    "has_more": false,\n    "total_count": 1,\n    "url": "/v1/accounts/acct_1RyXMHEidzLIQQcu/external_accounts"\n  },\n  "future_requirements": {\n    "alternatives": [],\n    "current_deadline": null,\n    "currently_due": [],\n    "disabled_reason": null,\n    "errors": [],\n    "eventually_due": [],\n    "past_due": [],\n    "pending_verification": []\n  },\n  "individual": {\n    "id": "person_1MVsPMIzLhuAnsaMQxa5J1SK",\n    "object": "person",\n    "account": "acct_1RyXMHEidzLIQQcu",\n    "created": 1675066088,\n    "email": "edward.bayliss@icloud.com",\n    "first_name": "Ed",\n    "last_name": "Bayliss",\n    "relationship": {\n      "authorizer": false,\n      "director": false,\n      "executive": false,\n      "legal_guardian": false,\n      "owner": false,\n      "percent_ownership": null,\n      "representative": true,\n      "title": null\n    }\n  },\n  "login_links": {\n    "object": "list",\n    "data": [],\n    "has_more": false,\n    "total_count": 0,\n    "url": "/v1/accounts/acct_1RyXMHEidzLIQQcu/login_links"\n  },\n  "metadata": {\n    "business_id": "d7de772c-8f78-4955-a715-636442d3e848"\n  },\n  "payouts_enabled": true,\n  "requirements": {\n    "alternatives": [],\n    "current_deadline": null,\n    "currently_due": [],\n    "disabled_reason": null,\n    "errors": [],\n    "eventually_due": [],\n    "past_due": [],\n    "pending_verification": []\n  },\n  "settings": {\n    "bacs_debit_payments": {\n      "display_name": "Stripe",\n      "service_user_number": "449900"\n    },\n    "branding": {\n      "icon": "file_1RyXMIIdMMgqrK9P2Qm3f89t",\n      "logo": "file_1RyXMIIdMMgqrK9PHo3tQg6j",\n      "primary_color": "#576f72",\n      "secondary_color": "#576f72"\n    },\n    "card_issuing": {\n      "tos_acceptance": {\n        "date": null,\n        "ip": null\n      }\n    },\n    "card_payments": {\n      "decline_on": {\n        "avs_failure": false,\n        "cvc_failure": false\n      },\n      "statement_descriptor_prefix": null,\n      "statement_descriptor_prefix_kana": null,\n      "statement_descriptor_prefix_kanji": null\n    },\n    "dashboard": {\n      "display_name": "Pawtul",\n      "timezone": "Etc/UTC"\n    },\n    "invoices": {\n      "default_account_tax_ids": null,\n      "hosted_payment_method_save": "offer"\n    },\n    "payments": {\n      "statement_descriptor": "WWW.PAWTUL.COM",\n      "statement_descriptor_kana": null,\n      "statement_descriptor_kanji": null\n    },\n    "payouts": {\n      "debit_negative_balances": true,\n      "schedule": {\n        "delay_days": 7,\n        "interval": "daily"\n      },\n      "statement_descriptor": null\n    },\n    "sepa_debit_payments": {}\n  },\n  "tos_acceptance": {\n    "date": 1755778425\n  },\n  "type": "express"\n}' message='API response body'
2025-11-04 09:47:11,331 [DEBUG] link=https://dashboard.stripe.com/live/logs/req_UJS1uc60PaM0Zk message='Dashboard link for request'
2025-11-04 09:47:11,332 [INFO] Retrieved Stripe status for account acct_1RyXMHEidzLIQQcu
2025-11-04 09:47:25,013 [INFO] message='Request to Stripe api' method=get url=https://api.stripe.com/v1/subscriptions/sub_1OkVEMIdMMgqrK9P9nLNiDAM
2025-11-04 09:47:25,013 [DEBUG] api_version=2025-07-30.basil message='Post details' post_data=
2025-11-04 09:47:25,263 [DEBUG] https://api.stripe.com:443 "GET /v1/subscriptions/sub_1OkVEMIdMMgqrK9P9nLNiDAM HTTP/1.1" 200 4591
2025-11-04 09:47:25,263 [INFO] message='Stripe API response' path=https://api.stripe.com/v1/subscriptions/sub_1OkVEMIdMMgqrK9P9nLNiDAM response_code=200
2025-11-04 09:47:25,263 [DEBUG] body='{\n  "id": "sub_1OkVEMIdMMgqrK9P9nLNiDAM",\n  "object": "subscription",\n  "application": null,\n  "application_fee_percent": null,\n  "automatic_tax": {\n    "disabled_reason": null,\n    "enabled": true,\n    "liability": {\n      "type": "self"\n    }\n  },\n  "billing_cycle_anchor": 1708104586,\n  "billing_cycle_anchor_config": null,\n  "billing_mode": {\n    "flexible": null,\n    "type": "classic"\n  },\n  "billing_thresholds": null,\n  "cancel_at": null,\n  "cancel_at_period_end": false,\n  "canceled_at": null,\n  "cancellation_details": {\n    "comment": null,\n    "feedback": null,\n    "reason": null\n  },\n  "collection_method": "charge_automatically",\n  "created": 1708104586,\n  "currency": "gbp",\n  "customer": "cus_PZeX087WaJnC29",\n  "days_until_due": null,\n  "default_payment_method": "pm_1OkVELIdMMgqrK9PablGoWGz",\n  "default_source": null,\n  "default_tax_rates": [],\n  "description": null,\n  "discounts": [],\n  "ended_at": null,\n  "invoice_settings": {\n    "account_tax_ids": null,\n    "issuer": {\n      "type": "self"\n    }\n  },\n  "items": {\n    "object": "list",\n    "data": [\n      {\n        "id": "si_PZeXwKEBXVmNMh",\n        "object": "subscription_item",\n        "billing_thresholds": null,\n        "created": 1708104586,\n        "current_period_end": 1763314186,\n        "current_period_start": 1760635786,\n        "discounts": [],\n        "metadata": {},\n        "plan": {\n          "id": "price_1MYVUbIdMMgqrK9PkNLjlrOZ",\n          "object": "plan",\n          "active": true,\n          "amount": 3000,\n          "amount_decimal": "3000",\n          "billing_scheme": "per_unit",\n          "created": 1675692985,\n          "currency": "gbp",\n          "interval": "month",\n          "interval_count": 1,\n          "livemode": true,\n          "metadata": {},\n          "meter": null,\n          "nickname": null,\n          "product": "prod_NJ7kpOY8DpuKOu",\n          "tiers_mode": null,\n          "transform_usage": null,\n          "trial_period_days": null,\n          "usage_type": "licensed"\n        },\n        "price": {\n          "id": "price_1MYVUbIdMMgqrK9PkNLjlrOZ",\n          "object": "price",\n          "active": true,\n          "billing_scheme": "per_unit",\n          "created": 1675692985,\n          "currency": "gbp",\n          "custom_unit_amount": null,\n          "livemode": true,\n          "lookup_key": null,\n          "metadata": {},\n          "nickname": null,\n          "product": "prod_NJ7kpOY8DpuKOu",\n          "recurring": {\n            "interval": "month",\n            "interval_count": 1,\n            "meter": null,\n            "trial_period_days": null,\n            "usage_type": "licensed"\n          },\n          "tax_behavior": "inclusive",\n          "tiers_mode": null,\n          "transform_quantity": null,\n          "type": "recurring",\n          "unit_amount": 3000,\n          "unit_amount_decimal": "3000"\n        },\n        "quantity": 1,\n        "subscription": "sub_1OkVEMIdMMgqrK9P9nLNiDAM",\n        "tax_rates": []\n      }\n    ],\n    "has_more": false,\n    "total_count": 1,\n    "url": "/v1/subscription_items?subscription=sub_1OkVEMIdMMgqrK9P9nLNiDAM"\n  },\n  "latest_invoice": "in_1SIv0bIdMMgqrK9PzyoKSijk",\n  "livemode": true,\n  "metadata": {},\n  "next_pending_invoice_item_invoice": null,\n  "on_behalf_of": null,\n  "pause_collection": null,\n  "payment_settings": {\n    "payment_method_options": {\n      "acss_debit": null,\n      "bancontact": null,\n      "card": {\n        "network": null,\n        "request_three_d_secure": "automatic"\n      },\n      "customer_balance": null,\n      "konbini": null,\n      "sepa_debit": null,\n      "us_bank_account": null\n    },\n    "payment_method_types": null,\n    "save_default_payment_method": "off"\n  },\n  "pending_invoice_item_interval": null,\n  "pending_setup_intent": null,\n  "pending_update": null,\n  "plan": {\n    "id": "price_1MYVUbIdMMgqrK9PkNLjlrOZ",\n    "object": "plan",\n    "active": true,\n    "amount": 3000,\n    "amount_decimal": "3000",\n    "billing_scheme": "per_unit",\n    "created": 1675692985,\n    "currency": "gbp",\n    "interval": "month",\n    "interval_count": 1,\n    "livemode": true,\n    "metadata": {},\n    "meter": null,\n    "nickname": null,\n    "product": "prod_NJ7kpOY8DpuKOu",\n    "tiers_mode": null,\n    "transform_usage": null,\n    "trial_period_days": null,\n    "usage_type": "licensed"\n  },\n  "quantity": 1,\n  "schedule": null,\n  "start_date": 1708104586,\n  "status": "active",\n  "test_clock": null,\n  "transfer_data": null,\n  "trial_end": null,\n  "trial_settings": {\n    "end_behavior": {\n      "missing_payment_method": "create_invoice"\n    }\n  },\n  "trial_start": null\n}' message='API response body'
2025-11-04 09:47:25,263 [DEBUG] link=https://dashboard.stripe.com/live/logs/req_Q0v57pXxrcpYbr message='Dashboard link for request'
2025-11-04 09:49:43,902 [INFO] Scheduler has been shut down
2025-11-04 09:49:43,906 [DEBUG] Looking for jobs to run
2025-11-04 09:49:43,907 [DEBUG] No jobs; waiting until a job is added
2025-11-04 09:49:48,471 [INFO] Stripe API initialized successfully.
2025-11-04 09:49:48,612 [DEBUG] /etc/localtime found
2025-11-04 09:49:48,615 [DEBUG] 1 found:
 {'/etc/localtime is a symlink to': 'Europe/London'}
2025-11-04 09:49:48,645 [INFO] Scheduler started
2025-11-04 09:49:48,645 [DEBUG] Looking for jobs to run
2025-11-04 09:49:48,645 [DEBUG] No jobs; waiting until a job is added
2025-11-04 09:49:48,682 [INFO] Dashboard info requested by user_id=81e78254-85dc-464c-8aa4-455f9d9d47eb
2025-11-04 09:49:48,682 [DEBUG] Incoming dashboard params: date_time=2025-11-04, client_id=, pet_id=
2025-11-04 09:49:48,776 [INFO] message='Request to Stripe api' method=get url=https://api.stripe.com/v1/subscriptions/sub_1OkVEMIdMMgqrK9P9nLNiDAM
2025-11-04 09:49:48,776 [DEBUG] api_version=2025-07-30.basil message='Post details' post_data=
2025-11-04 09:49:48,777 [DEBUG] Starting new HTTPS connection (1): api.stripe.com:443
2025-11-04 09:49:49,129 [DEBUG] https://api.stripe.com:443 "GET /v1/subscriptions/sub_1OkVEMIdMMgqrK9P9nLNiDAM HTTP/1.1" 200 4591
2025-11-04 09:49:49,129 [INFO] message='Stripe API response' path=https://api.stripe.com/v1/subscriptions/sub_1OkVEMIdMMgqrK9P9nLNiDAM response_code=200
2025-11-04 09:49:49,129 [DEBUG] body='{\n  "id": "sub_1OkVEMIdMMgqrK9P9nLNiDAM",\n  "object": "subscription",\n  "application": null,\n  "application_fee_percent": null,\n  "automatic_tax": {\n    "disabled_reason": null,\n    "enabled": true,\n    "liability": {\n      "type": "self"\n    }\n  },\n  "billing_cycle_anchor": 1708104586,\n  "billing_cycle_anchor_config": null,\n  "billing_mode": {\n    "flexible": null,\n    "type": "classic"\n  },\n  "billing_thresholds": null,\n  "cancel_at": null,\n  "cancel_at_period_end": false,\n  "canceled_at": null,\n  "cancellation_details": {\n    "comment": null,\n    "feedback": null,\n    "reason": null\n  },\n  "collection_method": "charge_automatically",\n  "created": 1708104586,\n  "currency": "gbp",\n  "customer": "cus_PZeX087WaJnC29",\n  "days_until_due": null,\n  "default_payment_method": "pm_1OkVELIdMMgqrK9PablGoWGz",\n  "default_source": null,\n  "default_tax_rates": [],\n  "description": null,\n  "discounts": [],\n  "ended_at": null,\n  "invoice_settings": {\n    "account_tax_ids": null,\n    "issuer": {\n      "type": "self"\n    }\n  },\n  "items": {\n    "object": "list",\n    "data": [\n      {\n        "id": "si_PZeXwKEBXVmNMh",\n        "object": "subscription_item",\n        "billing_thresholds": null,\n        "created": 1708104586,\n        "current_period_end": 1763314186,\n        "current_period_start": 1760635786,\n        "discounts": [],\n        "metadata": {},\n        "plan": {\n          "id": "price_1MYVUbIdMMgqrK9PkNLjlrOZ",\n          "object": "plan",\n          "active": true,\n          "amount": 3000,\n          "amount_decimal": "3000",\n          "billing_scheme": "per_unit",\n          "created": 1675692985,\n          "currency": "gbp",\n          "interval": "month",\n          "interval_count": 1,\n          "livemode": true,\n          "metadata": {},\n          "meter": null,\n          "nickname": null,\n          "product": "prod_NJ7kpOY8DpuKOu",\n          "tiers_mode": null,\n          "transform_usage": null,\n          "trial_period_days": null,\n          "usage_type": "licensed"\n        },\n        "price": {\n          "id": "price_1MYVUbIdMMgqrK9PkNLjlrOZ",\n          "object": "price",\n          "active": true,\n          "billing_scheme": "per_unit",\n          "created": 1675692985,\n          "currency": "gbp",\n          "custom_unit_amount": null,\n          "livemode": true,\n          "lookup_key": null,\n          "metadata": {},\n          "nickname": null,\n          "product": "prod_NJ7kpOY8DpuKOu",\n          "recurring": {\n            "interval": "month",\n            "interval_count": 1,\n            "meter": null,\n            "trial_period_days": null,\n            "usage_type": "licensed"\n          },\n          "tax_behavior": "inclusive",\n          "tiers_mode": null,\n          "transform_quantity": null,\n          "type": "recurring",\n          "unit_amount": 3000,\n          "unit_amount_decimal": "3000"\n        },\n        "quantity": 1,\n        "subscription": "sub_1OkVEMIdMMgqrK9P9nLNiDAM",\n        "tax_rates": []\n      }\n    ],\n    "has_more": false,\n    "total_count": 1,\n    "url": "/v1/subscription_items?subscription=sub_1OkVEMIdMMgqrK9P9nLNiDAM"\n  },\n  "latest_invoice": "in_1SIv0bIdMMgqrK9PzyoKSijk",\n  "livemode": true,\n  "metadata": {},\n  "next_pending_invoice_item_invoice": null,\n  "on_behalf_of": null,\n  "pause_collection": null,\n  "payment_settings": {\n    "payment_method_options": {\n      "acss_debit": null,\n      "bancontact": null,\n      "card": {\n        "network": null,\n        "request_three_d_secure": "automatic"\n      },\n      "customer_balance": null,\n      "konbini": null,\n      "sepa_debit": null,\n      "us_bank_account": null\n    },\n    "payment_method_types": null,\n    "save_default_payment_method": "off"\n  },\n  "pending_invoice_item_interval": null,\n  "pending_setup_intent": null,\n  "pending_update": null,\n  "plan": {\n    "id": "price_1MYVUbIdMMgqrK9PkNLjlrOZ",\n    "object": "plan",\n    "active": true,\n    "amount": 3000,\n    "amount_decimal": "3000",\n    "billing_scheme": "per_unit",\n    "created": 1675692985,\n    "currency": "gbp",\n    "interval": "month",\n    "interval_count": 1,\n    "livemode": true,\n    "metadata": {},\n    "meter": null,\n    "nickname": null,\n    "product": "prod_NJ7kpOY8DpuKOu",\n    "tiers_mode": null,\n    "transform_usage": null,\n    "trial_period_days": null,\n    "usage_type": "licensed"\n  },\n  "quantity": 1,\n  "schedule": null,\n  "start_date": 1708104586,\n  "status": "active",\n  "test_clock": null,\n  "transfer_data": null,\n  "trial_end": null,\n  "trial_settings": {\n    "end_behavior": {\n      "missing_payment_method": "create_invoice"\n    }\n  },\n  "trial_start": null\n}' message='API response body'
2025-11-04 09:49:49,130 [DEBUG] link=https://dashboard.stripe.com/live/logs/req_hztgxx4wl8fxMl message='Dashboard link for request'
2025-11-04 09:49:49,151 [DEBUG] Business logo encoded successfully.
2025-11-04 09:49:49,152 [DEBUG] Excluded recurring IDs for date 2025-11-04: set()
2025-11-04 09:49:49,153 [DEBUG] Executing dashboard base query with params: {'date_only': datetime.date(2025, 11, 4), 'date_only_ts': datetime.datetime(2025, 11, 4, 0, 0), 'business_id': '79581f88-5042-43d0-9594-ba81e70130b0', 'client_id': '', 'pet_id': ''}
2025-11-04 09:49:49,181 [DEBUG] Dashboard query returned 0 rows before filtering.
2025-11-04 09:49:49,181 [DEBUG] Filtered results: 0 remaining after exclusions.
2025-11-04 09:49:49,182 [DEBUG] Loaded 0 notifications for business 79581f88-5042-43d0-9594-ba81e70130b0
2025-11-04 09:49:49,182 [INFO] Dashboard info built successfully for user 81e78254-85dc-464c-8aa4-455f9d9d47eb
2025-11-04 09:49:49,182 [DEBUG] Assets sync request received
2025-11-04 09:49:49,183 [DEBUG] Client hash: {'hash': '23c811a5e489f479791a0f8c71237ae7346c24a1510357fe947d7b77d6c30577'}
2025-11-04 09:49:49,190 [DEBUG] Current assets hash: 23c811a5e489f479791a0f8c71237ae7346c24a1510357fe947d7b77d6c30577
2025-11-04 09:49:49,190 [DEBUG] Missing avatars: 0
2025-11-04 09:49:58,412 [INFO] message='Request to Stripe api' method=get url=https://api.stripe.com/v1/subscriptions/sub_1OkVEMIdMMgqrK9P9nLNiDAM
2025-11-04 09:49:58,412 [DEBUG] api_version=2025-07-30.basil message='Post details' post_data=
2025-11-04 09:49:58,660 [DEBUG] https://api.stripe.com:443 "GET /v1/subscriptions/sub_1OkVEMIdMMgqrK9P9nLNiDAM HTTP/1.1" 200 4591
2025-11-04 09:49:58,660 [INFO] message='Stripe API response' path=https://api.stripe.com/v1/subscriptions/sub_1OkVEMIdMMgqrK9P9nLNiDAM response_code=200
2025-11-04 09:49:58,660 [DEBUG] body='{\n  "id": "sub_1OkVEMIdMMgqrK9P9nLNiDAM",\n  "object": "subscription",\n  "application": null,\n  "application_fee_percent": null,\n  "automatic_tax": {\n    "disabled_reason": null,\n    "enabled": true,\n    "liability": {\n      "type": "self"\n    }\n  },\n  "billing_cycle_anchor": 1708104586,\n  "billing_cycle_anchor_config": null,\n  "billing_mode": {\n    "flexible": null,\n    "type": "classic"\n  },\n  "billing_thresholds": null,\n  "cancel_at": null,\n  "cancel_at_period_end": false,\n  "canceled_at": null,\n  "cancellation_details": {\n    "comment": null,\n    "feedback": null,\n    "reason": null\n  },\n  "collection_method": "charge_automatically",\n  "created": 1708104586,\n  "currency": "gbp",\n  "customer": "cus_PZeX087WaJnC29",\n  "days_until_due": null,\n  "default_payment_method": "pm_1OkVELIdMMgqrK9PablGoWGz",\n  "default_source": null,\n  "default_tax_rates": [],\n  "description": null,\n  "discounts": [],\n  "ended_at": null,\n  "invoice_settings": {\n    "account_tax_ids": null,\n    "issuer": {\n      "type": "self"\n    }\n  },\n  "items": {\n    "object": "list",\n    "data": [\n      {\n        "id": "si_PZeXwKEBXVmNMh",\n        "object": "subscription_item",\n        "billing_thresholds": null,\n        "created": 1708104586,\n        "current_period_end": 1763314186,\n        "current_period_start": 1760635786,\n        "discounts": [],\n        "metadata": {},\n        "plan": {\n          "id": "price_1MYVUbIdMMgqrK9PkNLjlrOZ",\n          "object": "plan",\n          "active": true,\n          "amount": 3000,\n          "amount_decimal": "3000",\n          "billing_scheme": "per_unit",\n          "created": 1675692985,\n          "currency": "gbp",\n          "interval": "month",\n          "interval_count": 1,\n          "livemode": true,\n          "metadata": {},\n          "meter": null,\n          "nickname": null,\n          "product": "prod_NJ7kpOY8DpuKOu",\n          "tiers_mode": null,\n          "transform_usage": null,\n          "trial_period_days": null,\n          "usage_type": "licensed"\n        },\n        "price": {\n          "id": "price_1MYVUbIdMMgqrK9PkNLjlrOZ",\n          "object": "price",\n          "active": true,\n          "billing_scheme": "per_unit",\n          "created": 1675692985,\n          "currency": "gbp",\n          "custom_unit_amount": null,\n          "livemode": true,\n          "lookup_key": null,\n          "metadata": {},\n          "nickname": null,\n          "product": "prod_NJ7kpOY8DpuKOu",\n          "recurring": {\n            "interval": "month",\n            "interval_count": 1,\n            "meter": null,\n            "trial_period_days": null,\n            "usage_type": "licensed"\n          },\n          "tax_behavior": "inclusive",\n          "tiers_mode": null,\n          "transform_quantity": null,\n          "type": "recurring",\n          "unit_amount": 3000,\n          "unit_amount_decimal": "3000"\n        },\n        "quantity": 1,\n        "subscription": "sub_1OkVEMIdMMgqrK9P9nLNiDAM",\n        "tax_rates": []\n      }\n    ],\n    "has_more": false,\n    "total_count": 1,\n    "url": "/v1/subscription_items?subscription=sub_1OkVEMIdMMgqrK9P9nLNiDAM"\n  },\n  "latest_invoice": "in_1SIv0bIdMMgqrK9PzyoKSijk",\n  "livemode": true,\n  "metadata": {},\n  "next_pending_invoice_item_invoice": null,\n  "on_behalf_of": null,\n  "pause_collection": null,\n  "payment_settings": {\n    "payment_method_options": {\n      "acss_debit": null,\n      "bancontact": null,\n      "card": {\n        "network": null,\n        "request_three_d_secure": "automatic"\n      },\n      "customer_balance": null,\n      "konbini": null,\n      "sepa_debit": null,\n      "us_bank_account": null\n    },\n    "payment_method_types": null,\n    "save_default_payment_method": "off"\n  },\n  "pending_invoice_item_interval": null,\n  "pending_setup_intent": null,\n  "pending_update": null,\n  "plan": {\n    "id": "price_1MYVUbIdMMgqrK9PkNLjlrOZ",\n    "object": "plan",\n    "active": true,\n    "amount": 3000,\n    "amount_decimal": "3000",\n    "billing_scheme": "per_unit",\n    "created": 1675692985,\n    "currency": "gbp",\n    "interval": "month",\n    "interval_count": 1,\n    "livemode": true,\n    "metadata": {},\n    "meter": null,\n    "nickname": null,\n    "product": "prod_NJ7kpOY8DpuKOu",\n    "tiers_mode": null,\n    "transform_usage": null,\n    "trial_period_days": null,\n    "usage_type": "licensed"\n  },\n  "quantity": 1,\n  "schedule": null,\n  "start_date": 1708104586,\n  "status": "active",\n  "test_clock": null,\n  "transfer_data": null,\n  "trial_end": null,\n  "trial_settings": {\n    "end_behavior": {\n      "missing_payment_method": "create_invoice"\n    }\n  },\n  "trial_start": null\n}' message='API response body'
2025-11-04 09:49:58,660 [DEBUG] link=https://dashboard.stripe.com/live/logs/req_LljIa2rdMWbOuG message='Dashboard link for request'
2025-11-04 09:50:00,125 [INFO] Dashboard info requested by user_id=81e78254-85dc-464c-8aa4-455f9d9d47eb
2025-11-04 09:50:00,125 [DEBUG] Incoming dashboard params: date_time=2025-11-04, client_id=, pet_id=
2025-11-04 09:50:00,127 [INFO] message='Request to Stripe api' method=get url=https://api.stripe.com/v1/subscriptions/sub_1OkVEMIdMMgqrK9P9nLNiDAM
2025-11-04 09:50:00,128 [DEBUG] api_version=2025-07-30.basil message='Post details' post_data=
2025-11-04 09:50:00,385 [DEBUG] https://api.stripe.com:443 "GET /v1/subscriptions/sub_1OkVEMIdMMgqrK9P9nLNiDAM HTTP/1.1" 200 4591
2025-11-04 09:50:00,385 [INFO] message='Stripe API response' path=https://api.stripe.com/v1/subscriptions/sub_1OkVEMIdMMgqrK9P9nLNiDAM response_code=200
2025-11-04 09:50:00,385 [DEBUG] body='{\n  "id": "sub_1OkVEMIdMMgqrK9P9nLNiDAM",\n  "object": "subscription",\n  "application": null,\n  "application_fee_percent": null,\n  "automatic_tax": {\n    "disabled_reason": null,\n    "enabled": true,\n    "liability": {\n      "type": "self"\n    }\n  },\n  "billing_cycle_anchor": 1708104586,\n  "billing_cycle_anchor_config": null,\n  "billing_mode": {\n    "flexible": null,\n    "type": "classic"\n  },\n  "billing_thresholds": null,\n  "cancel_at": null,\n  "cancel_at_period_end": false,\n  "canceled_at": null,\n  "cancellation_details": {\n    "comment": null,\n    "feedback": null,\n    "reason": null\n  },\n  "collection_method": "charge_automatically",\n  "created": 1708104586,\n  "currency": "gbp",\n  "customer": "cus_PZeX087WaJnC29",\n  "days_until_due": null,\n  "default_payment_method": "pm_1OkVELIdMMgqrK9PablGoWGz",\n  "default_source": null,\n  "default_tax_rates": [],\n  "description": null,\n  "discounts": [],\n  "ended_at": null,\n  "invoice_settings": {\n    "account_tax_ids": null,\n    "issuer": {\n      "type": "self"\n    }\n  },\n  "items": {\n    "object": "list",\n    "data": [\n      {\n        "id": "si_PZeXwKEBXVmNMh",\n        "object": "subscription_item",\n        "billing_thresholds": null,\n        "created": 1708104586,\n        "current_period_end": 1763314186,\n        "current_period_start": 1760635786,\n        "discounts": [],\n        "metadata": {},\n        "plan": {\n          "id": "price_1MYVUbIdMMgqrK9PkNLjlrOZ",\n          "object": "plan",\n          "active": true,\n          "amount": 3000,\n          "amount_decimal": "3000",\n          "billing_scheme": "per_unit",\n          "created": 1675692985,\n          "currency": "gbp",\n          "interval": "month",\n          "interval_count": 1,\n          "livemode": true,\n          "metadata": {},\n          "meter": null,\n          "nickname": null,\n          "product": "prod_NJ7kpOY8DpuKOu",\n          "tiers_mode": null,\n          "transform_usage": null,\n          "trial_period_days": null,\n          "usage_type": "licensed"\n        },\n        "price": {\n          "id": "price_1MYVUbIdMMgqrK9PkNLjlrOZ",\n          "object": "price",\n          "active": true,\n          "billing_scheme": "per_unit",\n          "created": 1675692985,\n          "currency": "gbp",\n          "custom_unit_amount": null,\n          "livemode": true,\n          "lookup_key": null,\n          "metadata": {},\n          "nickname": null,\n          "product": "prod_NJ7kpOY8DpuKOu",\n          "recurring": {\n            "interval": "month",\n            "interval_count": 1,\n            "meter": null,\n            "trial_period_days": null,\n            "usage_type": "licensed"\n          },\n          "tax_behavior": "inclusive",\n          "tiers_mode": null,\n          "transform_quantity": null,\n          "type": "recurring",\n          "unit_amount": 3000,\n          "unit_amount_decimal": "3000"\n        },\n        "quantity": 1,\n        "subscription": "sub_1OkVEMIdMMgqrK9P9nLNiDAM",\n        "tax_rates": []\n      }\n    ],\n    "has_more": false,\n    "total_count": 1,\n    "url": "/v1/subscription_items?subscription=sub_1OkVEMIdMMgqrK9P9nLNiDAM"\n  },\n  "latest_invoice": "in_1SIv0bIdMMgqrK9PzyoKSijk",\n  "livemode": true,\n  "metadata": {},\n  "next_pending_invoice_item_invoice": null,\n  "on_behalf_of": null,\n  "pause_collection": null,\n  "payment_settings": {\n    "payment_method_options": {\n      "acss_debit": null,\n      "bancontact": null,\n      "card": {\n        "network": null,\n        "request_three_d_secure": "automatic"\n      },\n      "customer_balance": null,\n      "konbini": null,\n      "sepa_debit": null,\n      "us_bank_account": null\n    },\n    "payment_method_types": null,\n    "save_default_payment_method": "off"\n  },\n  "pending_invoice_item_interval": null,\n  "pending_setup_intent": null,\n  "pending_update": null,\n  "plan": {\n    "id": "price_1MYVUbIdMMgqrK9PkNLjlrOZ",\n    "object": "plan",\n    "active": true,\n    "amount": 3000,\n    "amount_decimal": "3000",\n    "billing_scheme": "per_unit",\n    "created": 1675692985,\n    "currency": "gbp",\n    "interval": "month",\n    "interval_count": 1,\n    "livemode": true,\n    "metadata": {},\n    "meter": null,\n    "nickname": null,\n    "product": "prod_NJ7kpOY8DpuKOu",\n    "tiers_mode": null,\n    "transform_usage": null,\n    "trial_period_days": null,\n    "usage_type": "licensed"\n  },\n  "quantity": 1,\n  "schedule": null,\n  "start_date": 1708104586,\n  "status": "active",\n  "test_clock": null,\n  "transfer_data": null,\n  "trial_end": null,\n  "trial_settings": {\n    "end_behavior": {\n      "missing_payment_method": "create_invoice"\n    }\n  },\n  "trial_start": null\n}' message='API response body'
2025-11-04 09:50:00,385 [DEBUG] link=https://dashboard.stripe.com/live/logs/req_eWmWF5eaSp2agL message='Dashboard link for request'
2025-11-04 09:50:00,398 [DEBUG] Business logo encoded successfully.
2025-11-04 09:50:00,399 [DEBUG] Excluded recurring IDs for date 2025-11-04: set()
2025-11-04 09:50:00,399 [DEBUG] Executing dashboard base query with params: {'date_only': datetime.date(2025, 11, 4), 'date_only_ts': datetime.datetime(2025, 11, 4, 0, 0), 'business_id': '79581f88-5042-43d0-9594-ba81e70130b0', 'client_id': '', 'pet_id': ''}
2025-11-04 09:50:00,424 [DEBUG] Dashboard query returned 0 rows before filtering.
2025-11-04 09:50:00,424 [DEBUG] Filtered results: 0 remaining after exclusions.
2025-11-04 09:50:00,426 [DEBUG] Loaded 0 notifications for business 79581f88-5042-43d0-9594-ba81e70130b0
2025-11-04 09:50:00,426 [INFO] Dashboard info built successfully for user 81e78254-85dc-464c-8aa4-455f9d9d47eb
2025-11-04 09:50:10,307 [INFO] message='Request to Stripe api' method=get url=https://api.stripe.com/v1/subscriptions/sub_1OkVEMIdMMgqrK9P9nLNiDAM
2025-11-04 09:50:10,308 [DEBUG] api_version=2025-07-30.basil message='Post details' post_data=
2025-11-04 09:50:10,565 [DEBUG] https://api.stripe.com:443 "GET /v1/subscriptions/sub_1OkVEMIdMMgqrK9P9nLNiDAM HTTP/1.1" 200 4591
2025-11-04 09:50:10,565 [INFO] message='Stripe API response' path=https://api.stripe.com/v1/subscriptions/sub_1OkVEMIdMMgqrK9P9nLNiDAM response_code=200
2025-11-04 09:50:10,565 [DEBUG] body='{\n  "id": "sub_1OkVEMIdMMgqrK9P9nLNiDAM",\n  "object": "subscription",\n  "application": null,\n  "application_fee_percent": null,\n  "automatic_tax": {\n    "disabled_reason": null,\n    "enabled": true,\n    "liability": {\n      "type": "self"\n    }\n  },\n  "billing_cycle_anchor": 1708104586,\n  "billing_cycle_anchor_config": null,\n  "billing_mode": {\n    "flexible": null,\n    "type": "classic"\n  },\n  "billing_thresholds": null,\n  "cancel_at": null,\n  "cancel_at_period_end": false,\n  "canceled_at": null,\n  "cancellation_details": {\n    "comment": null,\n    "feedback": null,\n    "reason": null\n  },\n  "collection_method": "charge_automatically",\n  "created": 1708104586,\n  "currency": "gbp",\n  "customer": "cus_PZeX087WaJnC29",\n  "days_until_due": null,\n  "default_payment_method": "pm_1OkVELIdMMgqrK9PablGoWGz",\n  "default_source": null,\n  "default_tax_rates": [],\n  "description": null,\n  "discounts": [],\n  "ended_at": null,\n  "invoice_settings": {\n    "account_tax_ids": null,\n    "issuer": {\n      "type": "self"\n    }\n  },\n  "items": {\n    "object": "list",\n    "data": [\n      {\n        "id": "si_PZeXwKEBXVmNMh",\n        "object": "subscription_item",\n        "billing_thresholds": null,\n        "created": 1708104586,\n        "current_period_end": 1763314186,\n        "current_period_start": 1760635786,\n        "discounts": [],\n        "metadata": {},\n        "plan": {\n          "id": "price_1MYVUbIdMMgqrK9PkNLjlrOZ",\n          "object": "plan",\n          "active": true,\n          "amount": 3000,\n          "amount_decimal": "3000",\n          "billing_scheme": "per_unit",\n          "created": 1675692985,\n          "currency": "gbp",\n          "interval": "month",\n          "interval_count": 1,\n          "livemode": true,\n          "metadata": {},\n          "meter": null,\n          "nickname": null,\n          "product": "prod_NJ7kpOY8DpuKOu",\n          "tiers_mode": null,\n          "transform_usage": null,\n          "trial_period_days": null,\n          "usage_type": "licensed"\n        },\n        "price": {\n          "id": "price_1MYVUbIdMMgqrK9PkNLjlrOZ",\n          "object": "price",\n          "active": true,\n          "billing_scheme": "per_unit",\n          "created": 1675692985,\n          "currency": "gbp",\n          "custom_unit_amount": null,\n          "livemode": true,\n          "lookup_key": null,\n          "metadata": {},\n          "nickname": null,\n          "product": "prod_NJ7kpOY8DpuKOu",\n          "recurring": {\n            "interval": "month",\n            "interval_count": 1,\n            "meter": null,\n            "trial_period_days": null,\n            "usage_type": "licensed"\n          },\n          "tax_behavior": "inclusive",\n          "tiers_mode": null,\n          "transform_quantity": null,\n          "type": "recurring",\n          "unit_amount": 3000,\n          "unit_amount_decimal": "3000"\n        },\n        "quantity": 1,\n        "subscription": "sub_1OkVEMIdMMgqrK9P9nLNiDAM",\n        "tax_rates": []\n      }\n    ],\n    "has_more": false,\n    "total_count": 1,\n    "url": "/v1/subscription_items?subscription=sub_1OkVEMIdMMgqrK9P9nLNiDAM"\n  },\n  "latest_invoice": "in_1SIv0bIdMMgqrK9PzyoKSijk",\n  "livemode": true,\n  "metadata": {},\n  "next_pending_invoice_item_invoice": null,\n  "on_behalf_of": null,\n  "pause_collection": null,\n  "payment_settings": {\n    "payment_method_options": {\n      "acss_debit": null,\n      "bancontact": null,\n      "card": {\n        "network": null,\n        "request_three_d_secure": "automatic"\n      },\n      "customer_balance": null,\n      "konbini": null,\n      "sepa_debit": null,\n      "us_bank_account": null\n    },\n    "payment_method_types": null,\n    "save_default_payment_method": "off"\n  },\n  "pending_invoice_item_interval": null,\n  "pending_setup_intent": null,\n  "pending_update": null,\n  "plan": {\n    "id": "price_1MYVUbIdMMgqrK9PkNLjlrOZ",\n    "object": "plan",\n    "active": true,\n    "amount": 3000,\n    "amount_decimal": "3000",\n    "billing_scheme": "per_unit",\n    "created": 1675692985,\n    "currency": "gbp",\n    "interval": "month",\n    "interval_count": 1,\n    "livemode": true,\n    "metadata": {},\n    "meter": null,\n    "nickname": null,\n    "product": "prod_NJ7kpOY8DpuKOu",\n    "tiers_mode": null,\n    "transform_usage": null,\n    "trial_period_days": null,\n    "usage_type": "licensed"\n  },\n  "quantity": 1,\n  "schedule": null,\n  "start_date": 1708104586,\n  "status": "active",\n  "test_clock": null,\n  "transfer_data": null,\n  "trial_end": null,\n  "trial_settings": {\n    "end_behavior": {\n      "missing_payment_method": "create_invoice"\n    }\n  },\n  "trial_start": null\n}' message='API response body'
2025-11-04 09:50:10,565 [DEBUG] link=https://dashboard.stripe.com/live/logs/req_3e5co3dxLlReWw message='Dashboard link for request'
2025-11-04 09:51:25,683 [INFO] Dashboard info requested by user_id=81e78254-85dc-464c-8aa4-455f9d9d47eb
2025-11-04 09:51:25,684 [DEBUG] Incoming dashboard params: date_time=2025-11-04, client_id=, pet_id=
2025-11-04 09:51:25,688 [INFO] message='Request to Stripe api' method=get url=https://api.stripe.com/v1/subscriptions/sub_1OkVEMIdMMgqrK9P9nLNiDAM
2025-11-04 09:51:25,689 [DEBUG] api_version=2025-07-30.basil message='Post details' post_data=
2025-11-04 09:51:25,692 [DEBUG] Resetting dropped connection: api.stripe.com
2025-11-04 09:51:26,044 [DEBUG] https://api.stripe.com:443 "GET /v1/subscriptions/sub_1OkVEMIdMMgqrK9P9nLNiDAM HTTP/1.1" 200 4591
2025-11-04 09:51:26,044 [INFO] message='Stripe API response' path=https://api.stripe.com/v1/subscriptions/sub_1OkVEMIdMMgqrK9P9nLNiDAM response_code=200
2025-11-04 09:51:26,044 [DEBUG] body='{\n  "id": "sub_1OkVEMIdMMgqrK9P9nLNiDAM",\n  "object": "subscription",\n  "application": null,\n  "application_fee_percent": null,\n  "automatic_tax": {\n    "disabled_reason": null,\n    "enabled": true,\n    "liability": {\n      "type": "self"\n    }\n  },\n  "billing_cycle_anchor": 1708104586,\n  "billing_cycle_anchor_config": null,\n  "billing_mode": {\n    "flexible": null,\n    "type": "classic"\n  },\n  "billing_thresholds": null,\n  "cancel_at": null,\n  "cancel_at_period_end": false,\n  "canceled_at": null,\n  "cancellation_details": {\n    "comment": null,\n    "feedback": null,\n    "reason": null\n  },\n  "collection_method": "charge_automatically",\n  "created": 1708104586,\n  "currency": "gbp",\n  "customer": "cus_PZeX087WaJnC29",\n  "days_until_due": null,\n  "default_payment_method": "pm_1OkVELIdMMgqrK9PablGoWGz",\n  "default_source": null,\n  "default_tax_rates": [],\n  "description": null,\n  "discounts": [],\n  "ended_at": null,\n  "invoice_settings": {\n    "account_tax_ids": null,\n    "issuer": {\n      "type": "self"\n    }\n  },\n  "items": {\n    "object": "list",\n    "data": [\n      {\n        "id": "si_PZeXwKEBXVmNMh",\n        "object": "subscription_item",\n        "billing_thresholds": null,\n        "created": 1708104586,\n        "current_period_end": 1763314186,\n        "current_period_start": 1760635786,\n        "discounts": [],\n        "metadata": {},\n        "plan": {\n          "id": "price_1MYVUbIdMMgqrK9PkNLjlrOZ",\n          "object": "plan",\n          "active": true,\n          "amount": 3000,\n          "amount_decimal": "3000",\n          "billing_scheme": "per_unit",\n          "created": 1675692985,\n          "currency": "gbp",\n          "interval": "month",\n          "interval_count": 1,\n          "livemode": true,\n          "metadata": {},\n          "meter": null,\n          "nickname": null,\n          "product": "prod_NJ7kpOY8DpuKOu",\n          "tiers_mode": null,\n          "transform_usage": null,\n          "trial_period_days": null,\n          "usage_type": "licensed"\n        },\n        "price": {\n          "id": "price_1MYVUbIdMMgqrK9PkNLjlrOZ",\n          "object": "price",\n          "active": true,\n          "billing_scheme": "per_unit",\n          "created": 1675692985,\n          "currency": "gbp",\n          "custom_unit_amount": null,\n          "livemode": true,\n          "lookup_key": null,\n          "metadata": {},\n          "nickname": null,\n          "product": "prod_NJ7kpOY8DpuKOu",\n          "recurring": {\n            "interval": "month",\n            "interval_count": 1,\n            "meter": null,\n            "trial_period_days": null,\n            "usage_type": "licensed"\n          },\n          "tax_behavior": "inclusive",\n          "tiers_mode": null,\n          "transform_quantity": null,\n          "type": "recurring",\n          "unit_amount": 3000,\n          "unit_amount_decimal": "3000"\n        },\n        "quantity": 1,\n        "subscription": "sub_1OkVEMIdMMgqrK9P9nLNiDAM",\n        "tax_rates": []\n      }\n    ],\n    "has_more": false,\n    "total_count": 1,\n    "url": "/v1/subscription_items?subscription=sub_1OkVEMIdMMgqrK9P9nLNiDAM"\n  },\n  "latest_invoice": "in_1SIv0bIdMMgqrK9PzyoKSijk",\n  "livemode": true,\n  "metadata": {},\n  "next_pending_invoice_item_invoice": null,\n  "on_behalf_of": null,\n  "pause_collection": null,\n  "payment_settings": {\n    "payment_method_options": {\n      "acss_debit": null,\n      "bancontact": null,\n      "card": {\n        "network": null,\n        "request_three_d_secure": "automatic"\n      },\n      "customer_balance": null,\n      "konbini": null,\n      "sepa_debit": null,\n      "us_bank_account": null\n    },\n    "payment_method_types": null,\n    "save_default_payment_method": "off"\n  },\n  "pending_invoice_item_interval": null,\n  "pending_setup_intent": null,\n  "pending_update": null,\n  "plan": {\n    "id": "price_1MYVUbIdMMgqrK9PkNLjlrOZ",\n    "object": "plan",\n    "active": true,\n    "amount": 3000,\n    "amount_decimal": "3000",\n    "billing_scheme": "per_unit",\n    "created": 1675692985,\n    "currency": "gbp",\n    "interval": "month",\n    "interval_count": 1,\n    "livemode": true,\n    "metadata": {},\n    "meter": null,\n    "nickname": null,\n    "product": "prod_NJ7kpOY8DpuKOu",\n    "tiers_mode": null,\n    "transform_usage": null,\n    "trial_period_days": null,\n    "usage_type": "licensed"\n  },\n  "quantity": 1,\n  "schedule": null,\n  "start_date": 1708104586,\n  "status": "active",\n  "test_clock": null,\n  "transfer_data": null,\n  "trial_end": null,\n  "trial_settings": {\n    "end_behavior": {\n      "missing_payment_method": "create_invoice"\n    }\n  },\n  "trial_start": null\n}' message='API response body'
2025-11-04 09:51:26,044 [DEBUG] link=https://dashboard.stripe.com/live/logs/req_b4d6h7pTr5WAI4 message='Dashboard link for request'
2025-11-04 09:51:26,060 [DEBUG] Business logo encoded successfully.
2025-11-04 09:51:26,061 [DEBUG] Excluded recurring IDs for date 2025-11-04: set()
2025-11-04 09:51:26,061 [DEBUG] Executing dashboard base query with params: {'date_only': datetime.date(2025, 11, 4), 'date_only_ts': datetime.datetime(2025, 11, 4, 0, 0), 'business_id': '79581f88-5042-43d0-9594-ba81e70130b0', 'client_id': '', 'pet_id': ''}
2025-11-04 09:51:26,098 [DEBUG] Dashboard query returned 2 rows before filtering.
2025-11-04 09:51:26,098 [DEBUG] Filtered results: 2 remaining after exclusions.
2025-11-04 09:51:26,099 [DEBUG] Loaded 0 notifications for business 79581f88-5042-43d0-9594-ba81e70130b0
2025-11-04 09:51:26,099 [INFO] Dashboard info built successfully for user 81e78254-85dc-464c-8aa4-455f9d9d47eb
2025-11-04 09:53:26,444 [INFO] Scheduler has been shut down
2025-11-04 09:53:26,445 [DEBUG] Looking for jobs to run
2025-11-04 09:53:26,445 [DEBUG] No jobs; waiting until a job is added
2025-11-04 09:53:27,873 [INFO] Stripe API initialized successfully.
2025-11-04 09:53:27,965 [DEBUG] /etc/localtime found
2025-11-04 09:53:27,966 [DEBUG] 1 found:
 {'/etc/localtime is a symlink to': 'Europe/London'}
2025-11-04 09:53:27,992 [INFO] Scheduler started
2025-11-04 09:53:27,993 [DEBUG] Looking for jobs to run
2025-11-04 09:53:27,993 [DEBUG] No jobs; waiting until a job is added
2025-11-04 09:53:34,830 [INFO] Dashboard info requested by user_id=81e78254-85dc-464c-8aa4-455f9d9d47eb
2025-11-04 09:53:34,831 [DEBUG] Incoming dashboard params: date_time=2025-11-04, client_id=, pet_id=
2025-11-04 09:53:34,871 [INFO] message='Request to Stripe api' method=get url=https://api.stripe.com/v1/subscriptions/sub_1OkVEMIdMMgqrK9P9nLNiDAM
2025-11-04 09:53:34,871 [DEBUG] api_version=2025-07-30.basil message='Post details' post_data=
2025-11-04 09:53:34,873 [DEBUG] Starting new HTTPS connection (1): api.stripe.com:443
2025-11-04 09:53:35,235 [DEBUG] https://api.stripe.com:443 "GET /v1/subscriptions/sub_1OkVEMIdMMgqrK9P9nLNiDAM HTTP/1.1" 200 4591
2025-11-04 09:53:35,235 [INFO] message='Stripe API response' path=https://api.stripe.com/v1/subscriptions/sub_1OkVEMIdMMgqrK9P9nLNiDAM response_code=200
2025-11-04 09:53:35,235 [DEBUG] body='{\n  "id": "sub_1OkVEMIdMMgqrK9P9nLNiDAM",\n  "object": "subscription",\n  "application": null,\n  "application_fee_percent": null,\n  "automatic_tax": {\n    "disabled_reason": null,\n    "enabled": true,\n    "liability": {\n      "type": "self"\n    }\n  },\n  "billing_cycle_anchor": 1708104586,\n  "billing_cycle_anchor_config": null,\n  "billing_mode": {\n    "flexible": null,\n    "type": "classic"\n  },\n  "billing_thresholds": null,\n  "cancel_at": null,\n  "cancel_at_period_end": false,\n  "canceled_at": null,\n  "cancellation_details": {\n    "comment": null,\n    "feedback": null,\n    "reason": null\n  },\n  "collection_method": "charge_automatically",\n  "created": 1708104586,\n  "currency": "gbp",\n  "customer": "cus_PZeX087WaJnC29",\n  "days_until_due": null,\n  "default_payment_method": "pm_1OkVELIdMMgqrK9PablGoWGz",\n  "default_source": null,\n  "default_tax_rates": [],\n  "description": null,\n  "discounts": [],\n  "ended_at": null,\n  "invoice_settings": {\n    "account_tax_ids": null,\n    "issuer": {\n      "type": "self"\n    }\n  },\n  "items": {\n    "object": "list",\n    "data": [\n      {\n        "id": "si_PZeXwKEBXVmNMh",\n        "object": "subscription_item",\n        "billing_thresholds": null,\n        "created": 1708104586,\n        "current_period_end": 1763314186,\n        "current_period_start": 1760635786,\n        "discounts": [],\n        "metadata": {},\n        "plan": {\n          "id": "price_1MYVUbIdMMgqrK9PkNLjlrOZ",\n          "object": "plan",\n          "active": true,\n          "amount": 3000,\n          "amount_decimal": "3000",\n          "billing_scheme": "per_unit",\n          "created": 1675692985,\n          "currency": "gbp",\n          "interval": "month",\n          "interval_count": 1,\n          "livemode": true,\n          "metadata": {},\n          "meter": null,\n          "nickname": null,\n          "product": "prod_NJ7kpOY8DpuKOu",\n          "tiers_mode": null,\n          "transform_usage": null,\n          "trial_period_days": null,\n          "usage_type": "licensed"\n        },\n        "price": {\n          "id": "price_1MYVUbIdMMgqrK9PkNLjlrOZ",\n          "object": "price",\n          "active": true,\n          "billing_scheme": "per_unit",\n          "created": 1675692985,\n          "currency": "gbp",\n          "custom_unit_amount": null,\n          "livemode": true,\n          "lookup_key": null,\n          "metadata": {},\n          "nickname": null,\n          "product": "prod_NJ7kpOY8DpuKOu",\n          "recurring": {\n            "interval": "month",\n            "interval_count": 1,\n            "meter": null,\n            "trial_period_days": null,\n            "usage_type": "licensed"\n          },\n          "tax_behavior": "inclusive",\n          "tiers_mode": null,\n          "transform_quantity": null,\n          "type": "recurring",\n          "unit_amount": 3000,\n          "unit_amount_decimal": "3000"\n        },\n        "quantity": 1,\n        "subscription": "sub_1OkVEMIdMMgqrK9P9nLNiDAM",\n        "tax_rates": []\n      }\n    ],\n    "has_more": false,\n    "total_count": 1,\n    "url": "/v1/subscription_items?subscription=sub_1OkVEMIdMMgqrK9P9nLNiDAM"\n  },\n  "latest_invoice": "in_1SIv0bIdMMgqrK9PzyoKSijk",\n  "livemode": true,\n  "metadata": {},\n  "next_pending_invoice_item_invoice": null,\n  "on_behalf_of": null,\n  "pause_collection": null,\n  "payment_settings": {\n    "payment_method_options": {\n      "acss_debit": null,\n      "bancontact": null,\n      "card": {\n        "network": null,\n        "request_three_d_secure": "automatic"\n      },\n      "customer_balance": null,\n      "konbini": null,\n      "sepa_debit": null,\n      "us_bank_account": null\n    },\n    "payment_method_types": null,\n    "save_default_payment_method": "off"\n  },\n  "pending_invoice_item_interval": null,\n  "pending_setup_intent": null,\n  "pending_update": null,\n  "plan": {\n    "id": "price_1MYVUbIdMMgqrK9PkNLjlrOZ",\n    "object": "plan",\n    "active": true,\n    "amount": 3000,\n    "amount_decimal": "3000",\n    "billing_scheme": "per_unit",\n    "created": 1675692985,\n    "currency": "gbp",\n    "interval": "month",\n    "interval_count": 1,\n    "livemode": true,\n    "metadata": {},\n    "meter": null,\n    "nickname": null,\n    "product": "prod_NJ7kpOY8DpuKOu",\n    "tiers_mode": null,\n    "transform_usage": null,\n    "trial_period_days": null,\n    "usage_type": "licensed"\n  },\n  "quantity": 1,\n  "schedule": null,\n  "start_date": 1708104586,\n  "status": "active",\n  "test_clock": null,\n  "transfer_data": null,\n  "trial_end": null,\n  "trial_settings": {\n    "end_behavior": {\n      "missing_payment_method": "create_invoice"\n    }\n  },\n  "trial_start": null\n}' message='API response body'
2025-11-04 09:53:35,236 [DEBUG] link=https://dashboard.stripe.com/live/logs/req_0Ga60D2ER92zhN message='Dashboard link for request'
2025-11-04 09:53:35,256 [DEBUG] Business logo encoded successfully.
2025-11-04 09:53:35,257 [DEBUG] Excluded recurring IDs for date 2025-11-04: set()
2025-11-04 09:53:35,258 [DEBUG] Executing dashboard base query with params: {'date_only': datetime.date(2025, 11, 4), 'date_only_ts': datetime.datetime(2025, 11, 4, 0, 0), 'business_id': '79581f88-5042-43d0-9594-ba81e70130b0', 'client_id': '', 'pet_id': ''}
2025-11-04 09:53:35,293 [DEBUG] Dashboard query returned 2 rows before filtering.
2025-11-04 09:53:35,293 [DEBUG] Filtered results: 2 remaining after exclusions.
2025-11-04 09:53:35,294 [DEBUG] Loaded 0 notifications for business 79581f88-5042-43d0-9594-ba81e70130b0
2025-11-04 09:53:35,294 [INFO] Dashboard info built successfully for user 81e78254-85dc-464c-8aa4-455f9d9d47eb
2025-11-04 09:53:35,304 [DEBUG] Assets sync request received
2025-11-04 09:53:35,305 [DEBUG] Client hash: {'hash': '23c811a5e489f479791a0f8c71237ae7346c24a1510357fe947d7b77d6c30577'}
2025-11-04 09:53:35,308 [DEBUG] Current assets hash: 23c811a5e489f479791a0f8c71237ae7346c24a1510357fe947d7b77d6c30577
2025-11-04 09:53:35,309 [DEBUG] Missing avatars: 0
2025-11-04 09:53:37,532 [INFO] message='Request to Stripe api' method=get url=https://api.stripe.com/v1/subscriptions/sub_1OkVEMIdMMgqrK9P9nLNiDAM
2025-11-04 09:53:37,532 [DEBUG] api_version=2025-07-30.basil message='Post details' post_data=
2025-11-04 09:53:37,769 [DEBUG] https://api.stripe.com:443 "GET /v1/subscriptions/sub_1OkVEMIdMMgqrK9P9nLNiDAM HTTP/1.1" 200 4591
2025-11-04 09:53:37,769 [INFO] message='Stripe API response' path=https://api.stripe.com/v1/subscriptions/sub_1OkVEMIdMMgqrK9P9nLNiDAM response_code=200
2025-11-04 09:53:37,769 [DEBUG] body='{\n  "id": "sub_1OkVEMIdMMgqrK9P9nLNiDAM",\n  "object": "subscription",\n  "application": null,\n  "application_fee_percent": null,\n  "automatic_tax": {\n    "disabled_reason": null,\n    "enabled": true,\n    "liability": {\n      "type": "self"\n    }\n  },\n  "billing_cycle_anchor": 1708104586,\n  "billing_cycle_anchor_config": null,\n  "billing_mode": {\n    "flexible": null,\n    "type": "classic"\n  },\n  "billing_thresholds": null,\n  "cancel_at": null,\n  "cancel_at_period_end": false,\n  "canceled_at": null,\n  "cancellation_details": {\n    "comment": null,\n    "feedback": null,\n    "reason": null\n  },\n  "collection_method": "charge_automatically",\n  "created": 1708104586,\n  "currency": "gbp",\n  "customer": "cus_PZeX087WaJnC29",\n  "days_until_due": null,\n  "default_payment_method": "pm_1OkVELIdMMgqrK9PablGoWGz",\n  "default_source": null,\n  "default_tax_rates": [],\n  "description": null,\n  "discounts": [],\n  "ended_at": null,\n  "invoice_settings": {\n    "account_tax_ids": null,\n    "issuer": {\n      "type": "self"\n    }\n  },\n  "items": {\n    "object": "list",\n    "data": [\n      {\n        "id": "si_PZeXwKEBXVmNMh",\n        "object": "subscription_item",\n        "billing_thresholds": null,\n        "created": 1708104586,\n        "current_period_end": 1763314186,\n        "current_period_start": 1760635786,\n        "discounts": [],\n        "metadata": {},\n        "plan": {\n          "id": "price_1MYVUbIdMMgqrK9PkNLjlrOZ",\n          "object": "plan",\n          "active": true,\n          "amount": 3000,\n          "amount_decimal": "3000",\n          "billing_scheme": "per_unit",\n          "created": 1675692985,\n          "currency": "gbp",\n          "interval": "month",\n          "interval_count": 1,\n          "livemode": true,\n          "metadata": {},\n          "meter": null,\n          "nickname": null,\n          "product": "prod_NJ7kpOY8DpuKOu",\n          "tiers_mode": null,\n          "transform_usage": null,\n          "trial_period_days": null,\n          "usage_type": "licensed"\n        },\n        "price": {\n          "id": "price_1MYVUbIdMMgqrK9PkNLjlrOZ",\n          "object": "price",\n          "active": true,\n          "billing_scheme": "per_unit",\n          "created": 1675692985,\n          "currency": "gbp",\n          "custom_unit_amount": null,\n          "livemode": true,\n          "lookup_key": null,\n          "metadata": {},\n          "nickname": null,\n          "product": "prod_NJ7kpOY8DpuKOu",\n          "recurring": {\n            "interval": "month",\n            "interval_count": 1,\n            "meter": null,\n            "trial_period_days": null,\n            "usage_type": "licensed"\n          },\n          "tax_behavior": "inclusive",\n          "tiers_mode": null,\n          "transform_quantity": null,\n          "type": "recurring",\n          "unit_amount": 3000,\n          "unit_amount_decimal": "3000"\n        },\n        "quantity": 1,\n        "subscription": "sub_1OkVEMIdMMgqrK9P9nLNiDAM",\n        "tax_rates": []\n      }\n    ],\n    "has_more": false,\n    "total_count": 1,\n    "url": "/v1/subscription_items?subscription=sub_1OkVEMIdMMgqrK9P9nLNiDAM"\n  },\n  "latest_invoice": "in_1SIv0bIdMMgqrK9PzyoKSijk",\n  "livemode": true,\n  "metadata": {},\n  "next_pending_invoice_item_invoice": null,\n  "on_behalf_of": null,\n  "pause_collection": null,\n  "payment_settings": {\n    "payment_method_options": {\n      "acss_debit": null,\n      "bancontact": null,\n      "card": {\n        "network": null,\n        "request_three_d_secure": "automatic"\n      },\n      "customer_balance": null,\n      "konbini": null,\n      "sepa_debit": null,\n      "us_bank_account": null\n    },\n    "payment_method_types": null,\n    "save_default_payment_method": "off"\n  },\n  "pending_invoice_item_interval": null,\n  "pending_setup_intent": null,\n  "pending_update": null,\n  "plan": {\n    "id": "price_1MYVUbIdMMgqrK9PkNLjlrOZ",\n    "object": "plan",\n    "active": true,\n    "amount": 3000,\n    "amount_decimal": "3000",\n    "billing_scheme": "per_unit",\n    "created": 1675692985,\n    "currency": "gbp",\n    "interval": "month",\n    "interval_count": 1,\n    "livemode": true,\n    "metadata": {},\n    "meter": null,\n    "nickname": null,\n    "product": "prod_NJ7kpOY8DpuKOu",\n    "tiers_mode": null,\n    "transform_usage": null,\n    "trial_period_days": null,\n    "usage_type": "licensed"\n  },\n  "quantity": 1,\n  "schedule": null,\n  "start_date": 1708104586,\n  "status": "active",\n  "test_clock": null,\n  "transfer_data": null,\n  "trial_end": null,\n  "trial_settings": {\n    "end_behavior": {\n      "missing_payment_method": "create_invoice"\n    }\n  },\n  "trial_start": null\n}' message='API response body'
2025-11-04 09:53:37,769 [DEBUG] link=https://dashboard.stripe.com/live/logs/req_0XHiYnxn00GX57 message='Dashboard link for request'
2025-11-04 09:53:41,171 [DEBUG] Importing AvifImagePlugin
2025-11-04 09:53:41,202 [DEBUG] Importing BlpImagePlugin
2025-11-04 09:53:41,205 [DEBUG] Importing BmpImagePlugin
2025-11-04 09:53:41,205 [DEBUG] Importing BufrStubImagePlugin
2025-11-04 09:53:41,207 [DEBUG] Importing CurImagePlugin
2025-11-04 09:53:41,208 [DEBUG] Importing DcxImagePlugin
2025-11-04 09:53:41,211 [DEBUG] Importing DdsImagePlugin
2025-11-04 09:53:41,213 [DEBUG] Importing EpsImagePlugin
2025-11-04 09:53:41,215 [DEBUG] Importing FitsImagePlugin
2025-11-04 09:53:41,217 [DEBUG] Importing FliImagePlugin
2025-11-04 09:53:41,218 [DEBUG] Importing FpxImagePlugin
2025-11-04 09:53:41,220 [DEBUG] Image: failed to import FpxImagePlugin: No module named 'olefile'
2025-11-04 09:53:41,220 [DEBUG] Importing FtexImagePlugin
2025-11-04 09:53:41,222 [DEBUG] Importing GbrImagePlugin
2025-11-04 09:53:41,223 [DEBUG] Importing GifImagePlugin
2025-11-04 09:53:41,223 [DEBUG] Importing GribStubImagePlugin
2025-11-04 09:53:41,224 [DEBUG] Importing Hdf5StubImagePlugin
2025-11-04 09:53:41,226 [DEBUG] Importing IcnsImagePlugin
2025-11-04 09:53:41,230 [DEBUG] Importing IcoImagePlugin
2025-11-04 09:53:41,232 [DEBUG] Importing ImImagePlugin
2025-11-04 09:53:41,234 [DEBUG] Importing ImtImagePlugin
2025-11-04 09:53:41,235 [DEBUG] Importing IptcImagePlugin
2025-11-04 09:53:41,237 [DEBUG] Importing JpegImagePlugin
2025-11-04 09:53:41,237 [DEBUG] Importing Jpeg2KImagePlugin
2025-11-04 09:53:41,237 [DEBUG] Importing McIdasImagePlugin
2025-11-04 09:53:41,238 [DEBUG] Importing MicImagePlugin
2025-11-04 09:53:41,239 [DEBUG] Image: failed to import MicImagePlugin: No module named 'olefile'
2025-11-04 09:53:41,239 [DEBUG] Importing MpegImagePlugin
2025-11-04 09:53:41,241 [DEBUG] Importing MpoImagePlugin
2025-11-04 09:53:41,245 [DEBUG] Importing MspImagePlugin
2025-11-04 09:53:41,246 [DEBUG] Importing PalmImagePlugin
2025-11-04 09:53:41,248 [DEBUG] Importing PcdImagePlugin
2025-11-04 09:53:41,250 [DEBUG] Importing PcxImagePlugin
2025-11-04 09:53:41,250 [DEBUG] Importing PdfImagePlugin
2025-11-04 09:53:41,261 [DEBUG] Importing PixarImagePlugin
2025-11-04 09:53:41,263 [DEBUG] Importing PngImagePlugin
2025-11-04 09:53:41,263 [DEBUG] Importing PpmImagePlugin
2025-11-04 09:53:41,263 [DEBUG] Importing PsdImagePlugin
2025-11-04 09:53:41,264 [DEBUG] Importing QoiImagePlugin
2025-11-04 09:53:41,266 [DEBUG] Importing SgiImagePlugin
2025-11-04 09:53:41,267 [DEBUG] Importing SpiderImagePlugin
2025-11-04 09:53:41,268 [DEBUG] Importing SunImagePlugin
2025-11-04 09:53:41,269 [DEBUG] Importing TgaImagePlugin
2025-11-04 09:53:41,270 [DEBUG] Importing TiffImagePlugin
2025-11-04 09:53:41,270 [DEBUG] Importing WebPImagePlugin
2025-11-04 09:53:41,311 [DEBUG] Importing WmfImagePlugin
2025-11-04 09:53:41,313 [DEBUG] Importing XbmImagePlugin
2025-11-04 09:53:41,314 [DEBUG] Importing XpmImagePlugin
2025-11-04 09:53:41,316 [DEBUG] Importing XVThumbImagePlugin
2025-11-04 09:53:45,918 [INFO] Vet search initiated for query='Medi', lat=None, lng=None, radius=15000
2025-11-04 09:53:45,925 [DEBUG] connect_tcp.started host='maps.googleapis.com' port=443 local_address=None timeout=10.0 socket_options=None
2025-11-04 09:53:45,966 [DEBUG] connect_tcp.complete return_value=<httpcore._backends.anyio.AnyIOStream object at 0x12eeb0ec0>
2025-11-04 09:53:45,966 [DEBUG] start_tls.started ssl_context=<ssl.SSLContext object at 0x12c85e710> server_hostname='maps.googleapis.com' timeout=10.0
2025-11-04 09:53:46,000 [DEBUG] start_tls.complete return_value=<httpcore._backends.anyio.AnyIOStream object at 0x12ee45f90>
2025-11-04 09:53:46,000 [DEBUG] send_request_headers.started request=<Request [b'GET']>
2025-11-04 09:53:46,000 [DEBUG] send_request_headers.complete
2025-11-04 09:53:46,000 [DEBUG] send_request_body.started request=<Request [b'GET']>
2025-11-04 09:53:46,000 [DEBUG] send_request_body.complete
2025-11-04 09:53:46,000 [DEBUG] receive_response_headers.started request=<Request [b'GET']>
2025-11-04 09:53:46,594 [DEBUG] receive_response_headers.complete return_value=(b'HTTP/1.1', 200, b'OK', [(b'Content-Type', b'application/json; charset=UTF-8'), (b'Date', b'Tue, 04 Nov 2025 09:53:46 GMT'), (b'Expires', b'Tue, 04 Nov 2025 09:58:46 GMT'), (b'Cache-Control', b'public, max-age=300'), (b'Content-Security-Policy-Report-Only', b"script-src 'none'; form-action 'none'; frame-src 'none'; report-uri https://csp.withgoogle.com/csp/scaffolding/msaipomnpc:993:0"), (b'Cross-Origin-Opener-Policy-Report-Only', b'same-origin; report-to=msaipomnpc:993:0'), (b'Report-To', b'{"group":"msaipomnpc:993:0","max_age":2592000,"endpoints":[{"url":"https://csp.withgoogle.com/csp/report-to/scaffolding/msaipomnpc:993:0"}],}'), (b'Server', b'scaffolding on HTTPServer2'), (b'Content-Length', b'48215'), (b'X-XSS-Protection', b'0'), (b'X-Frame-Options', b'SAMEORIGIN'), (b'Server-Timing', b'gfet4t7; dur=454'), (b'Alt-Svc', b'h3=":443"; ma=2592000,h3-29=":443"; ma=2592000')])
2025-11-04 09:53:46,595 [INFO] HTTP Request: GET https://maps.googleapis.com/maps/api/place/textsearch/json?query=Medi&type=veterinary_care&key=AIzaSyA593JVSkRiRlUo6CemLNy_e0lMDMBmcX0&region=gb&language=en-GB "HTTP/1.1 200 OK"
2025-11-04 09:53:46,596 [DEBUG] receive_response_body.started request=<Request [b'GET']>
2025-11-04 09:53:46,630 [DEBUG] receive_response_body.complete
2025-11-04 09:53:46,630 [DEBUG] response_closed.started
2025-11-04 09:53:46,630 [DEBUG] response_closed.complete
2025-11-04 09:53:46,631 [DEBUG] close.started
2025-11-04 09:53:46,631 [DEBUG] close.complete
2025-11-04 09:53:46,631 [DEBUG] Google Places returned 20 results for 'Medi'
2025-11-04 09:53:46,639 [DEBUG] Fetching phone for place_id=ChIJw9kCZRfAeUgR0KF7ymN1ey8
2025-11-04 09:53:46,639 [DEBUG] Fetching phone for place_id=ChIJVVVBpQ7BeUgRQg5Aa1KElOw
2025-11-04 09:53:46,639 [DEBUG] Fetching phone for place_id=ChIJgRFqocOTeUgRbMHOk9l-ZBc
2025-11-04 09:53:46,639 [DEBUG] Fetching phone for place_id=ChIJ09ytDBnreUgRXwKxyaMztes
2025-11-04 09:53:46,640 [DEBUG] Fetching phone for place_id=ChIJkyVTcMe9eUgRRHBu4GmM6kg
2025-11-04 09:53:46,640 [DEBUG] Fetching phone for place_id=ChIJWU6qIbtKeEgR3siTUBAbKV4
2025-11-04 09:53:46,640 [DEBUG] Fetching phone for place_id=ChIJbfmQAm29eUgRmBJgln-pND0
2025-11-04 09:53:46,640 [DEBUG] Fetching phone for place_id=ChIJVx4RBtvAeUgRp4rSrabx8wg
2025-11-04 09:53:46,640 [DEBUG] Fetching phone for place_id=ChIJn7xS2SaUeUgRsGmsJGBrAEY
2025-11-04 09:53:46,641 [DEBUG] Fetching phone for place_id=ChIJLQML4qLGeUgRirY_GFo1qEA
2025-11-04 09:53:46,641 [DEBUG] Fetching phone for place_id=ChIJoSdAHzzpeUgRhk3LcWe8Rn4
2025-11-04 09:53:46,641 [DEBUG] Fetching phone for place_id=ChIJL93SuLfpeUgRYODNOd1Fkes
2025-11-04 09:53:46,642 [DEBUG] Fetching phone for place_id=ChIJAQAA5GxyeUgRLX1GuMQOb3k
2025-11-04 09:53:46,642 [DEBUG] Fetching phone for place_id=ChIJdbx7zpK9eUgR1O4WCCaF41c
2025-11-04 09:53:46,642 [DEBUG] Fetching phone for place_id=ChIJ1f9bdpLDeUgRG0MAyARyXqA
2025-11-04 09:53:46,642 [DEBUG] connect_tcp.started host='maps.googleapis.com' port=443 local_address=None timeout=8.0 socket_options=None
2025-11-04 09:53:46,642 [DEBUG] connect_tcp.started host='maps.googleapis.com' port=443 local_address=None timeout=8.0 socket_options=None
2025-11-04 09:53:46,643 [DEBUG] connect_tcp.started host='maps.googleapis.com' port=443 local_address=None timeout=8.0 socket_options=None
2025-11-04 09:53:46,643 [DEBUG] connect_tcp.started host='maps.googleapis.com' port=443 local_address=None timeout=8.0 socket_options=None
2025-11-04 09:53:46,643 [DEBUG] connect_tcp.started host='maps.googleapis.com' port=443 local_address=None timeout=8.0 socket_options=None
2025-11-04 09:53:46,643 [DEBUG] connect_tcp.started host='maps.googleapis.com' port=443 local_address=None timeout=8.0 socket_options=None
2025-11-04 09:53:46,643 [DEBUG] connect_tcp.started host='maps.googleapis.com' port=443 local_address=None timeout=8.0 socket_options=None
2025-11-04 09:53:46,643 [DEBUG] connect_tcp.started host='maps.googleapis.com' port=443 local_address=None timeout=8.0 socket_options=None
2025-11-04 09:53:46,643 [DEBUG] connect_tcp.started host='maps.googleapis.com' port=443 local_address=None timeout=8.0 socket_options=None
2025-11-04 09:53:46,644 [DEBUG] connect_tcp.started host='maps.googleapis.com' port=443 local_address=None timeout=8.0 socket_options=None
2025-11-04 09:53:46,644 [DEBUG] connect_tcp.started host='maps.googleapis.com' port=443 local_address=None timeout=8.0 socket_options=None
2025-11-04 09:53:46,644 [DEBUG] connect_tcp.started host='maps.googleapis.com' port=443 local_address=None timeout=8.0 socket_options=None
2025-11-04 09:53:46,644 [DEBUG] connect_tcp.started host='maps.googleapis.com' port=443 local_address=None timeout=8.0 socket_options=None
2025-11-04 09:53:46,644 [DEBUG] connect_tcp.started host='maps.googleapis.com' port=443 local_address=None timeout=8.0 socket_options=None
2025-11-04 09:53:46,644 [DEBUG] connect_tcp.started host='maps.googleapis.com' port=443 local_address=None timeout=8.0 socket_options=None
2025-11-04 09:53:46,667 [DEBUG] connect_tcp.complete return_value=<httpcore._backends.anyio.AnyIOStream object at 0x12eee0a50>
2025-11-04 09:53:46,667 [DEBUG] start_tls.started ssl_context=<ssl.SSLContext object at 0x12ee9e030> server_hostname='maps.googleapis.com' timeout=8.0
2025-11-04 09:53:46,674 [DEBUG] connect_tcp.complete return_value=<httpcore._backends.anyio.AnyIOStream object at 0x12eea2780>
2025-11-04 09:53:46,674 [DEBUG] start_tls.started ssl_context=<ssl.SSLContext object at 0x12ee9e030> server_hostname='maps.googleapis.com' timeout=8.0
2025-11-04 09:53:46,674 [DEBUG] connect_tcp.complete return_value=<httpcore._backends.anyio.AnyIOStream object at 0x12eea29e0>
2025-11-04 09:53:46,674 [DEBUG] start_tls.started ssl_context=<ssl.SSLContext object at 0x12ee9e030> server_hostname='maps.googleapis.com' timeout=8.0
2025-11-04 09:53:46,675 [DEBUG] connect_tcp.complete return_value=<httpcore._backends.anyio.AnyIOStream object at 0x13883c3b0>
2025-11-04 09:53:46,675 [DEBUG] start_tls.started ssl_context=<ssl.SSLContext object at 0x12ee9e030> server_hostname='maps.googleapis.com' timeout=8.0
2025-11-04 09:53:46,675 [DEBUG] connect_tcp.complete return_value=<httpcore._backends.anyio.AnyIOStream object at 0x12eedb570>
2025-11-04 09:53:46,675 [DEBUG] start_tls.started ssl_context=<ssl.SSLContext object at 0x12ee9e030> server_hostname='maps.googleapis.com' timeout=8.0
2025-11-04 09:53:46,675 [DEBUG] connect_tcp.complete return_value=<httpcore._backends.anyio.AnyIOStream object at 0x12eedb680>
2025-11-04 09:53:46,675 [DEBUG] start_tls.started ssl_context=<ssl.SSLContext object at 0x12ee9e030> server_hostname='maps.googleapis.com' timeout=8.0
2025-11-04 09:53:46,675 [DEBUG] connect_tcp.complete return_value=<httpcore._backends.anyio.AnyIOStream object at 0x12eec7050>
2025-11-04 09:53:46,676 [DEBUG] start_tls.started ssl_context=<ssl.SSLContext object at 0x12ee9e030> server_hostname='maps.googleapis.com' timeout=8.0
2025-11-04 09:53:46,676 [DEBUG] connect_tcp.complete return_value=<httpcore._backends.anyio.AnyIOStream object at 0x12eec4850>
2025-11-04 09:53:46,676 [DEBUG] start_tls.started ssl_context=<ssl.SSLContext object at 0x12ee9e030> server_hostname='maps.googleapis.com' timeout=8.0
2025-11-04 09:53:46,676 [DEBUG] connect_tcp.complete return_value=<httpcore._backends.anyio.AnyIOStream object at 0x12eee6120>
2025-11-04 09:53:46,676 [DEBUG] start_tls.started ssl_context=<ssl.SSLContext object at 0x12ee9e030> server_hostname='maps.googleapis.com' timeout=8.0
2025-11-04 09:53:46,676 [DEBUG] connect_tcp.complete return_value=<httpcore._backends.anyio.AnyIOStream object at 0x12ee3f890>
2025-11-04 09:53:46,676 [DEBUG] start_tls.started ssl_context=<ssl.SSLContext object at 0x12ee9e030> server_hostname='maps.googleapis.com' timeout=8.0
2025-11-04 09:53:46,677 [DEBUG] connect_tcp.complete return_value=<httpcore._backends.anyio.AnyIOStream object at 0x12eeca0b0>
2025-11-04 09:53:46,677 [DEBUG] start_tls.started ssl_context=<ssl.SSLContext object at 0x12ee9e030> server_hostname='maps.googleapis.com' timeout=8.0
2025-11-04 09:53:46,677 [DEBUG] connect_tcp.complete return_value=<httpcore._backends.anyio.AnyIOStream object at 0x12eec90f0>
2025-11-04 09:53:46,677 [DEBUG] start_tls.started ssl_context=<ssl.SSLContext object at 0x12ee9e030> server_hostname='maps.googleapis.com' timeout=8.0
2025-11-04 09:53:46,677 [DEBUG] connect_tcp.complete return_value=<httpcore._backends.anyio.AnyIOStream object at 0x138808d50>
2025-11-04 09:53:46,677 [DEBUG] start_tls.started ssl_context=<ssl.SSLContext object at 0x12ee9e030> server_hostname='maps.googleapis.com' timeout=8.0
2025-11-04 09:53:46,677 [DEBUG] connect_tcp.complete return_value=<httpcore._backends.anyio.AnyIOStream object at 0x12eed2090>
2025-11-04 09:53:46,677 [DEBUG] start_tls.started ssl_context=<ssl.SSLContext object at 0x12ee9e030> server_hostname='maps.googleapis.com' timeout=8.0
2025-11-04 09:53:46,677 [DEBUG] connect_tcp.complete return_value=<httpcore._backends.anyio.AnyIOStream object at 0x12eed22d0>
2025-11-04 09:53:46,677 [DEBUG] start_tls.started ssl_context=<ssl.SSLContext object at 0x12ee9e030> server_hostname='maps.googleapis.com' timeout=8.0
2025-11-04 09:53:46,696 [DEBUG] start_tls.complete return_value=<httpcore._backends.anyio.AnyIOStream object at 0x12eec24c0>
2025-11-04 09:53:46,696 [DEBUG] send_request_headers.started request=<Request [b'GET']>
2025-11-04 09:53:46,697 [DEBUG] send_request_headers.complete
2025-11-04 09:53:46,697 [DEBUG] send_request_body.started request=<Request [b'GET']>
2025-11-04 09:53:46,697 [DEBUG] send_request_body.complete
2025-11-04 09:53:46,697 [DEBUG] receive_response_headers.started request=<Request [b'GET']>
2025-11-04 09:53:46,702 [DEBUG] start_tls.complete return_value=<httpcore._backends.anyio.AnyIOStream object at 0x12eec17b0>
2025-11-04 09:53:46,703 [DEBUG] send_request_headers.started request=<Request [b'GET']>
2025-11-04 09:53:46,703 [DEBUG] start_tls.complete return_value=<httpcore._backends.anyio.AnyIOStream object at 0x12ee9e8f0>
2025-11-04 09:53:46,704 [DEBUG] send_request_headers.complete
2025-11-04 09:53:46,704 [DEBUG] send_request_body.started request=<Request [b'GET']>
2025-11-04 09:53:46,704 [DEBUG] send_request_body.complete
2025-11-04 09:53:46,704 [DEBUG] receive_response_headers.started request=<Request [b'GET']>
2025-11-04 09:53:46,704 [DEBUG] send_request_headers.started request=<Request [b'GET']>
2025-11-04 09:53:46,704 [DEBUG] start_tls.complete return_value=<httpcore._backends.anyio.AnyIOStream object at 0x12ee9ef30>
2025-11-04 09:53:46,704 [DEBUG] start_tls.complete return_value=<httpcore._backends.anyio.AnyIOStream object at 0x12ccce8d0>
2025-11-04 09:53:46,704 [DEBUG] send_request_headers.complete
2025-11-04 09:53:46,704 [DEBUG] send_request_body.started request=<Request [b'GET']>
2025-11-04 09:53:46,704 [DEBUG] send_request_body.complete
2025-11-04 09:53:46,704 [DEBUG] receive_response_headers.started request=<Request [b'GET']>
2025-11-04 09:53:46,704 [DEBUG] send_request_headers.started request=<Request [b'GET']>
2025-11-04 09:53:46,704 [DEBUG] send_request_headers.started request=<Request [b'GET']>
2025-11-04 09:53:46,705 [DEBUG] send_request_headers.complete
2025-11-04 09:53:46,705 [DEBUG] send_request_body.started request=<Request [b'GET']>
2025-11-04 09:53:46,705 [DEBUG] send_request_body.complete
2025-11-04 09:53:46,705 [DEBUG] receive_response_headers.started request=<Request [b'GET']>
2025-11-04 09:53:46,705 [DEBUG] send_request_headers.complete
2025-11-04 09:53:46,705 [DEBUG] send_request_body.started request=<Request [b'GET']>
2025-11-04 09:53:46,705 [DEBUG] send_request_body.complete
2025-11-04 09:53:46,705 [DEBUG] receive_response_headers.started request=<Request [b'GET']>
2025-11-04 09:53:46,705 [DEBUG] start_tls.complete return_value=<httpcore._backends.anyio.AnyIOStream object at 0x1388002d0>
2025-11-04 09:53:46,705 [DEBUG] send_request_headers.started request=<Request [b'GET']>
2025-11-04 09:53:46,706 [DEBUG] send_request_headers.complete
2025-11-04 09:53:46,706 [DEBUG] send_request_body.started request=<Request [b'GET']>
2025-11-04 09:53:46,706 [DEBUG] send_request_body.complete
2025-11-04 09:53:46,706 [DEBUG] receive_response_headers.started request=<Request [b'GET']>
2025-11-04 09:53:46,708 [DEBUG] start_tls.complete return_value=<httpcore._backends.anyio.AnyIOStream object at 0x1388009d0>
2025-11-04 09:53:46,708 [DEBUG] start_tls.complete return_value=<httpcore._backends.anyio.AnyIOStream object at 0x12ee72f20>
2025-11-04 09:53:46,708 [DEBUG] start_tls.complete return_value=<httpcore._backends.anyio.AnyIOStream object at 0x12ee72c80>
2025-11-04 09:53:46,708 [DEBUG] start_tls.complete return_value=<httpcore._backends.anyio.AnyIOStream object at 0x12eede570>
2025-11-04 09:53:46,708 [DEBUG] start_tls.complete return_value=<httpcore._backends.anyio.AnyIOStream object at 0x12eede0f0>
2025-11-04 09:53:46,708 [DEBUG] send_request_headers.started request=<Request [b'GET']>
2025-11-04 09:53:46,708 [DEBUG] send_request_headers.started request=<Request [b'GET']>
2025-11-04 09:53:46,708 [DEBUG] send_request_headers.started request=<Request [b'GET']>
2025-11-04 09:53:46,708 [DEBUG] send_request_headers.started request=<Request [b'GET']>
2025-11-04 09:53:46,708 [DEBUG] send_request_headers.started request=<Request [b'GET']>
2025-11-04 09:53:46,709 [DEBUG] send_request_headers.complete
2025-11-04 09:53:46,709 [DEBUG] send_request_body.started request=<Request [b'GET']>
2025-11-04 09:53:46,709 [DEBUG] send_request_body.complete
2025-11-04 09:53:46,709 [DEBUG] receive_response_headers.started request=<Request [b'GET']>
2025-11-04 09:53:46,709 [DEBUG] send_request_headers.complete
2025-11-04 09:53:46,709 [DEBUG] send_request_body.started request=<Request [b'GET']>
2025-11-04 09:53:46,709 [DEBUG] send_request_body.complete
2025-11-04 09:53:46,709 [DEBUG] receive_response_headers.started request=<Request [b'GET']>
2025-11-04 09:53:46,709 [DEBUG] send_request_headers.complete
2025-11-04 09:53:46,709 [DEBUG] send_request_body.started request=<Request [b'GET']>
2025-11-04 09:53:46,709 [DEBUG] send_request_body.complete
2025-11-04 09:53:46,709 [DEBUG] receive_response_headers.started request=<Request [b'GET']>
2025-11-04 09:53:46,709 [DEBUG] send_request_headers.complete
2025-11-04 09:53:46,709 [DEBUG] send_request_body.started request=<Request [b'GET']>
2025-11-04 09:53:46,709 [DEBUG] send_request_body.complete
2025-11-04 09:53:46,709 [DEBUG] receive_response_headers.started request=<Request [b'GET']>
2025-11-04 09:53:46,709 [DEBUG] send_request_headers.complete
2025-11-04 09:53:46,709 [DEBUG] send_request_body.started request=<Request [b'GET']>
2025-11-04 09:53:46,709 [DEBUG] send_request_body.complete
2025-11-04 09:53:46,709 [DEBUG] receive_response_headers.started request=<Request [b'GET']>
2025-11-04 09:53:46,710 [DEBUG] start_tls.complete return_value=<httpcore._backends.anyio.AnyIOStream object at 0x12eeab160>
2025-11-04 09:53:46,710 [DEBUG] start_tls.complete return_value=<httpcore._backends.anyio.AnyIOStream object at 0x12eeaae40>
2025-11-04 09:53:46,710 [DEBUG] send_request_headers.started request=<Request [b'GET']>
2025-11-04 09:53:46,710 [DEBUG] send_request_headers.started request=<Request [b'GET']>
2025-11-04 09:53:46,711 [DEBUG] send_request_headers.complete
2025-11-04 09:53:46,711 [DEBUG] send_request_body.started request=<Request [b'GET']>
2025-11-04 09:53:46,711 [DEBUG] send_request_body.complete
2025-11-04 09:53:46,711 [DEBUG] receive_response_headers.started request=<Request [b'GET']>
2025-11-04 09:53:46,711 [DEBUG] send_request_headers.complete
2025-11-04 09:53:46,711 [DEBUG] send_request_body.started request=<Request [b'GET']>
2025-11-04 09:53:46,711 [DEBUG] send_request_body.complete
2025-11-04 09:53:46,711 [DEBUG] receive_response_headers.started request=<Request [b'GET']>
2025-11-04 09:53:46,711 [DEBUG] start_tls.complete return_value=<httpcore._backends.anyio.AnyIOStream object at 0x138806300>
2025-11-04 09:53:46,711 [DEBUG] send_request_headers.started request=<Request [b'GET']>
2025-11-04 09:53:46,711 [DEBUG] send_request_headers.complete
2025-11-04 09:53:46,711 [DEBUG] send_request_body.started request=<Request [b'GET']>
2025-11-04 09:53:46,711 [DEBUG] send_request_body.complete
2025-11-04 09:53:46,711 [DEBUG] receive_response_headers.started request=<Request [b'GET']>
2025-11-04 09:53:46,714 [DEBUG] start_tls.complete return_value=<httpcore._backends.anyio.AnyIOStream object at 0x138804280>
2025-11-04 09:53:46,714 [DEBUG] send_request_headers.started request=<Request [b'GET']>
2025-11-04 09:53:46,714 [DEBUG] send_request_headers.complete
2025-11-04 09:53:46,714 [DEBUG] send_request_body.started request=<Request [b'GET']>
2025-11-04 09:53:46,714 [DEBUG] send_request_body.complete
2025-11-04 09:53:46,714 [DEBUG] receive_response_headers.started request=<Request [b'GET']>
2025-11-04 09:53:46,764 [DEBUG] receive_response_headers.complete return_value=(b'HTTP/1.1', 200, b'OK', [(b'Content-Type', b'application/json; charset=UTF-8'), (b'Date', b'Tue, 04 Nov 2025 09:53:46 GMT'), (b'Expires', b'Tue, 04 Nov 2025 09:58:46 GMT'), (b'Cache-Control', b'public, max-age=300'), (b'Content-Security-Policy-Report-Only', b"script-src 'none'; form-action 'none'; frame-src 'none'; report-uri https://csp.withgoogle.com/csp/scaffolding/msaipomnpc:641:0"), (b'Cross-Origin-Opener-Policy-Report-Only', b'same-origin; report-to=msaipomnpc:641:0'), (b'Report-To', b'{"group":"msaipomnpc:641:0","max_age":2592000,"endpoints":[{"url":"https://csp.withgoogle.com/csp/report-to/scaffolding/msaipomnpc:641:0"}],}'), (b'Server', b'scaffolding on HTTPServer2'), (b'Content-Length', b'126'), (b'X-XSS-Protection', b'0'), (b'X-Frame-Options', b'SAMEORIGIN'), (b'Server-Timing', b'gfet4t7; dur=36'), (b'Alt-Svc', b'h3=":443"; ma=2592000,h3-29=":443"; ma=2592000')])
2025-11-04 09:53:46,764 [INFO] HTTP Request: GET https://maps.googleapis.com/maps/api/place/details/json?place_id=ChIJoSdAHzzpeUgRhk3LcWe8Rn4&fields=formatted_phone_number&key=AIzaSyA593JVSkRiRlUo6CemLNy_e0lMDMBmcX0&language=en-GB "HTTP/1.1 200 OK"
2025-11-04 09:53:46,764 [DEBUG] receive_response_body.started request=<Request [b'GET']>
2025-11-04 09:53:46,764 [DEBUG] receive_response_body.complete
2025-11-04 09:53:46,764 [DEBUG] response_closed.started
2025-11-04 09:53:46,764 [DEBUG] response_closed.complete
2025-11-04 09:53:46,764 [DEBUG] Got phone for ChIJoSdAHzzpeUgRhk3LcWe8Rn4: 0115 939 9010
2025-11-04 09:53:46,765 [DEBUG] receive_response_headers.complete return_value=(b'HTTP/1.1', 200, b'OK', [(b'Content-Type', b'application/json; charset=UTF-8'), (b'Date', b'Tue, 04 Nov 2025 09:53:46 GMT'), (b'Expires', b'Tue, 04 Nov 2025 09:58:46 GMT'), (b'Cache-Control', b'public, max-age=300'), (b'Content-Security-Policy-Report-Only', b"script-src 'none'; form-action 'none'; frame-src 'none'; report-uri https://csp.withgoogle.com/csp/scaffolding/msaipomnpc:641:0"), (b'Cross-Origin-Opener-Policy-Report-Only', b'same-origin; report-to=msaipomnpc:641:0'), (b'Report-To', b'{"group":"msaipomnpc:641:0","max_age":2592000,"endpoints":[{"url":"https://csp.withgoogle.com/csp/report-to/scaffolding/msaipomnpc:641:0"}],}'), (b'Server', b'scaffolding on HTTPServer2'), (b'Content-Length', b'125'), (b'X-XSS-Protection', b'0'), (b'X-Frame-Options', b'SAMEORIGIN'), (b'Server-Timing', b'gfet4t7; dur=45'), (b'Alt-Svc', b'h3=":443"; ma=2592000,h3-29=":443"; ma=2592000')])
2025-11-04 09:53:46,765 [INFO] HTTP Request: GET https://maps.googleapis.com/maps/api/place/details/json?place_id=ChIJn7xS2SaUeUgRsGmsJGBrAEY&fields=formatted_phone_number&key=AIzaSyA593JVSkRiRlUo6CemLNy_e0lMDMBmcX0&language=en-GB "HTTP/1.1 200 OK"
2025-11-04 09:53:46,765 [DEBUG] receive_response_body.started request=<Request [b'GET']>
2025-11-04 09:53:46,765 [DEBUG] receive_response_body.complete
2025-11-04 09:53:46,765 [DEBUG] response_closed.started
2025-11-04 09:53:46,765 [DEBUG] receive_response_headers.complete return_value=(b'HTTP/1.1', 200, b'OK', [(b'Content-Type', b'application/json; charset=UTF-8'), (b'Date', b'Tue, 04 Nov 2025 09:53:46 GMT'), (b'Expires', b'Tue, 04 Nov 2025 09:58:46 GMT'), (b'Cache-Control', b'public, max-age=300'), (b'Content-Security-Policy-Report-Only', b"script-src 'none'; form-action 'none'; frame-src 'none'; report-uri https://csp.withgoogle.com/csp/scaffolding/msaipomnpc:641:0"), (b'Cross-Origin-Opener-Policy-Report-Only', b'same-origin; report-to=msaipomnpc:641:0'), (b'Report-To', b'{"group":"msaipomnpc:641:0","max_age":2592000,"endpoints":[{"url":"https://csp.withgoogle.com/csp/report-to/scaffolding/msaipomnpc:641:0"}],}'), (b'Server', b'scaffolding on HTTPServer2'), (b'Content-Length', b'125'), (b'X-XSS-Protection', b'0'), (b'X-Frame-Options', b'SAMEORIGIN'), (b'Server-Timing', b'gfet4t7; dur=37'), (b'Alt-Svc', b'h3=":443"; ma=2592000,h3-29=":443"; ma=2592000')])
2025-11-04 09:53:46,765 [INFO] HTTP Request: GET https://maps.googleapis.com/maps/api/place/details/json?place_id=ChIJAQAA5GxyeUgRLX1GuMQOb3k&fields=formatted_phone_number&key=AIzaSyA593JVSkRiRlUo6CemLNy_e0lMDMBmcX0&language=en-GB "HTTP/1.1 200 OK"
2025-11-04 09:53:46,765 [DEBUG] receive_response_body.started request=<Request [b'GET']>
2025-11-04 09:53:46,765 [DEBUG] receive_response_body.complete
2025-11-04 09:53:46,765 [DEBUG] response_closed.started
2025-11-04 09:53:46,765 [DEBUG] response_closed.complete
2025-11-04 09:53:46,765 [DEBUG] Got phone for ChIJn7xS2SaUeUgRsGmsJGBrAEY: 01623 555460
2025-11-04 09:53:46,765 [DEBUG] response_closed.complete
2025-11-04 09:53:46,765 [DEBUG] Got phone for ChIJAQAA5GxyeUgRLX1GuMQOb3k: 01709 897354
2025-11-04 09:53:46,770 [DEBUG] receive_response_headers.complete return_value=(b'HTTP/1.1', 200, b'OK', [(b'Content-Type', b'application/json; charset=UTF-8'), (b'Date', b'Tue, 04 Nov 2025 09:53:46 GMT'), (b'Expires', b'Tue, 04 Nov 2025 09:58:46 GMT'), (b'Cache-Control', b'public, max-age=300'), (b'Content-Security-Policy-Report-Only', b"script-src 'none'; form-action 'none'; frame-src 'none'; report-uri https://csp.withgoogle.com/csp/scaffolding/msaipomnpc:641:0"), (b'Cross-Origin-Opener-Policy-Report-Only', b'same-origin; report-to=msaipomnpc:641:0'), (b'Report-To', b'{"group":"msaipomnpc:641:0","max_age":2592000,"endpoints":[{"url":"https://csp.withgoogle.com/csp/report-to/scaffolding/msaipomnpc:641:0"}],}'), (b'Server', b'scaffolding on HTTPServer2'), (b'Content-Length', b'125'), (b'X-XSS-Protection', b'0'), (b'X-Frame-Options', b'SAMEORIGIN'), (b'Server-Timing', b'gfet4t7; dur=37'), (b'Alt-Svc', b'h3=":443"; ma=2592000,h3-29=":443"; ma=2592000')])
2025-11-04 09:53:46,770 [INFO] HTTP Request: GET https://maps.googleapis.com/maps/api/place/details/json?place_id=ChIJdbx7zpK9eUgR1O4WCCaF41c&fields=formatted_phone_number&key=AIzaSyA593JVSkRiRlUo6CemLNy_e0lMDMBmcX0&language=en-GB "HTTP/1.1 200 OK"
2025-11-04 09:53:46,770 [DEBUG] receive_response_body.started request=<Request [b'GET']>
2025-11-04 09:53:46,770 [DEBUG] receive_response_body.complete
2025-11-04 09:53:46,770 [DEBUG] response_closed.started
2025-11-04 09:53:46,770 [DEBUG] response_closed.complete
2025-11-04 09:53:46,770 [DEBUG] Got phone for ChIJdbx7zpK9eUgR1O4WCCaF41c: 01623 623061
2025-11-04 09:53:46,774 [DEBUG] receive_response_headers.complete return_value=(b'HTTP/1.1', 200, b'OK', [(b'Content-Type', b'application/json; charset=UTF-8'), (b'Date', b'Tue, 04 Nov 2025 09:53:46 GMT'), (b'Expires', b'Tue, 04 Nov 2025 09:58:46 GMT'), (b'Cache-Control', b'public, max-age=300'), (b'Content-Security-Policy-Report-Only', b"script-src 'none'; form-action 'none'; frame-src 'none'; report-uri https://csp.withgoogle.com/csp/scaffolding/msaipomnpc:641:0"), (b'Cross-Origin-Opener-Policy-Report-Only', b'same-origin; report-to=msaipomnpc:641:0'), (b'Report-To', b'{"group":"msaipomnpc:641:0","max_age":2592000,"endpoints":[{"url":"https://csp.withgoogle.com/csp/report-to/scaffolding/msaipomnpc:641:0"}],}'), (b'Server', b'scaffolding on HTTPServer2'), (b'Content-Length', b'125'), (b'X-XSS-Protection', b'0'), (b'X-Frame-Options', b'SAMEORIGIN'), (b'Server-Timing', b'gfet4t7; dur=43'), (b'Alt-Svc', b'h3=":443"; ma=2592000,h3-29=":443"; ma=2592000')])
2025-11-04 09:53:46,774 [INFO] HTTP Request: GET https://maps.googleapis.com/maps/api/place/details/json?place_id=ChIJgRFqocOTeUgRbMHOk9l-ZBc&fields=formatted_phone_number&key=AIzaSyA593JVSkRiRlUo6CemLNy_e0lMDMBmcX0&language=en-GB "HTTP/1.1 200 OK"
2025-11-04 09:53:46,774 [DEBUG] receive_response_body.started request=<Request [b'GET']>
2025-11-04 09:53:46,774 [DEBUG] receive_response_body.complete
2025-11-04 09:53:46,774 [DEBUG] response_closed.started
2025-11-04 09:53:46,774 [DEBUG] response_closed.complete
2025-11-04 09:53:46,775 [DEBUG] Got phone for ChIJgRFqocOTeUgRbMHOk9l-ZBc: 01773 832218
2025-11-04 09:53:46,775 [DEBUG] receive_response_headers.complete return_value=(b'HTTP/1.1', 200, b'OK', [(b'Content-Type', b'application/json; charset=UTF-8'), (b'Date', b'Tue, 04 Nov 2025 09:53:46 GMT'), (b'Expires', b'Tue, 04 Nov 2025 09:58:46 GMT'), (b'Cache-Control', b'public, max-age=300'), (b'Content-Security-Policy-Report-Only', b"script-src 'none'; form-action 'none'; frame-src 'none'; report-uri https://csp.withgoogle.com/csp/scaffolding/msaipomnpc:641:0"), (b'Cross-Origin-Opener-Policy-Report-Only', b'same-origin; report-to=msaipomnpc:641:0'), (b'Report-To', b'{"group":"msaipomnpc:641:0","max_age":2592000,"endpoints":[{"url":"https://csp.withgoogle.com/csp/report-to/scaffolding/msaipomnpc:641:0"}],}'), (b'Server', b'scaffolding on HTTPServer2'), (b'Content-Length', b'126'), (b'X-XSS-Protection', b'0'), (b'X-Frame-Options', b'SAMEORIGIN'), (b'Server-Timing', b'gfet4t7; dur=45'), (b'Alt-Svc', b'h3=":443"; ma=2592000,h3-29=":443"; ma=2592000')])
2025-11-04 09:53:46,775 [INFO] HTTP Request: GET https://maps.googleapis.com/maps/api/place/details/json?place_id=ChIJ1f9bdpLDeUgRG0MAyARyXqA&fields=formatted_phone_number&key=AIzaSyA593JVSkRiRlUo6CemLNy_e0lMDMBmcX0&language=en-GB "HTTP/1.1 200 OK"
2025-11-04 09:53:46,775 [DEBUG] receive_response_body.started request=<Request [b'GET']>
2025-11-04 09:53:46,775 [DEBUG] receive_response_body.complete
2025-11-04 09:53:46,775 [DEBUG] response_closed.started
2025-11-04 09:53:46,775 [DEBUG] response_closed.complete
2025-11-04 09:53:46,775 [DEBUG] Got phone for ChIJ1f9bdpLDeUgRG0MAyARyXqA: 0115 693 0010
2025-11-04 09:53:46,776 [DEBUG] receive_response_headers.complete return_value=(b'HTTP/1.1', 200, b'OK', [(b'Content-Type', b'application/json; charset=UTF-8'), (b'Date', b'Tue, 04 Nov 2025 09:53:46 GMT'), (b'Expires', b'Tue, 04 Nov 2025 09:58:46 GMT'), (b'Cache-Control', b'public, max-age=300'), (b'Content-Security-Policy-Report-Only', b"script-src 'none'; form-action 'none'; frame-src 'none'; report-uri https://csp.withgoogle.com/csp/scaffolding/msaipomnpc:641:0"), (b'Cross-Origin-Opener-Policy-Report-Only', b'same-origin; report-to=msaipomnpc:641:0'), (b'Report-To', b'{"group":"msaipomnpc:641:0","max_age":2592000,"endpoints":[{"url":"https://csp.withgoogle.com/csp/report-to/scaffolding/msaipomnpc:641:0"}],}'), (b'Server', b'scaffolding on HTTPServer2'), (b'Content-Length', b'126'), (b'X-XSS-Protection', b'0'), (b'X-Frame-Options', b'SAMEORIGIN'), (b'Server-Timing', b'gfet4t7; dur=45'), (b'Alt-Svc', b'h3=":443"; ma=2592000,h3-29=":443"; ma=2592000')])
2025-11-04 09:53:46,776 [INFO] HTTP Request: GET https://maps.googleapis.com/maps/api/place/details/json?place_id=ChIJLQML4qLGeUgRirY_GFo1qEA&fields=formatted_phone_number&key=AIzaSyA593JVSkRiRlUo6CemLNy_e0lMDMBmcX0&language=en-GB "HTTP/1.1 200 OK"
2025-11-04 09:53:46,776 [DEBUG] receive_response_body.started request=<Request [b'GET']>
2025-11-04 09:53:46,776 [DEBUG] receive_response_body.complete
2025-11-04 09:53:46,776 [DEBUG] response_closed.started
2025-11-04 09:53:46,776 [DEBUG] response_closed.complete
2025-11-04 09:53:46,776 [DEBUG] Got phone for ChIJLQML4qLGeUgRirY_GFo1qEA: 0115 940 4474
2025-11-04 09:53:46,776 [DEBUG] receive_response_headers.complete return_value=(b'HTTP/1.1', 200, b'OK', [(b'Content-Type', b'application/json; charset=UTF-8'), (b'Date', b'Tue, 04 Nov 2025 09:53:46 GMT'), (b'Expires', b'Tue, 04 Nov 2025 09:58:46 GMT'), (b'Cache-Control', b'public, max-age=300'), (b'Content-Security-Policy-Report-Only', b"script-src 'none'; form-action 'none'; frame-src 'none'; report-uri https://csp.withgoogle.com/csp/scaffolding/msaipomnpc:641:0"), (b'Cross-Origin-Opener-Policy-Report-Only', b'same-origin; report-to=msaipomnpc:641:0'), (b'Report-To', b'{"group":"msaipomnpc:641:0","max_age":2592000,"endpoints":[{"url":"https://csp.withgoogle.com/csp/report-to/scaffolding/msaipomnpc:641:0"}],}'), (b'Server', b'scaffolding on HTTPServer2'), (b'Content-Length', b'125'), (b'X-XSS-Protection', b'0'), (b'X-Frame-Options', b'SAMEORIGIN'), (b'Server-Timing', b'gfet4t7; dur=45'), (b'Alt-Svc', b'h3=":443"; ma=2592000,h3-29=":443"; ma=2592000')])
2025-11-04 09:53:46,777 [INFO] HTTP Request: GET https://maps.googleapis.com/maps/api/place/details/json?place_id=ChIJbfmQAm29eUgRmBJgln-pND0&fields=formatted_phone_number&key=AIzaSyA593JVSkRiRlUo6CemLNy_e0lMDMBmcX0&language=en-GB "HTTP/1.1 200 OK"
2025-11-04 09:53:46,777 [DEBUG] receive_response_body.started request=<Request [b'GET']>
2025-11-04 09:53:46,777 [DEBUG] receive_response_body.complete
2025-11-04 09:53:46,777 [DEBUG] response_closed.started
2025-11-04 09:53:46,777 [DEBUG] response_closed.complete
2025-11-04 09:53:46,777 [DEBUG] Got phone for ChIJbfmQAm29eUgRmBJgln-pND0: 01623 620784
2025-11-04 09:53:46,781 [DEBUG] receive_response_headers.complete return_value=(b'HTTP/1.1', 200, b'OK', [(b'Content-Type', b'application/json; charset=UTF-8'), (b'Date', b'Tue, 04 Nov 2025 09:53:46 GMT'), (b'Expires', b'Tue, 04 Nov 2025 09:58:46 GMT'), (b'Cache-Control', b'public, max-age=300'), (b'Content-Security-Policy-Report-Only', b"script-src 'none'; form-action 'none'; frame-src 'none'; report-uri https://csp.withgoogle.com/csp/scaffolding/msaipomnpc:641:0"), (b'Cross-Origin-Opener-Policy-Report-Only', b'same-origin; report-to=msaipomnpc:641:0'), (b'Report-To', b'{"group":"msaipomnpc:641:0","max_age":2592000,"endpoints":[{"url":"https://csp.withgoogle.com/csp/report-to/scaffolding/msaipomnpc:641:0"}],}'), (b'Server', b'scaffolding on HTTPServer2'), (b'Content-Length', b'125'), (b'X-XSS-Protection', b'0'), (b'X-Frame-Options', b'SAMEORIGIN'), (b'Server-Timing', b'gfet4t7; dur=51'), (b'Alt-Svc', b'h3=":443"; ma=2592000,h3-29=":443"; ma=2592000')])
2025-11-04 09:53:46,781 [INFO] HTTP Request: GET https://maps.googleapis.com/maps/api/place/details/json?place_id=ChIJWU6qIbtKeEgR3siTUBAbKV4&fields=formatted_phone_number&key=AIzaSyA593JVSkRiRlUo6CemLNy_e0lMDMBmcX0&language=en-GB "HTTP/1.1 200 OK"
2025-11-04 09:53:46,781 [DEBUG] receive_response_body.started request=<Request [b'GET']>
2025-11-04 09:53:46,781 [DEBUG] receive_response_body.complete
2025-11-04 09:53:46,781 [DEBUG] response_closed.started
2025-11-04 09:53:46,781 [DEBUG] response_closed.complete
2025-11-04 09:53:46,781 [DEBUG] Got phone for ChIJWU6qIbtKeEgR3siTUBAbKV4: 01636 701523
2025-11-04 09:53:46,781 [DEBUG] receive_response_headers.complete return_value=(b'HTTP/1.1', 200, b'OK', [(b'Content-Type', b'application/json; charset=UTF-8'), (b'Date', b'Tue, 04 Nov 2025 09:53:46 GMT'), (b'Expires', b'Tue, 04 Nov 2025 09:58:46 GMT'), (b'Cache-Control', b'public, max-age=300'), (b'Content-Security-Policy-Report-Only', b"script-src 'none'; form-action 'none'; frame-src 'none'; report-uri https://csp.withgoogle.com/csp/scaffolding/msaipomnpc:641:0"), (b'Cross-Origin-Opener-Policy-Report-Only', b'same-origin; report-to=msaipomnpc:641:0'), (b'Report-To', b'{"group":"msaipomnpc:641:0","max_age":2592000,"endpoints":[{"url":"https://csp.withgoogle.com/csp/report-to/scaffolding/msaipomnpc:641:0"}],}'), (b'Server', b'scaffolding on HTTPServer2'), (b'Content-Length', b'126'), (b'X-XSS-Protection', b'0'), (b'X-Frame-Options', b'SAMEORIGIN'), (b'Server-Timing', b'gfet4t7; dur=51'), (b'Alt-Svc', b'h3=":443"; ma=2592000,h3-29=":443"; ma=2592000')])
2025-11-04 09:53:46,782 [INFO] HTTP Request: GET https://maps.googleapis.com/maps/api/place/details/json?place_id=ChIJw9kCZRfAeUgR0KF7ymN1ey8&fields=formatted_phone_number&key=AIzaSyA593JVSkRiRlUo6CemLNy_e0lMDMBmcX0&language=en-GB "HTTP/1.1 200 OK"
2025-11-04 09:53:46,782 [DEBUG] receive_response_body.started request=<Request [b'GET']>
2025-11-04 09:53:46,782 [DEBUG] receive_response_body.complete
2025-11-04 09:53:46,782 [DEBUG] response_closed.started
2025-11-04 09:53:46,782 [DEBUG] response_closed.complete
2025-11-04 09:53:46,782 [DEBUG] Got phone for ChIJw9kCZRfAeUgR0KF7ymN1ey8: 0115 927 4458
2025-11-04 09:53:46,784 [DEBUG] receive_response_headers.complete return_value=(b'HTTP/1.1', 200, b'OK', [(b'Content-Type', b'application/json; charset=UTF-8'), (b'Date', b'Tue, 04 Nov 2025 09:53:46 GMT'), (b'Expires', b'Tue, 04 Nov 2025 09:58:46 GMT'), (b'Cache-Control', b'public, max-age=300'), (b'Content-Security-Policy-Report-Only', b"script-src 'none'; form-action 'none'; frame-src 'none'; report-uri https://csp.withgoogle.com/csp/scaffolding/msaipomnpc:641:0"), (b'Cross-Origin-Opener-Policy-Report-Only', b'same-origin; report-to=msaipomnpc:641:0'), (b'Report-To', b'{"group":"msaipomnpc:641:0","max_age":2592000,"endpoints":[{"url":"https://csp.withgoogle.com/csp/report-to/scaffolding/msaipomnpc:641:0"}],}'), (b'Server', b'scaffolding on HTTPServer2'), (b'Content-Length', b'126'), (b'X-XSS-Protection', b'0'), (b'X-Frame-Options', b'SAMEORIGIN'), (b'Server-Timing', b'gfet4t7; dur=46'), (b'Alt-Svc', b'h3=":443"; ma=2592000,h3-29=":443"; ma=2592000')])
2025-11-04 09:53:46,784 [INFO] HTTP Request: GET https://maps.googleapis.com/maps/api/place/details/json?place_id=ChIJ09ytDBnreUgRXwKxyaMztes&fields=formatted_phone_number&key=AIzaSyA593JVSkRiRlUo6CemLNy_e0lMDMBmcX0&language=en-GB "HTTP/1.1 200 OK"
2025-11-04 09:53:46,784 [DEBUG] receive_response_body.started request=<Request [b'GET']>
2025-11-04 09:53:46,784 [DEBUG] receive_response_body.complete
2025-11-04 09:53:46,784 [DEBUG] response_closed.started
2025-11-04 09:53:46,784 [DEBUG] response_closed.complete
2025-11-04 09:53:46,784 [DEBUG] Got phone for ChIJ09ytDBnreUgRXwKxyaMztes: 0115 952 7271
2025-11-04 09:53:46,784 [DEBUG] receive_response_headers.complete return_value=(b'HTTP/1.1', 200, b'OK', [(b'Content-Type', b'application/json; charset=UTF-8'), (b'Date', b'Tue, 04 Nov 2025 09:53:46 GMT'), (b'Expires', b'Tue, 04 Nov 2025 09:58:46 GMT'), (b'Cache-Control', b'public, max-age=300'), (b'Content-Security-Policy-Report-Only', b"script-src 'none'; form-action 'none'; frame-src 'none'; report-uri https://csp.withgoogle.com/csp/scaffolding/msaipomnpc:641:0"), (b'Cross-Origin-Opener-Policy-Report-Only', b'same-origin; report-to=msaipomnpc:641:0'), (b'Report-To', b'{"group":"msaipomnpc:641:0","max_age":2592000,"endpoints":[{"url":"https://csp.withgoogle.com/csp/report-to/scaffolding/msaipomnpc:641:0"}],}'), (b'Server', b'scaffolding on HTTPServer2'), (b'Content-Length', b'126'), (b'X-XSS-Protection', b'0'), (b'X-Frame-Options', b'SAMEORIGIN'), (b'Server-Timing', b'gfet4t7; dur=47'), (b'Alt-Svc', b'h3=":443"; ma=2592000,h3-29=":443"; ma=2592000')])
2025-11-04 09:53:46,784 [INFO] HTTP Request: GET https://maps.googleapis.com/maps/api/place/details/json?place_id=ChIJVx4RBtvAeUgRp4rSrabx8wg&fields=formatted_phone_number&key=AIzaSyA593JVSkRiRlUo6CemLNy_e0lMDMBmcX0&language=en-GB "HTTP/1.1 200 OK"
2025-11-04 09:53:46,784 [DEBUG] receive_response_body.started request=<Request [b'GET']>
2025-11-04 09:53:46,784 [DEBUG] receive_response_body.complete
2025-11-04 09:53:46,784 [DEBUG] response_closed.started
2025-11-04 09:53:46,784 [DEBUG] response_closed.complete
2025-11-04 09:53:46,785 [DEBUG] Got phone for ChIJVx4RBtvAeUgRp4rSrabx8wg: 0115 967 1117
2025-11-04 09:53:46,803 [DEBUG] receive_response_headers.complete return_value=(b'HTTP/1.1', 200, b'OK', [(b'Content-Type', b'application/json; charset=UTF-8'), (b'Date', b'Tue, 04 Nov 2025 09:53:46 GMT'), (b'Expires', b'Tue, 04 Nov 2025 09:58:46 GMT'), (b'Cache-Control', b'public, max-age=300'), (b'Content-Security-Policy-Report-Only', b"script-src 'none'; form-action 'none'; frame-src 'none'; report-uri https://csp.withgoogle.com/csp/scaffolding/msaipomnpc:641:0"), (b'Cross-Origin-Opener-Policy-Report-Only', b'same-origin; report-to=msaipomnpc:641:0'), (b'Report-To', b'{"group":"msaipomnpc:641:0","max_age":2592000,"endpoints":[{"url":"https://csp.withgoogle.com/csp/report-to/scaffolding/msaipomnpc:641:0"}],}'), (b'Server', b'scaffolding on HTTPServer2'), (b'Content-Length', b'126'), (b'X-XSS-Protection', b'0'), (b'X-Frame-Options', b'SAMEORIGIN'), (b'Server-Timing', b'gfet4t7; dur=70'), (b'Alt-Svc', b'h3=":443"; ma=2592000,h3-29=":443"; ma=2592000')])
2025-11-04 09:53:46,803 [INFO] HTTP Request: GET https://maps.googleapis.com/maps/api/place/details/json?place_id=ChIJVVVBpQ7BeUgRQg5Aa1KElOw&fields=formatted_phone_number&key=AIzaSyA593JVSkRiRlUo6CemLNy_e0lMDMBmcX0&language=en-GB "HTTP/1.1 200 OK"
2025-11-04 09:53:46,803 [DEBUG] receive_response_body.started request=<Request [b'GET']>
2025-11-04 09:53:46,803 [DEBUG] receive_response_body.complete
2025-11-04 09:53:46,803 [DEBUG] response_closed.started
2025-11-04 09:53:46,803 [DEBUG] response_closed.complete
2025-11-04 09:53:46,804 [DEBUG] Got phone for ChIJVVVBpQ7BeUgRQg5Aa1KElOw: 0115 962 1010
2025-11-04 09:53:46,823 [DEBUG] receive_response_headers.complete return_value=(b'HTTP/1.1', 200, b'OK', [(b'Content-Type', b'application/json; charset=UTF-8'), (b'Date', b'Tue, 04 Nov 2025 09:53:46 GMT'), (b'Expires', b'Tue, 04 Nov 2025 09:58:46 GMT'), (b'Cache-Control', b'public, max-age=300'), (b'Content-Security-Policy-Report-Only', b"script-src 'none'; form-action 'none'; frame-src 'none'; report-uri https://csp.withgoogle.com/csp/scaffolding/msaipomnpc:641:0"), (b'Cross-Origin-Opener-Policy-Report-Only', b'same-origin; report-to=msaipomnpc:641:0'), (b'Report-To', b'{"group":"msaipomnpc:641:0","max_age":2592000,"endpoints":[{"url":"https://csp.withgoogle.com/csp/report-to/scaffolding/msaipomnpc:641:0"}],}'), (b'Server', b'scaffolding on HTTPServer2'), (b'Content-Length', b'126'), (b'X-XSS-Protection', b'0'), (b'X-Frame-Options', b'SAMEORIGIN'), (b'Server-Timing', b'gfet4t7; dur=87'), (b'Alt-Svc', b'h3=":443"; ma=2592000,h3-29=":443"; ma=2592000')])
2025-11-04 09:53:46,823 [INFO] HTTP Request: GET https://maps.googleapis.com/maps/api/place/details/json?place_id=ChIJL93SuLfpeUgRYODNOd1Fkes&fields=formatted_phone_number&key=AIzaSyA593JVSkRiRlUo6CemLNy_e0lMDMBmcX0&language=en-GB "HTTP/1.1 200 OK"
2025-11-04 09:53:46,823 [DEBUG] receive_response_body.started request=<Request [b'GET']>
2025-11-04 09:53:46,823 [DEBUG] receive_response_body.complete
2025-11-04 09:53:46,823 [DEBUG] response_closed.started
2025-11-04 09:53:46,823 [DEBUG] response_closed.complete
2025-11-04 09:53:46,823 [DEBUG] Got phone for ChIJL93SuLfpeUgRYODNOd1Fkes: 0115 922 4855
2025-11-04 09:53:46,829 [DEBUG] receive_response_headers.complete return_value=(b'HTTP/1.1', 200, b'OK', [(b'Content-Type', b'application/json; charset=UTF-8'), (b'Date', b'Tue, 04 Nov 2025 09:53:46 GMT'), (b'Expires', b'Tue, 04 Nov 2025 09:58:46 GMT'), (b'Cache-Control', b'public, max-age=300'), (b'Content-Security-Policy-Report-Only', b"script-src 'none'; form-action 'none'; frame-src 'none'; report-uri https://csp.withgoogle.com/csp/scaffolding/msaipomnpc:641:0"), (b'Cross-Origin-Opener-Policy-Report-Only', b'same-origin; report-to=msaipomnpc:641:0'), (b'Report-To', b'{"group":"msaipomnpc:641:0","max_age":2592000,"endpoints":[{"url":"https://csp.withgoogle.com/csp/report-to/scaffolding/msaipomnpc:641:0"}],}'), (b'Server', b'scaffolding on HTTPServer2'), (b'Content-Length', b'125'), (b'X-XSS-Protection', b'0'), (b'X-Frame-Options', b'SAMEORIGIN'), (b'Server-Timing', b'gfet4t7; dur=103'), (b'Alt-Svc', b'h3=":443"; ma=2592000,h3-29=":443"; ma=2592000')])
2025-11-04 09:53:46,829 [INFO] HTTP Request: GET https://maps.googleapis.com/maps/api/place/details/json?place_id=ChIJkyVTcMe9eUgRRHBu4GmM6kg&fields=formatted_phone_number&key=AIzaSyA593JVSkRiRlUo6CemLNy_e0lMDMBmcX0&language=en-GB "HTTP/1.1 200 OK"
2025-11-04 09:53:46,829 [DEBUG] receive_response_body.started request=<Request [b'GET']>
2025-11-04 09:53:46,829 [DEBUG] receive_response_body.complete
2025-11-04 09:53:46,829 [DEBUG] response_closed.started
2025-11-04 09:53:46,829 [DEBUG] response_closed.complete
2025-11-04 09:53:46,830 [DEBUG] Got phone for ChIJkyVTcMe9eUgRRHBu4GmM6kg: 01623 621019
2025-11-04 09:53:46,830 [DEBUG] close.started
2025-11-04 09:53:46,830 [DEBUG] close.complete
2025-11-04 09:53:46,830 [DEBUG] close.started
2025-11-04 09:53:46,830 [DEBUG] close.complete
2025-11-04 09:53:46,830 [DEBUG] close.started
2025-11-04 09:53:46,830 [DEBUG] close.complete
2025-11-04 09:53:46,830 [DEBUG] close.started
2025-11-04 09:53:46,830 [DEBUG] close.complete
2025-11-04 09:53:46,830 [DEBUG] close.started
2025-11-04 09:53:46,830 [DEBUG] close.complete
2025-11-04 09:53:46,830 [DEBUG] close.started
2025-11-04 09:53:46,830 [DEBUG] close.complete
2025-11-04 09:53:46,830 [DEBUG] close.started
2025-11-04 09:53:46,830 [DEBUG] close.complete
2025-11-04 09:53:46,830 [DEBUG] close.started
2025-11-04 09:53:46,830 [DEBUG] close.complete
2025-11-04 09:53:46,830 [DEBUG] close.started
2025-11-04 09:53:46,831 [DEBUG] close.complete
2025-11-04 09:53:46,831 [DEBUG] close.started
2025-11-04 09:53:46,831 [DEBUG] close.complete
2025-11-04 09:53:46,831 [DEBUG] close.started
2025-11-04 09:53:46,831 [DEBUG] close.complete
2025-11-04 09:53:46,831 [DEBUG] close.started
2025-11-04 09:53:46,831 [DEBUG] close.complete
2025-11-04 09:53:46,831 [DEBUG] close.started
2025-11-04 09:53:46,831 [DEBUG] close.complete
2025-11-04 09:53:46,831 [DEBUG] close.started
2025-11-04 09:53:46,831 [DEBUG] close.complete
2025-11-04 09:53:46,831 [DEBUG] close.started
2025-11-04 09:53:46,831 [DEBUG] close.complete
2025-11-04 09:53:46,831 [DEBUG] Phone enrichment completed for 15 places.
2025-11-04 09:53:46,832 [INFO] Returning 20 vet results for query='Medi'
2025-11-04 09:53:54,443 [INFO] Vet search initiated for query='Medivet', lat=None, lng=None, radius=15000
2025-11-04 09:53:54,455 [DEBUG] connect_tcp.started host='maps.googleapis.com' port=443 local_address=None timeout=10.0 socket_options=None
2025-11-04 09:53:54,477 [DEBUG] connect_tcp.complete return_value=<httpcore._backends.anyio.AnyIOStream object at 0x12eea8af0>
2025-11-04 09:53:54,477 [DEBUG] start_tls.started ssl_context=<ssl.SSLContext object at 0x12c85ee90> server_hostname='maps.googleapis.com' timeout=10.0
2025-11-04 09:53:54,505 [DEBUG] start_tls.complete return_value=<httpcore._backends.anyio.AnyIOStream object at 0x12c8ff340>
2025-11-04 09:53:54,505 [DEBUG] send_request_headers.started request=<Request [b'GET']>
2025-11-04 09:53:54,506 [DEBUG] send_request_headers.complete
2025-11-04 09:53:54,506 [DEBUG] send_request_body.started request=<Request [b'GET']>
2025-11-04 09:53:54,506 [DEBUG] send_request_body.complete
2025-11-04 09:53:54,506 [DEBUG] receive_response_headers.started request=<Request [b'GET']>
2025-11-04 09:53:55,067 [DEBUG] receive_response_headers.complete return_value=(b'HTTP/1.1', 200, b'OK', [(b'Content-Type', b'application/json; charset=UTF-8'), (b'Date', b'Tue, 04 Nov 2025 09:53:55 GMT'), (b'Expires', b'Tue, 04 Nov 2025 09:58:55 GMT'), (b'Cache-Control', b'public, max-age=300'), (b'Content-Security-Policy-Report-Only', b"script-src 'none'; form-action 'none'; frame-src 'none'; report-uri https://csp.withgoogle.com/csp/scaffolding/msaipomnpc:993:0"), (b'Cross-Origin-Opener-Policy-Report-Only', b'same-origin; report-to=msaipomnpc:993:0'), (b'Report-To', b'{"group":"msaipomnpc:993:0","max_age":2592000,"endpoints":[{"url":"https://csp.withgoogle.com/csp/report-to/scaffolding/msaipomnpc:993:0"}],}'), (b'Server', b'scaffolding on HTTPServer2'), (b'Content-Length', b'44071'), (b'X-XSS-Protection', b'0'), (b'X-Frame-Options', b'SAMEORIGIN'), (b'Server-Timing', b'gfet4t7; dur=543'), (b'Alt-Svc', b'h3=":443"; ma=2592000,h3-29=":443"; ma=2592000')])
2025-11-04 09:53:55,068 [INFO] HTTP Request: GET https://maps.googleapis.com/maps/api/place/textsearch/json?query=Medivet&type=veterinary_care&key=AIzaSyA593JVSkRiRlUo6CemLNy_e0lMDMBmcX0&region=gb&language=en-GB "HTTP/1.1 200 OK"
2025-11-04 09:53:55,068 [DEBUG] receive_response_body.started request=<Request [b'GET']>
2025-11-04 09:53:55,102 [DEBUG] receive_response_body.complete
2025-11-04 09:53:55,102 [DEBUG] response_closed.started
2025-11-04 09:53:55,102 [DEBUG] response_closed.complete
2025-11-04 09:53:55,103 [DEBUG] close.started
2025-11-04 09:53:55,103 [DEBUG] close.complete
2025-11-04 09:53:55,103 [DEBUG] Google Places returned 20 results for 'Medivet'
2025-11-04 09:53:55,108 [DEBUG] Fetching phone for place_id=ChIJgRFqocOTeUgRbMHOk9l-ZBc
2025-11-04 09:53:55,108 [DEBUG] Fetching phone for place_id=ChIJ09ytDBnreUgRXwKxyaMztes
2025-11-04 09:53:55,108 [DEBUG] Fetching phone for place_id=ChIJw9kCZRfAeUgR0KF7ymN1ey8
2025-11-04 09:53:55,108 [DEBUG] Fetching phone for place_id=ChIJVVVBpQ7BeUgRQg5Aa1KElOw
2025-11-04 09:53:55,109 [DEBUG] Fetching phone for place_id=ChIJLQML4qLGeUgRirY_GFo1qEA
2025-11-04 09:53:55,109 [DEBUG] Fetching phone for place_id=ChIJoSdAHzzpeUgRhk3LcWe8Rn4
2025-11-04 09:53:55,109 [DEBUG] Fetching phone for place_id=ChIJ1f9bdpLDeUgRG0MAyARyXqA
2025-11-04 09:53:55,109 [DEBUG] Fetching phone for place_id=ChIJAbG6AHCJeUgRZbFzwwHLjMY
2025-11-04 09:53:55,109 [DEBUG] Fetching phone for place_id=ChIJVx4RBtvAeUgRp4rSrabx8wg
2025-11-04 09:53:55,109 [DEBUG] Fetching phone for place_id=ChIJefM00InBeUgRn9u2LLEZYcE
2025-11-04 09:53:55,109 [DEBUG] Fetching phone for place_id=ChIJL93SuLfpeUgRYODNOd1Fkes
2025-11-04 09:53:55,110 [DEBUG] Fetching phone for place_id=ChIJWU6qIbtKeEgR3siTUBAbKV4
2025-11-04 09:53:55,110 [DEBUG] Fetching phone for place_id=ChIJAQAA5GxyeUgRLX1GuMQOb3k
2025-11-04 09:53:55,110 [DEBUG] Fetching phone for place_id=ChIJq6ruyXpxeUgRflwA4pMRfZk
2025-11-04 09:53:55,110 [DEBUG] Fetching phone for place_id=ChIJDal_PxnxeUgRZIArt6gw2rU
2025-11-04 09:53:55,110 [DEBUG] connect_tcp.started host='maps.googleapis.com' port=443 local_address=None timeout=8.0 socket_options=None
2025-11-04 09:53:55,110 [DEBUG] connect_tcp.started host='maps.googleapis.com' port=443 local_address=None timeout=8.0 socket_options=None
2025-11-04 09:53:55,110 [DEBUG] connect_tcp.started host='maps.googleapis.com' port=443 local_address=None timeout=8.0 socket_options=None
2025-11-04 09:53:55,110 [DEBUG] connect_tcp.started host='maps.googleapis.com' port=443 local_address=None timeout=8.0 socket_options=None
2025-11-04 09:53:55,110 [DEBUG] connect_tcp.started host='maps.googleapis.com' port=443 local_address=None timeout=8.0 socket_options=None
2025-11-04 09:53:55,111 [DEBUG] connect_tcp.started host='maps.googleapis.com' port=443 local_address=None timeout=8.0 socket_options=None
2025-11-04 09:53:55,111 [DEBUG] connect_tcp.started host='maps.googleapis.com' port=443 local_address=None timeout=8.0 socket_options=None
2025-11-04 09:53:55,111 [DEBUG] connect_tcp.started host='maps.googleapis.com' port=443 local_address=None timeout=8.0 socket_options=None
2025-11-04 09:53:55,111 [DEBUG] connect_tcp.started host='maps.googleapis.com' port=443 local_address=None timeout=8.0 socket_options=None
2025-11-04 09:53:55,111 [DEBUG] connect_tcp.started host='maps.googleapis.com' port=443 local_address=None timeout=8.0 socket_options=None
2025-11-04 09:53:55,111 [DEBUG] connect_tcp.started host='maps.googleapis.com' port=443 local_address=None timeout=8.0 socket_options=None
2025-11-04 09:53:55,111 [DEBUG] connect_tcp.started host='maps.googleapis.com' port=443 local_address=None timeout=8.0 socket_options=None
2025-11-04 09:53:55,111 [DEBUG] connect_tcp.started host='maps.googleapis.com' port=443 local_address=None timeout=8.0 socket_options=None
2025-11-04 09:53:55,111 [DEBUG] connect_tcp.started host='maps.googleapis.com' port=443 local_address=None timeout=8.0 socket_options=None
2025-11-04 09:53:55,113 [DEBUG] connect_tcp.started host='maps.googleapis.com' port=443 local_address=None timeout=8.0 socket_options=None
2025-11-04 09:53:55,137 [DEBUG] connect_tcp.complete return_value=<httpcore._backends.anyio.AnyIOStream object at 0x13882ead0>
2025-11-04 09:53:55,137 [DEBUG] start_tls.started ssl_context=<ssl.SSLContext object at 0x138810730> server_hostname='maps.googleapis.com' timeout=8.0
2025-11-04 09:53:55,137 [DEBUG] connect_tcp.complete return_value=<httpcore._backends.anyio.AnyIOStream object at 0x13882ee40>
2025-11-04 09:53:55,137 [DEBUG] start_tls.started ssl_context=<ssl.SSLContext object at 0x138810730> server_hostname='maps.googleapis.com' timeout=8.0
2025-11-04 09:53:55,139 [DEBUG] connect_tcp.complete return_value=<httpcore._backends.anyio.AnyIOStream object at 0x13882e1c0>
2025-11-04 09:53:55,139 [DEBUG] start_tls.started ssl_context=<ssl.SSLContext object at 0x138810730> server_hostname='maps.googleapis.com' timeout=8.0
2025-11-04 09:53:55,143 [DEBUG] connect_tcp.complete return_value=<httpcore._backends.anyio.AnyIOStream object at 0x12eeaaee0>
2025-11-04 09:53:55,143 [DEBUG] start_tls.started ssl_context=<ssl.SSLContext object at 0x138810730> server_hostname='maps.googleapis.com' timeout=8.0
2025-11-04 09:53:55,147 [DEBUG] connect_tcp.complete return_value=<httpcore._backends.anyio.AnyIOStream object at 0x12eeaa3a0>
2025-11-04 09:53:55,147 [DEBUG] start_tls.started ssl_context=<ssl.SSLContext object at 0x138810730> server_hostname='maps.googleapis.com' timeout=8.0
2025-11-04 09:53:55,147 [DEBUG] connect_tcp.complete return_value=<httpcore._backends.anyio.AnyIOStream object at 0x12eeaac10>
2025-11-04 09:53:55,147 [DEBUG] start_tls.started ssl_context=<ssl.SSLContext object at 0x138810730> server_hostname='maps.googleapis.com' timeout=8.0
2025-11-04 09:53:55,147 [DEBUG] connect_tcp.complete return_value=<httpcore._backends.anyio.AnyIOStream object at 0x12eeabd40>
2025-11-04 09:53:55,147 [DEBUG] start_tls.started ssl_context=<ssl.SSLContext object at 0x138810730> server_hostname='maps.googleapis.com' timeout=8.0
2025-11-04 09:53:55,148 [DEBUG] connect_tcp.complete return_value=<httpcore._backends.anyio.AnyIOStream object at 0x12eeaab70>
2025-11-04 09:53:55,148 [DEBUG] start_tls.started ssl_context=<ssl.SSLContext object at 0x138810730> server_hostname='maps.googleapis.com' timeout=8.0
2025-11-04 09:53:55,148 [DEBUG] connect_tcp.complete return_value=<httpcore._backends.anyio.AnyIOStream object at 0x12eeabcf0>
2025-11-04 09:53:55,148 [DEBUG] start_tls.started ssl_context=<ssl.SSLContext object at 0x138810730> server_hostname='maps.googleapis.com' timeout=8.0
2025-11-04 09:53:55,148 [DEBUG] connect_tcp.complete return_value=<httpcore._backends.anyio.AnyIOStream object at 0x12eeaa3f0>
2025-11-04 09:53:55,148 [DEBUG] start_tls.started ssl_context=<ssl.SSLContext object at 0x138810730> server_hostname='maps.googleapis.com' timeout=8.0
2025-11-04 09:53:55,148 [DEBUG] connect_tcp.complete return_value=<httpcore._backends.anyio.AnyIOStream object at 0x12cc3e350>
2025-11-04 09:53:55,148 [DEBUG] start_tls.started ssl_context=<ssl.SSLContext object at 0x138810730> server_hostname='maps.googleapis.com' timeout=8.0
2025-11-04 09:53:55,149 [DEBUG] connect_tcp.complete return_value=<httpcore._backends.anyio.AnyIOStream object at 0x12eeab250>
2025-11-04 09:53:55,149 [DEBUG] start_tls.started ssl_context=<ssl.SSLContext object at 0x138810730> server_hostname='maps.googleapis.com' timeout=8.0
2025-11-04 09:53:55,149 [DEBUG] connect_tcp.complete return_value=<httpcore._backends.anyio.AnyIOStream object at 0x12eeabe30>
2025-11-04 09:53:55,149 [DEBUG] start_tls.started ssl_context=<ssl.SSLContext object at 0x138810730> server_hostname='maps.googleapis.com' timeout=8.0
2025-11-04 09:53:55,149 [DEBUG] connect_tcp.complete return_value=<httpcore._backends.anyio.AnyIOStream object at 0x12eeab160>
2025-11-04 09:53:55,149 [DEBUG] start_tls.started ssl_context=<ssl.SSLContext object at 0x138810730> server_hostname='maps.googleapis.com' timeout=8.0
2025-11-04 09:53:55,149 [DEBUG] connect_tcp.complete return_value=<httpcore._backends.anyio.AnyIOStream object at 0x13882c050>
2025-11-04 09:53:55,149 [DEBUG] start_tls.started ssl_context=<ssl.SSLContext object at 0x138810730> server_hostname='maps.googleapis.com' timeout=8.0
2025-11-04 09:53:55,170 [DEBUG] start_tls.complete return_value=<httpcore._backends.anyio.AnyIOStream object at 0x12c92cd70>
2025-11-04 09:53:55,171 [DEBUG] send_request_headers.started request=<Request [b'GET']>
2025-11-04 09:53:55,171 [DEBUG] start_tls.complete return_value=<httpcore._backends.anyio.AnyIOStream object at 0x13882c4b0>
2025-11-04 09:53:55,171 [DEBUG] send_request_headers.complete
2025-11-04 09:53:55,171 [DEBUG] send_request_body.started request=<Request [b'GET']>
2025-11-04 09:53:55,171 [DEBUG] send_request_body.complete
2025-11-04 09:53:55,171 [DEBUG] receive_response_headers.started request=<Request [b'GET']>
2025-11-04 09:53:55,171 [DEBUG] send_request_headers.started request=<Request [b'GET']>
2025-11-04 09:53:55,171 [DEBUG] send_request_headers.complete
2025-11-04 09:53:55,171 [DEBUG] send_request_body.started request=<Request [b'GET']>
2025-11-04 09:53:55,171 [DEBUG] send_request_body.complete
2025-11-04 09:53:55,171 [DEBUG] receive_response_headers.started request=<Request [b'GET']>
2025-11-04 09:53:55,174 [DEBUG] start_tls.complete return_value=<httpcore._backends.anyio.AnyIOStream object at 0x13882edf0>
2025-11-04 09:53:55,174 [DEBUG] send_request_headers.started request=<Request [b'GET']>
2025-11-04 09:53:55,175 [DEBUG] start_tls.complete return_value=<httpcore._backends.anyio.AnyIOStream object at 0x12eeaa120>
2025-11-04 09:53:55,175 [DEBUG] send_request_headers.complete
2025-11-04 09:53:55,175 [DEBUG] send_request_body.started request=<Request [b'GET']>
2025-11-04 09:53:55,175 [DEBUG] send_request_body.complete
2025-11-04 09:53:55,175 [DEBUG] receive_response_headers.started request=<Request [b'GET']>
2025-11-04 09:53:55,176 [DEBUG] send_request_headers.started request=<Request [b'GET']>
2025-11-04 09:53:55,176 [DEBUG] send_request_headers.complete
2025-11-04 09:53:55,176 [DEBUG] send_request_body.started request=<Request [b'GET']>
2025-11-04 09:53:55,176 [DEBUG] send_request_body.complete
2025-11-04 09:53:55,176 [DEBUG] receive_response_headers.started request=<Request [b'GET']>
2025-11-04 09:53:55,177 [DEBUG] start_tls.complete return_value=<httpcore._backends.anyio.AnyIOStream object at 0x12eeaa1c0>
2025-11-04 09:53:55,177 [DEBUG] send_request_headers.started request=<Request [b'GET']>
2025-11-04 09:53:55,177 [DEBUG] send_request_headers.complete
2025-11-04 09:53:55,177 [DEBUG] send_request_body.started request=<Request [b'GET']>
2025-11-04 09:53:55,177 [DEBUG] send_request_body.complete
2025-11-04 09:53:55,177 [DEBUG] receive_response_headers.started request=<Request [b'GET']>
2025-11-04 09:53:55,177 [DEBUG] start_tls.complete return_value=<httpcore._backends.anyio.AnyIOStream object at 0x12eeaae40>
2025-11-04 09:53:55,177 [DEBUG] send_request_headers.started request=<Request [b'GET']>
2025-11-04 09:53:55,178 [DEBUG] send_request_headers.complete
2025-11-04 09:53:55,178 [DEBUG] send_request_body.started request=<Request [b'GET']>
2025-11-04 09:53:55,178 [DEBUG] send_request_body.complete
2025-11-04 09:53:55,178 [DEBUG] receive_response_headers.started request=<Request [b'GET']>
2025-11-04 09:53:55,178 [DEBUG] start_tls.complete return_value=<httpcore._backends.anyio.AnyIOStream object at 0x12eea9db0>
2025-11-04 09:53:55,178 [DEBUG] send_request_headers.started request=<Request [b'GET']>
2025-11-04 09:53:55,178 [DEBUG] send_request_headers.complete
2025-11-04 09:53:55,178 [DEBUG] send_request_body.started request=<Request [b'GET']>
2025-11-04 09:53:55,178 [DEBUG] send_request_body.complete
2025-11-04 09:53:55,178 [DEBUG] receive_response_headers.started request=<Request [b'GET']>
2025-11-04 09:53:55,412 [DEBUG] start_tls.complete return_value=<httpcore._backends.anyio.AnyIOStream object at 0x12eeaa300>
2025-11-04 09:53:55,415 [DEBUG] receive_response_headers.complete return_value=(b'HTTP/1.1', 200, b'OK', [(b'Content-Security-Policy-Report-Only', b"script-src 'none'; form-action 'none'; frame-src 'none'; report-uri https://csp.withgoogle.com/csp/scaffolding/msaipomnpc:641:0"), (b'Cross-Origin-Opener-Policy-Report-Only', b'same-origin; report-to=msaipomnpc:641:0'), (b'Report-To', b'{"group":"msaipomnpc:641:0","max_age":2592000,"endpoints":[{"url":"https://csp.withgoogle.com/csp/report-to/scaffolding/msaipomnpc:641:0"}],}'), (b'Server', b'scaffolding on HTTPServer2'), (b'Content-Length', b'126'), (b'X-XSS-Protection', b'0'), (b'X-Frame-Options', b'SAMEORIGIN'), (b'Date', b'Tue, 04 Nov 2025 09:53:46 GMT'), (b'Expires', b'Tue, 04 Nov 2025 09:58:46 GMT'), (b'Cache-Control', b'public, max-age=300'), (b'Content-Type', b'application/json; charset=UTF-8'), (b'Age', b'9'), (b'Server-Timing', b'gfet4t7; dur=2'), (b'Alt-Svc', b'h3=":443"; ma=2592000,h3-29=":443"; ma=2592000')])
2025-11-04 09:53:55,415 [INFO] HTTP Request: GET https://maps.googleapis.com/maps/api/place/details/json?place_id=ChIJoSdAHzzpeUgRhk3LcWe8Rn4&fields=formatted_phone_number&key=AIzaSyA593JVSkRiRlUo6CemLNy_e0lMDMBmcX0&language=en-GB "HTTP/1.1 200 OK"
2025-11-04 09:53:55,415 [DEBUG] receive_response_body.started request=<Request [b'GET']>
2025-11-04 09:53:55,415 [DEBUG] receive_response_body.complete
2025-11-04 09:53:55,415 [DEBUG] response_closed.started
2025-11-04 09:53:55,416 [DEBUG] receive_response_headers.complete return_value=(b'HTTP/1.1', 200, b'OK', [(b'Content-Security-Policy-Report-Only', b"script-src 'none'; form-action 'none'; frame-src 'none'; report-uri https://csp.withgoogle.com/csp/scaffolding/msaipomnpc:641:0"), (b'Cross-Origin-Opener-Policy-Report-Only', b'same-origin; report-to=msaipomnpc:641:0'), (b'Report-To', b'{"group":"msaipomnpc:641:0","max_age":2592000,"endpoints":[{"url":"https://csp.withgoogle.com/csp/report-to/scaffolding/msaipomnpc:641:0"}],}'), (b'Server', b'scaffolding on HTTPServer2'), (b'Content-Length', b'126'), (b'X-XSS-Protection', b'0'), (b'X-Frame-Options', b'SAMEORIGIN'), (b'Date', b'Tue, 04 Nov 2025 09:53:46 GMT'), (b'Expires', b'Tue, 04 Nov 2025 09:58:46 GMT'), (b'Cache-Control', b'public, max-age=300'), (b'Content-Type', b'application/json; charset=UTF-8'), (b'Age', b'9'), (b'Server-Timing', b'gfet4t7; dur=1'), (b'Alt-Svc', b'h3=":443"; ma=2592000,h3-29=":443"; ma=2592000')])
2025-11-04 09:53:55,416 [INFO] HTTP Request: GET https://maps.googleapis.com/maps/api/place/details/json?place_id=ChIJVVVBpQ7BeUgRQg5Aa1KElOw&fields=formatted_phone_number&key=AIzaSyA593JVSkRiRlUo6CemLNy_e0lMDMBmcX0&language=en-GB "HTTP/1.1 200 OK"
2025-11-04 09:53:55,416 [DEBUG] receive_response_body.started request=<Request [b'GET']>
2025-11-04 09:53:55,416 [DEBUG] receive_response_body.complete
2025-11-04 09:53:55,416 [DEBUG] response_closed.started
2025-11-04 09:53:55,416 [DEBUG] receive_response_headers.complete return_value=(b'HTTP/1.1', 200, b'OK', [(b'Content-Security-Policy-Report-Only', b"script-src 'none'; form-action 'none'; frame-src 'none'; report-uri https://csp.withgoogle.com/csp/scaffolding/msaipomnpc:641:0"), (b'Cross-Origin-Opener-Policy-Report-Only', b'same-origin; report-to=msaipomnpc:641:0'), (b'Report-To', b'{"group":"msaipomnpc:641:0","max_age":2592000,"endpoints":[{"url":"https://csp.withgoogle.com/csp/report-to/scaffolding/msaipomnpc:641:0"}],}'), (b'Server', b'scaffolding on HTTPServer2'), (b'Content-Length', b'126'), (b'X-XSS-Protection', b'0'), (b'X-Frame-Options', b'SAMEORIGIN'), (b'Date', b'Tue, 04 Nov 2025 09:53:46 GMT'), (b'Expires', b'Tue, 04 Nov 2025 09:58:46 GMT'), (b'Cache-Control', b'public, max-age=300'), (b'Content-Type', b'application/json; charset=UTF-8'), (b'Age', b'9'), (b'Server-Timing', b'gfet4t7; dur=1'), (b'Alt-Svc', b'h3=":443"; ma=2592000,h3-29=":443"; ma=2592000')])
2025-11-04 09:53:55,416 [INFO] HTTP Request: GET https://maps.googleapis.com/maps/api/place/details/json?place_id=ChIJLQML4qLGeUgRirY_GFo1qEA&fields=formatted_phone_number&key=AIzaSyA593JVSkRiRlUo6CemLNy_e0lMDMBmcX0&language=en-GB "HTTP/1.1 200 OK"
2025-11-04 09:53:55,416 [DEBUG] receive_response_body.started request=<Request [b'GET']>
2025-11-04 09:53:55,416 [DEBUG] receive_response_body.complete
2025-11-04 09:53:55,416 [DEBUG] response_closed.started
2025-11-04 09:53:55,416 [DEBUG] receive_response_headers.complete return_value=(b'HTTP/1.1', 200, b'OK', [(b'Content-Security-Policy-Report-Only', b"script-src 'none'; form-action 'none'; frame-src 'none'; report-uri https://csp.withgoogle.com/csp/scaffolding/msaipomnpc:641:0"), (b'Cross-Origin-Opener-Policy-Report-Only', b'same-origin; report-to=msaipomnpc:641:0'), (b'Report-To', b'{"group":"msaipomnpc:641:0","max_age":2592000,"endpoints":[{"url":"https://csp.withgoogle.com/csp/report-to/scaffolding/msaipomnpc:641:0"}],}'), (b'Server', b'scaffolding on HTTPServer2'), (b'Content-Length', b'126'), (b'X-XSS-Protection', b'0'), (b'X-Frame-Options', b'SAMEORIGIN'), (b'Date', b'Tue, 04 Nov 2025 09:53:46 GMT'), (b'Expires', b'Tue, 04 Nov 2025 09:58:46 GMT'), (b'Cache-Control', b'public, max-age=300'), (b'Content-Type', b'application/json; charset=UTF-8'), (b'Age', b'9'), (b'Server-Timing', b'gfet4t7; dur=0'), (b'Alt-Svc', b'h3=":443"; ma=2592000,h3-29=":443"; ma=2592000')])
2025-11-04 09:53:55,416 [INFO] HTTP Request: GET https://maps.googleapis.com/maps/api/place/details/json?place_id=ChIJw9kCZRfAeUgR0KF7ymN1ey8&fields=formatted_phone_number&key=AIzaSyA593JVSkRiRlUo6CemLNy_e0lMDMBmcX0&language=en-GB "HTTP/1.1 200 OK"
2025-11-04 09:53:55,416 [DEBUG] receive_response_body.started request=<Request [b'GET']>
2025-11-04 09:53:55,416 [DEBUG] receive_response_body.complete
2025-11-04 09:53:55,416 [DEBUG] response_closed.started
2025-11-04 09:53:55,417 [DEBUG] receive_response_headers.complete return_value=(b'HTTP/1.1', 200, b'OK', [(b'Content-Security-Policy-Report-Only', b"script-src 'none'; form-action 'none'; frame-src 'none'; report-uri https://csp.withgoogle.com/csp/scaffolding/msaipomnpc:641:0"), (b'Cross-Origin-Opener-Policy-Report-Only', b'same-origin; report-to=msaipomnpc:641:0'), (b'Report-To', b'{"group":"msaipomnpc:641:0","max_age":2592000,"endpoints":[{"url":"https://csp.withgoogle.com/csp/report-to/scaffolding/msaipomnpc:641:0"}],}'), (b'Server', b'scaffolding on HTTPServer2'), (b'Content-Length', b'126'), (b'X-XSS-Protection', b'0'), (b'X-Frame-Options', b'SAMEORIGIN'), (b'Date', b'Tue, 04 Nov 2025 09:53:46 GMT'), (b'Expires', b'Tue, 04 Nov 2025 09:58:46 GMT'), (b'Cache-Control', b'public, max-age=300'), (b'Content-Type', b'application/json; charset=UTF-8'), (b'Age', b'9'), (b'Server-Timing', b'gfet4t7; dur=2'), (b'Alt-Svc', b'h3=":443"; ma=2592000,h3-29=":443"; ma=2592000')])
2025-11-04 09:53:55,417 [INFO] HTTP Request: GET https://maps.googleapis.com/maps/api/place/details/json?place_id=ChIJ1f9bdpLDeUgRG0MAyARyXqA&fields=formatted_phone_number&key=AIzaSyA593JVSkRiRlUo6CemLNy_e0lMDMBmcX0&language=en-GB "HTTP/1.1 200 OK"
2025-11-04 09:53:55,417 [DEBUG] receive_response_body.started request=<Request [b'GET']>
2025-11-04 09:53:55,417 [DEBUG] receive_response_body.complete
2025-11-04 09:53:55,417 [DEBUG] response_closed.started
2025-11-04 09:53:55,417 [DEBUG] send_request_headers.started request=<Request [b'GET']>
2025-11-04 09:53:55,417 [DEBUG] start_tls.complete return_value=<httpcore._backends.anyio.AnyIOStream object at 0x138804f00>
2025-11-04 09:53:55,417 [DEBUG] start_tls.complete return_value=<httpcore._backends.anyio.AnyIOStream object at 0x12eeab160>
2025-11-04 09:53:55,417 [DEBUG] response_closed.complete
2025-11-04 09:53:55,417 [DEBUG] Got phone for ChIJoSdAHzzpeUgRhk3LcWe8Rn4: 0115 939 9010
2025-11-04 09:53:55,417 [DEBUG] response_closed.complete
2025-11-04 09:53:55,417 [DEBUG] Got phone for ChIJVVVBpQ7BeUgRQg5Aa1KElOw: 0115 962 1010
2025-11-04 09:53:55,417 [DEBUG] response_closed.complete
2025-11-04 09:53:55,418 [DEBUG] Got phone for ChIJLQML4qLGeUgRirY_GFo1qEA: 0115 940 4474
2025-11-04 09:53:55,418 [DEBUG] response_closed.complete
2025-11-04 09:53:55,418 [DEBUG] Got phone for ChIJw9kCZRfAeUgR0KF7ymN1ey8: 0115 927 4458
2025-11-04 09:53:55,418 [DEBUG] response_closed.complete
2025-11-04 09:53:55,418 [DEBUG] Got phone for ChIJ1f9bdpLDeUgRG0MAyARyXqA: 0115 693 0010
2025-11-04 09:53:55,418 [DEBUG] receive_response_headers.complete return_value=(b'HTTP/1.1', 200, b'OK', [(b'Content-Security-Policy-Report-Only', b"script-src 'none'; form-action 'none'; frame-src 'none'; report-uri https://csp.withgoogle.com/csp/scaffolding/msaipomnpc:641:0"), (b'Cross-Origin-Opener-Policy-Report-Only', b'same-origin; report-to=msaipomnpc:641:0'), (b'Report-To', b'{"group":"msaipomnpc:641:0","max_age":2592000,"endpoints":[{"url":"https://csp.withgoogle.com/csp/report-to/scaffolding/msaipomnpc:641:0"}],}'), (b'Server', b'scaffolding on HTTPServer2'), (b'Content-Length', b'125'), (b'X-XSS-Protection', b'0'), (b'X-Frame-Options', b'SAMEORIGIN'), (b'Date', b'Tue, 04 Nov 2025 09:53:46 GMT'), (b'Expires', b'Tue, 04 Nov 2025 09:58:46 GMT'), (b'Cache-Control', b'public, max-age=300'), (b'Content-Type', b'application/json; charset=UTF-8'), (b'Age', b'9'), (b'Server-Timing', b'gfet4t7; dur=1'), (b'Alt-Svc', b'h3=":443"; ma=2592000,h3-29=":443"; ma=2592000')])
2025-11-04 09:53:55,418 [INFO] HTTP Request: GET https://maps.googleapis.com/maps/api/place/details/json?place_id=ChIJAQAA5GxyeUgRLX1GuMQOb3k&fields=formatted_phone_number&key=AIzaSyA593JVSkRiRlUo6CemLNy_e0lMDMBmcX0&language=en-GB "HTTP/1.1 200 OK"
2025-11-04 09:53:55,418 [DEBUG] receive_response_body.started request=<Request [b'GET']>
2025-11-04 09:53:55,418 [DEBUG] receive_response_body.complete
2025-11-04 09:53:55,419 [DEBUG] response_closed.started
2025-11-04 09:53:55,420 [DEBUG] receive_response_headers.complete return_value=(b'HTTP/1.1', 200, b'OK', [(b'Content-Type', b'application/json; charset=UTF-8'), (b'Date', b'Tue, 04 Nov 2025 09:53:55 GMT'), (b'Expires', b'Tue, 04 Nov 2025 09:58:55 GMT'), (b'Cache-Control', b'public, max-age=300'), (b'Content-Security-Policy-Report-Only', b"script-src 'none'; form-action 'none'; frame-src 'none'; report-uri https://csp.withgoogle.com/csp/scaffolding/msaipomnpc:641:0"), (b'Cross-Origin-Opener-Policy-Report-Only', b'same-origin; report-to=msaipomnpc:641:0'), (b'Report-To', b'{"group":"msaipomnpc:641:0","max_age":2592000,"endpoints":[{"url":"https://csp.withgoogle.com/csp/report-to/scaffolding/msaipomnpc:641:0"}],}'), (b'Server', b'scaffolding on HTTPServer2'), (b'Content-Length', b'126'), (b'X-XSS-Protection', b'0'), (b'X-Frame-Options', b'SAMEORIGIN'), (b'Server-Timing', b'gfet4t7; dur=43'), (b'Alt-Svc', b'h3=":443"; ma=2592000,h3-29=":443"; ma=2592000')])
2025-11-04 09:53:55,420 [INFO] HTTP Request: GET https://maps.googleapis.com/maps/api/place/details/json?place_id=ChIJefM00InBeUgRn9u2LLEZYcE&fields=formatted_phone_number&key=AIzaSyA593JVSkRiRlUo6CemLNy_e0lMDMBmcX0&language=en-GB "HTTP/1.1 200 OK"
2025-11-04 09:53:55,420 [DEBUG] receive_response_body.started request=<Request [b'GET']>
2025-11-04 09:53:55,420 [DEBUG] receive_response_body.complete
2025-11-04 09:53:55,420 [DEBUG] response_closed.started
2025-11-04 09:53:55,421 [DEBUG] send_request_headers.complete
2025-11-04 09:53:55,421 [DEBUG] send_request_body.started request=<Request [b'GET']>
2025-11-04 09:53:55,421 [DEBUG] send_request_body.complete
2025-11-04 09:53:55,421 [DEBUG] receive_response_headers.started request=<Request [b'GET']>
2025-11-04 09:53:55,421 [DEBUG] send_request_headers.started request=<Request [b'GET']>
2025-11-04 09:53:55,421 [DEBUG] send_request_headers.started request=<Request [b'GET']>
2025-11-04 09:53:55,421 [DEBUG] response_closed.complete
2025-11-04 09:53:55,421 [DEBUG] Got phone for ChIJAQAA5GxyeUgRLX1GuMQOb3k: 01709 897354
2025-11-04 09:53:55,421 [DEBUG] start_tls.complete return_value=<httpcore._backends.anyio.AnyIOStream object at 0x13882f610>
2025-11-04 09:53:55,421 [DEBUG] start_tls.complete return_value=<httpcore._backends.anyio.AnyIOStream object at 0x13882f390>
2025-11-04 09:53:55,421 [DEBUG] start_tls.complete return_value=<httpcore._backends.anyio.AnyIOStream object at 0x12cc3e350>
2025-11-04 09:53:55,421 [DEBUG] response_closed.complete
2025-11-04 09:53:55,421 [DEBUG] Got phone for ChIJefM00InBeUgRn9u2LLEZYcE: 0115 939 9010
2025-11-04 09:53:55,421 [DEBUG] start_tls.complete return_value=<httpcore._backends.anyio.AnyIOStream object at 0x13882ec60>
2025-11-04 09:53:55,422 [DEBUG] send_request_headers.complete
2025-11-04 09:53:55,422 [DEBUG] send_request_body.started request=<Request [b'GET']>
2025-11-04 09:53:55,422 [DEBUG] send_request_body.complete
2025-11-04 09:53:55,422 [DEBUG] receive_response_headers.started request=<Request [b'GET']>
2025-11-04 09:53:55,422 [DEBUG] send_request_headers.complete
2025-11-04 09:53:55,422 [DEBUG] send_request_body.started request=<Request [b'GET']>
2025-11-04 09:53:55,422 [DEBUG] send_request_body.complete
2025-11-04 09:53:55,422 [DEBUG] receive_response_headers.started request=<Request [b'GET']>
2025-11-04 09:53:55,422 [DEBUG] send_request_headers.started request=<Request [b'GET']>
2025-11-04 09:53:55,422 [DEBUG] send_request_headers.started request=<Request [b'GET']>
2025-11-04 09:53:55,422 [DEBUG] send_request_headers.started request=<Request [b'GET']>
2025-11-04 09:53:55,422 [DEBUG] send_request_headers.started request=<Request [b'GET']>
2025-11-04 09:53:55,422 [DEBUG] send_request_headers.complete
2025-11-04 09:53:55,422 [DEBUG] send_request_body.started request=<Request [b'GET']>
2025-11-04 09:53:55,422 [DEBUG] send_request_body.complete
2025-11-04 09:53:55,422 [DEBUG] receive_response_headers.started request=<Request [b'GET']>
2025-11-04 09:53:55,422 [DEBUG] send_request_headers.complete
2025-11-04 09:53:55,422 [DEBUG] send_request_body.started request=<Request [b'GET']>
2025-11-04 09:53:55,422 [DEBUG] send_request_body.complete
2025-11-04 09:53:55,422 [DEBUG] receive_response_headers.started request=<Request [b'GET']>
2025-11-04 09:53:55,422 [DEBUG] send_request_headers.complete
2025-11-04 09:53:55,422 [DEBUG] send_request_body.started request=<Request [b'GET']>
2025-11-04 09:53:55,422 [DEBUG] send_request_body.complete
2025-11-04 09:53:55,422 [DEBUG] receive_response_headers.started request=<Request [b'GET']>
2025-11-04 09:53:55,422 [DEBUG] send_request_headers.complete
2025-11-04 09:53:55,422 [DEBUG] send_request_body.started request=<Request [b'GET']>
2025-11-04 09:53:55,422 [DEBUG] send_request_body.complete
2025-11-04 09:53:55,422 [DEBUG] receive_response_headers.started request=<Request [b'GET']>
2025-11-04 09:53:55,429 [DEBUG] start_tls.complete return_value=<httpcore._backends.anyio.AnyIOStream object at 0x12eeaa8a0>
2025-11-04 09:53:55,429 [DEBUG] send_request_headers.started request=<Request [b'GET']>
2025-11-04 09:53:55,430 [DEBUG] send_request_headers.complete
2025-11-04 09:53:55,430 [DEBUG] send_request_body.started request=<Request [b'GET']>
2025-11-04 09:53:55,430 [DEBUG] send_request_body.complete
2025-11-04 09:53:55,430 [DEBUG] receive_response_headers.started request=<Request [b'GET']>
2025-11-04 09:53:55,443 [DEBUG] receive_response_headers.complete return_value=(b'HTTP/1.1', 200, b'OK', [(b'Content-Security-Policy-Report-Only', b"script-src 'none'; form-action 'none'; frame-src 'none'; report-uri https://csp.withgoogle.com/csp/scaffolding/msaipomnpc:641:0"), (b'Cross-Origin-Opener-Policy-Report-Only', b'same-origin; report-to=msaipomnpc:641:0'), (b'Report-To', b'{"group":"msaipomnpc:641:0","max_age":2592000,"endpoints":[{"url":"https://csp.withgoogle.com/csp/report-to/scaffolding/msaipomnpc:641:0"}],}'), (b'Server', b'scaffolding on HTTPServer2'), (b'Content-Length', b'125'), (b'X-XSS-Protection', b'0'), (b'X-Frame-Options', b'SAMEORIGIN'), (b'Date', b'Tue, 04 Nov 2025 09:53:46 GMT'), (b'Expires', b'Tue, 04 Nov 2025 09:58:46 GMT'), (b'Cache-Control', b'public, max-age=300'), (b'Content-Type', b'application/json; charset=UTF-8'), (b'Age', b'9'), (b'Server-Timing', b'gfet4t7; dur=2'), (b'Alt-Svc', b'h3=":443"; ma=2592000,h3-29=":443"; ma=2592000')])
2025-11-04 09:53:55,443 [INFO] HTTP Request: GET https://maps.googleapis.com/maps/api/place/details/json?place_id=ChIJWU6qIbtKeEgR3siTUBAbKV4&fields=formatted_phone_number&key=AIzaSyA593JVSkRiRlUo6CemLNy_e0lMDMBmcX0&language=en-GB "HTTP/1.1 200 OK"
2025-11-04 09:53:55,443 [DEBUG] receive_response_body.started request=<Request [b'GET']>
2025-11-04 09:53:55,443 [DEBUG] receive_response_body.complete
2025-11-04 09:53:55,443 [DEBUG] response_closed.started
2025-11-04 09:53:55,443 [DEBUG] response_closed.complete
2025-11-04 09:53:55,443 [DEBUG] Got phone for ChIJWU6qIbtKeEgR3siTUBAbKV4: 01636 701523
2025-11-04 09:53:55,448 [DEBUG] receive_response_headers.complete return_value=(b'HTTP/1.1', 200, b'OK', [(b'Content-Security-Policy-Report-Only', b"script-src 'none'; form-action 'none'; frame-src 'none'; report-uri https://csp.withgoogle.com/csp/scaffolding/msaipomnpc:641:0"), (b'Cross-Origin-Opener-Policy-Report-Only', b'same-origin; report-to=msaipomnpc:641:0'), (b'Report-To', b'{"group":"msaipomnpc:641:0","max_age":2592000,"endpoints":[{"url":"https://csp.withgoogle.com/csp/report-to/scaffolding/msaipomnpc:641:0"}],}'), (b'Server', b'scaffolding on HTTPServer2'), (b'Content-Length', b'126'), (b'X-XSS-Protection', b'0'), (b'X-Frame-Options', b'SAMEORIGIN'), (b'Date', b'Tue, 04 Nov 2025 09:53:46 GMT'), (b'Expires', b'Tue, 04 Nov 2025 09:58:46 GMT'), (b'Cache-Control', b'public, max-age=300'), (b'Content-Type', b'application/json; charset=UTF-8'), (b'Age', b'9'), (b'Server-Timing', b'gfet4t7; dur=1'), (b'Alt-Svc', b'h3=":443"; ma=2592000,h3-29=":443"; ma=2592000')])
2025-11-04 09:53:55,448 [INFO] HTTP Request: GET https://maps.googleapis.com/maps/api/place/details/json?place_id=ChIJ09ytDBnreUgRXwKxyaMztes&fields=formatted_phone_number&key=AIzaSyA593JVSkRiRlUo6CemLNy_e0lMDMBmcX0&language=en-GB "HTTP/1.1 200 OK"
2025-11-04 09:53:55,448 [DEBUG] receive_response_body.started request=<Request [b'GET']>
2025-11-04 09:53:55,448 [DEBUG] receive_response_body.complete
2025-11-04 09:53:55,448 [DEBUG] response_closed.started
2025-11-04 09:53:55,448 [DEBUG] response_closed.complete
2025-11-04 09:53:55,448 [DEBUG] Got phone for ChIJ09ytDBnreUgRXwKxyaMztes: 0115 952 7271
2025-11-04 09:53:55,448 [DEBUG] receive_response_headers.complete return_value=(b'HTTP/1.1', 200, b'OK', [(b'Content-Security-Policy-Report-Only', b"script-src 'none'; form-action 'none'; frame-src 'none'; report-uri https://csp.withgoogle.com/csp/scaffolding/msaipomnpc:641:0"), (b'Cross-Origin-Opener-Policy-Report-Only', b'same-origin; report-to=msaipomnpc:641:0'), (b'Report-To', b'{"group":"msaipomnpc:641:0","max_age":2592000,"endpoints":[{"url":"https://csp.withgoogle.com/csp/report-to/scaffolding/msaipomnpc:641:0"}],}'), (b'Server', b'scaffolding on HTTPServer2'), (b'Content-Length', b'125'), (b'X-XSS-Protection', b'0'), (b'X-Frame-Options', b'SAMEORIGIN'), (b'Date', b'Tue, 04 Nov 2025 09:53:46 GMT'), (b'Expires', b'Tue, 04 Nov 2025 09:58:46 GMT'), (b'Cache-Control', b'public, max-age=300'), (b'Content-Type', b'application/json; charset=UTF-8'), (b'Age', b'9'), (b'Server-Timing', b'gfet4t7; dur=0'), (b'Alt-Svc', b'h3=":443"; ma=2592000,h3-29=":443"; ma=2592000')])
2025-11-04 09:53:55,448 [INFO] HTTP Request: GET https://maps.googleapis.com/maps/api/place/details/json?place_id=ChIJgRFqocOTeUgRbMHOk9l-ZBc&fields=formatted_phone_number&key=AIzaSyA593JVSkRiRlUo6CemLNy_e0lMDMBmcX0&language=en-GB "HTTP/1.1 200 OK"
2025-11-04 09:53:55,448 [DEBUG] receive_response_body.started request=<Request [b'GET']>
2025-11-04 09:53:55,448 [DEBUG] receive_response_body.complete
2025-11-04 09:53:55,448 [DEBUG] response_closed.started
2025-11-04 09:53:55,448 [DEBUG] receive_response_headers.complete return_value=(b'HTTP/1.1', 200, b'OK', [(b'Content-Security-Policy-Report-Only', b"script-src 'none'; form-action 'none'; frame-src 'none'; report-uri https://csp.withgoogle.com/csp/scaffolding/msaipomnpc:641:0"), (b'Cross-Origin-Opener-Policy-Report-Only', b'same-origin; report-to=msaipomnpc:641:0'), (b'Report-To', b'{"group":"msaipomnpc:641:0","max_age":2592000,"endpoints":[{"url":"https://csp.withgoogle.com/csp/report-to/scaffolding/msaipomnpc:641:0"}],}'), (b'Server', b'scaffolding on HTTPServer2'), (b'Content-Length', b'126'), (b'X-XSS-Protection', b'0'), (b'X-Frame-Options', b'SAMEORIGIN'), (b'Date', b'Tue, 04 Nov 2025 09:53:46 GMT'), (b'Expires', b'Tue, 04 Nov 2025 09:58:46 GMT'), (b'Cache-Control', b'public, max-age=300'), (b'Content-Type', b'application/json; charset=UTF-8'), (b'Age', b'9'), (b'Server-Timing', b'gfet4t7; dur=1'), (b'Alt-Svc', b'h3=":443"; ma=2592000,h3-29=":443"; ma=2592000')])
2025-11-04 09:53:55,449 [INFO] HTTP Request: GET https://maps.googleapis.com/maps/api/place/details/json?place_id=ChIJVx4RBtvAeUgRp4rSrabx8wg&fields=formatted_phone_number&key=AIzaSyA593JVSkRiRlUo6CemLNy_e0lMDMBmcX0&language=en-GB "HTTP/1.1 200 OK"
2025-11-04 09:53:55,449 [DEBUG] receive_response_body.started request=<Request [b'GET']>
2025-11-04 09:53:55,449 [DEBUG] receive_response_body.complete
2025-11-04 09:53:55,449 [DEBUG] response_closed.started
2025-11-04 09:53:55,449 [DEBUG] response_closed.complete
2025-11-04 09:53:55,449 [DEBUG] Got phone for ChIJgRFqocOTeUgRbMHOk9l-ZBc: 01773 832218
2025-11-04 09:53:55,449 [DEBUG] response_closed.complete
2025-11-04 09:53:55,449 [DEBUG] Got phone for ChIJVx4RBtvAeUgRp4rSrabx8wg: 0115 967 1117
2025-11-04 09:53:55,450 [DEBUG] receive_response_headers.complete return_value=(b'HTTP/1.1', 200, b'OK', [(b'Content-Security-Policy-Report-Only', b"script-src 'none'; form-action 'none'; frame-src 'none'; report-uri https://csp.withgoogle.com/csp/scaffolding/msaipomnpc:641:0"), (b'Cross-Origin-Opener-Policy-Report-Only', b'same-origin; report-to=msaipomnpc:641:0'), (b'Report-To', b'{"group":"msaipomnpc:641:0","max_age":2592000,"endpoints":[{"url":"https://csp.withgoogle.com/csp/report-to/scaffolding/msaipomnpc:641:0"}],}'), (b'Server', b'scaffolding on HTTPServer2'), (b'Content-Length', b'126'), (b'X-XSS-Protection', b'0'), (b'X-Frame-Options', b'SAMEORIGIN'), (b'Date', b'Tue, 04 Nov 2025 09:53:46 GMT'), (b'Expires', b'Tue, 04 Nov 2025 09:58:46 GMT'), (b'Cache-Control', b'public, max-age=300'), (b'Content-Type', b'application/json; charset=UTF-8'), (b'Age', b'9'), (b'Server-Timing', b'gfet4t7; dur=1'), (b'Alt-Svc', b'h3=":443"; ma=2592000,h3-29=":443"; ma=2592000')])
2025-11-04 09:53:55,450 [INFO] HTTP Request: GET https://maps.googleapis.com/maps/api/place/details/json?place_id=ChIJL93SuLfpeUgRYODNOd1Fkes&fields=formatted_phone_number&key=AIzaSyA593JVSkRiRlUo6CemLNy_e0lMDMBmcX0&language=en-GB "HTTP/1.1 200 OK"
2025-11-04 09:53:55,450 [DEBUG] receive_response_body.started request=<Request [b'GET']>
2025-11-04 09:53:55,450 [DEBUG] receive_response_body.complete
2025-11-04 09:53:55,450 [DEBUG] response_closed.started
2025-11-04 09:53:55,450 [DEBUG] response_closed.complete
2025-11-04 09:53:55,451 [DEBUG] Got phone for ChIJL93SuLfpeUgRYODNOd1Fkes: 0115 922 4855
2025-11-04 09:53:55,476 [DEBUG] receive_response_headers.complete return_value=(b'HTTP/1.1', 200, b'OK', [(b'Content-Type', b'application/json; charset=UTF-8'), (b'Date', b'Tue, 04 Nov 2025 09:53:55 GMT'), (b'Expires', b'Tue, 04 Nov 2025 09:58:55 GMT'), (b'Cache-Control', b'public, max-age=300'), (b'Content-Security-Policy-Report-Only', b"script-src 'none'; form-action 'none'; frame-src 'none'; report-uri https://csp.withgoogle.com/csp/scaffolding/msaipomnpc:641:0"), (b'Cross-Origin-Opener-Policy-Report-Only', b'same-origin; report-to=msaipomnpc:641:0'), (b'Report-To', b'{"group":"msaipomnpc:641:0","max_age":2592000,"endpoints":[{"url":"https://csp.withgoogle.com/csp/report-to/scaffolding/msaipomnpc:641:0"}],}'), (b'Server', b'scaffolding on HTTPServer2'), (b'Content-Length', b'125'), (b'X-XSS-Protection', b'0'), (b'X-Frame-Options', b'SAMEORIGIN'), (b'Server-Timing', b'gfet4t7; dur=30'), (b'Alt-Svc', b'h3=":443"; ma=2592000,h3-29=":443"; ma=2592000')])
2025-11-04 09:53:55,476 [INFO] HTTP Request: GET https://maps.googleapis.com/maps/api/place/details/json?place_id=ChIJq6ruyXpxeUgRflwA4pMRfZk&fields=formatted_phone_number&key=AIzaSyA593JVSkRiRlUo6CemLNy_e0lMDMBmcX0&language=en-GB "HTTP/1.1 200 OK"
2025-11-04 09:53:55,477 [DEBUG] receive_response_body.started request=<Request [b'GET']>
2025-11-04 09:53:55,477 [DEBUG] receive_response_body.complete
2025-11-04 09:53:55,477 [DEBUG] response_closed.started
2025-11-04 09:53:55,477 [DEBUG] response_closed.complete
2025-11-04 09:53:55,477 [DEBUG] Got phone for ChIJq6ruyXpxeUgRflwA4pMRfZk: 01709 760301
2025-11-04 09:53:55,490 [DEBUG] receive_response_headers.complete return_value=(b'HTTP/1.1', 200, b'OK', [(b'Content-Type', b'application/json; charset=UTF-8'), (b'Date', b'Tue, 04 Nov 2025 09:53:55 GMT'), (b'Expires', b'Tue, 04 Nov 2025 09:58:55 GMT'), (b'Cache-Control', b'public, max-age=300'), (b'Content-Security-Policy-Report-Only', b"script-src 'none'; form-action 'none'; frame-src 'none'; report-uri https://csp.withgoogle.com/csp/scaffolding/msaipomnpc:641:0"), (b'Cross-Origin-Opener-Policy-Report-Only', b'same-origin; report-to=msaipomnpc:641:0'), (b'Report-To', b'{"group":"msaipomnpc:641:0","max_age":2592000,"endpoints":[{"url":"https://csp.withgoogle.com/csp/report-to/scaffolding/msaipomnpc:641:0"}],}'), (b'Server', b'scaffolding on HTTPServer2'), (b'Content-Length', b'125'), (b'X-XSS-Protection', b'0'), (b'X-Frame-Options', b'SAMEORIGIN'), (b'Server-Timing', b'gfet4t7; dur=45'), (b'Alt-Svc', b'h3=":443"; ma=2592000,h3-29=":443"; ma=2592000')])
2025-11-04 09:53:55,490 [INFO] HTTP Request: GET https://maps.googleapis.com/maps/api/place/details/json?place_id=ChIJDal_PxnxeUgRZIArt6gw2rU&fields=formatted_phone_number&key=AIzaSyA593JVSkRiRlUo6CemLNy_e0lMDMBmcX0&language=en-GB "HTTP/1.1 200 OK"
2025-11-04 09:53:55,490 [DEBUG] receive_response_body.started request=<Request [b'GET']>
2025-11-04 09:53:55,490 [DEBUG] receive_response_body.complete
2025-11-04 09:53:55,491 [DEBUG] response_closed.started
2025-11-04 09:53:55,491 [DEBUG] response_closed.complete
2025-11-04 09:53:55,491 [DEBUG] Got phone for ChIJDal_PxnxeUgRZIArt6gw2rU: 01332 345119
2025-11-04 09:53:55,513 [DEBUG] receive_response_headers.complete return_value=(b'HTTP/1.1', 200, b'OK', [(b'Content-Type', b'application/json; charset=UTF-8'), (b'Date', b'Tue, 04 Nov 2025 09:53:55 GMT'), (b'Expires', b'Tue, 04 Nov 2025 09:58:55 GMT'), (b'Cache-Control', b'public, max-age=300'), (b'Content-Security-Policy-Report-Only', b"script-src 'none'; form-action 'none'; frame-src 'none'; report-uri https://csp.withgoogle.com/csp/scaffolding/msaipomnpc:641:0"), (b'Cross-Origin-Opener-Policy-Report-Only', b'same-origin; report-to=msaipomnpc:641:0'), (b'Report-To', b'{"group":"msaipomnpc:641:0","max_age":2592000,"endpoints":[{"url":"https://csp.withgoogle.com/csp/report-to/scaffolding/msaipomnpc:641:0"}],}'), (b'Server', b'scaffolding on HTTPServer2'), (b'Content-Length', b'125'), (b'X-XSS-Protection', b'0'), (b'X-Frame-Options', b'SAMEORIGIN'), (b'Server-Timing', b'gfet4t7; dur=65'), (b'Alt-Svc', b'h3=":443"; ma=2592000,h3-29=":443"; ma=2592000')])
2025-11-04 09:53:55,514 [INFO] HTTP Request: GET https://maps.googleapis.com/maps/api/place/details/json?place_id=ChIJAbG6AHCJeUgRZbFzwwHLjMY&fields=formatted_phone_number&key=AIzaSyA593JVSkRiRlUo6CemLNy_e0lMDMBmcX0&language=en-GB "HTTP/1.1 200 OK"
2025-11-04 09:53:55,514 [DEBUG] receive_response_body.started request=<Request [b'GET']>
2025-11-04 09:53:55,514 [DEBUG] receive_response_body.complete
2025-11-04 09:53:55,514 [DEBUG] response_closed.started
2025-11-04 09:53:55,514 [DEBUG] response_closed.complete
2025-11-04 09:53:55,514 [DEBUG] Got phone for ChIJAbG6AHCJeUgRZbFzwwHLjMY: 01629 582844
2025-11-04 09:53:55,514 [DEBUG] close.started
2025-11-04 09:53:55,515 [DEBUG] close.complete
2025-11-04 09:53:55,515 [DEBUG] close.started
2025-11-04 09:53:55,515 [DEBUG] close.complete
2025-11-04 09:53:55,515 [DEBUG] close.started
2025-11-04 09:53:55,515 [DEBUG] close.complete
2025-11-04 09:53:55,515 [DEBUG] close.started
2025-11-04 09:53:55,515 [DEBUG] close.complete
2025-11-04 09:53:55,515 [DEBUG] close.started
2025-11-04 09:53:55,515 [DEBUG] close.complete
2025-11-04 09:53:55,515 [DEBUG] close.started
2025-11-04 09:53:55,515 [DEBUG] close.complete
2025-11-04 09:53:55,515 [DEBUG] close.started
2025-11-04 09:53:55,515 [DEBUG] close.complete
2025-11-04 09:53:55,515 [DEBUG] close.started
2025-11-04 09:53:55,515 [DEBUG] close.complete
2025-11-04 09:53:55,515 [DEBUG] close.started
2025-11-04 09:53:55,515 [DEBUG] close.complete
2025-11-04 09:53:55,516 [DEBUG] close.started
2025-11-04 09:53:55,516 [DEBUG] close.complete
2025-11-04 09:53:55,516 [DEBUG] close.started
2025-11-04 09:53:55,516 [DEBUG] close.complete
2025-11-04 09:53:55,516 [DEBUG] close.started
2025-11-04 09:53:55,516 [DEBUG] close.complete
2025-11-04 09:53:55,516 [DEBUG] close.started
2025-11-04 09:53:55,516 [DEBUG] close.complete
2025-11-04 09:53:55,516 [DEBUG] close.started
2025-11-04 09:53:55,516 [DEBUG] close.complete
2025-11-04 09:53:55,516 [DEBUG] close.started
2025-11-04 09:53:55,516 [DEBUG] close.complete
2025-11-04 09:53:55,516 [DEBUG] Phone enrichment completed for 15 places.
2025-11-04 09:53:55,516 [INFO] Returning 20 vet results for query='Medivet'
2025-11-04 09:53:59,403 [INFO] Vet search initiated for query='Medivet Burton', lat=None, lng=None, radius=15000
2025-11-04 09:53:59,411 [DEBUG] connect_tcp.started host='maps.googleapis.com' port=443 local_address=None timeout=10.0 socket_options=None
2025-11-04 09:53:59,433 [DEBUG] connect_tcp.complete return_value=<httpcore._backends.anyio.AnyIOStream object at 0x12eea9400>
2025-11-04 09:53:59,433 [DEBUG] start_tls.started ssl_context=<ssl.SSLContext object at 0x12ccd36b0> server_hostname='maps.googleapis.com' timeout=10.0
2025-11-04 09:53:59,465 [DEBUG] start_tls.complete return_value=<httpcore._backends.anyio.AnyIOStream object at 0x12cc0a5d0>
2025-11-04 09:53:59,465 [DEBUG] send_request_headers.started request=<Request [b'GET']>
2025-11-04 09:53:59,465 [DEBUG] send_request_headers.complete
2025-11-04 09:53:59,465 [DEBUG] send_request_body.started request=<Request [b'GET']>
2025-11-04 09:53:59,465 [DEBUG] send_request_body.complete
2025-11-04 09:53:59,465 [DEBUG] receive_response_headers.started request=<Request [b'GET']>
2025-11-04 09:53:59,739 [DEBUG] receive_response_headers.complete return_value=(b'HTTP/1.1', 200, b'OK', [(b'Content-Type', b'application/json; charset=UTF-8'), (b'Date', b'Tue, 04 Nov 2025 09:53:59 GMT'), (b'Expires', b'Tue, 04 Nov 2025 09:58:59 GMT'), (b'Cache-Control', b'public, max-age=300'), (b'Content-Security-Policy-Report-Only', b"script-src 'none'; form-action 'none'; frame-src 'none'; report-uri https://csp.withgoogle.com/csp/scaffolding/msaipomnpc:993:0"), (b'Cross-Origin-Opener-Policy-Report-Only', b'same-origin; report-to=msaipomnpc:993:0'), (b'Report-To', b'{"group":"msaipomnpc:993:0","max_age":2592000,"endpoints":[{"url":"https://csp.withgoogle.com/csp/report-to/scaffolding/msaipomnpc:993:0"}],}'), (b'Server', b'scaffolding on HTTPServer2'), (b'Content-Length', b'2149'), (b'X-XSS-Protection', b'0'), (b'X-Frame-Options', b'SAMEORIGIN'), (b'Server-Timing', b'gfet4t7; dur=246'), (b'Alt-Svc', b'h3=":443"; ma=2592000,h3-29=":443"; ma=2592000')])
2025-11-04 09:53:59,739 [INFO] HTTP Request: GET https://maps.googleapis.com/maps/api/place/textsearch/json?query=Medivet+Burton&type=veterinary_care&key=AIzaSyA593JVSkRiRlUo6CemLNy_e0lMDMBmcX0&region=gb&language=en-GB "HTTP/1.1 200 OK"
2025-11-04 09:53:59,740 [DEBUG] receive_response_body.started request=<Request [b'GET']>
2025-11-04 09:53:59,740 [DEBUG] receive_response_body.complete
2025-11-04 09:53:59,740 [DEBUG] response_closed.started
2025-11-04 09:53:59,740 [DEBUG] response_closed.complete
2025-11-04 09:53:59,740 [DEBUG] close.started
2025-11-04 09:53:59,740 [DEBUG] close.complete
2025-11-04 09:53:59,740 [DEBUG] Google Places returned 1 results for 'Medivet Burton'
2025-11-04 09:53:59,749 [DEBUG] Fetching phone for place_id=ChIJL7rhhPgCekgRVC36HiVu48M
2025-11-04 09:53:59,749 [DEBUG] connect_tcp.started host='maps.googleapis.com' port=443 local_address=None timeout=8.0 socket_options=None
2025-11-04 09:53:59,771 [DEBUG] connect_tcp.complete return_value=<httpcore._backends.anyio.AnyIOStream object at 0x12eea9bd0>
2025-11-04 09:53:59,771 [DEBUG] start_tls.started ssl_context=<ssl.SSLContext object at 0x12ee9de50> server_hostname='maps.googleapis.com' timeout=8.0
2025-11-04 09:53:59,802 [DEBUG] start_tls.complete return_value=<httpcore._backends.anyio.AnyIOStream object at 0x12eea9450>
2025-11-04 09:53:59,802 [DEBUG] send_request_headers.started request=<Request [b'GET']>
2025-11-04 09:53:59,802 [DEBUG] send_request_headers.complete
2025-11-04 09:53:59,802 [DEBUG] send_request_body.started request=<Request [b'GET']>
2025-11-04 09:53:59,802 [DEBUG] send_request_body.complete
2025-11-04 09:53:59,802 [DEBUG] receive_response_headers.started request=<Request [b'GET']>
2025-11-04 09:53:59,857 [DEBUG] receive_response_headers.complete return_value=(b'HTTP/1.1', 200, b'OK', [(b'Content-Type', b'application/json; charset=UTF-8'), (b'Date', b'Tue, 04 Nov 2025 09:53:59 GMT'), (b'Expires', b'Tue, 04 Nov 2025 09:58:59 GMT'), (b'Cache-Control', b'public, max-age=300'), (b'Content-Security-Policy-Report-Only', b"script-src 'none'; form-action 'none'; frame-src 'none'; report-uri https://csp.withgoogle.com/csp/scaffolding/msaipomnpc:641:0"), (b'Cross-Origin-Opener-Policy-Report-Only', b'same-origin; report-to=msaipomnpc:641:0'), (b'Report-To', b'{"group":"msaipomnpc:641:0","max_age":2592000,"endpoints":[{"url":"https://csp.withgoogle.com/csp/report-to/scaffolding/msaipomnpc:641:0"}],}'), (b'Server', b'scaffolding on HTTPServer2'), (b'Content-Length', b'125'), (b'X-XSS-Protection', b'0'), (b'X-Frame-Options', b'SAMEORIGIN'), (b'Server-Timing', b'gfet4t7; dur=31'), (b'Alt-Svc', b'h3=":443"; ma=2592000,h3-29=":443"; ma=2592000')])
2025-11-04 09:53:59,857 [INFO] HTTP Request: GET https://maps.googleapis.com/maps/api/place/details/json?place_id=ChIJL7rhhPgCekgRVC36HiVu48M&fields=formatted_phone_number&key=AIzaSyA593JVSkRiRlUo6CemLNy_e0lMDMBmcX0&language=en-GB "HTTP/1.1 200 OK"
2025-11-04 09:53:59,857 [DEBUG] receive_response_body.started request=<Request [b'GET']>
2025-11-04 09:53:59,858 [DEBUG] receive_response_body.complete
2025-11-04 09:53:59,858 [DEBUG] response_closed.started
2025-11-04 09:53:59,858 [DEBUG] response_closed.complete
2025-11-04 09:53:59,858 [DEBUG] Got phone for ChIJL7rhhPgCekgRVC36HiVu48M: 01283 541608
2025-11-04 09:53:59,858 [DEBUG] close.started
2025-11-04 09:53:59,859 [DEBUG] close.complete
2025-11-04 09:53:59,859 [DEBUG] Phone enrichment completed for 1 places.
2025-11-04 09:53:59,859 [INFO] Returning 1 vet results for query='Medivet Burton'
2025-11-04 09:54:00,592 [INFO] Saving vet for pet_id=be02a706-19dd-4615-9909-3591b5311267 | place_id=ChIJL7rhhPgCekgRVC36HiVu48M
2025-11-04 09:54:00,592 [DEBUG] Vet payload: name=Medivet Burton-on-Trent, phone=01283 541608, address=30 Horninglow Rd N, Burton-on-Trent DE13 0SL
2025-11-04 09:54:00,612 [INFO] Vet info saved successfully for pet_id=be02a706-19dd-4615-9909-3591b5311267
2025-11-04 09:54:05,153 [INFO] Vet search initiated for query='Medivet Burton', lat=None, lng=None, radius=15000
2025-11-04 09:54:05,158 [DEBUG] connect_tcp.started host='maps.googleapis.com' port=443 local_address=None timeout=10.0 socket_options=None
2025-11-04 09:54:05,178 [DEBUG] connect_tcp.complete return_value=<httpcore._backends.anyio.AnyIOStream object at 0x12c8d8050>
2025-11-04 09:54:05,178 [DEBUG] start_tls.started ssl_context=<ssl.SSLContext object at 0x12c85e530> server_hostname='maps.googleapis.com' timeout=10.0
2025-11-04 09:54:05,203 [DEBUG] start_tls.complete return_value=<httpcore._backends.anyio.AnyIOStream object at 0x12cc3d7c0>
2025-11-04 09:54:05,203 [DEBUG] send_request_headers.started request=<Request [b'GET']>
2025-11-04 09:54:05,203 [DEBUG] send_request_headers.complete
2025-11-04 09:54:05,203 [DEBUG] send_request_body.started request=<Request [b'GET']>
2025-11-04 09:54:05,203 [DEBUG] send_request_body.complete
2025-11-04 09:54:05,204 [DEBUG] receive_response_headers.started request=<Request [b'GET']>
2025-11-04 09:54:05,229 [DEBUG] receive_response_headers.complete return_value=(b'HTTP/1.1', 200, b'OK', [(b'Content-Security-Policy-Report-Only', b"script-src 'none'; form-action 'none'; frame-src 'none'; report-uri https://csp.withgoogle.com/csp/scaffolding/msaipomnpc:993:0"), (b'Cross-Origin-Opener-Policy-Report-Only', b'same-origin; report-to=msaipomnpc:993:0'), (b'Report-To', b'{"group":"msaipomnpc:993:0","max_age":2592000,"endpoints":[{"url":"https://csp.withgoogle.com/csp/report-to/scaffolding/msaipomnpc:993:0"}],}'), (b'Server', b'scaffolding on HTTPServer2'), (b'Content-Length', b'2149'), (b'X-XSS-Protection', b'0'), (b'X-Frame-Options', b'SAMEORIGIN'), (b'Date', b'Tue, 04 Nov 2025 09:53:59 GMT'), (b'Expires', b'Tue, 04 Nov 2025 09:58:59 GMT'), (b'Cache-Control', b'public, max-age=300'), (b'Content-Type', b'application/json; charset=UTF-8'), (b'Age', b'6'), (b'Server-Timing', b'gfet4t7; dur=3'), (b'Alt-Svc', b'h3=":443"; ma=2592000,h3-29=":443"; ma=2592000')])
2025-11-04 09:54:05,229 [INFO] HTTP Request: GET https://maps.googleapis.com/maps/api/place/textsearch/json?query=Medivet+Burton&type=veterinary_care&key=AIzaSyA593JVSkRiRlUo6CemLNy_e0lMDMBmcX0&region=gb&language=en-GB "HTTP/1.1 200 OK"
2025-11-04 09:54:05,229 [DEBUG] receive_response_body.started request=<Request [b'GET']>
2025-11-04 09:54:05,229 [DEBUG] receive_response_body.complete
2025-11-04 09:54:05,229 [DEBUG] response_closed.started
2025-11-04 09:54:05,229 [DEBUG] response_closed.complete
2025-11-04 09:54:05,229 [DEBUG] close.started
2025-11-04 09:54:05,229 [DEBUG] close.complete
2025-11-04 09:54:05,229 [DEBUG] Google Places returned 1 results for 'Medivet Burton'
2025-11-04 09:54:05,235 [DEBUG] Fetching phone for place_id=ChIJL7rhhPgCekgRVC36HiVu48M
2025-11-04 09:54:05,235 [DEBUG] connect_tcp.started host='maps.googleapis.com' port=443 local_address=None timeout=8.0 socket_options=None
2025-11-04 09:54:05,256 [DEBUG] connect_tcp.complete return_value=<httpcore._backends.anyio.AnyIOStream object at 0x138805ea0>
2025-11-04 09:54:05,256 [DEBUG] start_tls.started ssl_context=<ssl.SSLContext object at 0x12c85e030> server_hostname='maps.googleapis.com' timeout=8.0
2025-11-04 09:54:05,295 [DEBUG] start_tls.complete return_value=<httpcore._backends.anyio.AnyIOStream object at 0x138805310>
2025-11-04 09:54:05,295 [DEBUG] send_request_headers.started request=<Request [b'GET']>
2025-11-04 09:54:05,295 [DEBUG] send_request_headers.complete
2025-11-04 09:54:05,295 [DEBUG] send_request_body.started request=<Request [b'GET']>
2025-11-04 09:54:05,295 [DEBUG] send_request_body.complete
2025-11-04 09:54:05,295 [DEBUG] receive_response_headers.started request=<Request [b'GET']>
2025-11-04 09:54:05,316 [DEBUG] receive_response_headers.complete return_value=(b'HTTP/1.1', 200, b'OK', [(b'Content-Security-Policy-Report-Only', b"script-src 'none'; form-action 'none'; frame-src 'none'; report-uri https://csp.withgoogle.com/csp/scaffolding/msaipomnpc:641:0"), (b'Cross-Origin-Opener-Policy-Report-Only', b'same-origin; report-to=msaipomnpc:641:0'), (b'Report-To', b'{"group":"msaipomnpc:641:0","max_age":2592000,"endpoints":[{"url":"https://csp.withgoogle.com/csp/report-to/scaffolding/msaipomnpc:641:0"}],}'), (b'Server', b'scaffolding on HTTPServer2'), (b'Content-Length', b'125'), (b'X-XSS-Protection', b'0'), (b'X-Frame-Options', b'SAMEORIGIN'), (b'Date', b'Tue, 04 Nov 2025 09:53:59 GMT'), (b'Expires', b'Tue, 04 Nov 2025 09:58:59 GMT'), (b'Cache-Control', b'public, max-age=300'), (b'Content-Type', b'application/json; charset=UTF-8'), (b'Age', b'6'), (b'Server-Timing', b'gfet4t7; dur=1'), (b'Alt-Svc', b'h3=":443"; ma=2592000,h3-29=":443"; ma=2592000')])
2025-11-04 09:54:05,316 [INFO] HTTP Request: GET https://maps.googleapis.com/maps/api/place/details/json?place_id=ChIJL7rhhPgCekgRVC36HiVu48M&fields=formatted_phone_number&key=AIzaSyA593JVSkRiRlUo6CemLNy_e0lMDMBmcX0&language=en-GB "HTTP/1.1 200 OK"
2025-11-04 09:54:05,317 [DEBUG] receive_response_body.started request=<Request [b'GET']>
2025-11-04 09:54:05,317 [DEBUG] receive_response_body.complete
2025-11-04 09:54:05,317 [DEBUG] response_closed.started
2025-11-04 09:54:05,317 [DEBUG] response_closed.complete
2025-11-04 09:54:05,317 [DEBUG] Got phone for ChIJL7rhhPgCekgRVC36HiVu48M: 01283 541608
2025-11-04 09:54:05,317 [DEBUG] close.started
2025-11-04 09:54:05,317 [DEBUG] close.complete
2025-11-04 09:54:05,317 [DEBUG] Phone enrichment completed for 1 places.
2025-11-04 09:54:05,317 [INFO] Returning 1 vet results for query='Medivet Burton'
2025-11-04 09:54:06,829 [INFO] Saving vet for pet_id=be02a706-19dd-4615-9909-3591b5311267 | place_id=ChIJL7rhhPgCekgRVC36HiVu48M
2025-11-04 09:54:06,829 [DEBUG] Vet payload: name=Medivet Burton-on-Trent, phone=01283 541608, address=30 Horninglow Rd N, Burton-on-Trent DE13 0SL
2025-11-04 09:54:06,832 [INFO] Vet info saved successfully for pet_id=be02a706-19dd-4615-9909-3591b5311267
2025-11-04 09:59:21,332 [INFO] message='Request to Stripe api' method=get url=https://api.stripe.com/v1/subscriptions/sub_1OkVEMIdMMgqrK9P9nLNiDAM
2025-11-04 09:59:21,332 [DEBUG] api_version=2025-07-30.basil message='Post details' post_data=
2025-11-04 09:59:21,337 [DEBUG] Resetting dropped connection: api.stripe.com
2025-11-04 09:59:21,687 [DEBUG] https://api.stripe.com:443 "GET /v1/subscriptions/sub_1OkVEMIdMMgqrK9P9nLNiDAM HTTP/1.1" 200 4591
2025-11-04 09:59:21,687 [INFO] message='Stripe API response' path=https://api.stripe.com/v1/subscriptions/sub_1OkVEMIdMMgqrK9P9nLNiDAM response_code=200
2025-11-04 09:59:21,687 [DEBUG] body='{\n  "id": "sub_1OkVEMIdMMgqrK9P9nLNiDAM",\n  "object": "subscription",\n  "application": null,\n  "application_fee_percent": null,\n  "automatic_tax": {\n    "disabled_reason": null,\n    "enabled": true,\n    "liability": {\n      "type": "self"\n    }\n  },\n  "billing_cycle_anchor": 1708104586,\n  "billing_cycle_anchor_config": null,\n  "billing_mode": {\n    "flexible": null,\n    "type": "classic"\n  },\n  "billing_thresholds": null,\n  "cancel_at": null,\n  "cancel_at_period_end": false,\n  "canceled_at": null,\n  "cancellation_details": {\n    "comment": null,\n    "feedback": null,\n    "reason": null\n  },\n  "collection_method": "charge_automatically",\n  "created": 1708104586,\n  "currency": "gbp",\n  "customer": "cus_PZeX087WaJnC29",\n  "days_until_due": null,\n  "default_payment_method": "pm_1OkVELIdMMgqrK9PablGoWGz",\n  "default_source": null,\n  "default_tax_rates": [],\n  "description": null,\n  "discounts": [],\n  "ended_at": null,\n  "invoice_settings": {\n    "account_tax_ids": null,\n    "issuer": {\n      "type": "self"\n    }\n  },\n  "items": {\n    "object": "list",\n    "data": [\n      {\n        "id": "si_PZeXwKEBXVmNMh",\n        "object": "subscription_item",\n        "billing_thresholds": null,\n        "created": 1708104586,\n        "current_period_end": 1763314186,\n        "current_period_start": 1760635786,\n        "discounts": [],\n        "metadata": {},\n        "plan": {\n          "id": "price_1MYVUbIdMMgqrK9PkNLjlrOZ",\n          "object": "plan",\n          "active": true,\n          "amount": 3000,\n          "amount_decimal": "3000",\n          "billing_scheme": "per_unit",\n          "created": 1675692985,\n          "currency": "gbp",\n          "interval": "month",\n          "interval_count": 1,\n          "livemode": true,\n          "metadata": {},\n          "meter": null,\n          "nickname": null,\n          "product": "prod_NJ7kpOY8DpuKOu",\n          "tiers_mode": null,\n          "transform_usage": null,\n          "trial_period_days": null,\n          "usage_type": "licensed"\n        },\n        "price": {\n          "id": "price_1MYVUbIdMMgqrK9PkNLjlrOZ",\n          "object": "price",\n          "active": true,\n          "billing_scheme": "per_unit",\n          "created": 1675692985,\n          "currency": "gbp",\n          "custom_unit_amount": null,\n          "livemode": true,\n          "lookup_key": null,\n          "metadata": {},\n          "nickname": null,\n          "product": "prod_NJ7kpOY8DpuKOu",\n          "recurring": {\n            "interval": "month",\n            "interval_count": 1,\n            "meter": null,\n            "trial_period_days": null,\n            "usage_type": "licensed"\n          },\n          "tax_behavior": "inclusive",\n          "tiers_mode": null,\n          "transform_quantity": null,\n          "type": "recurring",\n          "unit_amount": 3000,\n          "unit_amount_decimal": "3000"\n        },\n        "quantity": 1,\n        "subscription": "sub_1OkVEMIdMMgqrK9P9nLNiDAM",\n        "tax_rates": []\n      }\n    ],\n    "has_more": false,\n    "total_count": 1,\n    "url": "/v1/subscription_items?subscription=sub_1OkVEMIdMMgqrK9P9nLNiDAM"\n  },\n  "latest_invoice": "in_1SIv0bIdMMgqrK9PzyoKSijk",\n  "livemode": true,\n  "metadata": {},\n  "next_pending_invoice_item_invoice": null,\n  "on_behalf_of": null,\n  "pause_collection": null,\n  "payment_settings": {\n    "payment_method_options": {\n      "acss_debit": null,\n      "bancontact": null,\n      "card": {\n        "network": null,\n        "request_three_d_secure": "automatic"\n      },\n      "customer_balance": null,\n      "konbini": null,\n      "sepa_debit": null,\n      "us_bank_account": null\n    },\n    "payment_method_types": null,\n    "save_default_payment_method": "off"\n  },\n  "pending_invoice_item_interval": null,\n  "pending_setup_intent": null,\n  "pending_update": null,\n  "plan": {\n    "id": "price_1MYVUbIdMMgqrK9PkNLjlrOZ",\n    "object": "plan",\n    "active": true,\n    "amount": 3000,\n    "amount_decimal": "3000",\n    "billing_scheme": "per_unit",\n    "created": 1675692985,\n    "currency": "gbp",\n    "interval": "month",\n    "interval_count": 1,\n    "livemode": true,\n    "metadata": {},\n    "meter": null,\n    "nickname": null,\n    "product": "prod_NJ7kpOY8DpuKOu",\n    "tiers_mode": null,\n    "transform_usage": null,\n    "trial_period_days": null,\n    "usage_type": "licensed"\n  },\n  "quantity": 1,\n  "schedule": null,\n  "start_date": 1708104586,\n  "status": "active",\n  "test_clock": null,\n  "transfer_data": null,\n  "trial_end": null,\n  "trial_settings": {\n    "end_behavior": {\n      "missing_payment_method": "create_invoice"\n    }\n  },\n  "trial_start": null\n}' message='API response body'
2025-11-04 09:59:21,688 [DEBUG] link=https://dashboard.stripe.com/live/logs/req_4iBQhkeuPr3kTK message='Dashboard link for request'
2025-11-04 10:02:09,750 [INFO] Scheduler has been shut down
2025-11-04 10:02:09,750 [DEBUG] Looking for jobs to run
2025-11-04 10:02:09,751 [DEBUG] No jobs; waiting until a job is added
2025-11-04 10:02:11,166 [INFO] Stripe API initialized successfully.
2025-11-04 10:02:11,262 [DEBUG] /etc/localtime found
2025-11-04 10:02:11,264 [DEBUG] 1 found:
 {'/etc/localtime is a symlink to': 'Europe/London'}
2025-11-04 10:02:11,291 [INFO] Scheduler started
2025-11-04 10:02:11,291 [DEBUG] Looking for jobs to run
2025-11-04 10:02:11,291 [DEBUG] No jobs; waiting until a job is added
2025-11-04 10:02:14,519 [INFO] Dashboard info requested by user_id=81e78254-85dc-464c-8aa4-455f9d9d47eb
2025-11-04 10:02:14,519 [DEBUG] Incoming dashboard params: date_time=2025-11-04, client_id=, pet_id=
2025-11-04 10:02:14,562 [INFO] message='Request to Stripe api' method=get url=https://api.stripe.com/v1/subscriptions/sub_1OkVEMIdMMgqrK9P9nLNiDAM
2025-11-04 10:02:14,563 [DEBUG] api_version=2025-07-30.basil message='Post details' post_data=
2025-11-04 10:02:14,564 [DEBUG] Starting new HTTPS connection (1): api.stripe.com:443
2025-11-04 10:02:14,943 [DEBUG] https://api.stripe.com:443 "GET /v1/subscriptions/sub_1OkVEMIdMMgqrK9P9nLNiDAM HTTP/1.1" 200 4591
2025-11-04 10:02:14,943 [INFO] message='Stripe API response' path=https://api.stripe.com/v1/subscriptions/sub_1OkVEMIdMMgqrK9P9nLNiDAM response_code=200
2025-11-04 10:02:14,944 [DEBUG] body='{\n  "id": "sub_1OkVEMIdMMgqrK9P9nLNiDAM",\n  "object": "subscription",\n  "application": null,\n  "application_fee_percent": null,\n  "automatic_tax": {\n    "disabled_reason": null,\n    "enabled": true,\n    "liability": {\n      "type": "self"\n    }\n  },\n  "billing_cycle_anchor": 1708104586,\n  "billing_cycle_anchor_config": null,\n  "billing_mode": {\n    "flexible": null,\n    "type": "classic"\n  },\n  "billing_thresholds": null,\n  "cancel_at": null,\n  "cancel_at_period_end": false,\n  "canceled_at": null,\n  "cancellation_details": {\n    "comment": null,\n    "feedback": null,\n    "reason": null\n  },\n  "collection_method": "charge_automatically",\n  "created": 1708104586,\n  "currency": "gbp",\n  "customer": "cus_PZeX087WaJnC29",\n  "days_until_due": null,\n  "default_payment_method": "pm_1OkVELIdMMgqrK9PablGoWGz",\n  "default_source": null,\n  "default_tax_rates": [],\n  "description": null,\n  "discounts": [],\n  "ended_at": null,\n  "invoice_settings": {\n    "account_tax_ids": null,\n    "issuer": {\n      "type": "self"\n    }\n  },\n  "items": {\n    "object": "list",\n    "data": [\n      {\n        "id": "si_PZeXwKEBXVmNMh",\n        "object": "subscription_item",\n        "billing_thresholds": null,\n        "created": 1708104586,\n        "current_period_end": 1763314186,\n        "current_period_start": 1760635786,\n        "discounts": [],\n        "metadata": {},\n        "plan": {\n          "id": "price_1MYVUbIdMMgqrK9PkNLjlrOZ",\n          "object": "plan",\n          "active": true,\n          "amount": 3000,\n          "amount_decimal": "3000",\n          "billing_scheme": "per_unit",\n          "created": 1675692985,\n          "currency": "gbp",\n          "interval": "month",\n          "interval_count": 1,\n          "livemode": true,\n          "metadata": {},\n          "meter": null,\n          "nickname": null,\n          "product": "prod_NJ7kpOY8DpuKOu",\n          "tiers_mode": null,\n          "transform_usage": null,\n          "trial_period_days": null,\n          "usage_type": "licensed"\n        },\n        "price": {\n          "id": "price_1MYVUbIdMMgqrK9PkNLjlrOZ",\n          "object": "price",\n          "active": true,\n          "billing_scheme": "per_unit",\n          "created": 1675692985,\n          "currency": "gbp",\n          "custom_unit_amount": null,\n          "livemode": true,\n          "lookup_key": null,\n          "metadata": {},\n          "nickname": null,\n          "product": "prod_NJ7kpOY8DpuKOu",\n          "recurring": {\n            "interval": "month",\n            "interval_count": 1,\n            "meter": null,\n            "trial_period_days": null,\n            "usage_type": "licensed"\n          },\n          "tax_behavior": "inclusive",\n          "tiers_mode": null,\n          "transform_quantity": null,\n          "type": "recurring",\n          "unit_amount": 3000,\n          "unit_amount_decimal": "3000"\n        },\n        "quantity": 1,\n        "subscription": "sub_1OkVEMIdMMgqrK9P9nLNiDAM",\n        "tax_rates": []\n      }\n    ],\n    "has_more": false,\n    "total_count": 1,\n    "url": "/v1/subscription_items?subscription=sub_1OkVEMIdMMgqrK9P9nLNiDAM"\n  },\n  "latest_invoice": "in_1SIv0bIdMMgqrK9PzyoKSijk",\n  "livemode": true,\n  "metadata": {},\n  "next_pending_invoice_item_invoice": null,\n  "on_behalf_of": null,\n  "pause_collection": null,\n  "payment_settings": {\n    "payment_method_options": {\n      "acss_debit": null,\n      "bancontact": null,\n      "card": {\n        "network": null,\n        "request_three_d_secure": "automatic"\n      },\n      "customer_balance": null,\n      "konbini": null,\n      "sepa_debit": null,\n      "us_bank_account": null\n    },\n    "payment_method_types": null,\n    "save_default_payment_method": "off"\n  },\n  "pending_invoice_item_interval": null,\n  "pending_setup_intent": null,\n  "pending_update": null,\n  "plan": {\n    "id": "price_1MYVUbIdMMgqrK9PkNLjlrOZ",\n    "object": "plan",\n    "active": true,\n    "amount": 3000,\n    "amount_decimal": "3000",\n    "billing_scheme": "per_unit",\n    "created": 1675692985,\n    "currency": "gbp",\n    "interval": "month",\n    "interval_count": 1,\n    "livemode": true,\n    "metadata": {},\n    "meter": null,\n    "nickname": null,\n    "product": "prod_NJ7kpOY8DpuKOu",\n    "tiers_mode": null,\n    "transform_usage": null,\n    "trial_period_days": null,\n    "usage_type": "licensed"\n  },\n  "quantity": 1,\n  "schedule": null,\n  "start_date": 1708104586,\n  "status": "active",\n  "test_clock": null,\n  "transfer_data": null,\n  "trial_end": null,\n  "trial_settings": {\n    "end_behavior": {\n      "missing_payment_method": "create_invoice"\n    }\n  },\n  "trial_start": null\n}' message='API response body'
2025-11-04 10:02:14,944 [DEBUG] link=https://dashboard.stripe.com/live/logs/req_YkMuS97gwVLt5Y message='Dashboard link for request'
2025-11-04 10:02:14,966 [DEBUG] Business logo encoded successfully.
2025-11-04 10:02:14,973 [DEBUG] Excluded recurring IDs for date 2025-11-04: set()
2025-11-04 10:02:14,973 [DEBUG] Executing dashboard base query with params: {'date_only': datetime.date(2025, 11, 4), 'date_only_ts': datetime.datetime(2025, 11, 4, 0, 0), 'business_id': '79581f88-5042-43d0-9594-ba81e70130b0', 'client_id': '', 'pet_id': ''}
2025-11-04 10:02:15,084 [DEBUG] Dashboard query returned 2 rows before filtering.
2025-11-04 10:02:15,085 [DEBUG] Filtered results: 2 remaining after exclusions.
2025-11-04 10:02:15,088 [DEBUG] Loaded 0 notifications for business 79581f88-5042-43d0-9594-ba81e70130b0
2025-11-04 10:02:15,088 [INFO] Dashboard info built successfully for user 81e78254-85dc-464c-8aa4-455f9d9d47eb
2025-11-04 10:02:15,101 [DEBUG] Assets sync request received
2025-11-04 10:02:15,101 [DEBUG] Client hash: {'hash': '23c811a5e489f479791a0f8c71237ae7346c24a1510357fe947d7b77d6c30577'}
2025-11-04 10:02:15,106 [DEBUG] Current assets hash: 23c811a5e489f479791a0f8c71237ae7346c24a1510357fe947d7b77d6c30577
2025-11-04 10:02:15,107 [DEBUG] Missing avatars: 0
2025-11-04 10:02:16,440 [INFO] load_clients_for_business started
2025-11-04 10:02:16,440 [DEBUG] load_clients_for_business: user_id=81e78254-85dc-464c-8aa4-455f9d9d47eb
2025-11-04 10:02:16,441 [INFO] message='Request to Stripe api' method=get url=https://api.stripe.com/v1/subscriptions/sub_1OkVEMIdMMgqrK9P9nLNiDAM
2025-11-04 10:02:16,441 [DEBUG] api_version=2025-07-30.basil message='Post details' post_data=
2025-11-04 10:02:16,691 [DEBUG] https://api.stripe.com:443 "GET /v1/subscriptions/sub_1OkVEMIdMMgqrK9P9nLNiDAM HTTP/1.1" 200 4591
2025-11-04 10:02:16,691 [INFO] message='Stripe API response' path=https://api.stripe.com/v1/subscriptions/sub_1OkVEMIdMMgqrK9P9nLNiDAM response_code=200
2025-11-04 10:02:16,691 [DEBUG] body='{\n  "id": "sub_1OkVEMIdMMgqrK9P9nLNiDAM",\n  "object": "subscription",\n  "application": null,\n  "application_fee_percent": null,\n  "automatic_tax": {\n    "disabled_reason": null,\n    "enabled": true,\n    "liability": {\n      "type": "self"\n    }\n  },\n  "billing_cycle_anchor": 1708104586,\n  "billing_cycle_anchor_config": null,\n  "billing_mode": {\n    "flexible": null,\n    "type": "classic"\n  },\n  "billing_thresholds": null,\n  "cancel_at": null,\n  "cancel_at_period_end": false,\n  "canceled_at": null,\n  "cancellation_details": {\n    "comment": null,\n    "feedback": null,\n    "reason": null\n  },\n  "collection_method": "charge_automatically",\n  "created": 1708104586,\n  "currency": "gbp",\n  "customer": "cus_PZeX087WaJnC29",\n  "days_until_due": null,\n  "default_payment_method": "pm_1OkVELIdMMgqrK9PablGoWGz",\n  "default_source": null,\n  "default_tax_rates": [],\n  "description": null,\n  "discounts": [],\n  "ended_at": null,\n  "invoice_settings": {\n    "account_tax_ids": null,\n    "issuer": {\n      "type": "self"\n    }\n  },\n  "items": {\n    "object": "list",\n    "data": [\n      {\n        "id": "si_PZeXwKEBXVmNMh",\n        "object": "subscription_item",\n        "billing_thresholds": null,\n        "created": 1708104586,\n        "current_period_end": 1763314186,\n        "current_period_start": 1760635786,\n        "discounts": [],\n        "metadata": {},\n        "plan": {\n          "id": "price_1MYVUbIdMMgqrK9PkNLjlrOZ",\n          "object": "plan",\n          "active": true,\n          "amount": 3000,\n          "amount_decimal": "3000",\n          "billing_scheme": "per_unit",\n          "created": 1675692985,\n          "currency": "gbp",\n          "interval": "month",\n          "interval_count": 1,\n          "livemode": true,\n          "metadata": {},\n          "meter": null,\n          "nickname": null,\n          "product": "prod_NJ7kpOY8DpuKOu",\n          "tiers_mode": null,\n          "transform_usage": null,\n          "trial_period_days": null,\n          "usage_type": "licensed"\n        },\n        "price": {\n          "id": "price_1MYVUbIdMMgqrK9PkNLjlrOZ",\n          "object": "price",\n          "active": true,\n          "billing_scheme": "per_unit",\n          "created": 1675692985,\n          "currency": "gbp",\n          "custom_unit_amount": null,\n          "livemode": true,\n          "lookup_key": null,\n          "metadata": {},\n          "nickname": null,\n          "product": "prod_NJ7kpOY8DpuKOu",\n          "recurring": {\n            "interval": "month",\n            "interval_count": 1,\n            "meter": null,\n            "trial_period_days": null,\n            "usage_type": "licensed"\n          },\n          "tax_behavior": "inclusive",\n          "tiers_mode": null,\n          "transform_quantity": null,\n          "type": "recurring",\n          "unit_amount": 3000,\n          "unit_amount_decimal": "3000"\n        },\n        "quantity": 1,\n        "subscription": "sub_1OkVEMIdMMgqrK9P9nLNiDAM",\n        "tax_rates": []\n      }\n    ],\n    "has_more": false,\n    "total_count": 1,\n    "url": "/v1/subscription_items?subscription=sub_1OkVEMIdMMgqrK9P9nLNiDAM"\n  },\n  "latest_invoice": "in_1SIv0bIdMMgqrK9PzyoKSijk",\n  "livemode": true,\n  "metadata": {},\n  "next_pending_invoice_item_invoice": null,\n  "on_behalf_of": null,\n  "pause_collection": null,\n  "payment_settings": {\n    "payment_method_options": {\n      "acss_debit": null,\n      "bancontact": null,\n      "card": {\n        "network": null,\n        "request_three_d_secure": "automatic"\n      },\n      "customer_balance": null,\n      "konbini": null,\n      "sepa_debit": null,\n      "us_bank_account": null\n    },\n    "payment_method_types": null,\n    "save_default_payment_method": "off"\n  },\n  "pending_invoice_item_interval": null,\n  "pending_setup_intent": null,\n  "pending_update": null,\n  "plan": {\n    "id": "price_1MYVUbIdMMgqrK9PkNLjlrOZ",\n    "object": "plan",\n    "active": true,\n    "amount": 3000,\n    "amount_decimal": "3000",\n    "billing_scheme": "per_unit",\n    "created": 1675692985,\n    "currency": "gbp",\n    "interval": "month",\n    "interval_count": 1,\n    "livemode": true,\n    "metadata": {},\n    "meter": null,\n    "nickname": null,\n    "product": "prod_NJ7kpOY8DpuKOu",\n    "tiers_mode": null,\n    "transform_usage": null,\n    "trial_period_days": null,\n    "usage_type": "licensed"\n  },\n  "quantity": 1,\n  "schedule": null,\n  "start_date": 1708104586,\n  "status": "active",\n  "test_clock": null,\n  "transfer_data": null,\n  "trial_end": null,\n  "trial_settings": {\n    "end_behavior": {\n      "missing_payment_method": "create_invoice"\n    }\n  },\n  "trial_start": null\n}' message='API response body'
2025-11-04 10:02:16,691 [DEBUG] link=https://dashboard.stripe.com/live/logs/req_mtmiHcfHtKrfyL message='Dashboard link for request'
2025-11-04 10:02:16,701 [DEBUG] Active clients fetched: 5 for business_id=79581f88-5042-43d0-9594-ba81e70130b0
2025-11-04 10:02:16,703 [DEBUG] Archived clients fetched: 0 for business_id=79581f88-5042-43d0-9594-ba81e70130b0
2025-11-04 10:02:16,703 [INFO] load_clients_for_business completed in 262.84 ms
2025-11-04 10:02:26,281 [INFO] create_client_profile started
2025-11-04 10:02:26,281 [DEBUG] create_client_profile payload keys=['firstname', 'lastname', 'email', 'phone', 'address1', 'address2', 'address3', 'address4', 'postcode', 'avatar']
2025-11-04 10:02:26,403 [INFO] create_client_profile: client created id=8b1e4c7a-bfdd-4acd-89b6-48d61a1e448c
2025-11-04 10:02:26,405 [INFO] create_client_profile completed in 123.07 ms
2025-11-04 10:02:26,468 [INFO] load_clients_for_business started
2025-11-04 10:02:26,468 [DEBUG] load_clients_for_business: user_id=81e78254-85dc-464c-8aa4-455f9d9d47eb
2025-11-04 10:02:26,469 [INFO] message='Request to Stripe api' method=get url=https://api.stripe.com/v1/subscriptions/sub_1OkVEMIdMMgqrK9P9nLNiDAM
2025-11-04 10:02:26,469 [DEBUG] api_version=2025-07-30.basil message='Post details' post_data=
2025-11-04 10:02:26,789 [DEBUG] https://api.stripe.com:443 "GET /v1/subscriptions/sub_1OkVEMIdMMgqrK9P9nLNiDAM HTTP/1.1" 200 4591
2025-11-04 10:02:26,789 [INFO] message='Stripe API response' path=https://api.stripe.com/v1/subscriptions/sub_1OkVEMIdMMgqrK9P9nLNiDAM response_code=200
2025-11-04 10:02:26,789 [DEBUG] body='{\n  "id": "sub_1OkVEMIdMMgqrK9P9nLNiDAM",\n  "object": "subscription",\n  "application": null,\n  "application_fee_percent": null,\n  "automatic_tax": {\n    "disabled_reason": null,\n    "enabled": true,\n    "liability": {\n      "type": "self"\n    }\n  },\n  "billing_cycle_anchor": 1708104586,\n  "billing_cycle_anchor_config": null,\n  "billing_mode": {\n    "flexible": null,\n    "type": "classic"\n  },\n  "billing_thresholds": null,\n  "cancel_at": null,\n  "cancel_at_period_end": false,\n  "canceled_at": null,\n  "cancellation_details": {\n    "comment": null,\n    "feedback": null,\n    "reason": null\n  },\n  "collection_method": "charge_automatically",\n  "created": 1708104586,\n  "currency": "gbp",\n  "customer": "cus_PZeX087WaJnC29",\n  "days_until_due": null,\n  "default_payment_method": "pm_1OkVELIdMMgqrK9PablGoWGz",\n  "default_source": null,\n  "default_tax_rates": [],\n  "description": null,\n  "discounts": [],\n  "ended_at": null,\n  "invoice_settings": {\n    "account_tax_ids": null,\n    "issuer": {\n      "type": "self"\n    }\n  },\n  "items": {\n    "object": "list",\n    "data": [\n      {\n        "id": "si_PZeXwKEBXVmNMh",\n        "object": "subscription_item",\n        "billing_thresholds": null,\n        "created": 1708104586,\n        "current_period_end": 1763314186,\n        "current_period_start": 1760635786,\n        "discounts": [],\n        "metadata": {},\n        "plan": {\n          "id": "price_1MYVUbIdMMgqrK9PkNLjlrOZ",\n          "object": "plan",\n          "active": true,\n          "amount": 3000,\n          "amount_decimal": "3000",\n          "billing_scheme": "per_unit",\n          "created": 1675692985,\n          "currency": "gbp",\n          "interval": "month",\n          "interval_count": 1,\n          "livemode": true,\n          "metadata": {},\n          "meter": null,\n          "nickname": null,\n          "product": "prod_NJ7kpOY8DpuKOu",\n          "tiers_mode": null,\n          "transform_usage": null,\n          "trial_period_days": null,\n          "usage_type": "licensed"\n        },\n        "price": {\n          "id": "price_1MYVUbIdMMgqrK9PkNLjlrOZ",\n          "object": "price",\n          "active": true,\n          "billing_scheme": "per_unit",\n          "created": 1675692985,\n          "currency": "gbp",\n          "custom_unit_amount": null,\n          "livemode": true,\n          "lookup_key": null,\n          "metadata": {},\n          "nickname": null,\n          "product": "prod_NJ7kpOY8DpuKOu",\n          "recurring": {\n            "interval": "month",\n            "interval_count": 1,\n            "meter": null,\n            "trial_period_days": null,\n            "usage_type": "licensed"\n          },\n          "tax_behavior": "inclusive",\n          "tiers_mode": null,\n          "transform_quantity": null,\n          "type": "recurring",\n          "unit_amount": 3000,\n          "unit_amount_decimal": "3000"\n        },\n        "quantity": 1,\n        "subscription": "sub_1OkVEMIdMMgqrK9P9nLNiDAM",\n        "tax_rates": []\n      }\n    ],\n    "has_more": false,\n    "total_count": 1,\n    "url": "/v1/subscription_items?subscription=sub_1OkVEMIdMMgqrK9P9nLNiDAM"\n  },\n  "latest_invoice": "in_1SIv0bIdMMgqrK9PzyoKSijk",\n  "livemode": true,\n  "metadata": {},\n  "next_pending_invoice_item_invoice": null,\n  "on_behalf_of": null,\n  "pause_collection": null,\n  "payment_settings": {\n    "payment_method_options": {\n      "acss_debit": null,\n      "bancontact": null,\n      "card": {\n        "network": null,\n        "request_three_d_secure": "automatic"\n      },\n      "customer_balance": null,\n      "konbini": null,\n      "sepa_debit": null,\n      "us_bank_account": null\n    },\n    "payment_method_types": null,\n    "save_default_payment_method": "off"\n  },\n  "pending_invoice_item_interval": null,\n  "pending_setup_intent": null,\n  "pending_update": null,\n  "plan": {\n    "id": "price_1MYVUbIdMMgqrK9PkNLjlrOZ",\n    "object": "plan",\n    "active": true,\n    "amount": 3000,\n    "amount_decimal": "3000",\n    "billing_scheme": "per_unit",\n    "created": 1675692985,\n    "currency": "gbp",\n    "interval": "month",\n    "interval_count": 1,\n    "livemode": true,\n    "metadata": {},\n    "meter": null,\n    "nickname": null,\n    "product": "prod_NJ7kpOY8DpuKOu",\n    "tiers_mode": null,\n    "transform_usage": null,\n    "trial_period_days": null,\n    "usage_type": "licensed"\n  },\n  "quantity": 1,\n  "schedule": null,\n  "start_date": 1708104586,\n  "status": "active",\n  "test_clock": null,\n  "transfer_data": null,\n  "trial_end": null,\n  "trial_settings": {\n    "end_behavior": {\n      "missing_payment_method": "create_invoice"\n    }\n  },\n  "trial_start": null\n}' message='API response body'
2025-11-04 10:02:26,789 [DEBUG] link=https://dashboard.stripe.com/live/logs/req_weVIOjNXbzRPpj message='Dashboard link for request'
2025-11-04 10:02:26,796 [DEBUG] Active clients fetched: 6 for business_id=79581f88-5042-43d0-9594-ba81e70130b0
2025-11-04 10:02:26,797 [DEBUG] Archived clients fetched: 0 for business_id=79581f88-5042-43d0-9594-ba81e70130b0
2025-11-04 10:02:26,797 [INFO] load_clients_for_business completed in 329.64 ms
2025-11-04 10:02:28,412 [INFO] load_full_client_profile started
2025-11-04 10:02:28,412 [DEBUG] load_full_client_profile payload keys=['client_id']
2025-11-04 10:02:28,417 [DEBUG] Pets rows fetched: 0 for client_id=8b1e4c7a-bfdd-4acd-89b6-48d61a1e448c
2025-11-04 10:02:28,417 [INFO] load_full_client_profile completed in 4.91 ms
2025-11-04 10:02:29,707 [INFO] load_clients_for_business started
2025-11-04 10:02:29,707 [DEBUG] load_clients_for_business: user_id=81e78254-85dc-464c-8aa4-455f9d9d47eb
2025-11-04 10:02:29,709 [INFO] message='Request to Stripe api' method=get url=https://api.stripe.com/v1/subscriptions/sub_1OkVEMIdMMgqrK9P9nLNiDAM
2025-11-04 10:02:29,709 [DEBUG] api_version=2025-07-30.basil message='Post details' post_data=
2025-11-04 10:02:29,942 [DEBUG] https://api.stripe.com:443 "GET /v1/subscriptions/sub_1OkVEMIdMMgqrK9P9nLNiDAM HTTP/1.1" 200 4591
2025-11-04 10:02:29,943 [INFO] message='Stripe API response' path=https://api.stripe.com/v1/subscriptions/sub_1OkVEMIdMMgqrK9P9nLNiDAM response_code=200
2025-11-04 10:02:29,943 [DEBUG] body='{\n  "id": "sub_1OkVEMIdMMgqrK9P9nLNiDAM",\n  "object": "subscription",\n  "application": null,\n  "application_fee_percent": null,\n  "automatic_tax": {\n    "disabled_reason": null,\n    "enabled": true,\n    "liability": {\n      "type": "self"\n    }\n  },\n  "billing_cycle_anchor": 1708104586,\n  "billing_cycle_anchor_config": null,\n  "billing_mode": {\n    "flexible": null,\n    "type": "classic"\n  },\n  "billing_thresholds": null,\n  "cancel_at": null,\n  "cancel_at_period_end": false,\n  "canceled_at": null,\n  "cancellation_details": {\n    "comment": null,\n    "feedback": null,\n    "reason": null\n  },\n  "collection_method": "charge_automatically",\n  "created": 1708104586,\n  "currency": "gbp",\n  "customer": "cus_PZeX087WaJnC29",\n  "days_until_due": null,\n  "default_payment_method": "pm_1OkVELIdMMgqrK9PablGoWGz",\n  "default_source": null,\n  "default_tax_rates": [],\n  "description": null,\n  "discounts": [],\n  "ended_at": null,\n  "invoice_settings": {\n    "account_tax_ids": null,\n    "issuer": {\n      "type": "self"\n    }\n  },\n  "items": {\n    "object": "list",\n    "data": [\n      {\n        "id": "si_PZeXwKEBXVmNMh",\n        "object": "subscription_item",\n        "billing_thresholds": null,\n        "created": 1708104586,\n        "current_period_end": 1763314186,\n        "current_period_start": 1760635786,\n        "discounts": [],\n        "metadata": {},\n        "plan": {\n          "id": "price_1MYVUbIdMMgqrK9PkNLjlrOZ",\n          "object": "plan",\n          "active": true,\n          "amount": 3000,\n          "amount_decimal": "3000",\n          "billing_scheme": "per_unit",\n          "created": 1675692985,\n          "currency": "gbp",\n          "interval": "month",\n          "interval_count": 1,\n          "livemode": true,\n          "metadata": {},\n          "meter": null,\n          "nickname": null,\n          "product": "prod_NJ7kpOY8DpuKOu",\n          "tiers_mode": null,\n          "transform_usage": null,\n          "trial_period_days": null,\n          "usage_type": "licensed"\n        },\n        "price": {\n          "id": "price_1MYVUbIdMMgqrK9PkNLjlrOZ",\n          "object": "price",\n          "active": true,\n          "billing_scheme": "per_unit",\n          "created": 1675692985,\n          "currency": "gbp",\n          "custom_unit_amount": null,\n          "livemode": true,\n          "lookup_key": null,\n          "metadata": {},\n          "nickname": null,\n          "product": "prod_NJ7kpOY8DpuKOu",\n          "recurring": {\n            "interval": "month",\n            "interval_count": 1,\n            "meter": null,\n            "trial_period_days": null,\n            "usage_type": "licensed"\n          },\n          "tax_behavior": "inclusive",\n          "tiers_mode": null,\n          "transform_quantity": null,\n          "type": "recurring",\n          "unit_amount": 3000,\n          "unit_amount_decimal": "3000"\n        },\n        "quantity": 1,\n        "subscription": "sub_1OkVEMIdMMgqrK9P9nLNiDAM",\n        "tax_rates": []\n      }\n    ],\n    "has_more": false,\n    "total_count": 1,\n    "url": "/v1/subscription_items?subscription=sub_1OkVEMIdMMgqrK9P9nLNiDAM"\n  },\n  "latest_invoice": "in_1SIv0bIdMMgqrK9PzyoKSijk",\n  "livemode": true,\n  "metadata": {},\n  "next_pending_invoice_item_invoice": null,\n  "on_behalf_of": null,\n  "pause_collection": null,\n  "payment_settings": {\n    "payment_method_options": {\n      "acss_debit": null,\n      "bancontact": null,\n      "card": {\n        "network": null,\n        "request_three_d_secure": "automatic"\n      },\n      "customer_balance": null,\n      "konbini": null,\n      "sepa_debit": null,\n      "us_bank_account": null\n    },\n    "payment_method_types": null,\n    "save_default_payment_method": "off"\n  },\n  "pending_invoice_item_interval": null,\n  "pending_setup_intent": null,\n  "pending_update": null,\n  "plan": {\n    "id": "price_1MYVUbIdMMgqrK9PkNLjlrOZ",\n    "object": "plan",\n    "active": true,\n    "amount": 3000,\n    "amount_decimal": "3000",\n    "billing_scheme": "per_unit",\n    "created": 1675692985,\n    "currency": "gbp",\n    "interval": "month",\n    "interval_count": 1,\n    "livemode": true,\n    "metadata": {},\n    "meter": null,\n    "nickname": null,\n    "product": "prod_NJ7kpOY8DpuKOu",\n    "tiers_mode": null,\n    "transform_usage": null,\n    "trial_period_days": null,\n    "usage_type": "licensed"\n  },\n  "quantity": 1,\n  "schedule": null,\n  "start_date": 1708104586,\n  "status": "active",\n  "test_clock": null,\n  "transfer_data": null,\n  "trial_end": null,\n  "trial_settings": {\n    "end_behavior": {\n      "missing_payment_method": "create_invoice"\n    }\n  },\n  "trial_start": null\n}' message='API response body'
2025-11-04 10:02:29,943 [DEBUG] link=https://dashboard.stripe.com/live/logs/req_pALDaFGW0gUnJ3 message='Dashboard link for request'
2025-11-04 10:02:29,968 [DEBUG] Active clients fetched: 6 for business_id=79581f88-5042-43d0-9594-ba81e70130b0
2025-11-04 10:02:29,970 [DEBUG] Archived clients fetched: 0 for business_id=79581f88-5042-43d0-9594-ba81e70130b0
2025-11-04 10:02:29,970 [INFO] load_clients_for_business completed in 262.65 ms
2025-11-04 10:02:39,673 [INFO] load_clients_for_business started
2025-11-04 10:02:39,673 [DEBUG] load_clients_for_business: user_id=81e78254-85dc-464c-8aa4-455f9d9d47eb
2025-11-04 10:02:39,675 [INFO] message='Request to Stripe api' method=get url=https://api.stripe.com/v1/subscriptions/sub_1OkVEMIdMMgqrK9P9nLNiDAM
2025-11-04 10:02:39,675 [DEBUG] api_version=2025-07-30.basil message='Post details' post_data=
2025-11-04 10:02:39,917 [DEBUG] https://api.stripe.com:443 "GET /v1/subscriptions/sub_1OkVEMIdMMgqrK9P9nLNiDAM HTTP/1.1" 200 4591
2025-11-04 10:02:39,917 [INFO] message='Stripe API response' path=https://api.stripe.com/v1/subscriptions/sub_1OkVEMIdMMgqrK9P9nLNiDAM response_code=200
2025-11-04 10:02:39,917 [DEBUG] body='{\n  "id": "sub_1OkVEMIdMMgqrK9P9nLNiDAM",\n  "object": "subscription",\n  "application": null,\n  "application_fee_percent": null,\n  "automatic_tax": {\n    "disabled_reason": null,\n    "enabled": true,\n    "liability": {\n      "type": "self"\n    }\n  },\n  "billing_cycle_anchor": 1708104586,\n  "billing_cycle_anchor_config": null,\n  "billing_mode": {\n    "flexible": null,\n    "type": "classic"\n  },\n  "billing_thresholds": null,\n  "cancel_at": null,\n  "cancel_at_period_end": false,\n  "canceled_at": null,\n  "cancellation_details": {\n    "comment": null,\n    "feedback": null,\n    "reason": null\n  },\n  "collection_method": "charge_automatically",\n  "created": 1708104586,\n  "currency": "gbp",\n  "customer": "cus_PZeX087WaJnC29",\n  "days_until_due": null,\n  "default_payment_method": "pm_1OkVELIdMMgqrK9PablGoWGz",\n  "default_source": null,\n  "default_tax_rates": [],\n  "description": null,\n  "discounts": [],\n  "ended_at": null,\n  "invoice_settings": {\n    "account_tax_ids": null,\n    "issuer": {\n      "type": "self"\n    }\n  },\n  "items": {\n    "object": "list",\n    "data": [\n      {\n        "id": "si_PZeXwKEBXVmNMh",\n        "object": "subscription_item",\n        "billing_thresholds": null,\n        "created": 1708104586,\n        "current_period_end": 1763314186,\n        "current_period_start": 1760635786,\n        "discounts": [],\n        "metadata": {},\n        "plan": {\n          "id": "price_1MYVUbIdMMgqrK9PkNLjlrOZ",\n          "object": "plan",\n          "active": true,\n          "amount": 3000,\n          "amount_decimal": "3000",\n          "billing_scheme": "per_unit",\n          "created": 1675692985,\n          "currency": "gbp",\n          "interval": "month",\n          "interval_count": 1,\n          "livemode": true,\n          "metadata": {},\n          "meter": null,\n          "nickname": null,\n          "product": "prod_NJ7kpOY8DpuKOu",\n          "tiers_mode": null,\n          "transform_usage": null,\n          "trial_period_days": null,\n          "usage_type": "licensed"\n        },\n        "price": {\n          "id": "price_1MYVUbIdMMgqrK9PkNLjlrOZ",\n          "object": "price",\n          "active": true,\n          "billing_scheme": "per_unit",\n          "created": 1675692985,\n          "currency": "gbp",\n          "custom_unit_amount": null,\n          "livemode": true,\n          "lookup_key": null,\n          "metadata": {},\n          "nickname": null,\n          "product": "prod_NJ7kpOY8DpuKOu",\n          "recurring": {\n            "interval": "month",\n            "interval_count": 1,\n            "meter": null,\n            "trial_period_days": null,\n            "usage_type": "licensed"\n          },\n          "tax_behavior": "inclusive",\n          "tiers_mode": null,\n          "transform_quantity": null,\n          "type": "recurring",\n          "unit_amount": 3000,\n          "unit_amount_decimal": "3000"\n        },\n        "quantity": 1,\n        "subscription": "sub_1OkVEMIdMMgqrK9P9nLNiDAM",\n        "tax_rates": []\n      }\n    ],\n    "has_more": false,\n    "total_count": 1,\n    "url": "/v1/subscription_items?subscription=sub_1OkVEMIdMMgqrK9P9nLNiDAM"\n  },\n  "latest_invoice": "in_1SIv0bIdMMgqrK9PzyoKSijk",\n  "livemode": true,\n  "metadata": {},\n  "next_pending_invoice_item_invoice": null,\n  "on_behalf_of": null,\n  "pause_collection": null,\n  "payment_settings": {\n    "payment_method_options": {\n      "acss_debit": null,\n      "bancontact": null,\n      "card": {\n        "network": null,\n        "request_three_d_secure": "automatic"\n      },\n      "customer_balance": null,\n      "konbini": null,\n      "sepa_debit": null,\n      "us_bank_account": null\n    },\n    "payment_method_types": null,\n    "save_default_payment_method": "off"\n  },\n  "pending_invoice_item_interval": null,\n  "pending_setup_intent": null,\n  "pending_update": null,\n  "plan": {\n    "id": "price_1MYVUbIdMMgqrK9PkNLjlrOZ",\n    "object": "plan",\n    "active": true,\n    "amount": 3000,\n    "amount_decimal": "3000",\n    "billing_scheme": "per_unit",\n    "created": 1675692985,\n    "currency": "gbp",\n    "interval": "month",\n    "interval_count": 1,\n    "livemode": true,\n    "metadata": {},\n    "meter": null,\n    "nickname": null,\n    "product": "prod_NJ7kpOY8DpuKOu",\n    "tiers_mode": null,\n    "transform_usage": null,\n    "trial_period_days": null,\n    "usage_type": "licensed"\n  },\n  "quantity": 1,\n  "schedule": null,\n  "start_date": 1708104586,\n  "status": "active",\n  "test_clock": null,\n  "transfer_data": null,\n  "trial_end": null,\n  "trial_settings": {\n    "end_behavior": {\n      "missing_payment_method": "create_invoice"\n    }\n  },\n  "trial_start": null\n}' message='API response body'
2025-11-04 10:02:39,918 [DEBUG] link=https://dashboard.stripe.com/live/logs/req_M5HqglZb4fSFm6 message='Dashboard link for request'
2025-11-04 10:02:39,933 [DEBUG] Active clients fetched: 6 for business_id=79581f88-5042-43d0-9594-ba81e70130b0
2025-11-04 10:02:39,935 [DEBUG] Archived clients fetched: 0 for business_id=79581f88-5042-43d0-9594-ba81e70130b0
2025-11-04 10:02:39,936 [INFO] load_clients_for_business completed in 262.10 ms
2025-11-04 10:02:44,918 [INFO] message='Request to Stripe api' method=get url=https://api.stripe.com/v1/subscriptions/sub_1OkVEMIdMMgqrK9P9nLNiDAM
2025-11-04 10:02:44,918 [DEBUG] api_version=2025-07-30.basil message='Post details' post_data=
2025-11-04 10:02:45,219 [DEBUG] https://api.stripe.com:443 "GET /v1/subscriptions/sub_1OkVEMIdMMgqrK9P9nLNiDAM HTTP/1.1" 200 4591
2025-11-04 10:02:45,220 [INFO] message='Stripe API response' path=https://api.stripe.com/v1/subscriptions/sub_1OkVEMIdMMgqrK9P9nLNiDAM response_code=200
2025-11-04 10:02:45,220 [DEBUG] body='{\n  "id": "sub_1OkVEMIdMMgqrK9P9nLNiDAM",\n  "object": "subscription",\n  "application": null,\n  "application_fee_percent": null,\n  "automatic_tax": {\n    "disabled_reason": null,\n    "enabled": true,\n    "liability": {\n      "type": "self"\n    }\n  },\n  "billing_cycle_anchor": 1708104586,\n  "billing_cycle_anchor_config": null,\n  "billing_mode": {\n    "flexible": null,\n    "type": "classic"\n  },\n  "billing_thresholds": null,\n  "cancel_at": null,\n  "cancel_at_period_end": false,\n  "canceled_at": null,\n  "cancellation_details": {\n    "comment": null,\n    "feedback": null,\n    "reason": null\n  },\n  "collection_method": "charge_automatically",\n  "created": 1708104586,\n  "currency": "gbp",\n  "customer": "cus_PZeX087WaJnC29",\n  "days_until_due": null,\n  "default_payment_method": "pm_1OkVELIdMMgqrK9PablGoWGz",\n  "default_source": null,\n  "default_tax_rates": [],\n  "description": null,\n  "discounts": [],\n  "ended_at": null,\n  "invoice_settings": {\n    "account_tax_ids": null,\n    "issuer": {\n      "type": "self"\n    }\n  },\n  "items": {\n    "object": "list",\n    "data": [\n      {\n        "id": "si_PZeXwKEBXVmNMh",\n        "object": "subscription_item",\n        "billing_thresholds": null,\n        "created": 1708104586,\n        "current_period_end": 1763314186,\n        "current_period_start": 1760635786,\n        "discounts": [],\n        "metadata": {},\n        "plan": {\n          "id": "price_1MYVUbIdMMgqrK9PkNLjlrOZ",\n          "object": "plan",\n          "active": true,\n          "amount": 3000,\n          "amount_decimal": "3000",\n          "billing_scheme": "per_unit",\n          "created": 1675692985,\n          "currency": "gbp",\n          "interval": "month",\n          "interval_count": 1,\n          "livemode": true,\n          "metadata": {},\n          "meter": null,\n          "nickname": null,\n          "product": "prod_NJ7kpOY8DpuKOu",\n          "tiers_mode": null,\n          "transform_usage": null,\n          "trial_period_days": null,\n          "usage_type": "licensed"\n        },\n        "price": {\n          "id": "price_1MYVUbIdMMgqrK9PkNLjlrOZ",\n          "object": "price",\n          "active": true,\n          "billing_scheme": "per_unit",\n          "created": 1675692985,\n          "currency": "gbp",\n          "custom_unit_amount": null,\n          "livemode": true,\n          "lookup_key": null,\n          "metadata": {},\n          "nickname": null,\n          "product": "prod_NJ7kpOY8DpuKOu",\n          "recurring": {\n            "interval": "month",\n            "interval_count": 1,\n            "meter": null,\n            "trial_period_days": null,\n            "usage_type": "licensed"\n          },\n          "tax_behavior": "inclusive",\n          "tiers_mode": null,\n          "transform_quantity": null,\n          "type": "recurring",\n          "unit_amount": 3000,\n          "unit_amount_decimal": "3000"\n        },\n        "quantity": 1,\n        "subscription": "sub_1OkVEMIdMMgqrK9P9nLNiDAM",\n        "tax_rates": []\n      }\n    ],\n    "has_more": false,\n    "total_count": 1,\n    "url": "/v1/subscription_items?subscription=sub_1OkVEMIdMMgqrK9P9nLNiDAM"\n  },\n  "latest_invoice": "in_1SIv0bIdMMgqrK9PzyoKSijk",\n  "livemode": true,\n  "metadata": {},\n  "next_pending_invoice_item_invoice": null,\n  "on_behalf_of": null,\n  "pause_collection": null,\n  "payment_settings": {\n    "payment_method_options": {\n      "acss_debit": null,\n      "bancontact": null,\n      "card": {\n        "network": null,\n        "request_three_d_secure": "automatic"\n      },\n      "customer_balance": null,\n      "konbini": null,\n      "sepa_debit": null,\n      "us_bank_account": null\n    },\n    "payment_method_types": null,\n    "save_default_payment_method": "off"\n  },\n  "pending_invoice_item_interval": null,\n  "pending_setup_intent": null,\n  "pending_update": null,\n  "plan": {\n    "id": "price_1MYVUbIdMMgqrK9PkNLjlrOZ",\n    "object": "plan",\n    "active": true,\n    "amount": 3000,\n    "amount_decimal": "3000",\n    "billing_scheme": "per_unit",\n    "created": 1675692985,\n    "currency": "gbp",\n    "interval": "month",\n    "interval_count": 1,\n    "livemode": true,\n    "metadata": {},\n    "meter": null,\n    "nickname": null,\n    "product": "prod_NJ7kpOY8DpuKOu",\n    "tiers_mode": null,\n    "transform_usage": null,\n    "trial_period_days": null,\n    "usage_type": "licensed"\n  },\n  "quantity": 1,\n  "schedule": null,\n  "start_date": 1708104586,\n  "status": "active",\n  "test_clock": null,\n  "transfer_data": null,\n  "trial_end": null,\n  "trial_settings": {\n    "end_behavior": {\n      "missing_payment_method": "create_invoice"\n    }\n  },\n  "trial_start": null\n}' message='API response body'
2025-11-04 10:02:45,220 [DEBUG] link=https://dashboard.stripe.com/live/logs/req_fJdBAhc6zlYYzv message='Dashboard link for request'
2025-11-04 10:02:54,179 [INFO] load_clients_for_business started
2025-11-04 10:02:54,180 [DEBUG] load_clients_for_business: user_id=81e78254-85dc-464c-8aa4-455f9d9d47eb
2025-11-04 10:02:54,182 [INFO] message='Request to Stripe api' method=get url=https://api.stripe.com/v1/subscriptions/sub_1OkVEMIdMMgqrK9P9nLNiDAM
2025-11-04 10:02:54,182 [DEBUG] api_version=2025-07-30.basil message='Post details' post_data=
2025-11-04 10:02:54,423 [DEBUG] https://api.stripe.com:443 "GET /v1/subscriptions/sub_1OkVEMIdMMgqrK9P9nLNiDAM HTTP/1.1" 200 4591
2025-11-04 10:02:54,423 [INFO] message='Stripe API response' path=https://api.stripe.com/v1/subscriptions/sub_1OkVEMIdMMgqrK9P9nLNiDAM response_code=200
2025-11-04 10:02:54,424 [DEBUG] body='{\n  "id": "sub_1OkVEMIdMMgqrK9P9nLNiDAM",\n  "object": "subscription",\n  "application": null,\n  "application_fee_percent": null,\n  "automatic_tax": {\n    "disabled_reason": null,\n    "enabled": true,\n    "liability": {\n      "type": "self"\n    }\n  },\n  "billing_cycle_anchor": 1708104586,\n  "billing_cycle_anchor_config": null,\n  "billing_mode": {\n    "flexible": null,\n    "type": "classic"\n  },\n  "billing_thresholds": null,\n  "cancel_at": null,\n  "cancel_at_period_end": false,\n  "canceled_at": null,\n  "cancellation_details": {\n    "comment": null,\n    "feedback": null,\n    "reason": null\n  },\n  "collection_method": "charge_automatically",\n  "created": 1708104586,\n  "currency": "gbp",\n  "customer": "cus_PZeX087WaJnC29",\n  "days_until_due": null,\n  "default_payment_method": "pm_1OkVELIdMMgqrK9PablGoWGz",\n  "default_source": null,\n  "default_tax_rates": [],\n  "description": null,\n  "discounts": [],\n  "ended_at": null,\n  "invoice_settings": {\n    "account_tax_ids": null,\n    "issuer": {\n      "type": "self"\n    }\n  },\n  "items": {\n    "object": "list",\n    "data": [\n      {\n        "id": "si_PZeXwKEBXVmNMh",\n        "object": "subscription_item",\n        "billing_thresholds": null,\n        "created": 1708104586,\n        "current_period_end": 1763314186,\n        "current_period_start": 1760635786,\n        "discounts": [],\n        "metadata": {},\n        "plan": {\n          "id": "price_1MYVUbIdMMgqrK9PkNLjlrOZ",\n          "object": "plan",\n          "active": true,\n          "amount": 3000,\n          "amount_decimal": "3000",\n          "billing_scheme": "per_unit",\n          "created": 1675692985,\n          "currency": "gbp",\n          "interval": "month",\n          "interval_count": 1,\n          "livemode": true,\n          "metadata": {},\n          "meter": null,\n          "nickname": null,\n          "product": "prod_NJ7kpOY8DpuKOu",\n          "tiers_mode": null,\n          "transform_usage": null,\n          "trial_period_days": null,\n          "usage_type": "licensed"\n        },\n        "price": {\n          "id": "price_1MYVUbIdMMgqrK9PkNLjlrOZ",\n          "object": "price",\n          "active": true,\n          "billing_scheme": "per_unit",\n          "created": 1675692985,\n          "currency": "gbp",\n          "custom_unit_amount": null,\n          "livemode": true,\n          "lookup_key": null,\n          "metadata": {},\n          "nickname": null,\n          "product": "prod_NJ7kpOY8DpuKOu",\n          "recurring": {\n            "interval": "month",\n            "interval_count": 1,\n            "meter": null,\n            "trial_period_days": null,\n            "usage_type": "licensed"\n          },\n          "tax_behavior": "inclusive",\n          "tiers_mode": null,\n          "transform_quantity": null,\n          "type": "recurring",\n          "unit_amount": 3000,\n          "unit_amount_decimal": "3000"\n        },\n        "quantity": 1,\n        "subscription": "sub_1OkVEMIdMMgqrK9P9nLNiDAM",\n        "tax_rates": []\n      }\n    ],\n    "has_more": false,\n    "total_count": 1,\n    "url": "/v1/subscription_items?subscription=sub_1OkVEMIdMMgqrK9P9nLNiDAM"\n  },\n  "latest_invoice": "in_1SIv0bIdMMgqrK9PzyoKSijk",\n  "livemode": true,\n  "metadata": {},\n  "next_pending_invoice_item_invoice": null,\n  "on_behalf_of": null,\n  "pause_collection": null,\n  "payment_settings": {\n    "payment_method_options": {\n      "acss_debit": null,\n      "bancontact": null,\n      "card": {\n        "network": null,\n        "request_three_d_secure": "automatic"\n      },\n      "customer_balance": null,\n      "konbini": null,\n      "sepa_debit": null,\n      "us_bank_account": null\n    },\n    "payment_method_types": null,\n    "save_default_payment_method": "off"\n  },\n  "pending_invoice_item_interval": null,\n  "pending_setup_intent": null,\n  "pending_update": null,\n  "plan": {\n    "id": "price_1MYVUbIdMMgqrK9PkNLjlrOZ",\n    "object": "plan",\n    "active": true,\n    "amount": 3000,\n    "amount_decimal": "3000",\n    "billing_scheme": "per_unit",\n    "created": 1675692985,\n    "currency": "gbp",\n    "interval": "month",\n    "interval_count": 1,\n    "livemode": true,\n    "metadata": {},\n    "meter": null,\n    "nickname": null,\n    "product": "prod_NJ7kpOY8DpuKOu",\n    "tiers_mode": null,\n    "transform_usage": null,\n    "trial_period_days": null,\n    "usage_type": "licensed"\n  },\n  "quantity": 1,\n  "schedule": null,\n  "start_date": 1708104586,\n  "status": "active",\n  "test_clock": null,\n  "transfer_data": null,\n  "trial_end": null,\n  "trial_settings": {\n    "end_behavior": {\n      "missing_payment_method": "create_invoice"\n    }\n  },\n  "trial_start": null\n}' message='API response body'
2025-11-04 10:02:54,424 [DEBUG] link=https://dashboard.stripe.com/live/logs/req_GwxAoZU2p5ISBE message='Dashboard link for request'
2025-11-04 10:02:54,430 [DEBUG] Active clients fetched: 6 for business_id=79581f88-5042-43d0-9594-ba81e70130b0
2025-11-04 10:02:54,430 [DEBUG] Archived clients fetched: 0 for business_id=79581f88-5042-43d0-9594-ba81e70130b0
2025-11-04 10:02:54,430 [INFO] load_clients_for_business completed in 250.53 ms
2025-11-04 10:02:55,432 [INFO] load_full_client_profile started
2025-11-04 10:02:55,432 [DEBUG] load_full_client_profile payload keys=['client_id']
2025-11-04 10:02:55,435 [DEBUG] Pets rows fetched: 1 for client_id=8b1e4c7a-bfdd-4acd-89b6-48d61a1e448c
2025-11-04 10:02:55,435 [INFO] load_full_client_profile completed in 2.80 ms
2025-11-04 10:02:57,435 [INFO] load_clients_for_business started
2025-11-04 10:02:57,435 [DEBUG] load_clients_for_business: user_id=81e78254-85dc-464c-8aa4-455f9d9d47eb
2025-11-04 10:02:57,436 [INFO] message='Request to Stripe api' method=get url=https://api.stripe.com/v1/subscriptions/sub_1OkVEMIdMMgqrK9P9nLNiDAM
2025-11-04 10:02:57,436 [DEBUG] api_version=2025-07-30.basil message='Post details' post_data=
2025-11-04 10:02:57,673 [DEBUG] https://api.stripe.com:443 "GET /v1/subscriptions/sub_1OkVEMIdMMgqrK9P9nLNiDAM HTTP/1.1" 200 4591
2025-11-04 10:02:57,675 [INFO] message='Stripe API response' path=https://api.stripe.com/v1/subscriptions/sub_1OkVEMIdMMgqrK9P9nLNiDAM response_code=200
2025-11-04 10:02:57,676 [DEBUG] body='{\n  "id": "sub_1OkVEMIdMMgqrK9P9nLNiDAM",\n  "object": "subscription",\n  "application": null,\n  "application_fee_percent": null,\n  "automatic_tax": {\n    "disabled_reason": null,\n    "enabled": true,\n    "liability": {\n      "type": "self"\n    }\n  },\n  "billing_cycle_anchor": 1708104586,\n  "billing_cycle_anchor_config": null,\n  "billing_mode": {\n    "flexible": null,\n    "type": "classic"\n  },\n  "billing_thresholds": null,\n  "cancel_at": null,\n  "cancel_at_period_end": false,\n  "canceled_at": null,\n  "cancellation_details": {\n    "comment": null,\n    "feedback": null,\n    "reason": null\n  },\n  "collection_method": "charge_automatically",\n  "created": 1708104586,\n  "currency": "gbp",\n  "customer": "cus_PZeX087WaJnC29",\n  "days_until_due": null,\n  "default_payment_method": "pm_1OkVELIdMMgqrK9PablGoWGz",\n  "default_source": null,\n  "default_tax_rates": [],\n  "description": null,\n  "discounts": [],\n  "ended_at": null,\n  "invoice_settings": {\n    "account_tax_ids": null,\n    "issuer": {\n      "type": "self"\n    }\n  },\n  "items": {\n    "object": "list",\n    "data": [\n      {\n        "id": "si_PZeXwKEBXVmNMh",\n        "object": "subscription_item",\n        "billing_thresholds": null,\n        "created": 1708104586,\n        "current_period_end": 1763314186,\n        "current_period_start": 1760635786,\n        "discounts": [],\n        "metadata": {},\n        "plan": {\n          "id": "price_1MYVUbIdMMgqrK9PkNLjlrOZ",\n          "object": "plan",\n          "active": true,\n          "amount": 3000,\n          "amount_decimal": "3000",\n          "billing_scheme": "per_unit",\n          "created": 1675692985,\n          "currency": "gbp",\n          "interval": "month",\n          "interval_count": 1,\n          "livemode": true,\n          "metadata": {},\n          "meter": null,\n          "nickname": null,\n          "product": "prod_NJ7kpOY8DpuKOu",\n          "tiers_mode": null,\n          "transform_usage": null,\n          "trial_period_days": null,\n          "usage_type": "licensed"\n        },\n        "price": {\n          "id": "price_1MYVUbIdMMgqrK9PkNLjlrOZ",\n          "object": "price",\n          "active": true,\n          "billing_scheme": "per_unit",\n          "created": 1675692985,\n          "currency": "gbp",\n          "custom_unit_amount": null,\n          "livemode": true,\n          "lookup_key": null,\n          "metadata": {},\n          "nickname": null,\n          "product": "prod_NJ7kpOY8DpuKOu",\n          "recurring": {\n            "interval": "month",\n            "interval_count": 1,\n            "meter": null,\n            "trial_period_days": null,\n            "usage_type": "licensed"\n          },\n          "tax_behavior": "inclusive",\n          "tiers_mode": null,\n          "transform_quantity": null,\n          "type": "recurring",\n          "unit_amount": 3000,\n          "unit_amount_decimal": "3000"\n        },\n        "quantity": 1,\n        "subscription": "sub_1OkVEMIdMMgqrK9P9nLNiDAM",\n        "tax_rates": []\n      }\n    ],\n    "has_more": false,\n    "total_count": 1,\n    "url": "/v1/subscription_items?subscription=sub_1OkVEMIdMMgqrK9P9nLNiDAM"\n  },\n  "latest_invoice": "in_1SIv0bIdMMgqrK9PzyoKSijk",\n  "livemode": true,\n  "metadata": {},\n  "next_pending_invoice_item_invoice": null,\n  "on_behalf_of": null,\n  "pause_collection": null,\n  "payment_settings": {\n    "payment_method_options": {\n      "acss_debit": null,\n      "bancontact": null,\n      "card": {\n        "network": null,\n        "request_three_d_secure": "automatic"\n      },\n      "customer_balance": null,\n      "konbini": null,\n      "sepa_debit": null,\n      "us_bank_account": null\n    },\n    "payment_method_types": null,\n    "save_default_payment_method": "off"\n  },\n  "pending_invoice_item_interval": null,\n  "pending_setup_intent": null,\n  "pending_update": null,\n  "plan": {\n    "id": "price_1MYVUbIdMMgqrK9PkNLjlrOZ",\n    "object": "plan",\n    "active": true,\n    "amount": 3000,\n    "amount_decimal": "3000",\n    "billing_scheme": "per_unit",\n    "created": 1675692985,\n    "currency": "gbp",\n    "interval": "month",\n    "interval_count": 1,\n    "livemode": true,\n    "metadata": {},\n    "meter": null,\n    "nickname": null,\n    "product": "prod_NJ7kpOY8DpuKOu",\n    "tiers_mode": null,\n    "transform_usage": null,\n    "trial_period_days": null,\n    "usage_type": "licensed"\n  },\n  "quantity": 1,\n  "schedule": null,\n  "start_date": 1708104586,\n  "status": "active",\n  "test_clock": null,\n  "transfer_data": null,\n  "trial_end": null,\n  "trial_settings": {\n    "end_behavior": {\n      "missing_payment_method": "create_invoice"\n    }\n  },\n  "trial_start": null\n}' message='API response body'
2025-11-04 10:02:57,676 [DEBUG] link=https://dashboard.stripe.com/live/logs/req_nx5XuiQVht5aud message='Dashboard link for request'
2025-11-04 10:02:57,689 [DEBUG] Active clients fetched: 6 for business_id=79581f88-5042-43d0-9594-ba81e70130b0
2025-11-04 10:02:57,690 [DEBUG] Archived clients fetched: 0 for business_id=79581f88-5042-43d0-9594-ba81e70130b0
2025-11-04 10:02:57,691 [INFO] load_clients_for_business completed in 255.40 ms
2025-11-04 10:02:58,465 [INFO] message='Request to Stripe api' method=get url=https://api.stripe.com/v1/subscriptions/sub_1OkVEMIdMMgqrK9P9nLNiDAM
2025-11-04 10:02:58,466 [DEBUG] api_version=2025-07-30.basil message='Post details' post_data=
2025-11-04 10:02:58,700 [DEBUG] https://api.stripe.com:443 "GET /v1/subscriptions/sub_1OkVEMIdMMgqrK9P9nLNiDAM HTTP/1.1" 200 4591
2025-11-04 10:02:58,702 [INFO] message='Stripe API response' path=https://api.stripe.com/v1/subscriptions/sub_1OkVEMIdMMgqrK9P9nLNiDAM response_code=200
2025-11-04 10:02:58,702 [DEBUG] body='{\n  "id": "sub_1OkVEMIdMMgqrK9P9nLNiDAM",\n  "object": "subscription",\n  "application": null,\n  "application_fee_percent": null,\n  "automatic_tax": {\n    "disabled_reason": null,\n    "enabled": true,\n    "liability": {\n      "type": "self"\n    }\n  },\n  "billing_cycle_anchor": 1708104586,\n  "billing_cycle_anchor_config": null,\n  "billing_mode": {\n    "flexible": null,\n    "type": "classic"\n  },\n  "billing_thresholds": null,\n  "cancel_at": null,\n  "cancel_at_period_end": false,\n  "canceled_at": null,\n  "cancellation_details": {\n    "comment": null,\n    "feedback": null,\n    "reason": null\n  },\n  "collection_method": "charge_automatically",\n  "created": 1708104586,\n  "currency": "gbp",\n  "customer": "cus_PZeX087WaJnC29",\n  "days_until_due": null,\n  "default_payment_method": "pm_1OkVELIdMMgqrK9PablGoWGz",\n  "default_source": null,\n  "default_tax_rates": [],\n  "description": null,\n  "discounts": [],\n  "ended_at": null,\n  "invoice_settings": {\n    "account_tax_ids": null,\n    "issuer": {\n      "type": "self"\n    }\n  },\n  "items": {\n    "object": "list",\n    "data": [\n      {\n        "id": "si_PZeXwKEBXVmNMh",\n        "object": "subscription_item",\n        "billing_thresholds": null,\n        "created": 1708104586,\n        "current_period_end": 1763314186,\n        "current_period_start": 1760635786,\n        "discounts": [],\n        "metadata": {},\n        "plan": {\n          "id": "price_1MYVUbIdMMgqrK9PkNLjlrOZ",\n          "object": "plan",\n          "active": true,\n          "amount": 3000,\n          "amount_decimal": "3000",\n          "billing_scheme": "per_unit",\n          "created": 1675692985,\n          "currency": "gbp",\n          "interval": "month",\n          "interval_count": 1,\n          "livemode": true,\n          "metadata": {},\n          "meter": null,\n          "nickname": null,\n          "product": "prod_NJ7kpOY8DpuKOu",\n          "tiers_mode": null,\n          "transform_usage": null,\n          "trial_period_days": null,\n          "usage_type": "licensed"\n        },\n        "price": {\n          "id": "price_1MYVUbIdMMgqrK9PkNLjlrOZ",\n          "object": "price",\n          "active": true,\n          "billing_scheme": "per_unit",\n          "created": 1675692985,\n          "currency": "gbp",\n          "custom_unit_amount": null,\n          "livemode": true,\n          "lookup_key": null,\n          "metadata": {},\n          "nickname": null,\n          "product": "prod_NJ7kpOY8DpuKOu",\n          "recurring": {\n            "interval": "month",\n            "interval_count": 1,\n            "meter": null,\n            "trial_period_days": null,\n            "usage_type": "licensed"\n          },\n          "tax_behavior": "inclusive",\n          "tiers_mode": null,\n          "transform_quantity": null,\n          "type": "recurring",\n          "unit_amount": 3000,\n          "unit_amount_decimal": "3000"\n        },\n        "quantity": 1,\n        "subscription": "sub_1OkVEMIdMMgqrK9P9nLNiDAM",\n        "tax_rates": []\n      }\n    ],\n    "has_more": false,\n    "total_count": 1,\n    "url": "/v1/subscription_items?subscription=sub_1OkVEMIdMMgqrK9P9nLNiDAM"\n  },\n  "latest_invoice": "in_1SIv0bIdMMgqrK9PzyoKSijk",\n  "livemode": true,\n  "metadata": {},\n  "next_pending_invoice_item_invoice": null,\n  "on_behalf_of": null,\n  "pause_collection": null,\n  "payment_settings": {\n    "payment_method_options": {\n      "acss_debit": null,\n      "bancontact": null,\n      "card": {\n        "network": null,\n        "request_three_d_secure": "automatic"\n      },\n      "customer_balance": null,\n      "konbini": null,\n      "sepa_debit": null,\n      "us_bank_account": null\n    },\n    "payment_method_types": null,\n    "save_default_payment_method": "off"\n  },\n  "pending_invoice_item_interval": null,\n  "pending_setup_intent": null,\n  "pending_update": null,\n  "plan": {\n    "id": "price_1MYVUbIdMMgqrK9PkNLjlrOZ",\n    "object": "plan",\n    "active": true,\n    "amount": 3000,\n    "amount_decimal": "3000",\n    "billing_scheme": "per_unit",\n    "created": 1675692985,\n    "currency": "gbp",\n    "interval": "month",\n    "interval_count": 1,\n    "livemode": true,\n    "metadata": {},\n    "meter": null,\n    "nickname": null,\n    "product": "prod_NJ7kpOY8DpuKOu",\n    "tiers_mode": null,\n    "transform_usage": null,\n    "trial_period_days": null,\n    "usage_type": "licensed"\n  },\n  "quantity": 1,\n  "schedule": null,\n  "start_date": 1708104586,\n  "status": "active",\n  "test_clock": null,\n  "transfer_data": null,\n  "trial_end": null,\n  "trial_settings": {\n    "end_behavior": {\n      "missing_payment_method": "create_invoice"\n    }\n  },\n  "trial_start": null\n}' message='API response body'
2025-11-04 10:02:58,703 [DEBUG] link=https://dashboard.stripe.com/live/logs/req_pevfmQqAyXUMab message='Dashboard link for request'
2025-11-04 10:03:05,736 [INFO] message='Request to Stripe api' method=get url=https://api.stripe.com/v1/subscriptions/sub_1OkVEMIdMMgqrK9P9nLNiDAM
2025-11-04 10:03:05,737 [DEBUG] api_version=2025-07-30.basil message='Post details' post_data=
2025-11-04 10:03:06,006 [DEBUG] https://api.stripe.com:443 "GET /v1/subscriptions/sub_1OkVEMIdMMgqrK9P9nLNiDAM HTTP/1.1" 200 4591
2025-11-04 10:03:06,007 [INFO] message='Stripe API response' path=https://api.stripe.com/v1/subscriptions/sub_1OkVEMIdMMgqrK9P9nLNiDAM response_code=200
2025-11-04 10:03:06,007 [DEBUG] body='{\n  "id": "sub_1OkVEMIdMMgqrK9P9nLNiDAM",\n  "object": "subscription",\n  "application": null,\n  "application_fee_percent": null,\n  "automatic_tax": {\n    "disabled_reason": null,\n    "enabled": true,\n    "liability": {\n      "type": "self"\n    }\n  },\n  "billing_cycle_anchor": 1708104586,\n  "billing_cycle_anchor_config": null,\n  "billing_mode": {\n    "flexible": null,\n    "type": "classic"\n  },\n  "billing_thresholds": null,\n  "cancel_at": null,\n  "cancel_at_period_end": false,\n  "canceled_at": null,\n  "cancellation_details": {\n    "comment": null,\n    "feedback": null,\n    "reason": null\n  },\n  "collection_method": "charge_automatically",\n  "created": 1708104586,\n  "currency": "gbp",\n  "customer": "cus_PZeX087WaJnC29",\n  "days_until_due": null,\n  "default_payment_method": "pm_1OkVELIdMMgqrK9PablGoWGz",\n  "default_source": null,\n  "default_tax_rates": [],\n  "description": null,\n  "discounts": [],\n  "ended_at": null,\n  "invoice_settings": {\n    "account_tax_ids": null,\n    "issuer": {\n      "type": "self"\n    }\n  },\n  "items": {\n    "object": "list",\n    "data": [\n      {\n        "id": "si_PZeXwKEBXVmNMh",\n        "object": "subscription_item",\n        "billing_thresholds": null,\n        "created": 1708104586,\n        "current_period_end": 1763314186,\n        "current_period_start": 1760635786,\n        "discounts": [],\n        "metadata": {},\n        "plan": {\n          "id": "price_1MYVUbIdMMgqrK9PkNLjlrOZ",\n          "object": "plan",\n          "active": true,\n          "amount": 3000,\n          "amount_decimal": "3000",\n          "billing_scheme": "per_unit",\n          "created": 1675692985,\n          "currency": "gbp",\n          "interval": "month",\n          "interval_count": 1,\n          "livemode": true,\n          "metadata": {},\n          "meter": null,\n          "nickname": null,\n          "product": "prod_NJ7kpOY8DpuKOu",\n          "tiers_mode": null,\n          "transform_usage": null,\n          "trial_period_days": null,\n          "usage_type": "licensed"\n        },\n        "price": {\n          "id": "price_1MYVUbIdMMgqrK9PkNLjlrOZ",\n          "object": "price",\n          "active": true,\n          "billing_scheme": "per_unit",\n          "created": 1675692985,\n          "currency": "gbp",\n          "custom_unit_amount": null,\n          "livemode": true,\n          "lookup_key": null,\n          "metadata": {},\n          "nickname": null,\n          "product": "prod_NJ7kpOY8DpuKOu",\n          "recurring": {\n            "interval": "month",\n            "interval_count": 1,\n            "meter": null,\n            "trial_period_days": null,\n            "usage_type": "licensed"\n          },\n          "tax_behavior": "inclusive",\n          "tiers_mode": null,\n          "transform_quantity": null,\n          "type": "recurring",\n          "unit_amount": 3000,\n          "unit_amount_decimal": "3000"\n        },\n        "quantity": 1,\n        "subscription": "sub_1OkVEMIdMMgqrK9P9nLNiDAM",\n        "tax_rates": []\n      }\n    ],\n    "has_more": false,\n    "total_count": 1,\n    "url": "/v1/subscription_items?subscription=sub_1OkVEMIdMMgqrK9P9nLNiDAM"\n  },\n  "latest_invoice": "in_1SIv0bIdMMgqrK9PzyoKSijk",\n  "livemode": true,\n  "metadata": {},\n  "next_pending_invoice_item_invoice": null,\n  "on_behalf_of": null,\n  "pause_collection": null,\n  "payment_settings": {\n    "payment_method_options": {\n      "acss_debit": null,\n      "bancontact": null,\n      "card": {\n        "network": null,\n        "request_three_d_secure": "automatic"\n      },\n      "customer_balance": null,\n      "konbini": null,\n      "sepa_debit": null,\n      "us_bank_account": null\n    },\n    "payment_method_types": null,\n    "save_default_payment_method": "off"\n  },\n  "pending_invoice_item_interval": null,\n  "pending_setup_intent": null,\n  "pending_update": null,\n  "plan": {\n    "id": "price_1MYVUbIdMMgqrK9PkNLjlrOZ",\n    "object": "plan",\n    "active": true,\n    "amount": 3000,\n    "amount_decimal": "3000",\n    "billing_scheme": "per_unit",\n    "created": 1675692985,\n    "currency": "gbp",\n    "interval": "month",\n    "interval_count": 1,\n    "livemode": true,\n    "metadata": {},\n    "meter": null,\n    "nickname": null,\n    "product": "prod_NJ7kpOY8DpuKOu",\n    "tiers_mode": null,\n    "transform_usage": null,\n    "trial_period_days": null,\n    "usage_type": "licensed"\n  },\n  "quantity": 1,\n  "schedule": null,\n  "start_date": 1708104586,\n  "status": "active",\n  "test_clock": null,\n  "transfer_data": null,\n  "trial_end": null,\n  "trial_settings": {\n    "end_behavior": {\n      "missing_payment_method": "create_invoice"\n    }\n  },\n  "trial_start": null\n}' message='API response body'
2025-11-04 10:03:06,007 [DEBUG] link=https://dashboard.stripe.com/live/logs/req_kp3S2t0UM0g9f4 message='Dashboard link for request'
2025-11-04 10:03:25,586 [INFO] Dashboard info requested by user_id=81e78254-85dc-464c-8aa4-455f9d9d47eb
2025-11-04 10:03:25,586 [DEBUG] Incoming dashboard params: date_time=2025-11-04, client_id=, pet_id=
2025-11-04 10:03:25,588 [INFO] message='Request to Stripe api' method=get url=https://api.stripe.com/v1/subscriptions/sub_1OkVEMIdMMgqrK9P9nLNiDAM
2025-11-04 10:03:25,588 [DEBUG] api_version=2025-07-30.basil message='Post details' post_data=
2025-11-04 10:03:25,838 [DEBUG] https://api.stripe.com:443 "GET /v1/subscriptions/sub_1OkVEMIdMMgqrK9P9nLNiDAM HTTP/1.1" 200 4591
2025-11-04 10:03:25,838 [INFO] message='Stripe API response' path=https://api.stripe.com/v1/subscriptions/sub_1OkVEMIdMMgqrK9P9nLNiDAM response_code=200
2025-11-04 10:03:25,839 [DEBUG] body='{\n  "id": "sub_1OkVEMIdMMgqrK9P9nLNiDAM",\n  "object": "subscription",\n  "application": null,\n  "application_fee_percent": null,\n  "automatic_tax": {\n    "disabled_reason": null,\n    "enabled": true,\n    "liability": {\n      "type": "self"\n    }\n  },\n  "billing_cycle_anchor": 1708104586,\n  "billing_cycle_anchor_config": null,\n  "billing_mode": {\n    "flexible": null,\n    "type": "classic"\n  },\n  "billing_thresholds": null,\n  "cancel_at": null,\n  "cancel_at_period_end": false,\n  "canceled_at": null,\n  "cancellation_details": {\n    "comment": null,\n    "feedback": null,\n    "reason": null\n  },\n  "collection_method": "charge_automatically",\n  "created": 1708104586,\n  "currency": "gbp",\n  "customer": "cus_PZeX087WaJnC29",\n  "days_until_due": null,\n  "default_payment_method": "pm_1OkVELIdMMgqrK9PablGoWGz",\n  "default_source": null,\n  "default_tax_rates": [],\n  "description": null,\n  "discounts": [],\n  "ended_at": null,\n  "invoice_settings": {\n    "account_tax_ids": null,\n    "issuer": {\n      "type": "self"\n    }\n  },\n  "items": {\n    "object": "list",\n    "data": [\n      {\n        "id": "si_PZeXwKEBXVmNMh",\n        "object": "subscription_item",\n        "billing_thresholds": null,\n        "created": 1708104586,\n        "current_period_end": 1763314186,\n        "current_period_start": 1760635786,\n        "discounts": [],\n        "metadata": {},\n        "plan": {\n          "id": "price_1MYVUbIdMMgqrK9PkNLjlrOZ",\n          "object": "plan",\n          "active": true,\n          "amount": 3000,\n          "amount_decimal": "3000",\n          "billing_scheme": "per_unit",\n          "created": 1675692985,\n          "currency": "gbp",\n          "interval": "month",\n          "interval_count": 1,\n          "livemode": true,\n          "metadata": {},\n          "meter": null,\n          "nickname": null,\n          "product": "prod_NJ7kpOY8DpuKOu",\n          "tiers_mode": null,\n          "transform_usage": null,\n          "trial_period_days": null,\n          "usage_type": "licensed"\n        },\n        "price": {\n          "id": "price_1MYVUbIdMMgqrK9PkNLjlrOZ",\n          "object": "price",\n          "active": true,\n          "billing_scheme": "per_unit",\n          "created": 1675692985,\n          "currency": "gbp",\n          "custom_unit_amount": null,\n          "livemode": true,\n          "lookup_key": null,\n          "metadata": {},\n          "nickname": null,\n          "product": "prod_NJ7kpOY8DpuKOu",\n          "recurring": {\n            "interval": "month",\n            "interval_count": 1,\n            "meter": null,\n            "trial_period_days": null,\n            "usage_type": "licensed"\n          },\n          "tax_behavior": "inclusive",\n          "tiers_mode": null,\n          "transform_quantity": null,\n          "type": "recurring",\n          "unit_amount": 3000,\n          "unit_amount_decimal": "3000"\n        },\n        "quantity": 1,\n        "subscription": "sub_1OkVEMIdMMgqrK9P9nLNiDAM",\n        "tax_rates": []\n      }\n    ],\n    "has_more": false,\n    "total_count": 1,\n    "url": "/v1/subscription_items?subscription=sub_1OkVEMIdMMgqrK9P9nLNiDAM"\n  },\n  "latest_invoice": "in_1SIv0bIdMMgqrK9PzyoKSijk",\n  "livemode": true,\n  "metadata": {},\n  "next_pending_invoice_item_invoice": null,\n  "on_behalf_of": null,\n  "pause_collection": null,\n  "payment_settings": {\n    "payment_method_options": {\n      "acss_debit": null,\n      "bancontact": null,\n      "card": {\n        "network": null,\n        "request_three_d_secure": "automatic"\n      },\n      "customer_balance": null,\n      "konbini": null,\n      "sepa_debit": null,\n      "us_bank_account": null\n    },\n    "payment_method_types": null,\n    "save_default_payment_method": "off"\n  },\n  "pending_invoice_item_interval": null,\n  "pending_setup_intent": null,\n  "pending_update": null,\n  "plan": {\n    "id": "price_1MYVUbIdMMgqrK9PkNLjlrOZ",\n    "object": "plan",\n    "active": true,\n    "amount": 3000,\n    "amount_decimal": "3000",\n    "billing_scheme": "per_unit",\n    "created": 1675692985,\n    "currency": "gbp",\n    "interval": "month",\n    "interval_count": 1,\n    "livemode": true,\n    "metadata": {},\n    "meter": null,\n    "nickname": null,\n    "product": "prod_NJ7kpOY8DpuKOu",\n    "tiers_mode": null,\n    "transform_usage": null,\n    "trial_period_days": null,\n    "usage_type": "licensed"\n  },\n  "quantity": 1,\n  "schedule": null,\n  "start_date": 1708104586,\n  "status": "active",\n  "test_clock": null,\n  "transfer_data": null,\n  "trial_end": null,\n  "trial_settings": {\n    "end_behavior": {\n      "missing_payment_method": "create_invoice"\n    }\n  },\n  "trial_start": null\n}' message='API response body'
2025-11-04 10:03:25,839 [DEBUG] link=https://dashboard.stripe.com/live/logs/req_xcSojvEDJ9j1vU message='Dashboard link for request'
2025-11-04 10:03:25,850 [DEBUG] Business logo encoded successfully.
2025-11-04 10:03:25,855 [DEBUG] Excluded recurring IDs for date 2025-11-04: set()
2025-11-04 10:03:25,855 [DEBUG] Executing dashboard base query with params: {'date_only': datetime.date(2025, 11, 4), 'date_only_ts': datetime.datetime(2025, 11, 4, 0, 0), 'business_id': '79581f88-5042-43d0-9594-ba81e70130b0', 'client_id': '', 'pet_id': ''}
2025-11-04 10:03:25,890 [DEBUG] Dashboard query returned 2 rows before filtering.
2025-11-04 10:03:25,890 [DEBUG] Filtered results: 2 remaining after exclusions.
2025-11-04 10:03:25,891 [DEBUG] Loaded 0 notifications for business 79581f88-5042-43d0-9594-ba81e70130b0
2025-11-04 10:03:25,892 [INFO] Dashboard info built successfully for user 81e78254-85dc-464c-8aa4-455f9d9d47eb
2025-11-04 10:03:25,897 [INFO] Dashboard info requested by user_id=81e78254-85dc-464c-8aa4-455f9d9d47eb
2025-11-04 10:03:25,897 [DEBUG] Incoming dashboard params: date_time=2025-11-04, client_id=, pet_id=
2025-11-04 10:03:25,898 [INFO] message='Request to Stripe api' method=get url=https://api.stripe.com/v1/subscriptions/sub_1OkVEMIdMMgqrK9P9nLNiDAM
2025-11-04 10:03:25,898 [DEBUG] api_version=2025-07-30.basil message='Post details' post_data=
2025-11-04 10:03:26,146 [DEBUG] https://api.stripe.com:443 "GET /v1/subscriptions/sub_1OkVEMIdMMgqrK9P9nLNiDAM HTTP/1.1" 200 4591
2025-11-04 10:03:26,146 [INFO] message='Stripe API response' path=https://api.stripe.com/v1/subscriptions/sub_1OkVEMIdMMgqrK9P9nLNiDAM response_code=200
2025-11-04 10:03:26,146 [DEBUG] body='{\n  "id": "sub_1OkVEMIdMMgqrK9P9nLNiDAM",\n  "object": "subscription",\n  "application": null,\n  "application_fee_percent": null,\n  "automatic_tax": {\n    "disabled_reason": null,\n    "enabled": true,\n    "liability": {\n      "type": "self"\n    }\n  },\n  "billing_cycle_anchor": 1708104586,\n  "billing_cycle_anchor_config": null,\n  "billing_mode": {\n    "flexible": null,\n    "type": "classic"\n  },\n  "billing_thresholds": null,\n  "cancel_at": null,\n  "cancel_at_period_end": false,\n  "canceled_at": null,\n  "cancellation_details": {\n    "comment": null,\n    "feedback": null,\n    "reason": null\n  },\n  "collection_method": "charge_automatically",\n  "created": 1708104586,\n  "currency": "gbp",\n  "customer": "cus_PZeX087WaJnC29",\n  "days_until_due": null,\n  "default_payment_method": "pm_1OkVELIdMMgqrK9PablGoWGz",\n  "default_source": null,\n  "default_tax_rates": [],\n  "description": null,\n  "discounts": [],\n  "ended_at": null,\n  "invoice_settings": {\n    "account_tax_ids": null,\n    "issuer": {\n      "type": "self"\n    }\n  },\n  "items": {\n    "object": "list",\n    "data": [\n      {\n        "id": "si_PZeXwKEBXVmNMh",\n        "object": "subscription_item",\n        "billing_thresholds": null,\n        "created": 1708104586,\n        "current_period_end": 1763314186,\n        "current_period_start": 1760635786,\n        "discounts": [],\n        "metadata": {},\n        "plan": {\n          "id": "price_1MYVUbIdMMgqrK9PkNLjlrOZ",\n          "object": "plan",\n          "active": true,\n          "amount": 3000,\n          "amount_decimal": "3000",\n          "billing_scheme": "per_unit",\n          "created": 1675692985,\n          "currency": "gbp",\n          "interval": "month",\n          "interval_count": 1,\n          "livemode": true,\n          "metadata": {},\n          "meter": null,\n          "nickname": null,\n          "product": "prod_NJ7kpOY8DpuKOu",\n          "tiers_mode": null,\n          "transform_usage": null,\n          "trial_period_days": null,\n          "usage_type": "licensed"\n        },\n        "price": {\n          "id": "price_1MYVUbIdMMgqrK9PkNLjlrOZ",\n          "object": "price",\n          "active": true,\n          "billing_scheme": "per_unit",\n          "created": 1675692985,\n          "currency": "gbp",\n          "custom_unit_amount": null,\n          "livemode": true,\n          "lookup_key": null,\n          "metadata": {},\n          "nickname": null,\n          "product": "prod_NJ7kpOY8DpuKOu",\n          "recurring": {\n            "interval": "month",\n            "interval_count": 1,\n            "meter": null,\n            "trial_period_days": null,\n            "usage_type": "licensed"\n          },\n          "tax_behavior": "inclusive",\n          "tiers_mode": null,\n          "transform_quantity": null,\n          "type": "recurring",\n          "unit_amount": 3000,\n          "unit_amount_decimal": "3000"\n        },\n        "quantity": 1,\n        "subscription": "sub_1OkVEMIdMMgqrK9P9nLNiDAM",\n        "tax_rates": []\n      }\n    ],\n    "has_more": false,\n    "total_count": 1,\n    "url": "/v1/subscription_items?subscription=sub_1OkVEMIdMMgqrK9P9nLNiDAM"\n  },\n  "latest_invoice": "in_1SIv0bIdMMgqrK9PzyoKSijk",\n  "livemode": true,\n  "metadata": {},\n  "next_pending_invoice_item_invoice": null,\n  "on_behalf_of": null,\n  "pause_collection": null,\n  "payment_settings": {\n    "payment_method_options": {\n      "acss_debit": null,\n      "bancontact": null,\n      "card": {\n        "network": null,\n        "request_three_d_secure": "automatic"\n      },\n      "customer_balance": null,\n      "konbini": null,\n      "sepa_debit": null,\n      "us_bank_account": null\n    },\n    "payment_method_types": null,\n    "save_default_payment_method": "off"\n  },\n  "pending_invoice_item_interval": null,\n  "pending_setup_intent": null,\n  "pending_update": null,\n  "plan": {\n    "id": "price_1MYVUbIdMMgqrK9PkNLjlrOZ",\n    "object": "plan",\n    "active": true,\n    "amount": 3000,\n    "amount_decimal": "3000",\n    "billing_scheme": "per_unit",\n    "created": 1675692985,\n    "currency": "gbp",\n    "interval": "month",\n    "interval_count": 1,\n    "livemode": true,\n    "metadata": {},\n    "meter": null,\n    "nickname": null,\n    "product": "prod_NJ7kpOY8DpuKOu",\n    "tiers_mode": null,\n    "transform_usage": null,\n    "trial_period_days": null,\n    "usage_type": "licensed"\n  },\n  "quantity": 1,\n  "schedule": null,\n  "start_date": 1708104586,\n  "status": "active",\n  "test_clock": null,\n  "transfer_data": null,\n  "trial_end": null,\n  "trial_settings": {\n    "end_behavior": {\n      "missing_payment_method": "create_invoice"\n    }\n  },\n  "trial_start": null\n}' message='API response body'
2025-11-04 10:03:26,146 [DEBUG] link=https://dashboard.stripe.com/live/logs/req_BH6AfMByvgsgbS message='Dashboard link for request'
2025-11-04 10:03:26,158 [DEBUG] Business logo encoded successfully.
2025-11-04 10:03:26,159 [DEBUG] Excluded recurring IDs for date 2025-11-04: set()
2025-11-04 10:03:26,159 [DEBUG] Executing dashboard base query with params: {'date_only': datetime.date(2025, 11, 4), 'date_only_ts': datetime.datetime(2025, 11, 4, 0, 0), 'business_id': '79581f88-5042-43d0-9594-ba81e70130b0', 'client_id': '', 'pet_id': ''}
2025-11-04 10:03:26,188 [DEBUG] Dashboard query returned 2 rows before filtering.
2025-11-04 10:03:26,188 [DEBUG] Filtered results: 2 remaining after exclusions.
2025-11-04 10:03:26,189 [DEBUG] Loaded 0 notifications for business 79581f88-5042-43d0-9594-ba81e70130b0
2025-11-04 10:03:26,189 [INFO] Dashboard info built successfully for user 81e78254-85dc-464c-8aa4-455f9d9d47eb
2025-11-04 10:03:26,254 [INFO] message='Request to Stripe api' method=get url=https://api.stripe.com/v1/subscriptions/sub_1OkVEMIdMMgqrK9P9nLNiDAM
2025-11-04 10:03:26,254 [DEBUG] api_version=2025-07-30.basil message='Post details' post_data=
2025-11-04 10:03:26,491 [DEBUG] https://api.stripe.com:443 "GET /v1/subscriptions/sub_1OkVEMIdMMgqrK9P9nLNiDAM HTTP/1.1" 200 4591
2025-11-04 10:03:26,491 [INFO] message='Stripe API response' path=https://api.stripe.com/v1/subscriptions/sub_1OkVEMIdMMgqrK9P9nLNiDAM response_code=200
2025-11-04 10:03:26,491 [DEBUG] body='{\n  "id": "sub_1OkVEMIdMMgqrK9P9nLNiDAM",\n  "object": "subscription",\n  "application": null,\n  "application_fee_percent": null,\n  "automatic_tax": {\n    "disabled_reason": null,\n    "enabled": true,\n    "liability": {\n      "type": "self"\n    }\n  },\n  "billing_cycle_anchor": 1708104586,\n  "billing_cycle_anchor_config": null,\n  "billing_mode": {\n    "flexible": null,\n    "type": "classic"\n  },\n  "billing_thresholds": null,\n  "cancel_at": null,\n  "cancel_at_period_end": false,\n  "canceled_at": null,\n  "cancellation_details": {\n    "comment": null,\n    "feedback": null,\n    "reason": null\n  },\n  "collection_method": "charge_automatically",\n  "created": 1708104586,\n  "currency": "gbp",\n  "customer": "cus_PZeX087WaJnC29",\n  "days_until_due": null,\n  "default_payment_method": "pm_1OkVELIdMMgqrK9PablGoWGz",\n  "default_source": null,\n  "default_tax_rates": [],\n  "description": null,\n  "discounts": [],\n  "ended_at": null,\n  "invoice_settings": {\n    "account_tax_ids": null,\n    "issuer": {\n      "type": "self"\n    }\n  },\n  "items": {\n    "object": "list",\n    "data": [\n      {\n        "id": "si_PZeXwKEBXVmNMh",\n        "object": "subscription_item",\n        "billing_thresholds": null,\n        "created": 1708104586,\n        "current_period_end": 1763314186,\n        "current_period_start": 1760635786,\n        "discounts": [],\n        "metadata": {},\n        "plan": {\n          "id": "price_1MYVUbIdMMgqrK9PkNLjlrOZ",\n          "object": "plan",\n          "active": true,\n          "amount": 3000,\n          "amount_decimal": "3000",\n          "billing_scheme": "per_unit",\n          "created": 1675692985,\n          "currency": "gbp",\n          "interval": "month",\n          "interval_count": 1,\n          "livemode": true,\n          "metadata": {},\n          "meter": null,\n          "nickname": null,\n          "product": "prod_NJ7kpOY8DpuKOu",\n          "tiers_mode": null,\n          "transform_usage": null,\n          "trial_period_days": null,\n          "usage_type": "licensed"\n        },\n        "price": {\n          "id": "price_1MYVUbIdMMgqrK9PkNLjlrOZ",\n          "object": "price",\n          "active": true,\n          "billing_scheme": "per_unit",\n          "created": 1675692985,\n          "currency": "gbp",\n          "custom_unit_amount": null,\n          "livemode": true,\n          "lookup_key": null,\n          "metadata": {},\n          "nickname": null,\n          "product": "prod_NJ7kpOY8DpuKOu",\n          "recurring": {\n            "interval": "month",\n            "interval_count": 1,\n            "meter": null,\n            "trial_period_days": null,\n            "usage_type": "licensed"\n          },\n          "tax_behavior": "inclusive",\n          "tiers_mode": null,\n          "transform_quantity": null,\n          "type": "recurring",\n          "unit_amount": 3000,\n          "unit_amount_decimal": "3000"\n        },\n        "quantity": 1,\n        "subscription": "sub_1OkVEMIdMMgqrK9P9nLNiDAM",\n        "tax_rates": []\n      }\n    ],\n    "has_more": false,\n    "total_count": 1,\n    "url": "/v1/subscription_items?subscription=sub_1OkVEMIdMMgqrK9P9nLNiDAM"\n  },\n  "latest_invoice": "in_1SIv0bIdMMgqrK9PzyoKSijk",\n  "livemode": true,\n  "metadata": {},\n  "next_pending_invoice_item_invoice": null,\n  "on_behalf_of": null,\n  "pause_collection": null,\n  "payment_settings": {\n    "payment_method_options": {\n      "acss_debit": null,\n      "bancontact": null,\n      "card": {\n        "network": null,\n        "request_three_d_secure": "automatic"\n      },\n      "customer_balance": null,\n      "konbini": null,\n      "sepa_debit": null,\n      "us_bank_account": null\n    },\n    "payment_method_types": null,\n    "save_default_payment_method": "off"\n  },\n  "pending_invoice_item_interval": null,\n  "pending_setup_intent": null,\n  "pending_update": null,\n  "plan": {\n    "id": "price_1MYVUbIdMMgqrK9PkNLjlrOZ",\n    "object": "plan",\n    "active": true,\n    "amount": 3000,\n    "amount_decimal": "3000",\n    "billing_scheme": "per_unit",\n    "created": 1675692985,\n    "currency": "gbp",\n    "interval": "month",\n    "interval_count": 1,\n    "livemode": true,\n    "metadata": {},\n    "meter": null,\n    "nickname": null,\n    "product": "prod_NJ7kpOY8DpuKOu",\n    "tiers_mode": null,\n    "transform_usage": null,\n    "trial_period_days": null,\n    "usage_type": "licensed"\n  },\n  "quantity": 1,\n  "schedule": null,\n  "start_date": 1708104586,\n  "status": "active",\n  "test_clock": null,\n  "transfer_data": null,\n  "trial_end": null,\n  "trial_settings": {\n    "end_behavior": {\n      "missing_payment_method": "create_invoice"\n    }\n  },\n  "trial_start": null\n}' message='API response body'
2025-11-04 10:03:26,491 [DEBUG] link=https://dashboard.stripe.com/live/logs/req_ZDdhlLoXlemaTJ message='Dashboard link for request'
2025-11-04 10:03:30,080 [INFO] load_clients_for_business started
2025-11-04 10:03:30,080 [DEBUG] load_clients_for_business: user_id=81e78254-85dc-464c-8aa4-455f9d9d47eb
2025-11-04 10:03:30,082 [INFO] message='Request to Stripe api' method=get url=https://api.stripe.com/v1/subscriptions/sub_1OkVEMIdMMgqrK9P9nLNiDAM
2025-11-04 10:03:30,082 [DEBUG] api_version=2025-07-30.basil message='Post details' post_data=
2025-11-04 10:03:30,327 [DEBUG] https://api.stripe.com:443 "GET /v1/subscriptions/sub_1OkVEMIdMMgqrK9P9nLNiDAM HTTP/1.1" 200 4591
2025-11-04 10:03:30,327 [INFO] message='Stripe API response' path=https://api.stripe.com/v1/subscriptions/sub_1OkVEMIdMMgqrK9P9nLNiDAM response_code=200
2025-11-04 10:03:30,327 [DEBUG] body='{\n  "id": "sub_1OkVEMIdMMgqrK9P9nLNiDAM",\n  "object": "subscription",\n  "application": null,\n  "application_fee_percent": null,\n  "automatic_tax": {\n    "disabled_reason": null,\n    "enabled": true,\n    "liability": {\n      "type": "self"\n    }\n  },\n  "billing_cycle_anchor": 1708104586,\n  "billing_cycle_anchor_config": null,\n  "billing_mode": {\n    "flexible": null,\n    "type": "classic"\n  },\n  "billing_thresholds": null,\n  "cancel_at": null,\n  "cancel_at_period_end": false,\n  "canceled_at": null,\n  "cancellation_details": {\n    "comment": null,\n    "feedback": null,\n    "reason": null\n  },\n  "collection_method": "charge_automatically",\n  "created": 1708104586,\n  "currency": "gbp",\n  "customer": "cus_PZeX087WaJnC29",\n  "days_until_due": null,\n  "default_payment_method": "pm_1OkVELIdMMgqrK9PablGoWGz",\n  "default_source": null,\n  "default_tax_rates": [],\n  "description": null,\n  "discounts": [],\n  "ended_at": null,\n  "invoice_settings": {\n    "account_tax_ids": null,\n    "issuer": {\n      "type": "self"\n    }\n  },\n  "items": {\n    "object": "list",\n    "data": [\n      {\n        "id": "si_PZeXwKEBXVmNMh",\n        "object": "subscription_item",\n        "billing_thresholds": null,\n        "created": 1708104586,\n        "current_period_end": 1763314186,\n        "current_period_start": 1760635786,\n        "discounts": [],\n        "metadata": {},\n        "plan": {\n          "id": "price_1MYVUbIdMMgqrK9PkNLjlrOZ",\n          "object": "plan",\n          "active": true,\n          "amount": 3000,\n          "amount_decimal": "3000",\n          "billing_scheme": "per_unit",\n          "created": 1675692985,\n          "currency": "gbp",\n          "interval": "month",\n          "interval_count": 1,\n          "livemode": true,\n          "metadata": {},\n          "meter": null,\n          "nickname": null,\n          "product": "prod_NJ7kpOY8DpuKOu",\n          "tiers_mode": null,\n          "transform_usage": null,\n          "trial_period_days": null,\n          "usage_type": "licensed"\n        },\n        "price": {\n          "id": "price_1MYVUbIdMMgqrK9PkNLjlrOZ",\n          "object": "price",\n          "active": true,\n          "billing_scheme": "per_unit",\n          "created": 1675692985,\n          "currency": "gbp",\n          "custom_unit_amount": null,\n          "livemode": true,\n          "lookup_key": null,\n          "metadata": {},\n          "nickname": null,\n          "product": "prod_NJ7kpOY8DpuKOu",\n          "recurring": {\n            "interval": "month",\n            "interval_count": 1,\n            "meter": null,\n            "trial_period_days": null,\n            "usage_type": "licensed"\n          },\n          "tax_behavior": "inclusive",\n          "tiers_mode": null,\n          "transform_quantity": null,\n          "type": "recurring",\n          "unit_amount": 3000,\n          "unit_amount_decimal": "3000"\n        },\n        "quantity": 1,\n        "subscription": "sub_1OkVEMIdMMgqrK9P9nLNiDAM",\n        "tax_rates": []\n      }\n    ],\n    "has_more": false,\n    "total_count": 1,\n    "url": "/v1/subscription_items?subscription=sub_1OkVEMIdMMgqrK9P9nLNiDAM"\n  },\n  "latest_invoice": "in_1SIv0bIdMMgqrK9PzyoKSijk",\n  "livemode": true,\n  "metadata": {},\n  "next_pending_invoice_item_invoice": null,\n  "on_behalf_of": null,\n  "pause_collection": null,\n  "payment_settings": {\n    "payment_method_options": {\n      "acss_debit": null,\n      "bancontact": null,\n      "card": {\n        "network": null,\n        "request_three_d_secure": "automatic"\n      },\n      "customer_balance": null,\n      "konbini": null,\n      "sepa_debit": null,\n      "us_bank_account": null\n    },\n    "payment_method_types": null,\n    "save_default_payment_method": "off"\n  },\n  "pending_invoice_item_interval": null,\n  "pending_setup_intent": null,\n  "pending_update": null,\n  "plan": {\n    "id": "price_1MYVUbIdMMgqrK9PkNLjlrOZ",\n    "object": "plan",\n    "active": true,\n    "amount": 3000,\n    "amount_decimal": "3000",\n    "billing_scheme": "per_unit",\n    "created": 1675692985,\n    "currency": "gbp",\n    "interval": "month",\n    "interval_count": 1,\n    "livemode": true,\n    "metadata": {},\n    "meter": null,\n    "nickname": null,\n    "product": "prod_NJ7kpOY8DpuKOu",\n    "tiers_mode": null,\n    "transform_usage": null,\n    "trial_period_days": null,\n    "usage_type": "licensed"\n  },\n  "quantity": 1,\n  "schedule": null,\n  "start_date": 1708104586,\n  "status": "active",\n  "test_clock": null,\n  "transfer_data": null,\n  "trial_end": null,\n  "trial_settings": {\n    "end_behavior": {\n      "missing_payment_method": "create_invoice"\n    }\n  },\n  "trial_start": null\n}' message='API response body'
2025-11-04 10:03:30,327 [DEBUG] link=https://dashboard.stripe.com/live/logs/req_UZnOwuSgmJx4wy message='Dashboard link for request'
2025-11-04 10:03:30,333 [DEBUG] Active clients fetched: 6 for business_id=79581f88-5042-43d0-9594-ba81e70130b0
2025-11-04 10:03:30,334 [DEBUG] Archived clients fetched: 0 for business_id=79581f88-5042-43d0-9594-ba81e70130b0
2025-11-04 10:03:30,334 [INFO] load_clients_for_business completed in 253.65 ms
2025-11-04 10:03:33,358 [INFO] archive_client started
2025-11-04 10:03:33,358 [DEBUG] archive_client payload keys=['client_id']
2025-11-04 10:03:33,367 [DEBUG] archive_client: archiving 1 pets for client_id=8b1e4c7a-bfdd-4acd-89b6-48d61a1e448c
2025-11-04 10:03:33,509 [INFO] archive_client: archived client_id=8b1e4c7a-bfdd-4acd-89b6-48d61a1e448c
2025-11-04 10:03:33,509 [INFO] archive_client completed in 150.35 ms
2025-11-04 10:03:33,522 [INFO] load_clients_for_business started
2025-11-04 10:03:33,522 [DEBUG] load_clients_for_business: user_id=81e78254-85dc-464c-8aa4-455f9d9d47eb
2025-11-04 10:03:33,523 [INFO] message='Request to Stripe api' method=get url=https://api.stripe.com/v1/subscriptions/sub_1OkVEMIdMMgqrK9P9nLNiDAM
2025-11-04 10:03:33,523 [DEBUG] api_version=2025-07-30.basil message='Post details' post_data=
2025-11-04 10:03:33,859 [DEBUG] https://api.stripe.com:443 "GET /v1/subscriptions/sub_1OkVEMIdMMgqrK9P9nLNiDAM HTTP/1.1" 200 4591
2025-11-04 10:03:33,860 [INFO] message='Stripe API response' path=https://api.stripe.com/v1/subscriptions/sub_1OkVEMIdMMgqrK9P9nLNiDAM response_code=200
2025-11-04 10:03:33,861 [DEBUG] body='{\n  "id": "sub_1OkVEMIdMMgqrK9P9nLNiDAM",\n  "object": "subscription",\n  "application": null,\n  "application_fee_percent": null,\n  "automatic_tax": {\n    "disabled_reason": null,\n    "enabled": true,\n    "liability": {\n      "type": "self"\n    }\n  },\n  "billing_cycle_anchor": 1708104586,\n  "billing_cycle_anchor_config": null,\n  "billing_mode": {\n    "flexible": null,\n    "type": "classic"\n  },\n  "billing_thresholds": null,\n  "cancel_at": null,\n  "cancel_at_period_end": false,\n  "canceled_at": null,\n  "cancellation_details": {\n    "comment": null,\n    "feedback": null,\n    "reason": null\n  },\n  "collection_method": "charge_automatically",\n  "created": 1708104586,\n  "currency": "gbp",\n  "customer": "cus_PZeX087WaJnC29",\n  "days_until_due": null,\n  "default_payment_method": "pm_1OkVELIdMMgqrK9PablGoWGz",\n  "default_source": null,\n  "default_tax_rates": [],\n  "description": null,\n  "discounts": [],\n  "ended_at": null,\n  "invoice_settings": {\n    "account_tax_ids": null,\n    "issuer": {\n      "type": "self"\n    }\n  },\n  "items": {\n    "object": "list",\n    "data": [\n      {\n        "id": "si_PZeXwKEBXVmNMh",\n        "object": "subscription_item",\n        "billing_thresholds": null,\n        "created": 1708104586,\n        "current_period_end": 1763314186,\n        "current_period_start": 1760635786,\n        "discounts": [],\n        "metadata": {},\n        "plan": {\n          "id": "price_1MYVUbIdMMgqrK9PkNLjlrOZ",\n          "object": "plan",\n          "active": true,\n          "amount": 3000,\n          "amount_decimal": "3000",\n          "billing_scheme": "per_unit",\n          "created": 1675692985,\n          "currency": "gbp",\n          "interval": "month",\n          "interval_count": 1,\n          "livemode": true,\n          "metadata": {},\n          "meter": null,\n          "nickname": null,\n          "product": "prod_NJ7kpOY8DpuKOu",\n          "tiers_mode": null,\n          "transform_usage": null,\n          "trial_period_days": null,\n          "usage_type": "licensed"\n        },\n        "price": {\n          "id": "price_1MYVUbIdMMgqrK9PkNLjlrOZ",\n          "object": "price",\n          "active": true,\n          "billing_scheme": "per_unit",\n          "created": 1675692985,\n          "currency": "gbp",\n          "custom_unit_amount": null,\n          "livemode": true,\n          "lookup_key": null,\n          "metadata": {},\n          "nickname": null,\n          "product": "prod_NJ7kpOY8DpuKOu",\n          "recurring": {\n            "interval": "month",\n            "interval_count": 1,\n            "meter": null,\n            "trial_period_days": null,\n            "usage_type": "licensed"\n          },\n          "tax_behavior": "inclusive",\n          "tiers_mode": null,\n          "transform_quantity": null,\n          "type": "recurring",\n          "unit_amount": 3000,\n          "unit_amount_decimal": "3000"\n        },\n        "quantity": 1,\n        "subscription": "sub_1OkVEMIdMMgqrK9P9nLNiDAM",\n        "tax_rates": []\n      }\n    ],\n    "has_more": false,\n    "total_count": 1,\n    "url": "/v1/subscription_items?subscription=sub_1OkVEMIdMMgqrK9P9nLNiDAM"\n  },\n  "latest_invoice": "in_1SIv0bIdMMgqrK9PzyoKSijk",\n  "livemode": true,\n  "metadata": {},\n  "next_pending_invoice_item_invoice": null,\n  "on_behalf_of": null,\n  "pause_collection": null,\n  "payment_settings": {\n    "payment_method_options": {\n      "acss_debit": null,\n      "bancontact": null,\n      "card": {\n        "network": null,\n        "request_three_d_secure": "automatic"\n      },\n      "customer_balance": null,\n      "konbini": null,\n      "sepa_debit": null,\n      "us_bank_account": null\n    },\n    "payment_method_types": null,\n    "save_default_payment_method": "off"\n  },\n  "pending_invoice_item_interval": null,\n  "pending_setup_intent": null,\n  "pending_update": null,\n  "plan": {\n    "id": "price_1MYVUbIdMMgqrK9PkNLjlrOZ",\n    "object": "plan",\n    "active": true,\n    "amount": 3000,\n    "amount_decimal": "3000",\n    "billing_scheme": "per_unit",\n    "created": 1675692985,\n    "currency": "gbp",\n    "interval": "month",\n    "interval_count": 1,\n    "livemode": true,\n    "metadata": {},\n    "meter": null,\n    "nickname": null,\n    "product": "prod_NJ7kpOY8DpuKOu",\n    "tiers_mode": null,\n    "transform_usage": null,\n    "trial_period_days": null,\n    "usage_type": "licensed"\n  },\n  "quantity": 1,\n  "schedule": null,\n  "start_date": 1708104586,\n  "status": "active",\n  "test_clock": null,\n  "transfer_data": null,\n  "trial_end": null,\n  "trial_settings": {\n    "end_behavior": {\n      "missing_payment_method": "create_invoice"\n    }\n  },\n  "trial_start": null\n}' message='API response body'
2025-11-04 10:03:33,862 [DEBUG] link=https://dashboard.stripe.com/live/logs/req_3lxyRIEOKshvGw message='Dashboard link for request'
2025-11-04 10:03:33,876 [DEBUG] Active clients fetched: 5 for business_id=79581f88-5042-43d0-9594-ba81e70130b0
2025-11-04 10:03:33,880 [DEBUG] Archived clients fetched: 1 for business_id=79581f88-5042-43d0-9594-ba81e70130b0
2025-11-04 10:03:33,880 [INFO] load_clients_for_business completed in 358.11 ms
2025-11-04 10:03:42,069 [INFO] restore_client started
2025-11-04 10:03:42,069 [INFO] restore_client: client_id=8b1e4c7a-bfdd-4acd-89b6-48d61a1e448c
2025-11-04 10:03:42,074 [DEBUG] restore_client: restoring 1 pets for client_id=8b1e4c7a-bfdd-4acd-89b6-48d61a1e448c
2025-11-04 10:03:42,164 [INFO] restore_client: restored client_id=8b1e4c7a-bfdd-4acd-89b6-48d61a1e448c
2025-11-04 10:03:42,164 [INFO] restore_client completed in 95.31 ms
2025-11-04 10:03:42,171 [INFO] load_clients_for_business started
2025-11-04 10:03:42,171 [DEBUG] load_clients_for_business: user_id=81e78254-85dc-464c-8aa4-455f9d9d47eb
2025-11-04 10:03:42,173 [INFO] message='Request to Stripe api' method=get url=https://api.stripe.com/v1/subscriptions/sub_1OkVEMIdMMgqrK9P9nLNiDAM
2025-11-04 10:03:42,173 [DEBUG] api_version=2025-07-30.basil message='Post details' post_data=
2025-11-04 10:03:42,464 [DEBUG] https://api.stripe.com:443 "GET /v1/subscriptions/sub_1OkVEMIdMMgqrK9P9nLNiDAM HTTP/1.1" 200 4591
2025-11-04 10:03:42,464 [INFO] message='Stripe API response' path=https://api.stripe.com/v1/subscriptions/sub_1OkVEMIdMMgqrK9P9nLNiDAM response_code=200
2025-11-04 10:03:42,464 [DEBUG] body='{\n  "id": "sub_1OkVEMIdMMgqrK9P9nLNiDAM",\n  "object": "subscription",\n  "application": null,\n  "application_fee_percent": null,\n  "automatic_tax": {\n    "disabled_reason": null,\n    "enabled": true,\n    "liability": {\n      "type": "self"\n    }\n  },\n  "billing_cycle_anchor": 1708104586,\n  "billing_cycle_anchor_config": null,\n  "billing_mode": {\n    "flexible": null,\n    "type": "classic"\n  },\n  "billing_thresholds": null,\n  "cancel_at": null,\n  "cancel_at_period_end": false,\n  "canceled_at": null,\n  "cancellation_details": {\n    "comment": null,\n    "feedback": null,\n    "reason": null\n  },\n  "collection_method": "charge_automatically",\n  "created": 1708104586,\n  "currency": "gbp",\n  "customer": "cus_PZeX087WaJnC29",\n  "days_until_due": null,\n  "default_payment_method": "pm_1OkVELIdMMgqrK9PablGoWGz",\n  "default_source": null,\n  "default_tax_rates": [],\n  "description": null,\n  "discounts": [],\n  "ended_at": null,\n  "invoice_settings": {\n    "account_tax_ids": null,\n    "issuer": {\n      "type": "self"\n    }\n  },\n  "items": {\n    "object": "list",\n    "data": [\n      {\n        "id": "si_PZeXwKEBXVmNMh",\n        "object": "subscription_item",\n        "billing_thresholds": null,\n        "created": 1708104586,\n        "current_period_end": 1763314186,\n        "current_period_start": 1760635786,\n        "discounts": [],\n        "metadata": {},\n        "plan": {\n          "id": "price_1MYVUbIdMMgqrK9PkNLjlrOZ",\n          "object": "plan",\n          "active": true,\n          "amount": 3000,\n          "amount_decimal": "3000",\n          "billing_scheme": "per_unit",\n          "created": 1675692985,\n          "currency": "gbp",\n          "interval": "month",\n          "interval_count": 1,\n          "livemode": true,\n          "metadata": {},\n          "meter": null,\n          "nickname": null,\n          "product": "prod_NJ7kpOY8DpuKOu",\n          "tiers_mode": null,\n          "transform_usage": null,\n          "trial_period_days": null,\n          "usage_type": "licensed"\n        },\n        "price": {\n          "id": "price_1MYVUbIdMMgqrK9PkNLjlrOZ",\n          "object": "price",\n          "active": true,\n          "billing_scheme": "per_unit",\n          "created": 1675692985,\n          "currency": "gbp",\n          "custom_unit_amount": null,\n          "livemode": true,\n          "lookup_key": null,\n          "metadata": {},\n          "nickname": null,\n          "product": "prod_NJ7kpOY8DpuKOu",\n          "recurring": {\n            "interval": "month",\n            "interval_count": 1,\n            "meter": null,\n            "trial_period_days": null,\n            "usage_type": "licensed"\n          },\n          "tax_behavior": "inclusive",\n          "tiers_mode": null,\n          "transform_quantity": null,\n          "type": "recurring",\n          "unit_amount": 3000,\n          "unit_amount_decimal": "3000"\n        },\n        "quantity": 1,\n        "subscription": "sub_1OkVEMIdMMgqrK9P9nLNiDAM",\n        "tax_rates": []\n      }\n    ],\n    "has_more": false,\n    "total_count": 1,\n    "url": "/v1/subscription_items?subscription=sub_1OkVEMIdMMgqrK9P9nLNiDAM"\n  },\n  "latest_invoice": "in_1SIv0bIdMMgqrK9PzyoKSijk",\n  "livemode": true,\n  "metadata": {},\n  "next_pending_invoice_item_invoice": null,\n  "on_behalf_of": null,\n  "pause_collection": null,\n  "payment_settings": {\n    "payment_method_options": {\n      "acss_debit": null,\n      "bancontact": null,\n      "card": {\n        "network": null,\n        "request_three_d_secure": "automatic"\n      },\n      "customer_balance": null,\n      "konbini": null,\n      "sepa_debit": null,\n      "us_bank_account": null\n    },\n    "payment_method_types": null,\n    "save_default_payment_method": "off"\n  },\n  "pending_invoice_item_interval": null,\n  "pending_setup_intent": null,\n  "pending_update": null,\n  "plan": {\n    "id": "price_1MYVUbIdMMgqrK9PkNLjlrOZ",\n    "object": "plan",\n    "active": true,\n    "amount": 3000,\n    "amount_decimal": "3000",\n    "billing_scheme": "per_unit",\n    "created": 1675692985,\n    "currency": "gbp",\n    "interval": "month",\n    "interval_count": 1,\n    "livemode": true,\n    "metadata": {},\n    "meter": null,\n    "nickname": null,\n    "product": "prod_NJ7kpOY8DpuKOu",\n    "tiers_mode": null,\n    "transform_usage": null,\n    "trial_period_days": null,\n    "usage_type": "licensed"\n  },\n  "quantity": 1,\n  "schedule": null,\n  "start_date": 1708104586,\n  "status": "active",\n  "test_clock": null,\n  "transfer_data": null,\n  "trial_end": null,\n  "trial_settings": {\n    "end_behavior": {\n      "missing_payment_method": "create_invoice"\n    }\n  },\n  "trial_start": null\n}' message='API response body'
2025-11-04 10:03:42,465 [DEBUG] link=https://dashboard.stripe.com/live/logs/req_PuNWeTbURIRmL7 message='Dashboard link for request'
2025-11-04 10:03:42,475 [DEBUG] Active clients fetched: 6 for business_id=79581f88-5042-43d0-9594-ba81e70130b0
2025-11-04 10:03:42,476 [DEBUG] Archived clients fetched: 0 for business_id=79581f88-5042-43d0-9594-ba81e70130b0
2025-11-04 10:03:42,476 [INFO] load_clients_for_business completed in 305.31 ms
2025-11-04 10:03:46,262 [INFO] archive_client started
2025-11-04 10:03:46,262 [DEBUG] archive_client payload keys=['client_id']
2025-11-04 10:03:46,265 [DEBUG] archive_client: archiving 1 pets for client_id=8b1e4c7a-bfdd-4acd-89b6-48d61a1e448c
2025-11-04 10:03:46,378 [INFO] archive_client: archived client_id=8b1e4c7a-bfdd-4acd-89b6-48d61a1e448c
2025-11-04 10:03:46,378 [INFO] archive_client completed in 116.12 ms
2025-11-04 10:03:46,388 [INFO] load_clients_for_business started
2025-11-04 10:03:46,388 [DEBUG] load_clients_for_business: user_id=81e78254-85dc-464c-8aa4-455f9d9d47eb
2025-11-04 10:03:46,388 [INFO] message='Request to Stripe api' method=get url=https://api.stripe.com/v1/subscriptions/sub_1OkVEMIdMMgqrK9P9nLNiDAM
2025-11-04 10:03:46,389 [DEBUG] api_version=2025-07-30.basil message='Post details' post_data=
2025-11-04 10:03:46,659 [DEBUG] https://api.stripe.com:443 "GET /v1/subscriptions/sub_1OkVEMIdMMgqrK9P9nLNiDAM HTTP/1.1" 200 4591
2025-11-04 10:03:46,660 [INFO] message='Stripe API response' path=https://api.stripe.com/v1/subscriptions/sub_1OkVEMIdMMgqrK9P9nLNiDAM response_code=200
2025-11-04 10:03:46,660 [DEBUG] body='{\n  "id": "sub_1OkVEMIdMMgqrK9P9nLNiDAM",\n  "object": "subscription",\n  "application": null,\n  "application_fee_percent": null,\n  "automatic_tax": {\n    "disabled_reason": null,\n    "enabled": true,\n    "liability": {\n      "type": "self"\n    }\n  },\n  "billing_cycle_anchor": 1708104586,\n  "billing_cycle_anchor_config": null,\n  "billing_mode": {\n    "flexible": null,\n    "type": "classic"\n  },\n  "billing_thresholds": null,\n  "cancel_at": null,\n  "cancel_at_period_end": false,\n  "canceled_at": null,\n  "cancellation_details": {\n    "comment": null,\n    "feedback": null,\n    "reason": null\n  },\n  "collection_method": "charge_automatically",\n  "created": 1708104586,\n  "currency": "gbp",\n  "customer": "cus_PZeX087WaJnC29",\n  "days_until_due": null,\n  "default_payment_method": "pm_1OkVELIdMMgqrK9PablGoWGz",\n  "default_source": null,\n  "default_tax_rates": [],\n  "description": null,\n  "discounts": [],\n  "ended_at": null,\n  "invoice_settings": {\n    "account_tax_ids": null,\n    "issuer": {\n      "type": "self"\n    }\n  },\n  "items": {\n    "object": "list",\n    "data": [\n      {\n        "id": "si_PZeXwKEBXVmNMh",\n        "object": "subscription_item",\n        "billing_thresholds": null,\n        "created": 1708104586,\n        "current_period_end": 1763314186,\n        "current_period_start": 1760635786,\n        "discounts": [],\n        "metadata": {},\n        "plan": {\n          "id": "price_1MYVUbIdMMgqrK9PkNLjlrOZ",\n          "object": "plan",\n          "active": true,\n          "amount": 3000,\n          "amount_decimal": "3000",\n          "billing_scheme": "per_unit",\n          "created": 1675692985,\n          "currency": "gbp",\n          "interval": "month",\n          "interval_count": 1,\n          "livemode": true,\n          "metadata": {},\n          "meter": null,\n          "nickname": null,\n          "product": "prod_NJ7kpOY8DpuKOu",\n          "tiers_mode": null,\n          "transform_usage": null,\n          "trial_period_days": null,\n          "usage_type": "licensed"\n        },\n        "price": {\n          "id": "price_1MYVUbIdMMgqrK9PkNLjlrOZ",\n          "object": "price",\n          "active": true,\n          "billing_scheme": "per_unit",\n          "created": 1675692985,\n          "currency": "gbp",\n          "custom_unit_amount": null,\n          "livemode": true,\n          "lookup_key": null,\n          "metadata": {},\n          "nickname": null,\n          "product": "prod_NJ7kpOY8DpuKOu",\n          "recurring": {\n            "interval": "month",\n            "interval_count": 1,\n            "meter": null,\n            "trial_period_days": null,\n            "usage_type": "licensed"\n          },\n          "tax_behavior": "inclusive",\n          "tiers_mode": null,\n          "transform_quantity": null,\n          "type": "recurring",\n          "unit_amount": 3000,\n          "unit_amount_decimal": "3000"\n        },\n        "quantity": 1,\n        "subscription": "sub_1OkVEMIdMMgqrK9P9nLNiDAM",\n        "tax_rates": []\n      }\n    ],\n    "has_more": false,\n    "total_count": 1,\n    "url": "/v1/subscription_items?subscription=sub_1OkVEMIdMMgqrK9P9nLNiDAM"\n  },\n  "latest_invoice": "in_1SIv0bIdMMgqrK9PzyoKSijk",\n  "livemode": true,\n  "metadata": {},\n  "next_pending_invoice_item_invoice": null,\n  "on_behalf_of": null,\n  "pause_collection": null,\n  "payment_settings": {\n    "payment_method_options": {\n      "acss_debit": null,\n      "bancontact": null,\n      "card": {\n        "network": null,\n        "request_three_d_secure": "automatic"\n      },\n      "customer_balance": null,\n      "konbini": null,\n      "sepa_debit": null,\n      "us_bank_account": null\n    },\n    "payment_method_types": null,\n    "save_default_payment_method": "off"\n  },\n  "pending_invoice_item_interval": null,\n  "pending_setup_intent": null,\n  "pending_update": null,\n  "plan": {\n    "id": "price_1MYVUbIdMMgqrK9PkNLjlrOZ",\n    "object": "plan",\n    "active": true,\n    "amount": 3000,\n    "amount_decimal": "3000",\n    "billing_scheme": "per_unit",\n    "created": 1675692985,\n    "currency": "gbp",\n    "interval": "month",\n    "interval_count": 1,\n    "livemode": true,\n    "metadata": {},\n    "meter": null,\n    "nickname": null,\n    "product": "prod_NJ7kpOY8DpuKOu",\n    "tiers_mode": null,\n    "transform_usage": null,\n    "trial_period_days": null,\n    "usage_type": "licensed"\n  },\n  "quantity": 1,\n  "schedule": null,\n  "start_date": 1708104586,\n  "status": "active",\n  "test_clock": null,\n  "transfer_data": null,\n  "trial_end": null,\n  "trial_settings": {\n    "end_behavior": {\n      "missing_payment_method": "create_invoice"\n    }\n  },\n  "trial_start": null\n}' message='API response body'
2025-11-04 10:03:46,661 [DEBUG] link=https://dashboard.stripe.com/live/logs/req_3N4f48VoIbpnxi message='Dashboard link for request'
2025-11-04 10:03:46,666 [DEBUG] Active clients fetched: 5 for business_id=79581f88-5042-43d0-9594-ba81e70130b0
2025-11-04 10:03:46,667 [DEBUG] Archived clients fetched: 1 for business_id=79581f88-5042-43d0-9594-ba81e70130b0
2025-11-04 10:03:46,667 [INFO] load_clients_for_business completed in 279.46 ms
2025-11-04 10:03:49,644 [INFO] delete_client started
2025-11-04 10:03:49,645 [INFO] delete_client: client_id=8b1e4c7a-bfdd-4acd-89b6-48d61a1e448c
2025-11-04 10:03:49,648 [DEBUG] delete_client: deleting 1 archived pets for client_id=8b1e4c7a-bfdd-4acd-89b6-48d61a1e448c
2025-11-04 10:03:49,672 [INFO] delete_client: deleted client_id=8b1e4c7a-bfdd-4acd-89b6-48d61a1e448c from archive
2025-11-04 10:03:49,672 [INFO] delete_client completed in 27.28 ms
2025-11-04 10:03:49,683 [INFO] load_clients_for_business started
2025-11-04 10:03:49,683 [DEBUG] load_clients_for_business: user_id=81e78254-85dc-464c-8aa4-455f9d9d47eb
2025-11-04 10:03:49,684 [INFO] message='Request to Stripe api' method=get url=https://api.stripe.com/v1/subscriptions/sub_1OkVEMIdMMgqrK9P9nLNiDAM
2025-11-04 10:03:49,684 [DEBUG] api_version=2025-07-30.basil message='Post details' post_data=
2025-11-04 10:03:49,928 [DEBUG] https://api.stripe.com:443 "GET /v1/subscriptions/sub_1OkVEMIdMMgqrK9P9nLNiDAM HTTP/1.1" 200 4591
2025-11-04 10:03:49,929 [INFO] message='Stripe API response' path=https://api.stripe.com/v1/subscriptions/sub_1OkVEMIdMMgqrK9P9nLNiDAM response_code=200
2025-11-04 10:03:49,929 [DEBUG] body='{\n  "id": "sub_1OkVEMIdMMgqrK9P9nLNiDAM",\n  "object": "subscription",\n  "application": null,\n  "application_fee_percent": null,\n  "automatic_tax": {\n    "disabled_reason": null,\n    "enabled": true,\n    "liability": {\n      "type": "self"\n    }\n  },\n  "billing_cycle_anchor": 1708104586,\n  "billing_cycle_anchor_config": null,\n  "billing_mode": {\n    "flexible": null,\n    "type": "classic"\n  },\n  "billing_thresholds": null,\n  "cancel_at": null,\n  "cancel_at_period_end": false,\n  "canceled_at": null,\n  "cancellation_details": {\n    "comment": null,\n    "feedback": null,\n    "reason": null\n  },\n  "collection_method": "charge_automatically",\n  "created": 1708104586,\n  "currency": "gbp",\n  "customer": "cus_PZeX087WaJnC29",\n  "days_until_due": null,\n  "default_payment_method": "pm_1OkVELIdMMgqrK9PablGoWGz",\n  "default_source": null,\n  "default_tax_rates": [],\n  "description": null,\n  "discounts": [],\n  "ended_at": null,\n  "invoice_settings": {\n    "account_tax_ids": null,\n    "issuer": {\n      "type": "self"\n    }\n  },\n  "items": {\n    "object": "list",\n    "data": [\n      {\n        "id": "si_PZeXwKEBXVmNMh",\n        "object": "subscription_item",\n        "billing_thresholds": null,\n        "created": 1708104586,\n        "current_period_end": 1763314186,\n        "current_period_start": 1760635786,\n        "discounts": [],\n        "metadata": {},\n        "plan": {\n          "id": "price_1MYVUbIdMMgqrK9PkNLjlrOZ",\n          "object": "plan",\n          "active": true,\n          "amount": 3000,\n          "amount_decimal": "3000",\n          "billing_scheme": "per_unit",\n          "created": 1675692985,\n          "currency": "gbp",\n          "interval": "month",\n          "interval_count": 1,\n          "livemode": true,\n          "metadata": {},\n          "meter": null,\n          "nickname": null,\n          "product": "prod_NJ7kpOY8DpuKOu",\n          "tiers_mode": null,\n          "transform_usage": null,\n          "trial_period_days": null,\n          "usage_type": "licensed"\n        },\n        "price": {\n          "id": "price_1MYVUbIdMMgqrK9PkNLjlrOZ",\n          "object": "price",\n          "active": true,\n          "billing_scheme": "per_unit",\n          "created": 1675692985,\n          "currency": "gbp",\n          "custom_unit_amount": null,\n          "livemode": true,\n          "lookup_key": null,\n          "metadata": {},\n          "nickname": null,\n          "product": "prod_NJ7kpOY8DpuKOu",\n          "recurring": {\n            "interval": "month",\n            "interval_count": 1,\n            "meter": null,\n            "trial_period_days": null,\n            "usage_type": "licensed"\n          },\n          "tax_behavior": "inclusive",\n          "tiers_mode": null,\n          "transform_quantity": null,\n          "type": "recurring",\n          "unit_amount": 3000,\n          "unit_amount_decimal": "3000"\n        },\n        "quantity": 1,\n        "subscription": "sub_1OkVEMIdMMgqrK9P9nLNiDAM",\n        "tax_rates": []\n      }\n    ],\n    "has_more": false,\n    "total_count": 1,\n    "url": "/v1/subscription_items?subscription=sub_1OkVEMIdMMgqrK9P9nLNiDAM"\n  },\n  "latest_invoice": "in_1SIv0bIdMMgqrK9PzyoKSijk",\n  "livemode": true,\n  "metadata": {},\n  "next_pending_invoice_item_invoice": null,\n  "on_behalf_of": null,\n  "pause_collection": null,\n  "payment_settings": {\n    "payment_method_options": {\n      "acss_debit": null,\n      "bancontact": null,\n      "card": {\n        "network": null,\n        "request_three_d_secure": "automatic"\n      },\n      "customer_balance": null,\n      "konbini": null,\n      "sepa_debit": null,\n      "us_bank_account": null\n    },\n    "payment_method_types": null,\n    "save_default_payment_method": "off"\n  },\n  "pending_invoice_item_interval": null,\n  "pending_setup_intent": null,\n  "pending_update": null,\n  "plan": {\n    "id": "price_1MYVUbIdMMgqrK9PkNLjlrOZ",\n    "object": "plan",\n    "active": true,\n    "amount": 3000,\n    "amount_decimal": "3000",\n    "billing_scheme": "per_unit",\n    "created": 1675692985,\n    "currency": "gbp",\n    "interval": "month",\n    "interval_count": 1,\n    "livemode": true,\n    "metadata": {},\n    "meter": null,\n    "nickname": null,\n    "product": "prod_NJ7kpOY8DpuKOu",\n    "tiers_mode": null,\n    "transform_usage": null,\n    "trial_period_days": null,\n    "usage_type": "licensed"\n  },\n  "quantity": 1,\n  "schedule": null,\n  "start_date": 1708104586,\n  "status": "active",\n  "test_clock": null,\n  "transfer_data": null,\n  "trial_end": null,\n  "trial_settings": {\n    "end_behavior": {\n      "missing_payment_method": "create_invoice"\n    }\n  },\n  "trial_start": null\n}' message='API response body'
2025-11-04 10:03:49,929 [DEBUG] link=https://dashboard.stripe.com/live/logs/req_ycNcGKeszoe2Mm message='Dashboard link for request'
2025-11-04 10:03:49,936 [DEBUG] Active clients fetched: 5 for business_id=79581f88-5042-43d0-9594-ba81e70130b0
2025-11-04 10:03:49,937 [DEBUG] Archived clients fetched: 0 for business_id=79581f88-5042-43d0-9594-ba81e70130b0
2025-11-04 10:03:49,937 [INFO] load_clients_for_business completed in 254.00 ms
2025-11-04 10:03:53,227 [INFO] Dashboard info requested by user_id=81e78254-85dc-464c-8aa4-455f9d9d47eb
2025-11-04 10:03:53,227 [DEBUG] Incoming dashboard params: date_time=2025-11-04, client_id=, pet_id=
2025-11-04 10:03:53,228 [INFO] message='Request to Stripe api' method=get url=https://api.stripe.com/v1/subscriptions/sub_1OkVEMIdMMgqrK9P9nLNiDAM
2025-11-04 10:03:53,228 [DEBUG] api_version=2025-07-30.basil message='Post details' post_data=
2025-11-04 10:03:53,714 [DEBUG] https://api.stripe.com:443 "GET /v1/subscriptions/sub_1OkVEMIdMMgqrK9P9nLNiDAM HTTP/1.1" 200 4591
2025-11-04 10:03:53,715 [INFO] message='Stripe API response' path=https://api.stripe.com/v1/subscriptions/sub_1OkVEMIdMMgqrK9P9nLNiDAM response_code=200
2025-11-04 10:03:53,715 [DEBUG] body='{\n  "id": "sub_1OkVEMIdMMgqrK9P9nLNiDAM",\n  "object": "subscription",\n  "application": null,\n  "application_fee_percent": null,\n  "automatic_tax": {\n    "disabled_reason": null,\n    "enabled": true,\n    "liability": {\n      "type": "self"\n    }\n  },\n  "billing_cycle_anchor": 1708104586,\n  "billing_cycle_anchor_config": null,\n  "billing_mode": {\n    "flexible": null,\n    "type": "classic"\n  },\n  "billing_thresholds": null,\n  "cancel_at": null,\n  "cancel_at_period_end": false,\n  "canceled_at": null,\n  "cancellation_details": {\n    "comment": null,\n    "feedback": null,\n    "reason": null\n  },\n  "collection_method": "charge_automatically",\n  "created": 1708104586,\n  "currency": "gbp",\n  "customer": "cus_PZeX087WaJnC29",\n  "days_until_due": null,\n  "default_payment_method": "pm_1OkVELIdMMgqrK9PablGoWGz",\n  "default_source": null,\n  "default_tax_rates": [],\n  "description": null,\n  "discounts": [],\n  "ended_at": null,\n  "invoice_settings": {\n    "account_tax_ids": null,\n    "issuer": {\n      "type": "self"\n    }\n  },\n  "items": {\n    "object": "list",\n    "data": [\n      {\n        "id": "si_PZeXwKEBXVmNMh",\n        "object": "subscription_item",\n        "billing_thresholds": null,\n        "created": 1708104586,\n        "current_period_end": 1763314186,\n        "current_period_start": 1760635786,\n        "discounts": [],\n        "metadata": {},\n        "plan": {\n          "id": "price_1MYVUbIdMMgqrK9PkNLjlrOZ",\n          "object": "plan",\n          "active": true,\n          "amount": 3000,\n          "amount_decimal": "3000",\n          "billing_scheme": "per_unit",\n          "created": 1675692985,\n          "currency": "gbp",\n          "interval": "month",\n          "interval_count": 1,\n          "livemode": true,\n          "metadata": {},\n          "meter": null,\n          "nickname": null,\n          "product": "prod_NJ7kpOY8DpuKOu",\n          "tiers_mode": null,\n          "transform_usage": null,\n          "trial_period_days": null,\n          "usage_type": "licensed"\n        },\n        "price": {\n          "id": "price_1MYVUbIdMMgqrK9PkNLjlrOZ",\n          "object": "price",\n          "active": true,\n          "billing_scheme": "per_unit",\n          "created": 1675692985,\n          "currency": "gbp",\n          "custom_unit_amount": null,\n          "livemode": true,\n          "lookup_key": null,\n          "metadata": {},\n          "nickname": null,\n          "product": "prod_NJ7kpOY8DpuKOu",\n          "recurring": {\n            "interval": "month",\n            "interval_count": 1,\n            "meter": null,\n            "trial_period_days": null,\n            "usage_type": "licensed"\n          },\n          "tax_behavior": "inclusive",\n          "tiers_mode": null,\n          "transform_quantity": null,\n          "type": "recurring",\n          "unit_amount": 3000,\n          "unit_amount_decimal": "3000"\n        },\n        "quantity": 1,\n        "subscription": "sub_1OkVEMIdMMgqrK9P9nLNiDAM",\n        "tax_rates": []\n      }\n    ],\n    "has_more": false,\n    "total_count": 1,\n    "url": "/v1/subscription_items?subscription=sub_1OkVEMIdMMgqrK9P9nLNiDAM"\n  },\n  "latest_invoice": "in_1SIv0bIdMMgqrK9PzyoKSijk",\n  "livemode": true,\n  "metadata": {},\n  "next_pending_invoice_item_invoice": null,\n  "on_behalf_of": null,\n  "pause_collection": null,\n  "payment_settings": {\n    "payment_method_options": {\n      "acss_debit": null,\n      "bancontact": null,\n      "card": {\n        "network": null,\n        "request_three_d_secure": "automatic"\n      },\n      "customer_balance": null,\n      "konbini": null,\n      "sepa_debit": null,\n      "us_bank_account": null\n    },\n    "payment_method_types": null,\n    "save_default_payment_method": "off"\n  },\n  "pending_invoice_item_interval": null,\n  "pending_setup_intent": null,\n  "pending_update": null,\n  "plan": {\n    "id": "price_1MYVUbIdMMgqrK9PkNLjlrOZ",\n    "object": "plan",\n    "active": true,\n    "amount": 3000,\n    "amount_decimal": "3000",\n    "billing_scheme": "per_unit",\n    "created": 1675692985,\n    "currency": "gbp",\n    "interval": "month",\n    "interval_count": 1,\n    "livemode": true,\n    "metadata": {},\n    "meter": null,\n    "nickname": null,\n    "product": "prod_NJ7kpOY8DpuKOu",\n    "tiers_mode": null,\n    "transform_usage": null,\n    "trial_period_days": null,\n    "usage_type": "licensed"\n  },\n  "quantity": 1,\n  "schedule": null,\n  "start_date": 1708104586,\n  "status": "active",\n  "test_clock": null,\n  "transfer_data": null,\n  "trial_end": null,\n  "trial_settings": {\n    "end_behavior": {\n      "missing_payment_method": "create_invoice"\n    }\n  },\n  "trial_start": null\n}' message='API response body'
2025-11-04 10:03:53,715 [DEBUG] link=https://dashboard.stripe.com/live/logs/req_XwpbCcFLog467t message='Dashboard link for request'
2025-11-04 10:03:53,728 [DEBUG] Business logo encoded successfully.
2025-11-04 10:03:53,729 [DEBUG] Excluded recurring IDs for date 2025-11-04: set()
2025-11-04 10:03:53,729 [DEBUG] Executing dashboard base query with params: {'date_only': datetime.date(2025, 11, 4), 'date_only_ts': datetime.datetime(2025, 11, 4, 0, 0), 'business_id': '79581f88-5042-43d0-9594-ba81e70130b0', 'client_id': '', 'pet_id': ''}
2025-11-04 10:03:53,748 [DEBUG] Dashboard query returned 2 rows before filtering.
2025-11-04 10:03:53,748 [DEBUG] Filtered results: 2 remaining after exclusions.
2025-11-04 10:03:53,749 [DEBUG] Loaded 0 notifications for business 79581f88-5042-43d0-9594-ba81e70130b0
2025-11-04 10:03:53,749 [INFO] Dashboard info built successfully for user 81e78254-85dc-464c-8aa4-455f9d9d47eb
2025-11-04 10:06:19,345 [INFO] Scheduler has been shut down
2025-11-04 10:06:19,348 [DEBUG] Looking for jobs to run
2025-11-04 10:06:19,348 [DEBUG] No jobs; waiting until a job is added
2025-11-04 10:06:20,773 [INFO] Stripe API initialized successfully.
2025-11-04 10:06:20,839 [DEBUG] /etc/localtime found
2025-11-04 10:06:20,840 [DEBUG] 1 found:
 {'/etc/localtime is a symlink to': 'Europe/London'}
2025-11-04 10:06:20,866 [INFO] Scheduler started
2025-11-04 10:06:20,867 [DEBUG] Looking for jobs to run
2025-11-04 10:06:20,867 [DEBUG] No jobs; waiting until a job is added
2025-11-04 10:06:22,565 [INFO] load_clients_for_business started
2025-11-04 10:06:22,565 [DEBUG] load_clients_for_business: user_id=81e78254-85dc-464c-8aa4-455f9d9d47eb
2025-11-04 10:06:22,663 [DEBUG] Starting new HTTPS connection (1): api.stripe.com:443
2025-11-04 10:06:23,027 [DEBUG] https://api.stripe.com:443 "GET /v1/subscriptions/sub_1OkVEMIdMMgqrK9P9nLNiDAM HTTP/1.1" 200 4591
2025-11-04 10:06:23,052 [DEBUG] Active clients fetched: 5 for business_id=79581f88-5042-43d0-9594-ba81e70130b0
2025-11-04 10:06:23,056 [DEBUG] Archived clients fetched: 0 for business_id=79581f88-5042-43d0-9594-ba81e70130b0
2025-11-04 10:06:23,057 [INFO] load_clients_for_business completed in 491.27 ms
2025-11-04 10:06:24,546 [INFO] Dashboard info requested by user_id=81e78254-85dc-464c-8aa4-455f9d9d47eb
2025-11-04 10:06:24,546 [DEBUG] Incoming dashboard params: date_time=2025-11-04, client_id=, pet_id=
2025-11-04 10:06:24,807 [DEBUG] https://api.stripe.com:443 "GET /v1/subscriptions/sub_1OkVEMIdMMgqrK9P9nLNiDAM HTTP/1.1" 200 4591
2025-11-04 10:06:24,817 [DEBUG] Business logo encoded successfully.
2025-11-04 10:06:24,818 [DEBUG] Excluded recurring IDs for date 2025-11-04: set()
2025-11-04 10:06:24,818 [DEBUG] Executing dashboard base query with params: {'date_only': datetime.date(2025, 11, 4), 'date_only_ts': datetime.datetime(2025, 11, 4, 0, 0), 'business_id': '79581f88-5042-43d0-9594-ba81e70130b0', 'client_id': '', 'pet_id': ''}
2025-11-04 10:06:24,853 [DEBUG] Dashboard query returned 2 rows before filtering.
2025-11-04 10:06:24,853 [DEBUG] Filtered results: 2 remaining after exclusions.
2025-11-04 10:06:24,854 [DEBUG] Loaded 0 notifications for business 79581f88-5042-43d0-9594-ba81e70130b0
2025-11-04 10:06:24,854 [INFO] Dashboard info built successfully for user 81e78254-85dc-464c-8aa4-455f9d9d47eb
2025-11-04 10:06:26,909 [DEBUG] https://api.stripe.com:443 "GET /v1/subscriptions/sub_1OkVEMIdMMgqrK9P9nLNiDAM HTTP/1.1" 200 4591
2025-11-04 10:06:31,615 [INFO] Dashboard info requested by user_id=81e78254-85dc-464c-8aa4-455f9d9d47eb
2025-11-04 10:06:31,615 [DEBUG] Incoming dashboard params: date_time=2025-11-04, client_id=, pet_id=
2025-11-04 10:06:31,934 [DEBUG] https://api.stripe.com:443 "GET /v1/subscriptions/sub_1OkVEMIdMMgqrK9P9nLNiDAM HTTP/1.1" 200 4591
2025-11-04 10:06:31,944 [DEBUG] Business logo encoded successfully.
2025-11-04 10:06:31,945 [DEBUG] Excluded recurring IDs for date 2025-11-04: set()
2025-11-04 10:06:31,945 [DEBUG] Executing dashboard base query with params: {'date_only': datetime.date(2025, 11, 4), 'date_only_ts': datetime.datetime(2025, 11, 4, 0, 0), 'business_id': '79581f88-5042-43d0-9594-ba81e70130b0', 'client_id': '', 'pet_id': ''}
2025-11-04 10:06:31,972 [DEBUG] Dashboard query returned 2 rows before filtering.
2025-11-04 10:06:31,972 [DEBUG] Filtered results: 2 remaining after exclusions.
2025-11-04 10:06:31,973 [DEBUG] Loaded 0 notifications for business 79581f88-5042-43d0-9594-ba81e70130b0
2025-11-04 10:06:31,973 [INFO] Dashboard info built successfully for user 81e78254-85dc-464c-8aa4-455f9d9d47eb
2025-11-04 10:06:34,075 [INFO] Dashboard info requested by user_id=81e78254-85dc-464c-8aa4-455f9d9d47eb
2025-11-04 10:06:34,075 [DEBUG] Incoming dashboard params: date_time=2025-11-04, client_id=, pet_id=
2025-11-04 10:06:34,322 [DEBUG] https://api.stripe.com:443 "GET /v1/subscriptions/sub_1OkVEMIdMMgqrK9P9nLNiDAM HTTP/1.1" 200 4591
2025-11-04 10:06:34,333 [DEBUG] Business logo encoded successfully.
2025-11-04 10:06:34,334 [DEBUG] Excluded recurring IDs for date 2025-11-04: set()
2025-11-04 10:06:34,334 [DEBUG] Executing dashboard base query with params: {'date_only': datetime.date(2025, 11, 4), 'date_only_ts': datetime.datetime(2025, 11, 4, 0, 0), 'business_id': '79581f88-5042-43d0-9594-ba81e70130b0', 'client_id': '', 'pet_id': ''}
2025-11-04 10:06:34,364 [DEBUG] Dashboard query returned 2 rows before filtering.
2025-11-04 10:06:34,364 [DEBUG] Filtered results: 2 remaining after exclusions.
2025-11-04 10:06:34,365 [DEBUG] Loaded 0 notifications for business 79581f88-5042-43d0-9594-ba81e70130b0
2025-11-04 10:06:34,365 [INFO] Dashboard info built successfully for user 81e78254-85dc-464c-8aa4-455f9d9d47eb
2025-11-04 10:06:35,510 [DEBUG] https://api.stripe.com:443 "GET /v1/subscriptions/sub_1OkVEMIdMMgqrK9P9nLNiDAM HTTP/1.1" 200 4591
2025-11-04 10:06:35,778 [INFO] Dashboard info requested by user_id=81e78254-85dc-464c-8aa4-455f9d9d47eb
2025-11-04 10:06:35,778 [DEBUG] Incoming dashboard params: date_time=2025-11-04, client_id=, pet_id=
2025-11-04 10:06:36,132 [DEBUG] https://api.stripe.com:443 "GET /v1/subscriptions/sub_1OkVEMIdMMgqrK9P9nLNiDAM HTTP/1.1" 200 4591
2025-11-04 10:06:36,142 [DEBUG] Business logo encoded successfully.
2025-11-04 10:06:36,143 [DEBUG] Excluded recurring IDs for date 2025-11-04: set()
2025-11-04 10:06:36,143 [DEBUG] Executing dashboard base query with params: {'date_only': datetime.date(2025, 11, 4), 'date_only_ts': datetime.datetime(2025, 11, 4, 0, 0), 'business_id': '79581f88-5042-43d0-9594-ba81e70130b0', 'client_id': '', 'pet_id': ''}
2025-11-04 10:06:36,170 [DEBUG] Dashboard query returned 2 rows before filtering.
2025-11-04 10:06:36,170 [DEBUG] Filtered results: 2 remaining after exclusions.
2025-11-04 10:06:36,171 [DEBUG] Loaded 0 notifications for business 79581f88-5042-43d0-9594-ba81e70130b0
2025-11-04 10:06:36,171 [INFO] Dashboard info built successfully for user 81e78254-85dc-464c-8aa4-455f9d9d47eb
2025-11-04 10:06:40,534 [INFO] Dashboard info requested by user_id=81e78254-85dc-464c-8aa4-455f9d9d47eb
2025-11-04 10:06:40,534 [DEBUG] Incoming dashboard params: date_time=2025-11-04, client_id=, pet_id=
2025-11-04 10:06:40,798 [DEBUG] https://api.stripe.com:443 "GET /v1/subscriptions/sub_1OkVEMIdMMgqrK9P9nLNiDAM HTTP/1.1" 200 4591
2025-11-04 10:06:40,808 [DEBUG] Business logo encoded successfully.
2025-11-04 10:06:40,809 [DEBUG] Excluded recurring IDs for date 2025-11-04: set()
2025-11-04 10:06:40,809 [DEBUG] Executing dashboard base query with params: {'date_only': datetime.date(2025, 11, 4), 'date_only_ts': datetime.datetime(2025, 11, 4, 0, 0), 'business_id': '79581f88-5042-43d0-9594-ba81e70130b0', 'client_id': '', 'pet_id': ''}
2025-11-04 10:06:40,833 [DEBUG] Dashboard query returned 2 rows before filtering.
2025-11-04 10:06:40,833 [DEBUG] Filtered results: 2 remaining after exclusions.
2025-11-04 10:06:40,834 [DEBUG] Loaded 0 notifications for business 79581f88-5042-43d0-9594-ba81e70130b0
2025-11-04 10:06:40,834 [INFO] Dashboard info built successfully for user 81e78254-85dc-464c-8aa4-455f9d9d47eb
2025-11-04 10:06:42,173 [INFO] load_clients_for_business started
2025-11-04 10:06:42,173 [DEBUG] load_clients_for_business: user_id=81e78254-85dc-464c-8aa4-455f9d9d47eb
2025-11-04 10:06:42,489 [DEBUG] https://api.stripe.com:443 "GET /v1/subscriptions/sub_1OkVEMIdMMgqrK9P9nLNiDAM HTTP/1.1" 200 4591
2025-11-04 10:06:42,502 [DEBUG] Active clients fetched: 5 for business_id=79581f88-5042-43d0-9594-ba81e70130b0
2025-11-04 10:06:42,503 [DEBUG] Archived clients fetched: 0 for business_id=79581f88-5042-43d0-9594-ba81e70130b0
2025-11-04 10:06:42,504 [INFO] load_clients_for_business completed in 330.06 ms
2025-11-04 10:06:43,187 [DEBUG] https://api.stripe.com:443 "GET /v1/subscriptions/sub_1OkVEMIdMMgqrK9P9nLNiDAM HTTP/1.1" 200 4591
2025-11-04 10:06:44,457 [INFO] load_clients_for_business started
2025-11-04 10:06:44,457 [DEBUG] load_clients_for_business: user_id=81e78254-85dc-464c-8aa4-455f9d9d47eb
2025-11-04 10:06:44,721 [DEBUG] https://api.stripe.com:443 "GET /v1/subscriptions/sub_1OkVEMIdMMgqrK9P9nLNiDAM HTTP/1.1" 200 4591
2025-11-04 10:06:44,726 [DEBUG] Active clients fetched: 5 for business_id=79581f88-5042-43d0-9594-ba81e70130b0
2025-11-04 10:06:44,726 [DEBUG] Archived clients fetched: 0 for business_id=79581f88-5042-43d0-9594-ba81e70130b0
2025-11-04 10:06:44,726 [INFO] load_clients_for_business completed in 269.11 ms
2025-11-04 10:06:50,780 [INFO] Checking subscription status for user 81e78254-85dc-464c-8aa4-455f9d9d47eb
2025-11-04 10:06:50,793 [DEBUG] Subscription lookup for ID=sub_1OkVEMIdMMgqrK9P9nLNiDAM
2025-11-04 10:06:51,240 [DEBUG] https://api.stripe.com:443 "GET /v1/subscriptions/sub_1OkVEMIdMMgqrK9P9nLNiDAM?expand%5B0%5D=plan.product&expand%5B1%5D=latest_invoice.payment_intent&expand%5B2%5D=default_payment_method&expand%5B3%5D=customer HTTP/1.1" 200 13067
2025-11-04 10:06:51,241 [INFO] Retrieved subscription sub_1OkVEMIdMMgqrK9P9nLNiDAM for user 81e78254-85dc-464c-8aa4-455f9d9d47eb
2025-11-04 10:06:56,032 [INFO] Dashboard info requested by user_id=81e78254-85dc-464c-8aa4-455f9d9d47eb
2025-11-04 10:06:56,032 [DEBUG] Incoming dashboard params: date_time=2025-11-04, client_id=, pet_id=
2025-11-04 10:06:56,268 [DEBUG] https://api.stripe.com:443 "GET /v1/subscriptions/sub_1OkVEMIdMMgqrK9P9nLNiDAM HTTP/1.1" 200 4591
2025-11-04 10:06:56,278 [DEBUG] Business logo encoded successfully.
2025-11-04 10:06:56,279 [DEBUG] Excluded recurring IDs for date 2025-11-04: set()
2025-11-04 10:06:56,279 [DEBUG] Executing dashboard base query with params: {'date_only': datetime.date(2025, 11, 4), 'date_only_ts': datetime.datetime(2025, 11, 4, 0, 0), 'business_id': '79581f88-5042-43d0-9594-ba81e70130b0', 'client_id': '', 'pet_id': ''}
2025-11-04 10:06:56,308 [DEBUG] Dashboard query returned 2 rows before filtering.
2025-11-04 10:06:56,308 [DEBUG] Filtered results: 2 remaining after exclusions.
2025-11-04 10:06:56,309 [DEBUG] Loaded 0 notifications for business 79581f88-5042-43d0-9594-ba81e70130b0
2025-11-04 10:06:56,309 [INFO] Dashboard info built successfully for user 81e78254-85dc-464c-8aa4-455f9d9d47eb
2025-11-04 10:07:06,387 [DEBUG] Client email check: edward.bayliss@pawtul.com
2025-11-04 10:07:06,392 [DEBUG] Client email lookup result count: 1
2025-11-04 10:07:51,934 [DEBUG] Client email check: edward.bayliss@pawtul.com
2025-11-04 10:07:51,941 [DEBUG] Client email lookup result count: 1
2025-11-04 10:10:19,394 [DEBUG] Client email check: edward.bayliss@pawtul.com
2025-11-04 10:10:19,401 [DEBUG] Client email lookup result count: 1
2025-11-04 10:20:27,523 [INFO] Scheduler has been shut down
2025-11-04 10:20:27,524 [DEBUG] Looking for jobs to run
2025-11-04 10:20:27,525 [DEBUG] No jobs; waiting until a job is added
2025-11-04 10:20:28,937 [INFO] Stripe API initialized successfully.
2025-11-04 10:20:29,000 [DEBUG] /etc/localtime found
2025-11-04 10:20:29,001 [DEBUG] 1 found:
 {'/etc/localtime is a symlink to': 'Europe/London'}
2025-11-04 10:20:29,027 [INFO] Scheduler started
2025-11-04 10:20:29,027 [DEBUG] Looking for jobs to run
2025-11-04 10:20:29,027 [DEBUG] No jobs; waiting until a job is added
2025-11-04 10:26:05,691 [INFO] Scheduler has been shut down
2025-11-04 10:26:05,692 [DEBUG] Looking for jobs to run
2025-11-04 10:26:05,692 [DEBUG] No jobs; waiting until a job is added
